ID,Póliza,Fecha Emisión,Tipo Documento,I Vigencia,F Vigencia,N° Documento,N° Cuotas,% Comisión Afecta,% Comisión Exenta,Cotización,PDF,Otros Archivos,Tipo Inspección,N° Inspección,Comisión?,Requiere Doc?,Invalidar Diferencia?,Enviado?,Comentarios,Traspaso Info 1,Traspaso Info 2
Doc0001,Pol0003,23/2/2023,Póliza,23/2/2023,26/2/2023,QP1022309,1,10.00%,0.00%,,/Gestión/Pólizas/Documentos/Doc0001.PDF.184908.pdf,,,,TRUE,TRUE,FALSE,TRUE,PDF,,
Doc0002,Pol0004,23/2/2023,Póliza,23/2/2023,26/2/2023,QP1022267,1,10.00%,0.00%,,/Gestión/Pólizas/Documentos//Doc0002.PDF.161437.pdf,,,,TRUE,TRUE,FALSE,TRUE,,,
Doc0003,Pol0005,30/8/2022,Póliza,30/8/2022,14/4/2023,1257060,1,0.00%,0.00%,,/Gestión/Pólizas/Documentos/Renta Pol 1257060.pdf,,,,FALSE,TRUE,FALSE,TRUE,PDF,,
Doc0004,Pol0006,2/7/2022,Póliza,2/7/2022,2/7/2023,3032054,12,8.00%,0.00%,,/Gestión/Pólizas/Documentos/Renta Pol 3032054.pdf,,,,FALSE,TRUE,FALSE,TRUE,,,
Doc0005,Pol0006,2/7/2022,Anulación,2/7/2022,2/7/2023,1,1,8.00%,0.00%,,/Gestión/Pólizas/Documentos/Renta Pol 3032054 End.pdf,,,,FALSE,TRUE,FALSE,TRUE,,,
Doc0006,Pol0007,15/7/2022,Póliza,15/7/2022,15/7/2023,234963,12,3.00%,0.00%,,/Gestión/Pólizas/Documentos/Zurich Pol 234963.pdf,,,,FALSE,TRUE,FALSE,TRUE,Revisar comisión en detalle,,
Doc0007,Pol0008,20/7/2022,Póliza,20/7/2022,20/7/2023,3032055,12,8.00%,0.00%,,/Gestión/Pólizas/Documentos/Renta Pol 3032055.pdf,,,,FALSE,TRUE,FALSE,TRUE,,,
Doc0008,Pol0008,20/7/2022,Anulación,20/7/2022,20/7/2023,1,1,8.00%,0.00%,,/Gestión/Pólizas/Documentos/Renta Pol 3032055 End.pdf,,,,FALSE,TRUE,FALSE,TRUE,,,
Doc0009,Pol0009,2/8/2022,Póliza,2/8/2022,2/8/2023,252911,12,3.00%,0.00%,,/Gestión/Pólizas/Documentos/Zurich Pol 252911.pdf,,,,FALSE,TRUE,FALSE,TRUE,,,
Doc0010,Pol0009,2/8/2022,Anulación,2/8/2022,2/8/2023,1,1,3.00%,0.00%,,/Gestión/Pólizas/Documentos/Zurich Pol 252911 End.pdf,,,,FALSE,TRUE,FALSE,TRUE,,,
Doc0011,Pol0010,11/8/2022,Póliza,11/8/2022,11/8/2023,QP0984519,12,4.00%,0.00%,,/Gestión/Pólizas/Documentos/BCI Pol QP0984519.pdf,,,,FALSE,TRUE,FALSE,TRUE,ByT,,
Doc0012,Pol0010,11/8/2022,Anulación,11/8/2022,11/8/2023,1,1,4.00%,0.00%,,/Gestión/Pólizas/Documentos/BCI Pol QP0984519 End.pdf,,,,FALSE,TRUE,FALSE,TRUE,ByT,,
Doc0013,Pol0011,22/8/2022,Póliza,22/8/2022,22/8/2023,QP0985855,12,2.00%,0.00%,,/Gestión/Pólizas/Documentos/BCI Pol QP0985855.pdf,,,,FALSE,TRUE,FALSE,TRUE,ByT,,
Doc0014,Pol0012,3/9/2022,Póliza,3/9/2022,3/9/2023,3034235,12,8.00%,0.00%,,/Gestión/Pólizas/Documentos/Renta Pol 3034235.pdf,,,,FALSE,TRUE,FALSE,TRUE,,,
Doc0015,Pol0012,3/9/2022,Anulación,3/9/2022,3/9/2023,1,1,8.00%,0.00%,,/Gestión/Pólizas/Documentos/Renta Pol 3034235 End.pdf,,,,FALSE,TRUE,FALSE,TRUE,,,
Doc0016,Pol0013,6/9/2022,Póliza,6/9/2022,6/9/2023,299088,12,7.50%,0.00%,,/Gestión/Pólizas/Documentos/Zurich Pol 299088.pdf,,,,FALSE,TRUE,FALSE,TRUE,,,
Doc0017,Pol0013,6/9/2022,Anulación,6/9/2022,6/9/2023,1,1,7.50%,0.00%,,/Gestión/Pólizas/Documentos/Zurich Pol 299088 End.pdf,,,,FALSE,TRUE,FALSE,TRUE,,,
Doc0018,Pol0014,7/9/2022,Póliza,7/9/2022,7/9/2023,QP0988607,12,2.00%,0.00%,,/Gestión/Pólizas/Documentos//Doc0018.PDF.192357.pdf,,,,FALSE,TRUE,FALSE,TRUE,ByT,,
Doc0019,Pol0014,11/2/2023,Cancelación,11/2/2023,7/9/2023,1,1,2.00%,0.00%,,/Gestión/Pólizas/Documentos/BCI Pol QP0988607 End.pdf,,,,FALSE,TRUE,FALSE,TRUE,ByT,,
Doc0020,Pol0015,9/9/2022,Póliza,9/9/2022,9/9/2023,QP0985942,12,10.00%,10.00%,,/Gestión/Pólizas/Documentos/BCI Pol QP0985942.pdf,,,,FALSE,TRUE,FALSE,TRUE,ByT,,
Doc0021,Pol0016,13/9/2022,Póliza,13/9/2022,13/9/2023,3034234,12,8.00%,0.00%,,/Gestión/Pólizas/Documentos/Renta Pol 3034234.pdf,,,,FALSE,TRUE,FALSE,TRUE,,,
Doc0022,Pol0017,15/9/2022,Póliza,15/9/2022,15/9/2023,QP0991513,12,2.00%,0.00%,,/Gestión/Pólizas/Documentos/BCI Pol QP0991513.pdf,,,,FALSE,TRUE,FALSE,TRUE,ByT,,
Doc0023,Pol0018,22/9/2022,Póliza,22/9/2022,22/9/2023,1264260,6,14.00%,0.00%,,/Gestión/Pólizas/Documentos/Renta Pol 1264260.pdf,,,,TRUE,TRUE,FALSE,TRUE,,,
Doc0024,Pol0019,30/9/2022,Póliza,30/9/2022,30/9/2023,QP0985956,10,12.00%,12.00%,,/Gestión/Pólizas/Documentos//Doc0024.PDF.181419.pdf,,,,FALSE,TRUE,FALSE,TRUE,ByT,,
Doc0025,Pol0020,4/10/2022,Póliza,4/10/2022,4/10/2023,3036817,12,3.20%,0.00%,,/Gestión/Pólizas/Documentos/Renta Pol 3036817.pdf,,,,FALSE,TRUE,FALSE,TRUE,,,
Doc0026,Pol0021,13/10/2022,Póliza,13/10/2022,13/10/2023,3036700,12,8.00%,0.00%,,/Gestión/Pólizas/Documentos/Renta Pol 3036700.pdf,,,,FALSE,TRUE,FALSE,TRUE,,,
Doc0027,Pol0021,13/10/2022,Anulación,13/10/2022,13/10/2023,1,1,8.00%,0.00%,,/Gestión/Pólizas/Documentos/Renta Pol 3036700 End.pdf,,,,FALSE,TRUE,FALSE,TRUE,,,
Doc0028,Pol0022,20/10/2022,Póliza,20/10/2022,20/10/2023,3154959,12,7.50%,0.00%,,/Gestión/Pólizas/Documentos//Doc0028.PDF.200036.pdf,,,,FALSE,TRUE,FALSE,TRUE,,,
Doc0029,Pol0022,20/10/2022,Anulación,20/10/2022,20/10/2023,1,1,7.50%,0.00%,,/Gestión/Pólizas/Documentos/Zurich Pol 3154959 End.pdf,,,,FALSE,TRUE,FALSE,TRUE,,,
Doc0030,Pol0023,4/11/2022,Póliza,4/11/2022,4/11/2023,61616845,11,10.00%,0.00%,,/Gestión/Pólizas/Documentos/Liberty Pol 61616845.pdf,,,,TRUE,TRUE,FALSE,TRUE,,,
Doc0031,Pol0024,4/11/2022,Póliza,4/11/2022,4/11/2023,18000121-7,5,23.00%,23.00%,,/Gestión/Pólizas/Documentos/Consorcio Pol 18000121-7.pdf,,,,FALSE,TRUE,FALSE,TRUE,,,
Doc0032,Pol0025,4/11/2022,Póliza,4/11/2022,4/11/2023,18000122-7,3,23.00%,23.00%,,/Gestión/Pólizas/Documentos/Consorcio Pol 18000122-7.pdf,,,,FALSE,TRUE,FALSE,TRUE,,,
Doc0033,Pol0026,4/11/2022,Póliza,4/11/2022,4/11/2023,18000123-7,5,23.00%,23.00%,,/Gestión/Pólizas/Documentos/Consorcio Pol 18000123-7.pdf,,,,FALSE,TRUE,FALSE,TRUE,,,
Doc0034,Pol0027,5/11/2022,Póliza,5/11/2022,5/11/2023,QP0999896,12,2.00%,0.00%,,/Gestión/Pólizas/Documentos/BCI Pol QP0999896.pdf,,,,FALSE,TRUE,FALSE,TRUE,ByT,,
Doc0035,Pol0027,5/11/2022,Anulación,5/11/2022,5/11/2023,1,1,2.00%,0.00%,,/Gestión/Pólizas/Documentos/BCI Pol QP0999896 End.pdf,,,,FALSE,TRUE,FALSE,TRUE,ByT,,
Doc0036,Pol0028,14/11/2022,Póliza,14/11/2022,14/11/2023,QP998011,10,10.00%,0.00%,,/Gestión/Pólizas/Documentos/BCI Pol QP998011.pdf,,,,TRUE,TRUE,TRUE,TRUE,,,
Doc0037,Pol0029,21/11/2022,Póliza,21/11/2022,21/11/2023,QP1006093,12,2.95%,0.00%,,/Gestión/Pólizas/Documentos/BCI Pol QP1006093.pdf,,,,TRUE,TRUE,FALSE,TRUE,,,
Doc0038,Pol0030,22/11/2022,Póliza,22/11/2022,22/11/2023,QP1006210,12,2.80%,0.00%,,/Gestión/Pólizas/Documentos/BCI Pol QP1006210.pdf,,,,FALSE,TRUE,FALSE,TRUE,ByT,,
Doc0039,Pol0031,23/11/2022,Póliza,23/11/2022,23/11/2023,6552049,12,7.50%,0.00%,,/Gestión/Pólizas/Documentos/Zurich Pol 6552049.pdf,,,,FALSE,TRUE,FALSE,TRUE,,,
Doc0040,Pol0031,23/11/2022,Anulación,23/11/2022,23/11/2023,1,1,7.50%,0.00%,,/Gestión/Pólizas/Documentos/Zurich Pol 6552049 End.pdf,,,,FALSE,TRUE,FALSE,TRUE,,,
Doc0041,Pol0032,27/11/2022,Póliza,27/11/2022,27/11/2023,6552047,12,7.50%,0.00%,,/Gestión/Pólizas/Documentos/Zurich Pol 6552047.pdf,,,,FALSE,TRUE,FALSE,TRUE,,,
Doc0042,Pol0033,13/12/2022,Póliza,13/12/2022,13/12/2023,61637993,11,7.93%,0.00%,,/Gestión/Pólizas/Documentos/Liberty Pol 61637993.pdf,,,,TRUE,TRUE,FALSE,TRUE,,,
Doc0043,Pol0034,14/12/2022,Póliza,14/12/2022,14/12/2023,100048738,8,9.00%,9.00%,,/Gestión/Pólizas/Documentos/Reale Pol 100048738.pdf,,,,TRUE,TRUE,FALSE,TRUE,,,
Doc0044,Pol0035,18/12/2022,Póliza,18/12/2022,18/12/2023,QP1010983,1,4.00%,0.00%,,/Gestión/Pólizas/Documentos/BCI Pol QP1010983.pdf,,,,TRUE,TRUE,FALSE,TRUE,,,
Doc0045,Pol0036,21/12/2022,Póliza,21/12/2022,21/12/2023,6567182,12,7.50%,0.00%,,/Gestión/Pólizas/Documentos/Zurich Pol 6567182.pdf,,,,FALSE,TRUE,FALSE,TRUE,,,
Doc0046,Pol0036,21/12/2022,Anulación,21/12/2022,21/12/2023,1,1,7.50%,0.00%,,/Gestión/Pólizas/Documentos/Zurich Pol 6567182 End.pdf,,,,FALSE,TRUE,FALSE,TRUE,,,
Doc0047,Pol0037,22/12/2022,Póliza,22/12/2022,22/12/2023,QP1012551,12,10.00%,0.00%,,/Gestión/Pólizas/Documentos/BCI Pol QP1012551.pdf,,,,TRUE,TRUE,FALSE,TRUE,,,
Doc0048,Pol0038,22/12/2022,Póliza,22/12/2022,22/12/2023,300305851,10,13.00%,0.00%,,/Gestión/Pólizas/Documentos/Reale Pol 300305851.pdf,,,,TRUE,TRUE,FALSE,TRUE,,,
Doc0049,Pol0039,29/12/2022,Póliza,29/12/2022,29/12/2023,3038286,12,8.00%,0.00%,,/Gestión/Pólizas/Documentos/Renta Pol 3038286.pdf,,,,FALSE,TRUE,FALSE,TRUE,,,
Doc0050,Pol0040,19/1/2023,Póliza,19/1/2023,19/1/2024,QP1016526,12,2.85%,0.00%,,/Gestión/Pólizas/Documentos/BCI Pol QP1016526.pdf,,,,TRUE,TRUE,FALSE,TRUE,,,
Doc0051,Pol0041,22/1/2023,Póliza,22/1/2023,22/1/2024,300316206,10,12.00%,0.00%,Cot0002,/Gestión/Pólizas/Documentos/Reale Pol 300316206.pdf,,,,TRUE,TRUE,FALSE,TRUE,,,
Doc0052,Pol0041,7/6/2023,Exclusión,7/6/2023,22/1/2024,2,1,12.00%,0.00%,,/Gestión/Pólizas/Documentos/Reale Pol 300316206 End 2.pdf,,,,TRUE,TRUE,FALSE,TRUE,,,
Doc0053,Pol0042,25/1/2023,Póliza,25/1/2023,25/1/2024,100050650,10,17.00%,17.00%,Cot0003,/Gestión/Pólizas/Documentos/Reale Pol 100050650.pdf,,,,TRUE,TRUE,FALSE,TRUE,,,
Doc0054,Pol0043,31/1/2023,Póliza,31/1/2023,31/1/2024,300316312,10,13.00%,0.00%,Cot0004,/Gestión/Pólizas/Documentos/Reale Pol 300316312.pdf,,,,TRUE,TRUE,FALSE,TRUE,,,
Doc0055,Pol0044,31/1/2023,Póliza,31/1/2023,31/1/2024,300319630,10,11.00%,0.00%,,/Gestión/Pólizas/Documentos/Reale Pol 300319630.pdf,,,,TRUE,TRUE,FALSE,TRUE,,,
Doc0056,Pol0045,31/1/2023,Póliza,31/1/2023,31/1/2024,300316568,10,11.00%,0.00%,,/Gestión/Pólizas/Documentos/Reale Pol 300316568.pdf,,,,TRUE,TRUE,FALSE,TRUE,,,
Doc0057,Pol0046,31/1/2023,Póliza,31/1/2023,31/1/2024,300319760,10,11.00%,0.00%,,/Gestión/Pólizas/Documentos/Reale Pol 300319760.pdf,,,,TRUE,TRUE,FALSE,TRUE,,,
Doc0058,Pol0047,31/1/2023,Póliza,31/1/2023,31/1/2024,1298313,10,14.00%,0.00%,,/Gestión/Pólizas/Documentos/Renta Pol 1298313.pdf,,,,TRUE,TRUE,FALSE,TRUE,,,
Doc0059,Pol0048,31/1/2023,Póliza,31/1/2023,31/1/2024,300320704,10,16.00%,0.00%,,/Gestión/Pólizas/Documentos/Reale Pol 300320704.pdf,,,,TRUE,TRUE,FALSE,TRUE,,,
Doc0060,Pol0049,31/1/2023,Póliza,31/1/2023,31/1/2024,1299088,10,12.00%,0.00%,,/Gestión/Pólizas/Documentos/Renta Pol 1299088.pdf,,,,TRUE,TRUE,FALSE,TRUE,,,
Doc0061,Pol0050,31/1/2023,Póliza,31/1/2023,31/1/2024,1299085,10,14.00%,0.00%,,/Gestión/Pólizas/Documentos/Renta Pol 1299085.pdf,,,,TRUE,TRUE,FALSE,TRUE,,,
Doc0062,Pol0051,31/1/2023,Póliza,31/1/2023,31/1/2024,1301967,10,14.00%,0.00%,,/Gestión/Pólizas/Documentos/Renta Pol 1301967.pdf,,,,TRUE,TRUE,FALSE,TRUE,,,
Doc0063,Pol0052,31/1/2023,Póliza,31/1/2023,31/1/2024,1299083,10,12.00%,0.00%,,/Gestión/Pólizas/Documentos/Renta Pol 1299083.pdf,,,,TRUE,TRUE,FALSE,TRUE,,,
Doc0064,Pol0053,31/1/2023,Póliza,31/1/2023,31/1/2024,1298683,10,14.00%,0.00%,,/Gestión/Pólizas/Documentos/Renta Pol 1298683.pdf,,,,TRUE,TRUE,FALSE,TRUE,,,
Doc0065,Pol0054,31/1/2023,Póliza,31/1/2023,31/1/2024,1299667,10,15.00%,0.00%,,/Gestión/Pólizas/Documentos/Doc0065.PDF.183055.pdf,,,,TRUE,TRUE,FALSE,TRUE,,,
Doc0066,Pol0055,31/1/2023,Póliza,31/1/2023,31/1/2024,1301966,10,14.00%,0.00%,,/Gestión/Pólizas/Documentos/Renta Pol 1301966.pdf,,,,TRUE,TRUE,FALSE,TRUE,,,
Doc0067,Pol0056,31/1/2023,Póliza,31/1/2023,31/1/2024,1301965,10,15.00%,0.00%,,/Gestión/Pólizas/Documentos/Renta Pol 1301965.pdf,,,,TRUE,TRUE,FALSE,TRUE,,,
Doc0068,Pol0057,31/1/2023,Póliza,31/1/2023,31/1/2024,300405315,10,16.00%,0.00%,,/Gestión/Pólizas/Documentos/Reale Pol 300405315.pdf,,,,TRUE,TRUE,FALSE,TRUE,,,
Doc0069,Pol0058,31/1/2023,Póliza,31/1/2023,31/1/2024,61657607,10,13.00%,0.00%,,/Gestión/Pólizas/Documentos/Liberty Pol 61657607.pdf,,,,TRUE,TRUE,FALSE,TRUE,,,
Doc0070,Pol0059,31/1/2023,Póliza,31/1/2023,31/1/2024,300320685,10,16.00%,0.00%,,/Gestión/Pólizas/Documentos/Reale Pol 300320685.pdf,,,,TRUE,TRUE,FALSE,TRUE,,,
Doc0071,Pol0060,31/1/2023,Póliza,31/1/2023,31/1/2024,300316457,10,13.00%,0.00%,,/Gestión/Pólizas/Documentos/Reale Pol 300316457.pdf,,,,TRUE,TRUE,FALSE,TRUE,,,
Doc0072,Pol0061,31/1/2023,Póliza,31/1/2023,31/1/2024,300320844,10,16.00%,0.00%,,/Gestión/Pólizas/Documentos/Reale Pol 300320844.pdf,,,,TRUE,TRUE,FALSE,TRUE,,,
Doc0073,Pol0062,31/1/2023,Póliza,31/1/2023,31/1/2024,1299669,10,15.00%,0.00%,,/Gestión/Pólizas/Documentos/Renta Pol 1299669.pdf,,,,TRUE,TRUE,FALSE,TRUE,,,
Doc0074,Pol0063,31/1/2023,Póliza,31/1/2023,31/1/2024,1299668,10,15.00%,0.00%,,/Gestión/Pólizas/Documentos/Renta Pol 1299668.pdf,,,,TRUE,TRUE,FALSE,TRUE,,,
Doc0075,Pol0064,31/1/2023,Póliza,31/1/2023,31/1/2024,1299102,10,16.00%,0.00%,,/Gestión/Pólizas/Documentos/Renta Pol 1299102.pdf,,,,TRUE,TRUE,FALSE,TRUE,,,
Doc0076,Pol0065,31/1/2023,Póliza,31/1/2023,31/1/2024,300330851,10,16.00%,0.00%,Cot0005,/Gestión/Pólizas/Documentos/Reale Pol 300330851.pdf,,,,TRUE,TRUE,FALSE,TRUE,,,
Doc0077,Pol0066,31/1/2023,Póliza,31/1/2023,31/1/2024,300321504,10,16.00%,0.00%,,/Gestión/Pólizas/Documentos/Reale Pol 300321504.pdf,,,,TRUE,TRUE,FALSE,TRUE,,,
Doc0078,Pol0067,31/1/2023,Póliza,31/1/2023,31/1/2024,300322481,10,13.00%,0.00%,,/Gestión/Pólizas/Documentos/Reale Pol 300322481.pdf,,,,TRUE,TRUE,FALSE,TRUE,,,
Doc0079,Pol0066,31/1/2023,Anulación,31/1/2023,31/1/2024,1,1,16.00%,0.00%,,/Gestión/Pólizas/Documentos/Reale Pol 300321504 End 1.pdf,,,,TRUE,TRUE,FALSE,TRUE,,,
Doc0080,Pol0067,31/1/2023,Anulación,31/1/2023,31/1/2024,1,1,13.00%,0.00%,,/Gestión/Pólizas/Documentos/Reale Pol 300322481 End 1.pdf,,,,TRUE,TRUE,FALSE,TRUE,,,
Doc0081,Pol0050,31/1/2023,Cancelación,5/5/2023,31/1/2024,1,1,14.00%,0.00%,,/Gestión/Pólizas/Documentos/Renta Pol 1299085 End.pdf,,,,FALSE,TRUE,FALSE,TRUE,,,
Doc0082,Pol0051,31/1/2023,Anulación,31/1/2023,31/1/2024,1,1,14.00%,0.00%,,/Gestión/Pólizas/Documentos/Renta Pol 1301967 End.pdf,,,,FALSE,TRUE,FALSE,TRUE,,,
Doc0083,Pol0068,17/2/2023,Póliza,17/2/2023,31/1/2024,300322417,10,16.00%,0.00%,Cot0006,/Gestión/Pólizas/Documentos/Reale Pol 300322417.pdf,,,,TRUE,TRUE,FALSE,TRUE,,,
Doc0084,Pol0069,20/2/2023,Póliza,20/2/2023,31/1/2024,300330202,10,16.00%,0.00%,Cot0007,/Gestión/Pólizas/Documentos/Reale Pol 300330202.pdf,,,,TRUE,TRUE,FALSE,TRUE,,,
Doc0085,Pol0070,8/3/2023,Póliza,8/3/2023,31/1/2024,300329293,10,16.00%,0.00%,Cot0014,/Gestión/Pólizas/Documentos/Reale Pol 300329293.pdf,,,,TRUE,TRUE,FALSE,TRUE,,,
Doc0086,Pol0071,15/3/2023,Póliza,15/3/2023,31/1/2024,300329874,10,16.00%,0.00%,Cot0015,/Gestión/Pólizas/Documentos/Reale Pol 300329874.pdf,,,,TRUE,TRUE,FALSE,TRUE,,,
Doc0087,Pol0071,15/3/2023,Anulación,15/3/2023,31/1/2024,1,1,16.00%,0.00%,,/Gestión/Pólizas/Documentos/Reale Pol 300329874 End 1.pdf,,,,TRUE,TRUE,TRUE,TRUE,,,
Doc0088,Pol0072,3/4/2023,Póliza,3/4/2023,31/1/2024,300335562,9,16.00%,0.00%,Cot0016,/Gestión/Pólizas/Documentos/Reale Pol 300335562.pdf,,,,TRUE,TRUE,FALSE,TRUE,,,
Doc0089,Pol0052,5/5/2023,Cancelación,5/5/2023,31/1/2024,1,1,12.00%,0.00%,,/Gestión/Pólizas/Documentos/Renta Pol 1299083 End.pdf,,,,TRUE,TRUE,FALSE,TRUE,,,
Doc0090,Pol0073,7/6/2023,Póliza,7/6/2023,31/1/2024,300352253,1,16.00%,0.00%,Cot0023,/Gestión/Pólizas/Documentos/Reale Pol 300352253.pdf,,,,TRUE,TRUE,FALSE,TRUE,,,
Doc0091,Pol0074,8/6/2023,Póliza,8/6/2023,31/1/2024,300352530,1,16.00%,0.00%,Cot0024,/Gestión/Pólizas/Documentos/Reale Pol 300352530.pdf,,,,TRUE,TRUE,FALSE,TRUE,,,
Doc0092,Pol0058,30/6/2023,Cancelación,30/6/2023,31/1/2024,2,1,13.00%,0.00%,,/Gestión/Pólizas/Documentos/Liberty Pol 61657607 End 2.pdf,,,,TRUE,TRUE,FALSE,TRUE,,,
Doc0093,Pol0075,4/7/2023,Póliza,4/7/2023,31/1/2024,300359877,6,16.00%,0.00%,Cot0025,/Gestión/Pólizas/Documentos/Reale Pol 300359877.pdf,,,,FALSE,TRUE,FALSE,TRUE,,,
Doc0094,Pol0076,4/7/2023,Póliza,4/7/2023,31/1/2024,300359627,6,16.00%,0.00%,Cot0026,/Gestión/Pólizas/Documentos/Reale Pol 300359627.pdf,,,,FALSE,TRUE,FALSE,TRUE,,,
Doc0095,Pol0077,4/7/2023,Póliza,4/7/2023,31/1/2024,300359828,6,16.00%,0.00%,Cot0027,/Gestión/Pólizas/Documentos/Reale Pol 300359828.pdf,,,,FALSE,TRUE,FALSE,TRUE,,,
Doc0096,Pol0078,4/7/2023,Póliza,4/7/2023,31/1/2024,300359803,6,16.00%,0.00%,Cot0029,/Gestión/Pólizas/Documentos/Reale Pol 300359803.pdf,,,,FALSE,TRUE,FALSE,TRUE,,,
Doc0097,Pol0077,4/7/2023,Anulación,4/7/2023,31/1/2024,1,1,16.00%,0.00%,,/Gestión/Pólizas/Documentos/Reale Pol 300359828 End 1.pdf,,,,FALSE,TRUE,FALSE,TRUE,,,
Doc0098,Pol0078,4/7/2023,Anulación,4/7/2023,31/1/2024,1,1,16.00%,0.00%,,/Gestión/Pólizas/Documentos/Reale Pol 300359803 End 1.pdf,,,,FALSE,TRUE,FALSE,TRUE,,,
Doc0099,Pol0079,11/7/2023,Póliza,11/7/2023,31/1/2024,300360515,6,16.00%,0.00%,Cot0028,/Gestión/Pólizas/Documentos/Reale Pol 300360515.pdf,,,,TRUE,TRUE,FALSE,TRUE,,,
Doc0100,Pol0054,28/7/2023,Cancelación,28/7/2023,31/1/2024,7,1,15.00%,0.00%,,/Gestión/Pólizas/Documentos/Renta Pol 1299667 End 7.pdf,,,,TRUE,TRUE,FALSE,TRUE,,,
Doc0101,Pol0075,4/7/2023,Anulación,4/7/2023,31/1/2024,1,1,16.00%,0.00%,,/Gestión/Pólizas/Documentos/Reale Pol 300359877 End 1.pdf,,,,FALSE,TRUE,FALSE,TRUE,,,
Doc0102,Pol0076,4/7/2023,Anulación,4/7/2023,31/1/2024,1,1,16.00%,0.00%,,/Gestión/Pólizas/Documentos/Reale Pol 300359627 End 1.pdf,,,,FALSE,TRUE,FALSE,TRUE,,,
Doc0103,Pol0080,22/8/2023,Póliza,22/8/2023,31/1/2024,300369994,5,16.00%,0.00%,Cot0044,/Gestión/Pólizas/Documentos/Reale Pol 300369994.pdf,,,,TRUE,TRUE,FALSE,TRUE,,,
Doc0104,Pol0081,22/8/2023,Póliza,22/8/2023,31/1/2024,300375806,5,16.00%,0.00%,Cot0042,/Gestión/Pólizas/Documentos/Reale Pol 300375806.pdf,,,,TRUE,TRUE,FALSE,TRUE,,,
Doc0105,Pol0055,30/8/2023,Cancelación,30/8/2023,31/1/2024,1,1,14.00%,0.00%,,/Gestión/Pólizas/Documentos/Renta Pol 1301966 End 1.pdf,,,,TRUE,TRUE,FALSE,TRUE,,,
Doc0106,Pol0082,6/9/2023,Póliza,6/9/2023,31/1/2024,300376188,4,16.00%,0.00%,Cot0041,/Gestión/Pólizas/Documentos/Reale Pol 300376188.pdf,,,,TRUE,TRUE,TRUE,TRUE,,,
Doc0107,Pol0083,20/9/2023,Póliza,20/9/2023,31/1/2024,300377176,4,16.00%,0.00%,Cot0035,/Gestión/Pólizas/Documentos/Reale Pol 300377176.pdf,,,,TRUE,TRUE,FALSE,TRUE,,,
Doc0108,Pol0084,5/10/2023,Póliza,5/10/2023,31/1/2024,300383836,3,16.00%,0.00%,Cot0045,/Gestión/Pólizas/Documentos/Reale Pol 300383836.pdf,,,,TRUE,TRUE,FALSE,TRUE,,,
Doc0109,Pol0046,23/10/2023,Cancelación,23/10/2023,31/1/2024,2,1,11.00%,0.00%,,/Gestión/Pólizas/Documentos/Reale Pol 300319760 End 2.pdf,,,,TRUE,TRUE,FALSE,TRUE,,,
Doc0110,Pol0060,21/12/2023,Cancelación,21/12/2023,31/1/2024,2,1,13.00%,0.00%,,/Gestión/Pólizas/Documentos/Reale Pol 300316457 End 2.pdf,,,,TRUE,TRUE,FALSE,TRUE,,,
Doc0111,Pol0063,16/1/2024,Cancelación,16/1/2024,31/1/2024,1,1,15.00%,0.00%,,/Gestión/Pólizas/Documentos/Renta Pol 1299668 End 1.pdf,,,,FALSE,TRUE,FALSE,TRUE,,,
Doc0112,Pol0085,16/1/2024,Póliza,16/1/2024,31/1/2024,300406539,1,16.00%,0.00%,Cot0063,/Gestión/Pólizas/Documentos/Reale Pol 300406539.pdf,,,,TRUE,TRUE,FALSE,TRUE,,,
Doc0113,Pol0086,1/2/2023,Póliza,1/2/2023,1/2/2024,QP1018377,12,15.00%,0.00%,Cot0001,/Gestión/Pólizas/Documentos/BCI Pol QP1018377.pdf,,,,TRUE,TRUE,FALSE,TRUE,,,
Doc0114,Pol0087,1/2/2023,Póliza,1/2/2023,1/2/2024,300319958,10,16.00%,0.00%,,/Gestión/Pólizas/Documentos/Reale Pol 300319958.pdf,,,,TRUE,TRUE,FALSE,TRUE,,,
Doc0115,Pol0087,1/2/2023,Anulación,1/2/2023,1/2/2024,1,1,16.00%,0.00%,,/Gestión/Pólizas/Documentos/Reale Pol 300319958 End 1.pdf,,,,TRUE,TRUE,FALSE,TRUE,,,
Doc0116,Pol0086,12/9/2023,Cancelación,12/9/2023,1/2/2024,1,1,15.00%,0.00%,,/Gestión/Pólizas/Documentos/BCI Pol QP1018377 End.pdf,,,,TRUE,TRUE,FALSE,TRUE,,,
Doc0117,Pol0088,26/2/2023,Póliza,26/2/2023,26/2/2024,QP1016937,11,5.00%,0.00%,,/Gestión/Pólizas/Documentos/BCI Pol QP1016937.pdf,,,,TRUE,TRUE,FALSE,TRUE,,,
Doc0118,Pol0088,26/2/2023,Anulación,26/2/2023,26/2/2024,1,1,5.00%,0.00%,,/Gestión/Pólizas/Documentos/BCI Pol QP1016937 End.pdf,,,,TRUE,TRUE,FALSE,TRUE,,,
Doc0119,Pol0089,2/3/2023,Póliza,2/3/2023,2/3/2024,QP1023328,12,2.80%,0.00%,,/Gestión/Pólizas/Documentos/BCI Pol QP1023328.pdf,,,,TRUE,TRUE,FALSE,TRUE,,,
Doc0120,Pol0089,9/6/2023,Cancelación,9/6/2023,2/3/2024,1,1,2.80%,0.00%,,/Gestión/Pólizas/Documentos/BCI Pol QP1023328 End.pdf,,,,TRUE,TRUE,FALSE,TRUE,,,
Doc0121,Pol0090,4/3/2023,Póliza,4/3/2023,4/3/2024,QP1022427,12,15.00%,0.00%,Cot0009,/Gestión/Pólizas/Documentos/BCI Pol QP1022427.pdf,,,,TRUE,TRUE,FALSE,TRUE,,,
Doc0122,Pol0090,16/5/2023,Cancelación,16/5/2023,4/3/2024,1,1,15.00%,0.00%,,/Gestión/Pólizas/Documentos/BCI Pol QP1022427 End.pdf,,,,TRUE,TRUE,FALSE,TRUE,,,
Doc0123,Pol0091,6/3/2023,Póliza,6/3/2023,6/3/2024,QP1023704,12,15.00%,0.00%,Cot0012,/Gestión/Pólizas/Documentos/BCI Pol QP1023704.pdf,,,,TRUE,TRUE,FALSE,TRUE,,,
Doc0124,Pol0092,6/3/2023,Póliza,6/3/2023,6/3/2024,QP1023689,12,15.00%,0.00%,Cot0010,/Gestión/Pólizas/Documentos/BCI Pol QP1023689.pdf,,,,TRUE,TRUE,FALSE,TRUE,,,
Doc0125,Pol0093,8/3/2023,Póliza,8/3/2023,8/3/2024,1302603,10,15.00%,15.00%,Cot0008,/Gestión/Pólizas/Documentos/Renta Pol 1302603.pdf,,,,TRUE,TRUE,FALSE,TRUE,,,
Doc0126,Pol0094,9/3/2023,Póliza,9/3/2023,9/3/2024,1302802,11,18.00%,18.00%,Cot0011,/Gestión/Pólizas/Documentos/Renta Pol 1302802.pdf,,,,TRUE,TRUE,FALSE,TRUE,,,
Doc0127,Pol0095,9/3/2023,Póliza,9/3/2023,9/3/2024,1302793,10,14.00%,14.00%,Cot0013,/Gestión/Pólizas/Documentos/Renta Pol 1302793.pdf,,,,TRUE,TRUE,FALSE,TRUE,,,
Doc0128,Pol0095,4/1/2024,Cancelación,4/1/2024,9/3/2024,1,1,14.00%,14.00%,,/Gestión/Pólizas/Documentos/Renta Pol 1302793 End 1.pdf,,,,TRUE,TRUE,FALSE,TRUE,,,
Doc0129,Pol0096,15/4/2023,Póliza,15/4/2023,14/4/2024,1308343,1,0.00%,0.00%,,/Gestión/Pólizas/Documentos/Renta Pol 1308343.pdf,,,,FALSE,TRUE,FALSE,TRUE,,,
Doc0130,Pol0097,17/4/2023,Póliza,17/4/2023,17/4/2024,1314530,10,18.00%,18.00%,Cot0017,/Gestión/Pólizas/Documentos/Renta Pol 1314530.pdf,,,,TRUE,TRUE,FALSE,TRUE,,,
Doc0131,Pol0098,19/4/2023,Póliza,19/4/2023,19/4/2024,61690517,10,13.00%,0.00%,,/Gestión/Pólizas/Documentos/Liberty Pol 61690517.pdf,,,,TRUE,TRUE,FALSE,TRUE,,,
Doc0132,Pol0099,28/4/2023,Póliza,28/4/2023,28/4/2024,QP1035726,12,15.00%,0.00%,Cot0018,/Gestión/Pólizas/Documentos/BCI Pol QP1035726.pdf,,,,TRUE,TRUE,FALSE,TRUE,,,
Doc0133,Pol0100,10/5/2023,Póliza,10/5/2023,10/5/2024,QP1036583,12,15.00%,0.00%,Cot0019,/Gestión/Pólizas/Documentos/BCI Pol QP1036583.pdf,,,,TRUE,TRUE,FALSE,TRUE,,,
Doc0134,Pol0101,16/5/2023,Póliza,16/5/2023,16/5/2024,300345109,10,12.00%,0.00%,Cot0020,/Gestión/Pólizas/Documentos/Reale Pol 300345109.pdf,,,,TRUE,TRUE,FALSE,TRUE,,,
Doc0135,Pol0102,2/6/2023,Póliza,2/6/2023,2/6/2024,632586,11,10.50%,0.00%,Cot0021,/Gestión/Pólizas/Documentos/HDI Pol 632586.pdf,,,,TRUE,TRUE,FALSE,TRUE,,,
Doc0136,Pol0103,4/6/2023,Póliza,4/6/2023,4/6/2024,61719330,10,13.00%,0.00%,,/Gestión/Pólizas/Documentos/Liberty Pol 61719330.pdf,,,,TRUE,TRUE,FALSE,TRUE,,,
Doc0137,Pol0103,5/10/2023,Cancelación,5/10/2023,4/6/2024,1,1,13.00%,0.00%,,/Gestión/Pólizas/Documentos/Liberty Pol 61719330 End 1.pdf,,,,TRUE,TRUE,FALSE,TRUE,,,
Doc0138,Pol0104,8/6/2023,Póliza,8/6/2023,8/6/2024,61714613,10,13.00%,0.00%,Cot0022,/Gestión/Pólizas/Documentos/Liberty Pol 61714613.pdf,,,,TRUE,TRUE,FALSE,TRUE,,,
Doc0139,Pol0104,23/3/2024,Cancelación,23/3/2024,12/7/2024,1,1,13.00%,0.00%,,/Gestión/Pólizas/Documentos/Liberty Pol 61714613 End.pdf,,,,TRUE,TRUE,FALSE,TRUE,,,
Doc0140,Pol0105,16/6/2023,Póliza,16/6/2023,16/6/2024,6834321,10,17.00%,0.00%,Cot0031,/Gestión/Pólizas/Documentos/Zurich Pol 6834321.pdf,,,,TRUE,TRUE,FALSE,TRUE,,,
Doc0141,Pol0106,22/6/2023,Póliza,22/6/2023,22/6/2024,50108,1,15.00%,0.00%,Cot0030,/Gestión/Pólizas/Documentos/HDI Pol 50108.pdf,,,,TRUE,TRUE,FALSE,TRUE,,,
Doc0142,Pol0107,28/6/2023,Póliza,28/6/2023,28/6/2024,23550368,10,7.78%,0.00%,Cot0032,/Gestión/Pólizas/Documentos/FID Pol 23550368.pdf,,,,TRUE,TRUE,FALSE,TRUE,,,
Doc0143,Pol0108,30/6/2023,Póliza,30/6/2023,30/6/2024,16058851,9,13.50%,0.00%,,/Gestión/Pólizas/Documentos/Liberty Pol 16058851.pdf,,,,TRUE,TRUE,FALSE,TRUE,,,
Doc0144,Pol0109,30/6/2023,Póliza,30/6/2023,30/6/2024,23032172,10,13.00%,0.00%,,/Gestión/Pólizas/Documentos/Liberty Pol 23032172.pdf,,,,TRUE,TRUE,FALSE,TRUE,,,
Doc0145,Pol0110,30/6/2023,Póliza,30/6/2023,30/6/2024,61719244,10,10.50%,0.00%,,/Gestión/Pólizas/Documentos/Liberty Pol 61719244.pdf,,,,TRUE,TRUE,FALSE,TRUE,,,
Doc0146,Pol0111,30/6/2023,Póliza,30/6/2023,30/6/2024,61719125,10,10.50%,0.00%,,/Gestión/Pólizas/Documentos/Liberty Pol 61719125.pdf,,,,TRUE,TRUE,FALSE,TRUE,,,
Doc0147,Pol0111,31/7/2023,Inclusión,31/7/2023,30/6/2024,5,9,10.50%,0.00%,Cot0037,/Gestión/Pólizas/Documentos/Liberty Pol 61719125 End 5.pdf,,,,TRUE,TRUE,FALSE,TRUE,,,
Doc0148,Pol0111,31/7/2023,Exclusión,31/7/2023,30/6/2024,1 y 2,1,10.50%,0.00%,,/Gestión/Pólizas/Documentos/Liberty Pol 61719125 End 1 y 2.pdf,,,,TRUE,TRUE,FALSE,TRUE,,,
Doc0149,Pol0108,31/7/2023,Exclusión,31/7/2023,30/6/2024,1 al 7,1,13.50%,0.00%,,/Gestión/Pólizas/Documentos/Liberty Pol 16058851 End 1 al 7.pdf,,,,TRUE,TRUE,TRUE,TRUE,,,
Doc0150,Pol0111,3/8/2023,Inclusión,3/8/2023,30/6/2024,6,8,10.50%,0.00%,Cot0038,/Gestión/Pólizas/Documentos/Liberty Pol 61719125 End 6.pdf,,,,TRUE,TRUE,FALSE,TRUE,,,
Doc0151,Pol0111,4/8/2023,Exclusión,4/8/2023,30/6/2024,Falta,1,10.50%,0.00%,,/Gestión/Pólizas/Documentos/Liberty Pol 61719125 End Falta.pdf,,,,TRUE,TRUE,FALSE,TRUE,,,
Doc0152,Pol0111,7/8/2023,Inclusión,7/8/2023,30/6/2024,7,8,10.50%,0.00%,Cot0039,/Gestión/Pólizas/Documentos/Liberty Pol 61719125 End 7.pdf,,,,TRUE,TRUE,FALSE,TRUE,,,
Doc0153,Pol0108,31/8/2023,Cancelación,31/8/2023,30/6/2024,9 al 12,1,13.50%,0.00%,,/Gestión/Pólizas/Documentos/Liberty Pol 16058851 End 9 al 12.pdf,,,,TRUE,TRUE,FALSE,TRUE,,,
Doc0154,Pol0112,3/7/2023,Póliza,3/7/2023,3/7/2024,600006542,1,26.00%,0.00%,Cot0033,/Gestión/Pólizas/Documentos/Reale Pol 600006542.pdf,,,,TRUE,TRUE,FALSE,TRUE,,,
Doc0155,Pol0113,6/7/2023,Póliza,6/7/2023,6/7/2024,QP1056074,10,15.00%,0.00%,Cot0034,/Gestión/Pólizas/Documentos/BCI Pol QP1056074.pdf,,,,TRUE,TRUE,FALSE,TRUE,,,
Doc0156,Pol0114,11/7/2023,Póliza,11/7/2023,11/7/2024,20537302,11,22.00%,10.00%,Cot0036,/Gestión/Pólizas/Documentos/Liberty Pol 20537302.pdf,,,,TRUE,TRUE,TRUE,TRUE,,,
Doc0157,Pol0115,15/7/2023,Póliza,15/7/2023,15/7/2024,6834865,12,7.50%,0.00%,,/Gestión/Pólizas/Documentos/Zurich Pol 6834865.pdf,,,,TRUE,TRUE,FALSE,TRUE,,,
Doc0158,Pol0115,15/7/2023,Anulación,15/7/2023,15/7/2024,1,1,7.50%,0.00%,,/Gestión/Pólizas/Documentos/Zurich Pol 6834865 End.pdf,,,,TRUE,TRUE,FALSE,TRUE,,,
Doc0159,Pol0116,19/7/2023,Póliza,19/7/2023,19/7/2024,20537255,1,8.00%,8.00%,,/Gestión/Pólizas/Documentos/Liberty Pol 20537255.pdf,,,,TRUE,TRUE,FALSE,TRUE,,,
Doc0160,Pol0117,23/7/2023,Póliza,23/7/2023,23/7/2024,20536490,1,9.43%,9.43%,,/Gestión/Pólizas/Documentos/Liberty Pol 20536490.pdf,,,,TRUE,TRUE,FALSE,TRUE,,,
Doc0161,Pol0118,11/8/2023,Póliza,11/8/2023,11/8/2024,QP1066578,10,15.00%,0.00%,,/Gestión/Pólizas/Documentos/BCI Pol QP1066578.pdf,,,,TRUE,TRUE,FALSE,TRUE,,,
Doc0162,Pol0118,11/8/2023,Anulación,11/8/2023,11/8/2024,1,1,15.00%,0.00%,,/Gestión/Pólizas/Documentos/BCI Pol QP1066578 End.pdf,,,,TRUE,TRUE,FALSE,TRUE,,,
Doc0163,Pol0119,17/8/2023,Póliza,17/8/2023,17/8/2024,50513,10,15.00%,0.00%,Cot0040,/Gestión/Pólizas/Documentos/HDI Pol 50513.pdf,,,,TRUE,TRUE,FALSE,TRUE,,,
Doc0164,Pol0120,18/8/2023,Póliza,18/8/2023,18/8/2024,QP1070185,12,15.00%,0.00%,Cot0043,/Gestión/Pólizas/Documentos/BCI Pol QP1070185.pdf,,,,TRUE,TRUE,FALSE,TRUE,,,
Doc0165,Pol0121,22/8/2023,Póliza,22/8/2023,22/8/2024,QP1061223,12,5.00%,0.00%,,/Gestión/Pólizas/Documentos/BCI Pol QP1061223.pdf,,,,TRUE,TRUE,FALSE,TRUE,,,
Doc0166,Pol0122,9/9/2023,Póliza,9/9/2023,9/9/2024,QP1069712,12,10.00%,10.00%,,/Gestión/Pólizas/Documentos/BCI Pol QP1069712.pdf,,,,TRUE,TRUE,FALSE,TRUE,,,
Doc0167,Pol0123,13/9/2023,Póliza,13/9/2023,13/9/2024,3047989,12,8.00%,0.00%,,/Gestión/Pólizas/Documentos/Renta Pol 3047989.pdf,,,,TRUE,TRUE,FALSE,TRUE,,,
Doc0168,Pol0123,18/6/2024,Cancelación,18/6/2024,13/9/2024,1,1,8.00%,0.00%,,/Gestión/Pólizas/Documentos/Renta Pol 3047989 End.pdf,,,,TRUE,TRUE,FALSE,TRUE,,,
Doc0169,Pol0124,15/9/2023,Póliza,15/9/2023,15/9/2024,QP1069711,10,7.50%,0.00%,,/Gestión/Pólizas/Documentos/BCI Pol QP1069711.pdf,,,,TRUE,TRUE,FALSE,TRUE,,,
Doc0170,Pol0124,15/9/2023,Anulación,15/9/2023,15/9/2024,1,1,7.50%,0.00%,,/Gestión/Pólizas/Documentos/BCI Pol QP1069711 End.pdf,,,,TRUE,TRUE,FALSE,TRUE,,,
Doc0171,Pol0125,22/9/2023,Póliza,22/9/2023,22/9/2024,1354701,6,14.00%,0.00%,,/Gestión/Pólizas/Documentos/Renta Pol 1354701.pdf,,,,TRUE,TRUE,FALSE,TRUE,,,
Doc0172,Pol0126,30/11/2023,Póliza,30/11/2023,26/9/2024,84541,3,20.15%,0.00%,,/Gestión/Pólizas/Documentos/Zurich Pol 84541.pdf,,,,TRUE,TRUE,FALSE,TRUE,,,
Doc0173,Pol0127,4/10/2023,Póliza,4/10/2023,4/10/2024,3049876,12,9.60%,0.00%,,/Gestión/Pólizas/Documentos/Renta Pol 3049876.pdf,,,,TRUE,TRUE,FALSE,TRUE,,,
Doc0174,Pol0128,5/10/2023,Póliza,5/10/2023,5/10/2024,470476,10,15.00%,0.00%,Cot0046,/Gestión/Pólizas/Documentos/HDI Pol 470476.pdf,,,,TRUE,TRUE,FALSE,TRUE,,,
Doc0175,Pol0128,7/5/2024,Cancelación,7/5/2024,5/10/2024,1,1,15.00%,0.00%,,/Gestión/Pólizas/Documentos/HDI Pol 470476 End.pdf,,,,TRUE,TRUE,FALSE,TRUE,,,
Doc0176,Pol0129,11/10/2023,Póliza,11/10/2023,11/10/2024,56350,10,11.50%,0.00%,,/Gestión/Pólizas/Documentos/Zurich Pol 56350.pdf,,,,TRUE,TRUE,FALSE,TRUE,,,
Doc0177,Pol0130,25/10/2023,Póliza,25/10/2023,25/10/2024,300393159,10,12.00%,0.00%,Cot0047,/Gestión/Pólizas/Documentos/Reale Pol 300393159.pdf,,,,TRUE,TRUE,FALSE,TRUE,,,
Doc0178,Pol0131,25/10/2023,Póliza,25/10/2023,25/10/2024,300389969,10,12.00%,0.00%,Cot0048,/Gestión/Pólizas/Documentos/Reale Pol 300389969.pdf,,,,TRUE,TRUE,FALSE,TRUE,,,
Doc0179,Pol0130,15/3/2024,Cancelación,15/3/2024,25/10/2024,1,1,12.00%,0.00%,,/Gestión/Pólizas/Documentos/Reale Pol 300393159 End.pdf,,,,TRUE,TRUE,TRUE,TRUE,,,
Doc0180,Pol0132,29/10/2023,Póliza,29/10/2023,29/10/2024,56222,11,13.53%,0.00%,,/Gestión/Pólizas/Documentos/Zurich Pol 56222.pdf,,,,TRUE,TRUE,FALSE,TRUE,,,
Doc0181,Pol0133,4/11/2023,Póliza,4/11/2023,4/11/2024,61764775,11,10.00%,0.00%,,/Gestión/Pólizas/Documentos/Liberty Pol 61764775.pdf,,,,TRUE,TRUE,FALSE,TRUE,,,
Doc0182,Pol0134,4/11/2023,Póliza,4/11/2023,4/11/2024,18000121-8,5,23.00%,23.00%,,/Gestión/Pólizas/Documentos/Consorcio Pol 18000121-8.pdf,,,,FALSE,TRUE,FALSE,TRUE,,,
Doc0183,Pol0135,4/11/2023,Póliza,4/11/2023,4/11/2024,18000122-8,3,23.00%,23.00%,,/Gestión/Pólizas/Documentos/Consorcio Pol 18000122-8.pdf,,,,FALSE,TRUE,FALSE,TRUE,,,
Doc0184,Pol0136,4/11/2023,Póliza,4/11/2023,4/11/2024,18000123-8,5,23.00%,23.00%,,/Gestión/Pólizas/Documentos/Consorcio Pol 18000123-8.pdf,,,,FALSE,TRUE,FALSE,TRUE,,,
Doc0185,Pol0137,6/11/2023,Póliza,6/11/2023,6/11/2024,20547413,10,15.00%,7.00%,Cot0050,/Gestión/Pólizas/Documentos/Liberty Pol 20547413.pdf,,,,TRUE,TRUE,FALSE,TRUE,,,
Doc0186,Pol0137,22/5/2024,Cancelación,5/1/2024,6/11/2024,1,1,15.00%,7.00%,,/Gestión/Pólizas/Documentos/Liberty Pol 20547413 End.pdf,,,,TRUE,TRUE,FALSE,TRUE,,,
Doc0187,Pol0138,11/11/2023,Póliza,11/11/2023,11/11/2024,61772032,10,12.00%,0.00%,,/Gestión/Pólizas/Documentos/Liberty Pol 61772032.pdf,,,,TRUE,TRUE,FALSE,TRUE,,,
Doc0188,Pol0139,14/11/2023,Póliza,14/11/2023,14/11/2024,QP1081271,10,10.00%,0.00%,,/Gestión/Pólizas/Documentos/BCI Pol QP1081271.pdf,,,,TRUE,TRUE,FALSE,TRUE,,,
Doc0189,Pol0140,15/11/2023,Póliza,15/11/2023,15/11/2024,QP1089859,12,15.00%,0.00%,,/Gestión/Pólizas/Documentos/BCI Pol QP1089859.pdf,,,,TRUE,TRUE,FALSE,TRUE,,,
Doc0190,Pol0141,21/11/2023,Póliza,21/11/2023,21/11/2024,QP1081272,12,7.00%,0.00%,,/Gestión/Pólizas/Documentos/BCI Pol QP1081272.pdf,,,,TRUE,TRUE,FALSE,TRUE,,,
Doc0191,Pol0142,22/11/2023,Póliza,22/11/2023,22/11/2024,QP1081273,12,7.00%,0.00%,,/Gestión/Pólizas/Documentos/BCI Pol QP1081273.pdf,,,,TRUE,TRUE,FALSE,TRUE,,,
Doc0192,Pol0143,22/11/2023,Póliza,22/11/2023,22/11/2024,20549276,1,15.00%,7.00%,Cot0049,/Gestión/Pólizas/Documentos/Liberty Pol 20549276.pdf,,,,TRUE,TRUE,FALSE,TRUE,,,
Doc0194,Pol0145,23/11/2023,Póliza,23/11/2023,23/11/2024,23503800,11,15.00%,0.00%,Cot0053,/Gestión/Pólizas/Documentos/FID Pol 23503800.pdf,,,,TRUE,TRUE,FALSE,TRUE,,,
Doc0195,Pol0145,31/7/2024,Cancelación,31/7/2024,23/11/2024,1,1,15.00%,0.00%,,/Gestión/Pólizas/Documentos/FID Pol 23503800 End.pdf,,,,TRUE,TRUE,FALSE,TRUE,,,
Doc0196,Pol0146,24/11/2023,Póliza,24/11/2023,24/11/2024,476431,12,15.00%,0.00%,Cot0055,/Gestión/Pólizas/Documentos/HDI Pol 476431.pdf,,,,TRUE,TRUE,FALSE,TRUE,,,
Doc0197,Pol0147,26/11/2023,Póliza,26/11/2023,26/11/2024,20549601,10,10.00%,10.00%,Cot0056,/Gestión/Pólizas/Documentos/Liberty Pol 20549601.pdf,,,,TRUE,TRUE,FALSE,TRUE,,,
Doc0198,Pol0148,26/11/2023,Póliza,26/11/2023,26/11/2024,QP1088321,10,22.00%,22.00%,Cot0057,/Gestión/Pólizas/Documentos/BCI Pol QP1088321.pdf,,,,TRUE,TRUE,FALSE,TRUE,,,
Doc0199,Pol0149,26/11/2023,Póliza,26/11/2023,26/11/2024,87934,10,15.00%,0.00%,Cot0058,/Gestión/Pólizas/Documentos/HDI Pol 87934.pdf,,,,TRUE,TRUE,FALSE,TRUE,,,
Doc0200,Pol0150,27/11/2023,Póliza,27/11/2023,27/11/2024,6520875,12,7.50%,0.00%,,/Gestión/Pólizas/Documentos/Zurich Pol 6520875.pdf,,,,TRUE,TRUE,FALSE,TRUE,,,
Doc0201,Pol0150,29/8/2024,Cancelación,29/8/2024,27/11/2024,1,1,7.50%,0.00%,,/Gestión/Pólizas/Documentos/Zurich Pol 6520875 End.pdf,,,,TRUE,TRUE,FALSE,TRUE,,,
Doc0202,Pol0151,12/12/2023,Póliza,12/12/2023,12/12/2024,QP1091186,11,14.00%,0.00%,Cot0059,/Gestión/Pólizas/Documentos/BCI Pol QP1091186.pdf,,,,TRUE,TRUE,FALSE,TRUE,,,
Doc0203,Pol0152,12/12/2023,Póliza,12/12/2023,12/12/2024,61785251,10,12.00%,0.00%,,/Gestión/Pólizas/Documentos/Liberty Pol 61785251.pdf,,,,TRUE,TRUE,FALSE,TRUE,,,
Doc0204,Pol0151,4/10/2024,Cancelación,1/9/2024,12/12/2024,1,1,14.00%,0.00%,,/Gestión/Pólizas/Documentos/BCI Pol QP1091186 End.pdf,,,,TRUE,TRUE,FALSE,TRUE,,,
Doc0205,Pol0153,13/12/2023,Póliza,13/12/2023,13/12/2024,23503921,12,15.00%,0.00%,,/Gestión/Pólizas/Documentos/FID Pol 23503921.pdf,,,,TRUE,TRUE,FALSE,TRUE,,,
Doc0206,Pol0153,4/6/2024,Cancelación,4/6/2024,13/12/2024,1,1,15.00%,0.00%,,/Gestión/Pólizas/Documentos/FID Pol 23503921 End 1.pdf,,,,TRUE,TRUE,FALSE,TRUE,,,
Doc0207,Pol0154,14/12/2023,Póliza,14/12/2023,14/12/2024,3052857,11,16.00%,16.00%,,/Gestión/Pólizas/Documentos/Renta Pol 3052857.pdf,,,,TRUE,TRUE,FALSE,TRUE,,,
Doc0209,Pol0155,18/12/2023,Póliza,18/12/2023,18/12/2024,QP1083594,1,10.00%,0.00%,,/Gestión/Pólizas/Documentos/BCI Pol QP1083594.pdf,,,,TRUE,TRUE,FALSE,TRUE,,,
Doc0210,Pol0156,22/12/2023,Póliza,22/12/2023,22/12/2024,QP1086283,12,5.00%,0.00%,,/Gestión/Pólizas/Documentos/BCI Pol QP1086283.pdf,,,,TRUE,TRUE,FALSE,TRUE,,,
Doc0211,Pol0157,22/12/2023,Póliza,22/12/2023,22/12/2024,23504189,12,15.00%,0.00%,,/Gestión/Pólizas/Documentos/FID Pol 23504189.pdf,,,,TRUE,TRUE,FALSE,TRUE,,,
Doc0212,Pol0158,26/12/2023,Póliza,26/12/2023,26/12/2024,23504833,12,15.00%,0.00%,Cot0061,/Gestión/Pólizas/Documentos/FID Pol 23504833.pdf,,,,TRUE,TRUE,FALSE,TRUE,,,
Doc0213,Pol0159,26/12/2023,Póliza,26/12/2023,26/12/2024,QP1093194,12,15.00%,0.00%,Cot0062,/Gestión/Pólizas/Documentos/BCI Pol QP1093194.pdf,,,,TRUE,TRUE,FALSE,TRUE,,,
Doc0214,Pol0160,29/12/2023,Póliza,29/12/2023,29/12/2024,8119445,12,14.00%,0.00%,,/Gestión/Pólizas/Documentos/Sura Pol 8119445.pdf,,,,TRUE,TRUE,FALSE,TRUE,,,
Doc0215,Pol0161,29/12/2023,Póliza,29/12/2023,29/12/2024,6864148,3,30.00%,0.00%,,/Gestión/Pólizas/Documentos/Zurich Pol 6864148.pdf,,,,TRUE,TRUE,FALSE,TRUE,,,
Doc0216,Pol0162,29/12/2023,Póliza,29/12/2023,29/12/2024,6864149,3,30.00%,0.00%,,/Gestión/Pólizas/Documentos/Zurich Pol 6864149.pdf,,,,TRUE,TRUE,FALSE,TRUE,,,
Doc0217,Pol0163,29/12/2023,Póliza,29/12/2023,29/12/2024,6864150,10,30.00%,0.00%,,/Gestión/Pólizas/Documentos/Zurich Pol 6864150.pdf,,,,TRUE,TRUE,FALSE,TRUE,,,
Doc0218,Pol0164,25/1/2024,Póliza,25/1/2024,2/1/2025,100064730,1,17.00%,17.00%,,/Gestión/Pólizas/Documentos/Reale Pol 100064730.pdf,,,,FALSE,TRUE,FALSE,TRUE,,,
Doc0219,Pol0164,25/1/2024,Anulación,25/1/2024,2/1/2025,1,1,17.00%,17.00%,,/Gestión/Pólizas/Documentos/Reale Pol 100064730 End 1.pdf,,,,FALSE,TRUE,FALSE,TRUE,,,
Doc0220,Pol0165,8/1/2024,Póliza,8/1/2024,8/1/2025,20553891,12,8.00%,8.00%,Cot0060,/Gestión/Pólizas/Documentos/Liberty Pol 20553891.pdf,,,,TRUE,TRUE,FALSE,TRUE,,,
Doc0221,Pol0166,19/1/2024,Póliza,19/1/2024,19/1/2025,QP1091746,12,7.00%,0.00%,,/Gestión/Pólizas/Documentos/BCI Pol QP1091746.pdf,,,,TRUE,TRUE,FALSE,TRUE,,,
Doc0222,Pol0167,22/1/2024,Póliza,22/1/2024,22/1/2025,QP1097955,12,10.00%,0.00%,,/Gestión/Pólizas/Documentos/BCI Pol QP1097955.pdf,,,,TRUE,TRUE,FALSE,TRUE,,,
Doc0223,Pol0168,25/1/2024,Póliza,25/1/2024,25/1/2025,100064919,10,17.00%,17.00%,,/Gestión/Pólizas/Documentos/Reale Pol 100064919.pdf,,,,TRUE,TRUE,FALSE,TRUE,,,
Doc0224,Pol0170,31/1/2024,Póliza,31/1/2024,31/1/2025,300404743,1,16.00%,0.00%,,/Gestión/Pólizas/Documentos/Reale Pol 300404743.pdf,,,,FALSE,TRUE,FALSE,TRUE,,,
Doc0225,Pol0171,31/1/2024,Póliza,31/1/2024,31/1/2025,9729875,11,14.50%,0.00%,,/Gestión/Pólizas/Documentos/Zurich Pol 9729875.pdf,,,,TRUE,TRUE,FALSE,TRUE,,,
Doc0226,Pol0172,31/1/2024,Póliza,31/1/2024,31/1/2025,300404752,10,16.00%,0.00%,,/Gestión/Pólizas/Documentos/Reale Pol 300404752.pdf,,,,TRUE,TRUE,FALSE,TRUE,,,
Doc0227,Pol0173,31/1/2024,Póliza,31/1/2024,31/1/2025,300407426,10,16.00%,0.00%,,/Gestión/Pólizas/Documentos/Reale Pol 300407426.pdf,,,,TRUE,TRUE,FALSE,TRUE,,,
Doc0228,Pol0174,31/1/2024,Póliza,31/1/2024,31/1/2025,24500429,12,15.00%,0.00%,,/Gestión/Pólizas/Documentos/FID Pol 24500429.pdf,,,,TRUE,TRUE,FALSE,TRUE,,,
Doc0229,Pol0175,31/1/2024,Póliza,31/1/2024,31/1/2025,24500437,12,15.00%,0.00%,,/Gestión/Pólizas/Documentos/FID Pol 24500437.pdf,,,,TRUE,TRUE,FALSE,TRUE,,,
Doc0230,Pol0176,31/1/2024,Póliza,31/1/2024,31/1/2025,24500427,12,15.00%,0.00%,,/Gestión/Pólizas/Documentos/FID Pol 24500427.pdf,,,,TRUE,TRUE,FALSE,TRUE,,,
Doc0231,Pol0177,31/1/2024,Póliza,31/1/2024,31/1/2025,300404740,1,11.00%,0.00%,,/Gestión/Pólizas/Documentos/Reale Pol 300404740.pdf,,,,TRUE,TRUE,FALSE,TRUE,,,
Doc0232,Pol0178,31/1/2024,Póliza,31/1/2024,31/1/2025,300404738,1,16.00%,0.00%,,/Gestión/Pólizas/Documentos/Reale Pol 300404738.pdf,,,,TRUE,TRUE,FALSE,TRUE,,,
Doc0233,Pol0179,31/1/2024,Póliza,31/1/2024,31/1/2025,1389937,1,12.00%,0.00%,,/Gestión/Pólizas/Documentos/Renta Pol 1389937.pdf,,,,TRUE,TRUE,FALSE,TRUE,Cliente Pidió no renovar,,
Doc0234,Pol0180,31/1/2024,Póliza,31/1/2024,31/1/2025,1390060,10,14.00%,0.00%,,/Gestión/Pólizas/Documentos/Renta Pol 1390060.pdf,,,,TRUE,TRUE,FALSE,TRUE,,,
Doc0235,Pol0181,31/1/2024,Póliza,31/1/2024,31/1/2025,1390061,10,14.00%,0.00%,,/Gestión/Pólizas/Documentos/Renta Pol 1390061.pdf,,,,TRUE,TRUE,FALSE,TRUE,,,
Doc0236,Pol0182,31/1/2024,Póliza,31/1/2024,31/1/2025,300404744,1,16.00%,0.00%,,/Gestión/Pólizas/Documentos/Reale Pol 300404744.pdf,,,,FALSE,TRUE,FALSE,TRUE,,,
Doc0237,Pol0183,31/1/2024,Póliza,31/1/2024,31/1/2025,24500460,11,15.00%,0.00%,,/Gestión/Pólizas/Documentos/FID Pol 24500460.pdf,,,,TRUE,TRUE,FALSE,TRUE,,,
Doc0238,Pol0184,31/1/2024,Póliza,31/1/2024,31/1/2025,24500459,11,15.00%,0.00%,,/Gestión/Pólizas/Documentos/FID Pol 24500459.pdf,,,,TRUE,TRUE,FALSE,TRUE,,,
Doc0239,Pol0185,31/1/2024,Póliza,31/1/2024,31/1/2025,300404746,1,16.00%,0.00%,,/Gestión/Pólizas/Documentos/Reale Pol 300404746.pdf,,,,FALSE,TRUE,FALSE,TRUE,,,
Doc0240,Pol0186,31/1/2024,Póliza,31/1/2024,31/1/2025,300404750,10,16.00%,0.00%,,/Gestión/Pólizas/Documentos/Reale Pol 300404750.pdf,,,,TRUE,TRUE,FALSE,TRUE,,,
Doc0241,Pol0187,31/1/2024,Póliza,31/1/2024,31/1/2025,300404742,10,16.00%,0.00%,,/Gestión/Pólizas/Documentos/Reale Pol 300404742.pdf,,,,TRUE,TRUE,FALSE,TRUE,,,
Doc0242,Pol0188,31/1/2024,Póliza,31/1/2024,31/1/2025,300404737,10,11.00%,0.00%,,/Gestión/Pólizas/Documentos/Reale Pol 300404737.pdf,,,,TRUE,TRUE,FALSE,TRUE,,,
Doc0243,Pol0189,31/1/2024,Póliza,31/1/2024,31/1/2025,9730544,10,14.50%,0.00%,Cot0064,/Gestión/Pólizas/Documentos/Zurich Pol 9730544.pdf,,,,TRUE,TRUE,FALSE,TRUE,,,
Doc0244,Pol0190,31/1/2024,Póliza,31/1/2024,31/1/2025,9730574,10,14.50%,0.00%,Cot0065,/Gestión/Pólizas/Documentos/Zurich Pol 9730574.pdf,,,,TRUE,TRUE,FALSE,TRUE,,,
Doc0245,Pol0191,31/1/2024,Póliza,31/1/2024,31/1/2025,300404749,10,16.00%,0.00%,,/Gestión/Pólizas/Documentos/Reale Pol 300404749.pdf,,,,TRUE,TRUE,FALSE,TRUE,,,
Doc0246,Pol0192,31/1/2024,Póliza,31/1/2024,31/1/2025,300404739,10,16.00%,0.00%,,/Gestión/Pólizas/Documentos/Reale Pol 300404739.pdf,,,,TRUE,TRUE,FALSE,TRUE,,,
Doc0247,Pol0193,31/1/2024,Póliza,31/1/2024,31/1/2025,300404747,1,16.00%,0.00%,,/Gestión/Pólizas/Documentos/Reale Pol 300404747.pdf,,,,TRUE,TRUE,FALSE,TRUE,,,
Doc0248,Pol0194,31/1/2024,Póliza,31/1/2024,31/1/2025,300404748,1,16.00%,0.00%,,/Gestión/Pólizas/Documentos/Reale Pol 300404748.pdf,,,,TRUE,TRUE,FALSE,TRUE,,,
Doc0249,Pol0195,31/1/2024,Póliza,31/1/2024,31/1/2025,24500634,11,15.00%,0.00%,,/Gestión/Pólizas/Documentos/FID Pol 24500634.pdf,,,,TRUE,TRUE,FALSE,TRUE,,,
Doc0250,Pol0116,19/7/2023,Anulación,19/7/2023,19/7/2024,1,1,8.00%,8.00%,,/Gestión/Pólizas/Documentos/Liberty Pol 20537255 End 1.pdf,,,,TRUE,TRUE,TRUE,TRUE,,,
Doc0251,Pol0196,31/1/2024,Póliza,31/1/2024,31/1/2025,300404741,1,16.00%,0.00%,,/Gestión/Pólizas/Documentos/Reale Pol 300404741.pdf,,,,TRUE,TRUE,FALSE,TRUE,,,
Doc0252,Pol0197,31/1/2024,Póliza,31/1/2024,31/1/2025,24500642,12,15.00%,0.00%,,/Gestión/Pólizas/Documentos/FID Pol 24500642.pdf,,,,TRUE,TRUE,FALSE,TRUE,,,
Doc0253,Pol0198,31/1/2024,Póliza,31/1/2024,31/1/2025,3055132,1,25.00%,25.00%,Cot0067,/Gestión/Pólizas/Documentos/Renta Pol 3055132.pdf,,,,TRUE,TRUE,FALSE,TRUE,,,
Doc0254,Pol0199,31/1/2024,Póliza,31/1/2024,31/1/2025,1392087,10,15.00%,0.00%,,/Gestión/Pólizas/Documentos/Renta Pol 1392087.pdf,,,,TRUE,TRUE,FALSE,TRUE,,,
Doc0255,Pol0200,31/1/2024,Póliza,31/1/2024,31/1/2025,300404751,10,16.00%,0.00%,,/Gestión/Pólizas/Documentos/Reale Pol 300404751.pdf,,,,TRUE,TRUE,FALSE,TRUE,,,
Doc0256,Pol0170,31/1/2024,Anulación,31/1/2024,31/1/2025,1,1,16.00%,0.00%,,/Gestión/Pólizas/Documentos/Reale Pol 300404743 End 1.pdf,,,,FALSE,TRUE,FALSE,TRUE,,,
Doc0257,Pol0177,31/1/2024,Anulación,31/1/2024,31/1/2025,1,1,11.00%,0.00%,,/Gestión/Pólizas/Documentos/Reale Pol 300404740 End 1.pdf,,,,TRUE,TRUE,FALSE,TRUE,,,
Doc0258,Pol0178,31/1/2024,Anulación,31/1/2024,31/1/2025,1,1,16.00%,0.00%,,/Gestión/Pólizas/Documentos/Reale Pol 300404738 End 1.pdf,,,,TRUE,TRUE,FALSE,TRUE,,,
Doc0259,Pol0182,31/1/2024,Anulación,31/1/2024,31/1/2025,1,1,16.00%,0.00%,,/Gestión/Pólizas/Documentos/Reale Pol 300404744 End 1.pdf,,,,FALSE,TRUE,FALSE,TRUE,,,
Doc0260,Pol0185,31/1/2024,Anulación,31/1/2024,31/1/2025,1,1,16.00%,0.00%,,/Gestión/Pólizas/Documentos/Reale Pol 300404746 End 1.pdf,,,,FALSE,TRUE,FALSE,TRUE,,,
Doc0261,Pol0196,31/1/2024,Anulación,31/1/2024,31/1/2025,1,1,16.00%,0.00%,,/Gestión/Pólizas/Documentos/Doc0261.PDF.191746.pdf,,,,TRUE,TRUE,TRUE,TRUE,,,
Doc0262,Pol0195,25/4/2024,Cancelación,25/4/2024,31/1/2025,1,1,15.00%,0.00%,,/Gestión/Pólizas/Documentos/FID Pol 24500634 End 1.pdf,,,,TRUE,TRUE,FALSE,TRUE,,,
Doc0263,Pol0171,24/6/2024,Cancelación,24/6/2024,31/1/2025,1,1,14.50%,0.00%,,/Gestión/Pólizas/Documentos/Zurich Pol 9729875 End.pdf,,,,TRUE,TRUE,FALSE,TRUE,,,
Doc0264,Pol0197,23/7/2024,Cancelación,23/7/2024,31/1/2025,1,1,15.00%,0.00%,,/Gestión/Pólizas/Documentos/FID Pol 24500642 End.pdf,,,,TRUE,TRUE,FALSE,TRUE,,,
Doc0265,Pol0174,31/7/2024,Cancelación,31/7/2024,31/1/2025,1,1,15.00%,0.00%,,/Gestión/Pólizas/Documentos/FID Pol 24500429 End.pdf,,,,TRUE,TRUE,FALSE,TRUE,,,
Doc0266,Pol0176,31/7/2024,Cancelación,31/7/2024,31/1/2025,1,1,15.00%,0.00%,,/Gestión/Pólizas/Documentos/FID Pol 24500427 End.pdf,,,,TRUE,TRUE,FALSE,TRUE,,,
Doc0267,Pol0175,8/8/2024,Cancelación,8/8/2024,31/1/2025,1,1,15.00%,0.00%,,/Gestión/Pólizas/Documentos/FID Pol 24500437 End.pdf,,,,TRUE,TRUE,FALSE,TRUE,,,
Doc0268,Pol0191,7/9/2024,Cancelación,7/9/2024,31/1/2025,1,1,16.00%,0.00%,,/Gestión/Pólizas/Documentos/Reale Pol 300404749 End.pdf,,,,TRUE,TRUE,FALSE,TRUE,,,
Doc0269,Pol0198,23/1/2025,Cancelación,23/1/2025,31/1/2025,1,1,25.00%,25.00%,,/Gestión/Pólizas/Documentos/Renta Pol 3055132 End.pdf,,,,TRUE,TRUE,FALSE,TRUE,,,
Doc0271,Pol0201,4/2/2024,Póliza,4/2/2024,4/2/2025,1390844,11,14.00%,0.00%,Cot0066,/Gestión/Pólizas/Documentos/Renta Pol 1390844.pdf,,,,TRUE,TRUE,FALSE,TRUE,,,
Doc0272,Pol0165,8/1/2025,Prórroga,8/1/2025,7/2/2025,2,1,8.00%,8.00%,,/Gestión/Pólizas/Documentos/HDI-Liberty Pol 20553891 End 2.pdf,,,,TRUE,TRUE,FALSE,TRUE,,,
Doc0273,Pol0202,8/2/2024,Póliza,8/2/2024,8/2/2025,500008295,8,16.00%,0.00%,Cot0069,/Gestión/Pólizas/Documentos/Reale Pol 500008295.pdf,,,,TRUE,TRUE,FALSE,TRUE,,,
Doc0274,Pol0203,23/2/2024,Póliza,23/2/2024,23/2/2025,20559520,10,22.00%,10.00%,Cot0051,/Gestión/Pólizas/Documentos/Liberty Pol 20559520.pdf,,,,TRUE,TRUE,FALSE,TRUE,,,
Doc0275,Pol0204,28/2/2024,Póliza,28/2/2024,28/2/2025,61807008,11,13.00%,0.00%,Cot0070,/Gestión/Pólizas/Documentos/Liberty Pol 61807008.pdf,,,,TRUE,TRUE,FALSE,TRUE,,,
Doc0276,Pol0205,28/2/2024,Póliza,28/2/2024,28/2/2025,61806743,11,13.00%,0.00%,Cot0071,/Gestión/Pólizas/Documentos/Liberty Pol 61806743.pdf,,,,TRUE,TRUE,FALSE,TRUE,,,
Doc0277,Pol0206,4/3/2024,Póliza,4/3/2024,4/3/2025,61806455,11,13.00%,0.00%,Cot0074,/Gestión/Pólizas/Documentos/Liberty Pol 61806455.pdf,,,,TRUE,TRUE,FALSE,TRUE,,,
Doc0278,Pol0207,5/3/2024,Póliza,5/3/2024,5/3/2025,2602990,11,23.00%,23.00%,Cot0072,/Gestión/Pólizas/Documentos/Consorcio Pol 2602990.pdf,,,,TRUE,TRUE,FALSE,TRUE,,,
Doc0279,Pol0208,6/3/2024,Póliza,6/3/2024,6/3/2025,QP1104454,12,17.00%,0.00%,Cot0073,/Gestión/Pólizas/Documentos/BCI Pol QP1104454.pdf,,,,TRUE,TRUE,FALSE,TRUE,,,
Doc0280,Pol0210,6/3/2024,Póliza,6/3/2024,7/3/2025,QP1100679,12,15.00%,0.00%,,/Gestión/Pólizas/Documentos/BCI Pol QP1100679.pdf,,,,TRUE,TRUE,FALSE,TRUE,,,
Doc0281,Pol0211,6/3/2024,Póliza,6/3/2024,7/3/2025,QP1100678,12,15.00%,0.00%,,/Gestión/Pólizas/Documentos/BCI Pol QP1100678.pdf,,,,TRUE,TRUE,FALSE,TRUE,,,
Doc0282,Pol0212,8/3/2024,Póliza,8/3/2024,8/3/2025,1400020,10,15.00%,15.00%,,/Gestión/Pólizas/Documentos/Renta Pol 1400020.pdf,,,,TRUE,TRUE,FALSE,TRUE,,,
Doc0283,Pol0213,9/3/2024,Póliza,9/3/2024,9/3/2025,1400018,11,18.00%,18.00%,,/Gestión/Pólizas/Documentos/Renta Pol 1400018.pdf,,,,TRUE,TRUE,FALSE,TRUE,,,
Doc0284,Pol0165,7/2/2025,Prórroga,7/2/2025,9/3/2025,3,1,8.00%,8.00%,,/Gestión/Pólizas/Documentos/HDI-Liberty Pol 20553891 End 3.pdf,,,,TRUE,TRUE,FALSE,TRUE,,,
Doc0285,Pol0214,19/3/2024,Póliza,19/3/2024,19/3/2025,89696,6,15.00%,0.00%,Cot0075,/Gestión/Pólizas/Documentos/HDI Pol 89696.pdf,,,,TRUE,TRUE,FALSE,TRUE,,,
Doc0286,Pol0215,19/3/2024,Póliza,19/3/2024,19/3/2025,7656992,6,15.00%,15.00%,Cot0076,/Gestión/Pólizas/Documentos/Chubb Pol 7656992.pdf,,,,TRUE,TRUE,FALSE,TRUE,,,
Doc0287,Pol0216,20/3/2024,Póliza,20/3/2024,20/3/2025,24501823,12,15.00%,0.00%,Cot0077,/Gestión/Pólizas/Documentos/FID Pol 24501823.pdf,,,,TRUE,TRUE,FALSE,TRUE,,,
Doc0288,Pol0217,27/3/2024,Póliza,27/3/2024,27/3/2025,8308644,10,14.00%,0.00%,Cot0078,/Gestión/Pólizas/Documentos/Sura Pol 8308644.pdf,,,,TRUE,TRUE,FALSE,TRUE,,,
Doc0289,Pol0218,27/3/2024,Póliza,27/3/2024,27/3/2025,8308645,10,14.00%,0.00%,Cot0079,/Gestión/Pólizas/Documentos/Sura Pol 8308645.pdf,,,,TRUE,TRUE,FALSE,TRUE,,,
Doc0290,Pol0219,27/3/2024,Póliza,27/3/2024,27/3/2025,8308646,10,14.00%,0.00%,Cot0080,/Gestión/Pólizas/Documentos/Sura Pol 8308646.pdf,,,,TRUE,TRUE,FALSE,TRUE,,,
Doc0291,Pol0220,27/3/2024,Póliza,27/3/2024,27/3/2025,8308647,10,14.00%,0.00%,Cot0081,/Gestión/Pólizas/Documentos/Sura Pol 8308647.pdf,,,,TRUE,TRUE,FALSE,TRUE,,,
Doc0292,Pol0221,27/3/2024,Póliza,27/3/2024,27/3/2025,3057446,10,18.00%,0.00%,Cot0082,/Gestión/Pólizas/Documentos/Renta Pol 3057446.pdf,,,,TRUE,TRUE,FALSE,TRUE,,,
Doc0293,Pol0222,4/4/2024,Póliza,4/4/2024,4/4/2025,61821498,1,8.00%,0.00%,Cot0083,/Gestión/Pólizas/Documentos/Liberty Pol 61821498.pdf,,,,TRUE,TRUE,TRUE,TRUE,,,
Doc0294,Pol0165,9/3/2025,Prórroga,9/3/2025,8/4/2025,4,1,8.00%,8.00%,,/Gestión/Pólizas/Documentos/HDI-Liberty Pol 20553891 End 4.pdf,,,,TRUE,TRUE,FALSE,TRUE,,,
Doc0295,Pol0223,15/4/2024,Póliza,15/4/2024,14/4/2025,1406048,1,0.00%,0.00%,,/Gestión/Pólizas/Documentos/Renta Pol 1406048.pdf,,,,FALSE,TRUE,FALSE,TRUE,,,
Doc0296,Pol0224,15/4/2024,Póliza,15/4/2024,15/4/2025,1406049,1,0.00%,0.00%,,/Gestión/Pólizas/Documentos/Renta Pol 1406049.pdf,,,,FALSE,TRUE,FALSE,TRUE,,,
Doc0297,Pol0225,17/4/2024,Póliza,17/4/2024,17/4/2025,1415545,10,11.48%,11.48%,,/Gestión/Pólizas/Documentos/Renta Pol 1415545.pdf,,,,TRUE,TRUE,FALSE,TRUE,,,
Doc0299,Pol0226,25/4/2024,Póliza,25/4/2024,25/4/2025,24502660,11,15.00%,0.00%,Cot0084,/Gestión/Pólizas/Documentos/FID Pol 24502660.pdf,,,,TRUE,TRUE,FALSE,TRUE,,,
Doc0300,Pol0227,28/4/2024,Póliza,28/4/2024,28/4/2025,QP1105953,12,15.00%,0.00%,,/Gestión/Pólizas/Documentos/BCI Pol QP1105953.pdf,,,,TRUE,TRUE,FALSE,TRUE,,,
Doc0301,Pol0228,29/4/2024,Póliza,29/4/2024,29/4/2025,24502810,12,15.00%,0.00%,Cot0086,/Gestión/Pólizas/Documentos/FID Pol 24502810.pdf,,,,TRUE,TRUE,FALSE,TRUE,,,
Doc0302,Pol0229,10/5/2024,Póliza,10/5/2024,10/5/2025,61830155,11,13.00%,0.00%,,/Gestión/Pólizas/Documentos/Liberty Pol 61830155.pdf,,,,TRUE,TRUE,FALSE,TRUE,,,
Doc0303,Pol0229,13/2/2025,Cancelación,13/2/2025,10/5/2025,1,1,13.00%,0.00%,,/Gestión/Pólizas/Documentos/HDI-Liberty Pol 61830155 End.pdf,,,,TRUE,TRUE,FALSE,TRUE,,,
Doc0304,Pol0230,16/5/2024,Póliza,16/5/2024,16/5/2025,300427695,10,12.00%,0.00%,,/Gestión/Pólizas/Documentos/Reale Pol 300427695.pdf,,,,TRUE,TRUE,FALSE,TRUE,,,
Doc0305,Pol0231,31/5/2024,Póliza,31/5/2024,31/5/2025,QP1117666,11,17.00%,0.00%,Cot0089,/Gestión/Pólizas/Documentos/BCI Pol QP1117666.pdf,,,,TRUE,TRUE,FALSE,TRUE,,,
Doc0306,Pol0232,1/6/2024,Póliza,1/6/2024,1/6/2025,20571230,1,15.00%,7.00%,Cot0087,/Gestión/Pólizas/Documentos/Liberty Pol 20571230.pdf,,,,TRUE,TRUE,FALSE,TRUE,,,
Doc0307,Pol0232,1/6/2024,Anulación,1/6/2024,1/6/2025,1,1,15.00%,7.00%,,/Gestión/Pólizas/Documentos/Liberty Pol 20571230 End.pdf,,,,TRUE,TRUE,FALSE,TRUE,,,
Doc0308,Pol0233,2/6/2024,Póliza,2/6/2024,2/6/2025,710802,11,10.50%,0.00%,,/Gestión/Pólizas/Documentos/HDI Pol 710802.pdf,,,,TRUE,TRUE,FALSE,TRUE,,,
Doc0309,Pol0234,4/6/2024,Póliza,4/6/2024,4/6/2025,20571305,11,15.00%,7.00%,Cot0091,/Gestión/Pólizas/Documentos/Liberty Pol 20571305.pdf,,,,TRUE,TRUE,FALSE,TRUE,,,
Doc0310,Pol0235,4/6/2024,Póliza,4/6/2024,4/6/2025,QP1118489,12,17.00%,0.00%,Cot0090,/Gestión/Pólizas/Documentos/BCI Pol QP1118489.pdf,,,,TRUE,TRUE,FALSE,TRUE,,,
Doc0311,Pol0236,6/6/2024,Póliza,6/6/2024,6/6/2025,8537383,11,0.00%,0.00%,Cot0088,/Gestión/Pólizas/Documentos/Sura Pol 8537383.pdf,,,,FALSE,TRUE,FALSE,TRUE,,,
Doc0312,Pol0237,6/6/2024,Póliza,6/6/2024,6/6/2025,QP1118194,1,25.00%,25.00%,Cot0092,/Gestión/Pólizas/Documentos/BCI Pol QP1118194.pdf,,,,TRUE,TRUE,FALSE,TRUE,,,
Doc0313,Pol0238,16/6/2024,Póliza,16/6/2024,16/6/2025,20109730,10,16.00%,0.00%,,/Gestión/Pólizas/Documentos/Southbridge Pol 20109730.pdf,,,,TRUE,TRUE,FALSE,TRUE,,,
Doc0314,Pol0239,22/6/2024,Póliza,22/6/2024,22/6/2025,7309303,1,17.00%,0.00%,,/Gestión/Pólizas/Documentos/Zurich Pol 7309303.pdf,,,,TRUE,TRUE,FALSE,TRUE,,,
Doc0315,Pol0239,27/8/2024,Cancelación,27/8/2024,22/6/2025,1,1,17.00%,0.00%,,/Gestión/Pólizas/Documentos/Zurich Pol 7309303 End.pdf,,,,TRUE,TRUE,TRUE,TRUE,,,
Doc0316,Pol0240,24/6/2024,Póliza,24/6/2024,24/6/2025,9739169,11,14.50%,0.00%,Cot0093,/Gestión/Pólizas/Documentos/Zurich Pol 9739169.pdf,,,,TRUE,TRUE,FALSE,TRUE,,,
Doc0317,Pol0243,28/6/2024,Póliza,28/6/2024,28/6/2025,24552325,10,7.78%,0.00%,,/Gestión/Pólizas/Documentos/FID Pol 24552325.pdf,,,,TRUE,TRUE,FALSE,TRUE,,,
Doc0318,Pol0246,30/6/2024,Póliza,30/6/2024,30/6/2025,23033214,10,13.00%,0.00%,,/Gestión/Pólizas/Documentos/Liberty Pol 23033214.pdf,,,,TRUE,TRUE,FALSE,TRUE,,,
Doc0319,Pol0247,30/6/2024,Póliza,30/6/2024,30/6/2025,61850370,10,10.50%,0.00%,,/Gestión/Pólizas/Documentos/Liberty Pol 61850370.pdf,,,,TRUE,TRUE,FALSE,TRUE,,,
Doc0320,Pol0248,30/6/2024,Póliza,30/6/2024,30/6/2025,61848950,10,10.50%,0.00%,,/Gestión/Pólizas/Documentos/Liberty Pol 61848950.pdf,,,,TRUE,TRUE,FALSE,TRUE,,,
Doc0321,Pol0249,3/7/2024,Póliza,3/7/2024,3/7/2025,600008427,1,26.00%,0.00%,,/Gestión/Pólizas/Documentos/Reale Pol 600008427.pdf,,,,TRUE,TRUE,FALSE,TRUE,,,
Doc0322,Pol0251,11/7/2024,Póliza,11/7/2024,11/7/2025,20573124,11,21.00%,10.00%,,/Gestión/Pólizas/Documentos/Liberty Pol 20573124.pdf,,,,TRUE,TRUE,FALSE,TRUE,,,
Doc0323,Pol0252,23/7/2024,Póliza,23/7/2024,23/7/2025,20576575,1,9.43%,9.43%,,/Gestión/Pólizas/Documentos/Liberty Pol 20576575.pdf,,,,TRUE,TRUE,FALSE,TRUE,,,
Doc0324,Pol0253,29/7/2024,Póliza,29/7/2024,29/7/2025,QP1126509,12,15.00%,0.00%,Cot0094,/Gestión/Pólizas/Documentos/BCI Pol QP1126509.pdf,,,,TRUE,TRUE,TRUE,TRUE,,,
Doc0325,Pol0254,31/7/2024,Póliza,31/7/2024,31/7/2025,7820461,11,17.00%,0.00%,Cot0095,/Gestión/Pólizas/Documentos/Zurich Pol 7820461.pdf,,,,TRUE,TRUE,FALSE,TRUE,,,
Doc0326,Pol0255,31/7/2024,Póliza,31/7/2024,31/7/2025,7820365,11,17.00%,0.00%,Cot0097,/Gestión/Pólizas/Documentos/Zurich Pol 7820365.pdf,,,,TRUE,TRUE,FALSE,TRUE,,,
Doc0327,Pol0256,31/7/2024,Póliza,31/7/2024,31/7/2025,7820385,11,17.00%,0.00%,Cot0098,/Gestión/Pólizas/Documentos/Zurich Pol 7820385.pdf,,,,TRUE,TRUE,FALSE,TRUE,,,
Doc0328,Pol0257,8/8/2024,Póliza,8/8/2024,8/8/2025,7820575 ,11,17.00%,0.00%,Cot0096,/Gestión/Pólizas/Documentos/Zurich Pol 7820575 .pdf,,,,TRUE,TRUE,FALSE,TRUE,,,
Doc0329,Pol0257,22/1/2025,Cancelación,22/1/2025,8/8/2025,1,1,17.00%,0.00%,,/Gestión/Pólizas/Documentos/Zurich Pol 7820575  End.pdf,,,,TRUE,TRUE,FALSE,TRUE,,,
Doc0330,Pol0258,17/8/2024,Póliza,17/8/2024,17/8/2025,52819,10,15.00%,0.00%,,/Gestión/Pólizas/Documentos/HDI Pol 52819.pdf,,,,TRUE,TRUE,FALSE,TRUE,,,
Doc0331,Pol0259,18/8/2024,Póliza,18/8/2024,18/8/2025,QP1123594,12,15.00%,0.00%,,/Gestión/Pólizas/Documentos/BCI Pol QP1123594.pdf,,,,TRUE,TRUE,FALSE,TRUE,,,
Doc0332,Pol0260,22/8/2024,Póliza,22/8/2024,22/8/2025,41355,12,10.50%,0.00%,,/Gestión/Pólizas/Documentos/HDI Pol 41355.pdf,,,,TRUE,TRUE,FALSE,TRUE,,,
Doc0333,Pol0261,29/8/2024,Póliza,29/8/2024,29/8/2025,61870646,10,13.00%,0.00%,Cot0099,/Gestión/Pólizas/Documentos/Liberty Pol 61870646.pdf,,,,TRUE,TRUE,FALSE,TRUE,,,
Doc0334,Pol0262,7/9/2024,Póliza,7/9/2024,7/9/2025,24505496,12,15.00%,0.00%,Cot0100,/Gestión/Pólizas/Documentos/FID Pol 24505496.pdf,,,,TRUE,TRUE,FALSE,TRUE,,,
Doc0335,Pol0263,9/9/2024,Póliza,9/9/2024,9/9/2025,QP1129568,12,10.00%,10.00%,,/Gestión/Pólizas/Documentos/BCI Pol QP1129568.pdf,,,,TRUE,TRUE,FALSE,TRUE,,,
Doc0336,Pol0264,11/9/2024,Póliza,11/9/2024,11/9/2025,61874815,1,13.00%,0.00%,,/Gestión/Pólizas/Documentos/HDI-Liberty Pol 61874815.pdf,,,,TRUE,TRUE,TRUE,TRUE,,,
Doc0337,Pol0265,19/9/2024,Póliza,19/9/2024,19/9/2025,QP1134136,11,14.00%,0.00%,Cot0102,/Gestión/Pólizas/Documentos/BCI Pol QP1134136.pdf,,,,TRUE,TRUE,FALSE,TRUE,,,
Doc0338,Pol0266,24/9/2024,Póliza,24/9/2024,24/9/2025,QP1134912,11,17.00%,0.00%,,/Gestión/Pólizas/Documentos/BCI Pol QP1134912.pdf,,,,TRUE,TRUE,FALSE,TRUE,,,
Doc0339,Pol0266,4/2/2025,Cancelación,4/2/2025,24/9/2025,1,1,17.00%,0.00%,,/Gestión/Pólizas/Documentos/BCI Pol QP1134912 End.pdf,,,,TRUE,TRUE,FALSE,TRUE,,,
Doc0340,Pol0267,26/9/2024,Póliza,26/9/2024,26/9/2025,230484,1,20.15%,0.00%,,/Gestión/Pólizas/Documentos/Zurich Pol 230484.pdf,,,,TRUE,TRUE,FALSE,TRUE,,,
Doc0341,Pol0269,4/10/2024,Póliza,4/10/2024,4/10/2025,3062279,12,9.60%,0.00%,,/Gestión/Pólizas/Documentos/Renta Pol 3062279.pdf,,,,TRUE,TRUE,FALSE,TRUE,,,
Doc0342,Pol0270,11/10/2024,Póliza,11/10/2024,11/10/2025,262737,10,11.50%,0.00%,,/Gestión/Pólizas/Documentos/Zurich Pol 262737.pdf,,,,TRUE,TRUE,FALSE,TRUE,,,
Doc0343,Pol0270,24/1/2025,Cancelación,24/1/2025,11/10/2025,1,1,11.50%,0.00%,,/Gestión/Pólizas/Documentos/Zurich Pol 262737 End.pdf,,,,TRUE,TRUE,FALSE,TRUE,,,
Doc0344,Pol0271,22/10/2024,Póliza,22/10/2024,22/10/2025,QP1140155,12,17.00%,0.00%,Cot0103,/Gestión/Pólizas/Documentos/BCI Pol QP1140155.pdf,,,,TRUE,TRUE,FALSE,TRUE,,,
Doc0345,Pol0272,25/10/2024,Póliza,25/10/2024,25/10/2025,300459895,10,12.00%,0.00%,,/Gestión/Pólizas/Documentos/Reale Pol 300459895.pdf,,,,TRUE,TRUE,FALSE,TRUE,,,
Doc0346,Pol0273,29/10/2024,Póliza,29/10/2024,29/10/2025,262736,11,13.54%,0.00%,,/Gestión/Pólizas/Documentos/Zurich Pol 262736.pdf,,,,TRUE,TRUE,FALSE,TRUE,,,
Doc0347,Pol0274,4/11/2024,Póliza,4/11/2024,4/11/2025,18000121-9,5,23.00%,23.00%,,/Gestión/Pólizas/Documentos/Consorcio Pol 18000121-9.pdf,,,,FALSE,TRUE,FALSE,TRUE,,,
Doc0348,Pol0275,4/11/2024,Póliza,4/11/2024,4/11/2025,18000122-9,3,23.00%,23.00%,,/Gestión/Pólizas/Documentos/Consorcio Pol 18000122-9.pdf,,,,FALSE,TRUE,FALSE,TRUE,,,
Doc0349,Pol0276,4/11/2024,Póliza,4/11/2024,4/11/2025,18000123-9,5,23.00%,23.00%,,/Gestión/Pólizas/Documentos/Consorcio Pol 18000123-9.pdf,,,,FALSE,TRUE,FALSE,TRUE,,,
Doc0350,Pol0277,4/11/2024,Póliza,4/11/2024,4/11/2025,61891416,12,10.00%,0.00%,,/Gestión/Pólizas/Documentos/Liberty Pol 61891416.pdf,,,,TRUE,TRUE,FALSE,TRUE,,,
Doc0351,Pol0278,11/11/2024,Póliza,11/11/2024,11/11/2025,61890467,10,12.00%,0.00%,,/Gestión/Pólizas/Documentos/Liberty Pol 61890467.pdf,,,,TRUE,TRUE,FALSE,TRUE,,,
Doc0352,Pol0278,27/12/2024,Cancelación,27/12/2024,11/11/2025,1,1,12.00%,0.00%,,/Gestión/Pólizas/Documentos/Liberty Pol 61890467 End.pdf,,,,TRUE,TRUE,FALSE,TRUE,,,
Doc0353,Pol0279,14/11/2024,Póliza,14/11/2024,14/11/2025,QP1138319,10,10.00%,0.00%,,/Gestión/Pólizas/Documentos/BCI Pol QP1138319.pdf,,,,TRUE,TRUE,FALSE,TRUE,,,
Doc0354,Pol0280,15/11/2024,Póliza,15/11/2024,15/11/2025,QP1143522,12,15.00%,0.00%,,/Gestión/Pólizas/Documentos/BCI Pol QP1143522.pdf,,,,TRUE,TRUE,FALSE,TRUE,,,
Doc0355,Pol0281,15/11/2024,Póliza,15/11/2024,15/11/2025,QP1136988,1,15.00%,0.00%,,/Gestión/Pólizas/Documentos/BCI Pol QP1136988.pdf,,,,TRUE,TRUE,FALSE,TRUE,,,
Doc0356,Pol0281,15/11/2024,Anulación,15/11/2024,15/11/2025,1,1,15.00%,0.00%,,/Gestión/Pólizas/Documentos/BCI Pol QP1136988 End.pdf,,,,TRUE,TRUE,FALSE,TRUE,,,
Doc0357,Pol0282,21/11/2024,Póliza,21/11/2024,21/11/2025,QP1138833,12,7.00%,0.00%,,/Gestión/Pólizas/Documentos/BCI Pol QP1138833.pdf,,,,TRUE,TRUE,FALSE,TRUE,,,
Doc0358,Pol0282,21/11/2024,Anulación,21/11/2024,21/11/2025,1,1,7.00%,0.00%,,/Gestión/Pólizas/Documentos/BCI Pol QP1138833 End.pdf,,,,TRUE,TRUE,FALSE,TRUE,,,
Doc0359,Pol0283,21/11/2024,Póliza,21/11/2024,21/11/2025,QP1143790,12,13.50%,0.00%,Cot0105,/Gestión/Pólizas/Documentos/BCI Pol QP1143790.pdf,,,,TRUE,TRUE,FALSE,TRUE,,,
Doc0360,Pol0284,22/11/2024,Póliza,22/11/2024,22/11/2025,20588194,1,15.00%,8.67%,,/Gestión/Pólizas/Documentos//Doc0360.PDF.150409.pdf,,,,TRUE,TRUE,TRUE,TRUE,,,
Doc0361,Pol0285,22/11/2024,Póliza,22/11/2024,22/11/2025,QP1146366,12,17.00%,0.00%,Cot0104,/Gestión/Pólizas/Documentos/BCI Pol QP1146366.pdf,,,,TRUE,TRUE,FALSE,TRUE,,,
Doc0362,Pol0286,22/11/2024,Póliza,22/11/2024,22/11/2025,QP1140113,12,7.00%,0.00%,,/Gestión/Pólizas/Documentos/BCI Pol QP1140113.pdf,,,,TRUE,TRUE,FALSE,TRUE,,,
Doc0363,Pol0287,22/11/2024,Póliza,22/11/2024,22/11/2025,QP1143884,12,13.50%,0.00%,Cot0106,/Gestión/Pólizas/Documentos/BCI Pol QP1143884.pdf,,,,TRUE,TRUE,TRUE,TRUE,,,
Doc0364,Pol0286,22/11/2024,Anulación,22/11/2024,22/11/2025,1,1,7.00%,0.00%,,/Gestión/Pólizas/Documentos/BCI Pol QP1140113 End.pdf,,,,TRUE,TRUE,FALSE,TRUE,,,
Doc0365,Pol0288,24/11/2024,Póliza,24/11/2024,24/11/2025,526675,12,15.00%,0.00%,,/Gestión/Pólizas/Documentos/HDI Pol 526675.pdf,,,,TRUE,TRUE,FALSE,TRUE,,,
Doc0366,Pol0289,26/11/2024,Póliza,26/11/2024,26/11/2025,20590591,10,10.00%,10.00%,,/Gestión/Pólizas/Documentos//Doc0366.PDF.174331.pdf,,,,TRUE,TRUE,FALSE,TRUE,,,
Doc0367,Pol0290,26/11/2024,Póliza,26/11/2024,26/11/2025,QP1142580,10,22.00%,22.00%,,/Gestión/Pólizas/Documentos/BCI Pol QP1142580.pdf,,,,TRUE,TRUE,FALSE,TRUE,,,
Doc0368,Pol0291,26/11/2024,Póliza,26/11/2024,26/11/2025,93574,10,15.00%,0.00%,,/Gestión/Pólizas/Documentos/HDI Pol 93574.pdf,,,,TRUE,TRUE,FALSE,TRUE,,,
Doc0369,Pol0292,12/12/2024,Póliza,12/12/2024,12/12/2025,61902888,10,12.00%,0.00%,,/Gestión/Pólizas/Documentos/HDI-Liberty Pol 61902888.pdf,,,,TRUE,TRUE,FALSE,TRUE,,,
Doc0370,Pol0293,14/12/2024,Póliza,14/12/2024,14/12/2025,3064050,11,16.00%,16.00%,,/Gestión/Pólizas/Documentos/Renta Pol 3064050.pdf,,,,TRUE,TRUE,FALSE,TRUE,,,
Doc0371,Pol0294,18/12/2024,Póliza,18/12/2024,18/12/2025,QP1144094,1,10.00%,0.00%,,/Gestión/Pólizas/Documentos/BCI Pol QP1144094.pdf,,,,TRUE,TRUE,FALSE,TRUE,,,
Doc0372,Pol0295,22/12/2024,Póliza,22/12/2024,22/12/2025,24142385,12,15.00%,0.00%,,/Gestión/Pólizas/Documentos/FID Pol 24142385.pdf,,,,TRUE,TRUE,FALSE,TRUE,,,
Doc0373,Pol0296,26/12/2024,Póliza,26/12/2024,26/12/2025,24142710,12,15.00%,0.00%,,/Gestión/Pólizas/Documentos/FID Pol 24142710.pdf,,,,TRUE,TRUE,FALSE,TRUE,,,
Doc0374,Pol0297,26/12/2024,Póliza,26/12/2024,26/12/2025,QP1142157,12,15.00%,0.00%,,/Gestión/Pólizas/Documentos/BCI Pol QP1142157.pdf,,,,TRUE,TRUE,FALSE,TRUE,,,
Doc0375,Pol0299,29/12/2024,Póliza,29/12/2024,29/12/2025,8191249,12,17.00%,0.00%,,/Gestión/Pólizas/Documentos/Zurich Pol 8191249.pdf,,,,TRUE,TRUE,FALSE,TRUE,,,
Doc0376,Pol0300,29/12/2024,Póliza,29/12/2024,29/12/2025,7310958,3,30.00%,0.00%,,/Gestión/Pólizas/Documentos/Zurich Pol 7310958.pdf,,,,TRUE,TRUE,FALSE,TRUE,,,
Doc0377,Pol0301,29/12/2024,Póliza,29/12/2024,29/12/2025,7310959,3,30.00%,0.00%,,/Gestión/Pólizas/Documentos/Zurich Pol 7310959.pdf,,,,TRUE,TRUE,FALSE,TRUE,,,
Doc0378,Pol0302,29/12/2024,Póliza,29/12/2024,29/12/2025,7310960,10,30.00%,0.00%,,/Gestión/Pólizas/Documentos/Zurich Pol 7310960.pdf,,,,TRUE,TRUE,FALSE,TRUE,,,
Doc0379,Pol0299,11/2/2025,Cancelación,11/2/2025,29/12/2025,1,1,17.00%,0.00%,,/Gestión/Pólizas/Documentos/Zurich Pol 8191249 End.pdf,,,,TRUE,TRUE,FALSE,TRUE,,,
Doc0380,Pol0300,25/2/2025,Cancelación,25/2/2025,29/12/2025,1,1,30.00%,0.00%,,/Gestión/Pólizas/Documentos/Zurich Pol 7310958 End.pdf,,,,TRUE,TRUE,FALSE,TRUE,,,
Doc0381,Pol0301,25/2/2025,Cancelación,25/2/2025,29/12/2025,1,1,30.00%,0.00%,,/Gestión/Pólizas/Documentos/Zurich Pol 7310959 End.pdf,,,,TRUE,TRUE,FALSE,TRUE,,,
Doc0382,Pol0302,25/2/2025,Cancelación,25/2/2025,29/12/2025,1,1,30.00%,0.00%,,/Gestión/Pólizas/Documentos/Zurich Pol 7310960 End.pdf,,,,TRUE,TRUE,FALSE,TRUE,,,
Doc0383,Pol0304,19/1/2025,Póliza,19/1/2025,19/1/2026,QP1149985,12,7.00%,0.00%,,/Gestión/Pólizas/Documentos/BCI Pol QP1149985.pdf,,,,TRUE,TRUE,FALSE,TRUE,,,
Doc0384,Pol0305,19/1/2025,Póliza,19/1/2025,19/1/2026,QP1152906,12,17.00%,0.00%,Cot0108,/Gestión/Pólizas/Documentos/BCI Pol QP1152906.pdf,,,,TRUE,TRUE,FALSE,TRUE,,,
Doc0385,Pol0304,19/1/2025,Anulación,19/1/2025,19/1/2026,1,1,7.00%,0.00%,,/Gestión/Pólizas/Documentos/BCI Pol QP1149985 End.pdf,,,,TRUE,TRUE,FALSE,TRUE,,,
Doc0386,Pol0306,22/1/2025,Póliza,22/1/2025,22/1/2026,QP1151951,12,10.00%,0.00%,,/Gestión/Pólizas/Documentos/BCI Pol QP1151951.pdf,,,,TRUE,TRUE,FALSE,TRUE,Nula por cambio a pol QP1163548,,
Doc0387,Pol0306,6/2/2025,Inclusión,6/2/2025,22/1/2026,837292,11,10.00%,0.00%,,/Gestión/Pólizas/Documentos/BCI Pol QP1151951 End 837292.pdf,,,,TRUE,TRUE,FALSE,TRUE,,,
Doc0388,Pol0308,24/1/2025,Póliza,24/1/2025,24/1/2026,144045932,10,30.00%,0.00%,Cot0111,/Gestión/Pólizas/Documentos/Chubb Pol 144045932.pdf,,,,TRUE,TRUE,FALSE,TRUE,,,
Doc0389,Pol0309,24/1/2025,Póliza,24/1/2025,24/1/2026,144045933,10,30.00%,0.00%,Cot0112,/Gestión/Pólizas/Documentos/Chubb Pol 144045933.pdf,,,,TRUE,TRUE,FALSE,TRUE,,,
Doc0390,Pol0310,25/1/2025,Póliza,25/1/2025,25/1/2026,100076830,10,15.00%,9.00%,,/Gestión/Pólizas/Documentos/Reale Pol 100076830.pdf,,,,TRUE,TRUE,FALSE,TRUE,,,
Doc0391,Pol0311,27/1/2025,Póliza,27/1/2025,27/1/2026,25614498,12,15.00%,0.00%,Cot0115,/Gestión/Pólizas/Documentos/FID Pol 25614498.pdf,,,,TRUE,TRUE,FALSE,TRUE,,,
Doc0392,Pol0312,30/1/2025,Póliza,30/1/2025,30/1/2026,8194454,12,17.00%,0.00%,Cot0119,/Gestión/Pólizas/Documentos/Zurich Pol 8194454.pdf,,,,TRUE,TRUE,FALSE,TRUE,,,
Doc0393,Pol0313,31/1/2025,Póliza,31/1/2025,31/1/2026,300479734,10,16.00%,0.00%,,/Gestión/Pólizas/Documentos/Reale Pol 300479734.pdf,,,,TRUE,TRUE,FALSE,TRUE,,,
Doc0394,Pol0314,31/1/2025,Póliza,31/1/2025,31/1/2026,300480459,10,16.00%,0.00%,,/Gestión/Pólizas/Documentos/Reale Pol 300480459.pdf,,,,TRUE,TRUE,FALSE,TRUE,,,
Doc0395,Pol0315,31/1/2025,Póliza,31/1/2025,31/1/2026,1492057,10,14.00%,0.00%,,/Gestión/Pólizas/Documentos/Renta Pol 1492057.pdf,,,,TRUE,TRUE,FALSE,TRUE,,,
Doc0396,Pol0316,31/1/2025,Póliza,31/1/2025,31/1/2026,1488860,10,14.00%,0.00%,,/Gestión/Pólizas/Documentos/Renta Pol 1488860.pdf,,,,TRUE,TRUE,FALSE,TRUE,,,
Doc0397,Pol0317,31/1/2025,Póliza,31/1/2025,31/1/2026,24149330,11,15.00%,0.00%,,/Gestión/Pólizas/Documentos/FID Pol 24149330.pdf,,,,TRUE,TRUE,FALSE,TRUE,,,
Doc0398,Pol0318,31/1/2025,Póliza,31/1/2025,31/1/2026,24149329,11,15.00%,0.00%,,/Gestión/Pólizas/Documentos/FID Pol 24149329.pdf,,,,TRUE,TRUE,FALSE,TRUE,,,
Doc0399,Pol0319,31/1/2025,Póliza,31/1/2025,31/1/2026,300479695,10,16.00%,0.00%,,/Gestión/Pólizas/Documentos/Reale Pol 300479695.pdf,,,,TRUE,TRUE,FALSE,TRUE,,,
Doc0400,Pol0320,31/1/2025,Póliza,31/1/2025,31/1/2026,300479693,10,16.00%,0.00%,,/Gestión/Pólizas/Documentos/Reale Pol 300479693.pdf,,,,TRUE,TRUE,FALSE,TRUE,,,
Doc0401,Pol0321,31/1/2025,Póliza,31/1/2025,31/1/2026,300479691,10,11.00%,0.00%,,/Gestión/Pólizas/Documentos/Reale Pol 300479691.pdf,,,,TRUE,TRUE,FALSE,TRUE,,,
Doc0402,Pol0322,31/1/2025,Póliza,31/1/2025,31/1/2026,302039,10,14.50%,0.00%,,/Gestión/Pólizas/Documentos/Zurich Pol 0302039.pdf,,,,TRUE,TRUE,FALSE,TRUE,,,
Doc0403,Pol0323,31/1/2025,Póliza,31/1/2025,31/1/2026,302040,10,14.50%,0.00%,,/Gestión/Pólizas/Documentos/Zurich Pol 0302040.pdf,,,,TRUE,TRUE,FALSE,TRUE,,,
Doc0404,Pol0324,31/1/2025,Póliza,31/1/2025,31/1/2026,300479692,10,16.00%,0.00%,,/Gestión/Pólizas/Documentos/Reale Pol 300479692.pdf,,,,TRUE,TRUE,FALSE,TRUE,,,
Doc0405,Pol0325,31/1/2025,Póliza,31/1/2025,31/1/2026,300479690,1,16.00%,0.00%,,/Gestión/Pólizas/Documentos/Reale Pol 300479690.pdf,,,,FALSE,TRUE,FALSE,TRUE,,,
Doc0406,Pol0326,31/1/2025,Póliza,31/1/2025,31/1/2026,300479694,1,16.00%,0.00%,,/Gestión/Pólizas/Documentos/Reale Pol 300479694.pdf,,,,FALSE,TRUE,FALSE,TRUE,,,
Doc0407,Pol0327,31/1/2025,Póliza,31/1/2025,31/1/2026,3064744,1,25.00%,25.00%,,/Gestión/Pólizas/Documentos/Renta Pol 3064744.pdf,,,,TRUE,TRUE,FALSE,TRUE,,,
Doc0408,Pol0328,31/1/2025,Póliza,31/1/2025,31/1/2026,QP1154755,12,15.00%,0.00%,Cot0116,/Gestión/Pólizas/Documentos//Doc0408.PDF.170638.pdf,,,,TRUE,TRUE,FALSE,TRUE,,,
Doc0409,Pol0329,31/1/2025,Póliza,31/1/2025,31/1/2026,300479728,10,16.00%,0.00%,,/Gestión/Pólizas/Documentos/Reale Pol 300479728.pdf,,,,TRUE,TRUE,FALSE,TRUE,,,
Doc0410,Pol0314,31/1/2025,Anulación,31/1/2025,31/1/2026,1,1,16.00%,0.00%,,/Gestión/Pólizas/Documentos/Reale Pol 300480459 End.pdf,,,,TRUE,TRUE,FALSE,TRUE,,,
Doc0411,Pol0330,31/1/2025,Póliza,31/1/2025,31/1/2026,QP1152878,12,17.00%,0.00%,Cot0107,/Gestión/Pólizas/Documentos/BCI Pol QP1152878.pdf,,,,TRUE,TRUE,FALSE,TRUE,,,
Doc0412,Pol0331,31/1/2025,Póliza,31/1/2025,31/1/2026,8193187,12,17.00%,0.00%,Cot0109,/Gestión/Pólizas/Documentos/Zurich Pol 8193187.pdf,,,,TRUE,TRUE,FALSE,TRUE,,,
Doc0413,Pol0332,31/1/2025,Póliza,31/1/2025,31/1/2026,8193188,12,17.00%,0.00%,Cot0110,/Gestión/Pólizas/Documentos/Zurich Pol 8193188.pdf,,,,TRUE,TRUE,FALSE,TRUE,,,
Doc0414,Pol0322,31/1/2025,Anulación,31/1/2025,31/1/2026,1,1,14.50%,0.00%,,/Gestión/Pólizas/Documentos/Zurich Pol 0302039 End.pdf,,,,TRUE,TRUE,FALSE,TRUE,,,
Doc0415,Pol0323,31/1/2025,Anulación,31/1/2025,31/1/2026,1,1,14.50%,0.00%,,/Gestión/Pólizas/Documentos/Zurich Pol 0302040 End.pdf,,,,TRUE,TRUE,FALSE,TRUE,,,
Doc0416,Pol0333,31/1/2025,Póliza,31/1/2025,31/1/2026,QP1155685,1,17.00%,0.00%,Cot0113,/Gestión/Pólizas/Documentos/BCI Pol QP1155685.pdf,,,,TRUE,TRUE,FALSE,TRUE,,,
Doc0417,Pol0334,31/1/2025,Póliza,31/1/2025,31/1/2026,QP1154752,1,17.00%,0.00%,Cot0114,/Gestión/Pólizas/Documentos/BCI Pol QP1154752.pdf,,,,TRUE,TRUE,FALSE,TRUE,,,
Doc0418,Pol0325,31/1/2025,Anulación,31/1/2025,31/1/2026,1,1,16.00%,0.00%,,/Gestión/Pólizas/Documentos/Reale Pol 300479690 End.pdf,,,,FALSE,TRUE,FALSE,TRUE,,,
Doc0419,Pol0326,31/1/2025,Anulación,31/1/2025,31/1/2026,1,1,16.00%,0.00%,,/Gestión/Pólizas/Documentos/Reale Pol 300479694 End.pdf,,,,FALSE,TRUE,FALSE,TRUE,,,
Doc0420,Pol0327,31/1/2025,Anulación,31/1/2025,31/1/2026,1,1,25.00%,25.00%,,/Gestión/Pólizas/Documentos/Renta Pol 3064744 End.pdf,,,,TRUE,TRUE,FALSE,TRUE,,,
Doc0421,Pol0335,31/1/2025,Póliza,31/1/2025,31/1/2026,QP1154837,12,17.00%,0.00%,Cot0117,/Gestión/Pólizas/Documentos/BCI Pol QP1154837.pdf,,,,TRUE,TRUE,FALSE,TRUE,,,
Doc0422,Pol0336,31/1/2025,Póliza,31/1/2025,31/1/2026,QP1154838,12,17.00%,0.00%,Cot0118,/Gestión/Pólizas/Documentos/BCI Pol QP1154838.pdf,,,,TRUE,TRUE,FALSE,TRUE,,,
Doc0423,Pol0317,31/1/2025,Anulación,31/1/2025,31/1/2026,1,1,15.00%,0.00%,,/Gestión/Pólizas/Documentos/FID Pol 24149330 End.pdf,,,,TRUE,TRUE,FALSE,TRUE,,,
Doc0424,Pol0318,31/1/2025,Anulación,31/1/2025,31/1/2026,1,1,15.00%,0.00%,,/Gestión/Pólizas/Documentos/FID Pol 24149329 End.pdf,,,,TRUE,TRUE,FALSE,TRUE,,,
Doc0425,Pol0324,31/1/2025,Anulación,31/1/2025,31/1/2026,1,1,16.00%,0.00%,,/Gestión/Pólizas/Documentos/Reale Pol 300479692 End.pdf,,,,TRUE,TRUE,FALSE,TRUE,,,
Doc0426,Pol0320,27/2/2025,Cancelación,27/2/2025,31/1/2026,1,1,16.00%,0.00%,,/Gestión/Pólizas/Documentos/Reale Pol 300479693 End.pdf,,,,TRUE,TRUE,FALSE,TRUE,,,
Doc0427,Pol0337,4/2/2025,Póliza,4/2/2025,4/2/2026,QP1155909,12,17.00%,0.00%,,/Gestión/Pólizas/Documentos/BCI Pol QP1155909.pdf,,,,TRUE,TRUE,FALSE,TRUE,,,
Doc0428,Pol0338,8/2/2025,Póliza,8/2/2025,8/2/2026,500011335,8,16.00%,0.00%,,/Gestión/Pólizas/Documentos/Reale Pol 500011335.pdf,,,,TRUE,TRUE,FALSE,TRUE,,,
Doc0430,Pol0339,23/2/2025,Póliza,23/2/2025,23/2/2026,20596805,10,13.45%,13.45%,,/Gestión/Pólizas/Documentos//Doc0430.PDF.112107.pdf,,,,TRUE,TRUE,FALSE,TRUE,,,
Doc0431,Pol0340,26/2/2025,Póliza,26/2/2025,26/2/2026,QP1159565,1,17.00%,0.00%,Cot0126,/Gestión/Pólizas/Documentos/BCI Pol QP1159565.pdf,,,,TRUE,TRUE,FALSE,TRUE,,,
Doc0432,Pol0341,28/2/2025,Póliza,28/2/2025,28/2/2026,61921211,11,13.00%,0.00%,,/Gestión/Pólizas/Documentos/HDI-Liberty Pol 61921211.pdf,,,,TRUE,TRUE,FALSE,TRUE,,,
Doc0433,Pol0342,28/2/2025,Póliza,28/2/2025,28/2/2026,61921212,11,13.00%,0.00%,,/Gestión/Pólizas/Documentos/HDI-Liberty Pol 61921212.pdf,,,,TRUE,TRUE,FALSE,TRUE,,,
Doc0434,Pol0343,4/3/2025,Póliza,4/3/2025,4/3/2026,QP1159795,12,17.00%,0.00%,,/Gestión/Pólizas/Documentos/BCI Pol QP1159795.pdf,,,,TRUE,TRUE,FALSE,TRUE,,,
Doc0435,Pol0344,5/3/2025,Póliza,5/3/2025,5/3/2026,2602990-1,11,23.00%,23.00%,,/Gestión/Pólizas/Documentos/Consorcio Pol 2602990-1.pdf,,,,TRUE,TRUE,FALSE,TRUE,,,
Doc0436,Pol0345,5/3/2025,Póliza,5/3/2025,5/3/2026,25615247,12,15.00%,0.00%,Cot0123,/Gestión/Pólizas/Documentos/FID Pol 25615247.pdf,,,,TRUE,TRUE,FALSE,TRUE,,,
Doc0437,Pol0346,6/3/2025,Póliza,6/3/2025,6/3/2026,QP1159207,12,17.00%,0.00%,,/Gestión/Pólizas/Documentos/BCI Pol QP1159207.pdf,,,,TRUE,TRUE,FALSE,TRUE,,,
Doc0438,Pol0347,7/3/2025,Póliza,7/3/2025,7/3/2026,OP192550,12,15.00%,0.00%,,/Gestión/Pólizas/Documentos/BCI Pol OP192550.pdf,,,,TRUE,TRUE,FALSE,TRUE,,,
Doc0439,Pol0348,7/3/2025,Póliza,7/3/2025,7/3/2026,QP192549,1,15.00%,0.00%,,/Gestión/Pólizas/Documentos/BCI Pol QP192549.pdf,,,,TRUE,TRUE,FALSE,TRUE,,,
Doc0440,Pol0349,7/3/2025,Póliza,7/3/2025,7/3/2026,QP1159614,12,17.00%,0.00%,Cot0130,/Gestión/Pólizas/Documentos/BCI Pol QP1159614.pdf,,,,TRUE,TRUE,FALSE,TRUE,,,
Doc0441,Pol0350,8/3/2025,Póliza,8/3/2025,8/3/2026,1506581,11,15.00%,15.00%,,/Gestión/Pólizas/Documentos/Renta Pol 1506581.pdf,,,,TRUE,TRUE,FALSE,TRUE,,,
Doc0442,Pol0351,9/3/2025,Póliza,9/3/2025,9/3/2026,1506551,11,18.00%,18.00%,,/Gestión/Pólizas/Documentos/Renta Pol 1506551.pdf,,,,TRUE,TRUE,FALSE,TRUE,,,
Doc0443,Pol0352,19/3/2025,Póliza,19/3/2025,19/3/2026,95423,6,15.00%,0.00%,,/Gestión/Pólizas/Documentos/HDI Pol 95423.pdf,,,,TRUE,TRUE,FALSE,TRUE,,,
Doc0444,Pol0353,19/3/2025,Póliza,19/3/2025,19/3/2026,7657660,6,15.00%,15.00%,,/Gestión/Pólizas/Documentos//Doc0444.PDF.160849.pdf,,,,TRUE,TRUE,FALSE,TRUE,,,
Doc0445,Pol0355,20/3/2025,Póliza,20/3/2025,20/3/2026,25012436,12,15.00%,0.00%,,/Gestión/Pólizas/Documentos/FID Pol 25012436.pdf,,,,TRUE,TRUE,FALSE,TRUE,,,
Doc0448,Pol0356,27/3/2025,Póliza,27/3/2025,27/3/2026,773855,10,10.50%,0.00%,Cot0134,/Gestión/Pólizas/Documentos/HDI Pol 773855.pdf,,,,TRUE,TRUE,FALSE,TRUE,,,
Doc0449,Pol0357,27/3/2025,Póliza,27/3/2025,27/3/2026,773853,10,10.50%,0.00%,Cot0135,/Gestión/Pólizas/Documentos/HDI Pol 773853.pdf,,,,TRUE,TRUE,FALSE,TRUE,,,
Doc0450,Pol0358,27/3/2025,Póliza,27/3/2025,27/3/2026,3066347,10,18.00%,0.00%,,/Gestión/Pólizas/Documentos/Renta Pol 3066347.pdf,,,,TRUE,TRUE,FALSE,TRUE,,,
Doc0451,Pol0361,15/4/2025,Póliza,15/4/2025,15/4/2026,1505302,1,0.00%,0.00%,,/Gestión/Pólizas/Documentos/Renta Pol 1505302.pdf,,,,FALSE,TRUE,FALSE,TRUE,,,
Doc0452,Pol0362,15/4/2025,Póliza,15/4/2025,15/4/2026,1505303,1,0.00%,0.00%,,/Gestión/Pólizas/Documentos/Renta Pol 1505303.pdf,,,,FALSE,TRUE,FALSE,TRUE,,,
Doc0453,Pol0277,26/3/2025,Cancelación,26/3/2025,4/11/2025,1,1,10.00%,0.00%,,/Gestión/Pólizas/Documentos/HDI-Liberty Pol 61891416 End.pdf,,,,TRUE,TRUE,FALSE,TRUE,,,
Doc0454,Pol0360,8/4/2025,Póliza,8/4/2025,8/4/2026,20607039,10,8.00%,8.00%,,/Gestión/Pólizas/Documentos//Doc0454.PDF.175519.pdf,,,,TRUE,TRUE,FALSE,TRUE,,,
Doc0455,Pol0359,4/4/2025,Póliza,4/4/2025,4/4/2026,QP1163635,1,17.00%,0.00%,Cot0137,/Gestión/Pólizas/Documentos/BCI Pol QP1163635.pdf,,,,TRUE,TRUE,FALSE,TRUE,,,
Doc0456,Pol0364,17/4/2025,Póliza,17/4/2025,17/4/2026,1515344,10,17.80%,18.00%,,/Gestión/Pólizas/Documentos/Renta Pol 1515344.pdf,,,,TRUE,TRUE,FALSE,TRUE,,,
Doc0457,Pol0348,7/3/2025,Anulación,7/3/2025,7/3/2026,1,1,15.00%,0.00%,,/Gestión/Pólizas/Documentos/BCI Pol QP192549 End.pdf,,,,TRUE,TRUE,FALSE,TRUE,,,
Doc0458,Pol0082,11/11/2023,Cancelación,11/11/2023,31/1/2024,5,1,16.00%,0.00%,,/Gestión/Pólizas/Documentos/Reale Pol 300376188 End 5.pdf,,,,TRUE,TRUE,FALSE,TRUE,,,
Doc0459,Pol0209,6/3/2024,Póliza,6/3/2024,6/3/2025,61805774,1,13.00%,0.00%,,/Gestión/Pólizas/Documentos/Liberty Pol 61805774.pdf,,,,TRUE,TRUE,FALSE,TRUE,,,
Doc0460,Pol0209,6/3/2024,Anulación,6/3/2024,6/3/2025,1,1,13.00%,0.00%,,/Gestión/Pólizas/Documentos/Liberty Pol 61805774 End 1.pdf,,,,TRUE,TRUE,FALSE,TRUE,,,
Doc0461,Pol0363,15/4/2025,Póliza,15/4/2025,15/4/2026,25535497,12,14.00%,0.00%,Cot0139,/Gestión/Pólizas/Documentos/FID Pol 25535497.pdf,,,,TRUE,TRUE,FALSE,TRUE,,,
Doc0462,Pol0169,25/1/2024,Póliza,25/1/2024,25/1/2025,1390674,1,14.00%,0.00%,,/Gestión/Pólizas/Documentos/Renta Pol 1390674.pdf,,,,TRUE,TRUE,FALSE,TRUE,,,
Doc0463,Pol0169,25/1/2024,Anulación,25/1/2024,25/1/2025,2,1,14.00%,0.00%,,/Gestión/Pólizas/Documentos/Renta Pol 1390674 End 2.pdf,,,,TRUE,TRUE,FALSE,TRUE,,,
Doc0464,Pol0220,27/3/2024,Anulación,27/3/2024,27/3/2025,1,1,14.00%,0.00%,,/Gestión/Pólizas/Documentos/Sura Pol 8308647 End.pdf,,,,FALSE,TRUE,FALSE,TRUE,,,
Doc0465,Pol0218,27/3/2024,Anulación,27/3/2024,27/3/2025,1,1,14.00%,0.00%,,/Gestión/Pólizas/Documentos/Sura Pol 8308645 End 1.pdf,,,,FALSE,TRUE,FALSE,TRUE,,,
Doc0466,Pol0271,3/1/2025,Cancelación,21/11/2024,22/10/2025,831667,1,17.00%,0.00%,,/Gestión/Pólizas/Documentos/BCI Pol QP1140155 End 831667.pdf,,,,TRUE,TRUE,FALSE,TRUE,,,
Doc0468,Pol0303,2/1/2025,Póliza,2/1/2025,2/1/2026,81519,9,25.00%,25.00%,Cot0166,/Gestión/Pólizas/Documentos/Chubb Pol 81519.pdf,,,,TRUE,TRUE,FALSE,TRUE,,,
Doc0469,Pol0354,19/3/2025,Póliza,19/3/2025,19/3/2026,95440,1,15.00%,0.00%,,/Gestión/Pólizas/Documentos/HDI Pol 95440.pdf,,,,TRUE,TRUE,FALSE,TRUE,Anulada por duplicidad,,
Doc0470,Pol0354,19/3/2025,Anulación,19/3/2025,19/3/2026,1,1,15.00%,0.00%,,/Gestión/Pólizas/Documentos/HDI Pol 95440 End.pdf,,,,TRUE,TRUE,FALSE,TRUE,,,
Doc0471,Pol0298,26/12/2024,Póliza,26/12/2024,26/12/2025,24151282,1,15.00%,0.00%,,/Gestión/Pólizas/Documentos/FID Pol 24151282.pdf,,,,TRUE,TRUE,FALSE,TRUE,,,
Doc0472,Pol0298,26/12/2024,Anulación,26/12/2024,26/12/2025,1,1,15.00%,0.00%,,/Gestión/Pólizas/Documentos/FID Pol 24151282 End.pdf,,,,TRUE,TRUE,FALSE,TRUE,,,
Doc0473,Pol0156,21/11/2024,Cancelación,21/11/2024,22/12/2024,QE832188,1,5.00%,0.00%,,/Gestión/Pólizas/Documentos/BCI Pol QP1086283 End QE832188.pdf,,,,TRUE,TRUE,FALSE,TRUE,,,
Doc0474,Pol0365,25/4/2025,Póliza,25/4/2025,25/4/2026,25019949,11,15.00%,0.00%,,/Gestión/Pólizas/Documentos/FID Pol 25019949.pdf,,,,TRUE,TRUE,FALSE,TRUE,,,
Doc0475,Pol0366,25/4/2025,Póliza,25/4/2025,25/4/2026,8372462,12,17.00%,0.00%,Cot0168,/Gestión/Pólizas/Documentos/Zurich Pol 8372462.pdf,,,,TRUE,TRUE,FALSE,TRUE,,,
Doc0476,Pol0374,31/5/2025,Póliza,31/5/2025,31/5/2026,QP1165816,12,17.00%,0.00%,,/Gestión/Pólizas/Documentos/BCI Pol QP1165816.pdf,,,,TRUE,TRUE,FALSE,TRUE,,,
Doc0477,Pol0367,28/4/2025,Póliza,28/4/2025,28/4/2026,OP193959,12,15.00%,0.00%,,/Gestión/Pólizas/Documentos/BCI Pol OP193959.pdf,,,,TRUE,TRUE,FALSE,TRUE,,,
Doc0478,Pol0365,25/4/2025,Anulación,25/4/2025,25/4/2026,1,1,15.00%,0.00%,,/Gestión/Pólizas/Documentos/FID Pol 25019949 End 1.pdf,,,,TRUE,TRUE,FALSE,TRUE,,,
Doc0479,Pol0368,28/4/2025,Póliza,28/4/2025,28/4/2026,QP1166435,12,17.00%,0.00%,Cot0171,/Gestión/Pólizas/Documentos/BCI Pol QP1166435.pdf,,,,TRUE,TRUE,FALSE,TRUE,,,
Doc0480,Pol0367,28/4/2025,Anulación,28/4/2025,28/4/2026,1,1,15.00%,0.00%,,/Gestión/Pólizas/Documentos/BCI Pol OP193959 End.pdf,,,,TRUE,TRUE,FALSE,TRUE,,,
Doc0481,Pol0001,18/10/2022,Póliza,18/10/2022,22/10/2022,QP996906,1,10.00%,0.00%,,/Gestión/Pólizas/Documentos/BCI Pol QP996906.pdf,,,,TRUE,TRUE,FALSE,TRUE,,,
Doc0482,Pol0002,18/10/2022,Póliza,18/10/2022,22/10/2022,QP996907,1,10.00%,0.00%,,/Gestión/Pólizas/Documentos/BCI Pol QP996907.pdf,,,,TRUE,TRUE,FALSE,TRUE,,,
Doc0483,Pol0098,23/3/2024,Cancelación,23/3/2024,19/4/2024,1,1,13.00%,0.00%,,/Gestión/Pólizas/Documentos/Liberty Pol 61690517 End 1.pdf,,,,TRUE,TRUE,TRUE,TRUE,,,
Doc0484,Pol0370,29/4/2025,Póliza,29/4/2025,29/4/2026,25036131,12,15.00%,0.00%,,/Gestión/Pólizas/Documentos/FID Pol 25036131.pdf,,,,TRUE,TRUE,FALSE,TRUE,,,
Doc0485,Pol0369,28/4/2025,Póliza,28/4/2025,28/4/2026,1521285,10,18.00%,8.00%,Cot0172,/Gestión/Pólizas/Documentos/Renta Pol 1521285.pdf,,,,TRUE,TRUE,FALSE,TRUE,,,
Doc0486,Pol0371,2/5/2025,Póliza,2/5/2025,2/5/2026,QP1166879,12,14.00%,0.00%,Cot0173,/Gestión/Pólizas/Documentos/BCI Pol QP1166879.pdf,,,,TRUE,TRUE,FALSE,TRUE,,,
Doc0487,Pol0262,2/5/2025,Cancelación,2/5/2025,7/9/2025,1,1,15.00%,0.00%,,/Gestión/Pólizas/Documentos/FID Pol 24505496 End 1.pdf,,,,TRUE,TRUE,FALSE,TRUE,,,
Doc0488,Pol0287,22/11/2024,Modificación,22/11/2024,22/11/2025,QE836467,1,13.50%,0.00%,,/Gestión/Pólizas/Documentos/BCI Pol QP1143884 End QE836467.pdf,,,,TRUE,TRUE,FALSE,TRUE,,,
Doc0489,Pol0307,22/1/2025,Póliza,22/1/2025,22/1/2026,QP1163548,12,10.00%,0.00%,,/Gestión/Pólizas/Documentos/BCI Pol QP1163548.pdf,,,,TRUE,TRUE,FALSE,TRUE,PDF,,
Doc0490,Pol0307,6/2/2025,Inclusión,6/2/2025,22/1/2026,840909,11,10.00%,0.00%,,,,,,TRUE,FALSE,FALSE,TRUE,,,
Doc0491,Pol0372,16/5/2025,Póliza,16/5/2025,16/5/2026,380597,10,12.00%,0.00%,,/Gestión/Pólizas/Documentos/Zurich Pol 380597.pdf,,,,TRUE,TRUE,FALSE,TRUE,,,
Doc0492,Pol0375,2/6/2025,Póliza,2/6/2025,2/6/2026,782799,11,10.50%,0.00%,,/Gestión/Pólizas/Documentos/HDI Pol 782799.pdf,,,,TRUE,TRUE,FALSE,TRUE,,,
Doc0493,Pol0373,16/5/2025,Póliza,16/5/2025,16/5/2026,300500049,10,12.00%,0.00%,,/Gestión/Pólizas/Documentos/Reale Pol 300500049.pdf,,,,FALSE,TRUE,FALSE,TRUE,,,
Doc0494,Pol0373,16/5/2025,Anulación,16/5/2025,16/5/2026,1,1,12.00%,0.00%,,/Gestión/Pólizas/Documentos/Reale Pol 300500049 End 1.pdf,,,,FALSE,TRUE,FALSE,TRUE,,,
Doc0495,Pol0295,16/5/2025,Cancelación,16/5/2025,22/12/2025,1,1,15.00%,0.00%,,/Gestión/Pólizas/Documentos/FID Pol 24142385 End 1.pdf,,,,TRUE,TRUE,FALSE,TRUE,"Saldo a favor UF0,45",,
Doc0496,Pol0313,16/5/2025,Cancelación,16/5/2025,31/1/2026,1,1,16.00%,0.00%,,/Gestión/Pólizas/Documentos/Reale Pol 300479734 End 1.pdf,,,,TRUE,TRUE,FALSE,TRUE,"Saldo a Favor UF2,27",,
Doc0497,Pol0376,4/6/2025,Póliza,4/6/2025,4/6/2026,20611800,11,15.00%,7.00%,,/Gestión/Pólizas/Documentos//Doc0497.PDF.145246.pdf,,,,TRUE,TRUE,FALSE,TRUE,,,
Doc0498,Pol0378,6/6/2025,Póliza,6/6/2025,6/6/2026,QP1171318,12,14.00%,0.00%,Cot0179,/Gestión/Pólizas/Documentos/BCI Pol QP1171318.pdf,,,,TRUE,TRUE,FALSE,TRUE,,,
Doc0499,Pol0377,4/6/2025,Póliza,4/6/2025,4/6/2026,QP1169545,12,17.00%,0.00%,,/Gestión/Pólizas/Documentos/BCI Pol QP1169545.pdf,,,,TRUE,TRUE,FALSE,TRUE,,,
Doc0500,Pol0379,6/6/2025,Póliza,6/6/2025,6/6/2026,OP199241,1,25.00%,25.00%,,/Gestión/Pólizas/Documentos/BCI Pol OP199241.pdf,,,,TRUE,TRUE,FALSE,TRUE,,,
Doc0501,Pol0380,9/6/2025,Póliza,9/6/2025,9/6/2026,300506815,12,13.00%,0.00%,Cot0182,/Gestión/Pólizas/Documentos/Reale Pol 300506815.pdf,,,,TRUE,TRUE,FALSE,TRUE,,,
Doc0502,Pol0383,28/6/2025,Póliza,28/6/2025,28/6/2026,25538038,10,7.78%,0.00%,,/Gestión/Pólizas/Documentos/FID Pol 25538038.pdf,,,,TRUE,TRUE,FALSE,TRUE,Anular,,
Doc0503,Pol0381,16/6/2025,Póliza,16/6/2025,16/6/2026,20116915,10,16.00%,0.00%,,/Gestión/Pólizas/Documentos/Southbridge Pol 20116915.pdf,,,,TRUE,TRUE,FALSE,TRUE,Buscar alternativas mejores,,
Doc0504,Pol0241,18/6/2025,Póliza,18/6/2025,26/6/2025,QP1173807,1,10.00%,0.00%,,/Gestión/Pólizas/Documentos/BCI Pol QP1173807.pdf,,,,TRUE,TRUE,FALSE,TRUE,,,
Doc0505,Pol0242,18/6/2025,Póliza,18/6/2025,25/6/2025,20079866-868,1,20.00%,20.00%,Cot0183,/Gestión/Pólizas/Documentos/Southbridge Pol 20079866-868.pdf,,,,TRUE,TRUE,TRUE,TRUE,,,
Doc0506,Pol0260,19/6/2025,Cancelación,19/6/2025,22/8/2025,1,1,10.50%,0.00%,,/Gestión/Pólizas/Documentos/HDI Pol 41355 End.pdf,,,,TRUE,TRUE,FALSE,TRUE,,,
Doc0507,Pol0384,28/6/2025,Póliza,28/6/2025,28/6/2026,61950800,11,13.00%,0.00%,,/Gestión/Pólizas/Documentos//Doc0507.PDF.183314.pdf,,,,TRUE,TRUE,FALSE,TRUE,,,
Doc0508,Pol0383,28/6/2025,Anulación,28/6/2025,28/6/2026,1,1,7.78%,0.00%,,/Gestión/Pólizas/Documentos/FID Pol 25538038 End.pdf,,,,TRUE,TRUE,TRUE,TRUE,,,
Doc0509,Pol0385,30/6/2025,Póliza,30/6/2025,30/6/2026,23034022,10,13.04%,0.00%,,/Gestión/Pólizas/Documentos/HDI-Liberty Pol 23034022.pdf,,,,TRUE,TRUE,FALSE,TRUE,,,
Doc0510,Pol0386,30/6/2025,Póliza,30/6/2025,30/6/2026,61951634,10,10.50%,0.00%,,/Gestión/Pólizas/Documentos/HDI-Liberty Pol 61951634.pdf,,,,TRUE,TRUE,FALSE,TRUE,,,
Doc0511,Pol0387,30/6/2025,Póliza,30/6/2025,30/6/2026,61951791,10,10.50%,0.00%,,/Gestión/Pólizas/Documentos/HDI-Liberty Pol 61951791.pdf,,,,TRUE,TRUE,FALSE,TRUE,,,
Doc0512,Pol0306,22/1/2025,Anulación,22/1/2025,22/1/2026,1,1,10.00%,0.00%,,/Gestión/Pólizas/Documentos/BCI Pol QP1151951 End.pdf,,,,TRUE,TRUE,FALSE,TRUE,Anulada por cambio de pol en misma cía,,
Doc0513,Pol0382,24/6/2025,Póliza,24/6/2025,24/6/2026,373024,11,14.50%,0.00%,,/Gestión/Pólizas/Documentos/Zurich Pol 373024.pdf,,,,TRUE,TRUE,FALSE,TRUE,,,
Doc0514,Pol0391,11/7/2025,Póliza,11/7/2025,11/7/2026,20612997,11,21.00%,10.00%,,/Gestión/Pólizas/Documentos//Doc0514.PDF.193950.pdf,,,,TRUE,TRUE,FALSE,TRUE,,,
Doc0515,Pol0269,8/5/2025,Cancelación,8/5/2025,4/10/2025,1,1,9.60%,0.00%,,/Gestión/Pólizas/Documentos/Renta Pol 3062279 End 1.pdf,,,,TRUE,TRUE,FALSE,TRUE,,,
Doc0516,Pol0245,26/6/2025,Póliza,26/6/2025,29/6/2025,OP203475,1,10.00%,0.00%,,/Gestión/Pólizas/Documentos/BCI Pol OP203475.pdf,,,,TRUE,TRUE,FALSE,TRUE,,,
Doc0517,Pol0244,26/6/2025,Póliza,26/6/2025,28/6/2025,20079866-875,1,20.00%,20.00%,Cot0186,/Gestión/Pólizas/Documentos/Southbridge Pol 20079866-875.pdf,,,,TRUE,TRUE,TRUE,TRUE,,,
Doc0518,Pol0388,3/7/2025,Póliza,3/7/2025,3/7/2026,600011078,10,26.00%,0.00%,,/Gestión/Pólizas/Documentos/Reale Pol 600011078.pdf,,,,TRUE,TRUE,FALSE,TRUE,,,
Doc0519,Pol0378,27/6/2025,Cancelación,27/6/2025,6/6/2026,1,1,14.00%,0.00%,,/Gestión/Pólizas/Documentos/BCI Pol QP1171318 End.pdf,,,,TRUE,TRUE,FALSE,TRUE,,,
Doc0520,Pol0390,7/7/2025,Póliza,7/7/2025,7/7/2026,8385986,12,17.00%,0.00%,Cot0189,/Gestión/Pólizas/Documentos/Zurich Pol 8385986.pdf,,,,TRUE,TRUE,FALSE,TRUE,,,
Doc0521,Pol0329,24/6/2025,Cancelación,24/6/2025,31/1/2026,1,1,16.00%,0.00%,,/Gestión/Pólizas/Documentos/Reale Pol 300479728 End 1.pdf,,,,TRUE,TRUE,FALSE,TRUE,,,
Doc0522,Pol0392,23/7/2025,Póliza,23/7/2025,23/7/2026,20614967,1,9.43%,9.43%,,/Gestión/Pólizas/Documentos/HDI-Liberty Pol 20614967.pdf,,,,TRUE,TRUE,FALSE,TRUE,,,
Doc0523,Pol0389,4/7/2025,Póliza,4/7/2025,4/7/2026,QP1176551,12,14.00%,0.00%,Cot0193,/Gestión/Pólizas/Documentos/BCI Pol QP1176551.pdf,,,,TRUE,TRUE,FALSE,TRUE,,,
Doc0524,Pol0374,5/7/2025,Cancelación,5/7/2025,31/5/2026,1,1,17.00%,0.00%,,/Gestión/Pólizas/Documentos/BCI Pol QP1165816 End.pdf,,,,TRUE,TRUE,FALSE,TRUE,,,
Doc0525,Pol0393,29/7/2025,Póliza,29/7/2025,29/7/2026,OP202198,12,15.00%,0.00%,,/Gestión/Pólizas/Documentos/BCI Pol OP202198.pdf,,,,TRUE,TRUE,TRUE,TRUE,,,
Doc0526,Pol0394,31/7/2025,Póliza,31/7/2025,31/7/2026,8384078,11,17.00%,0.00%,,/Gestión/Pólizas/Documentos/Zurich Pol 8384078.pdf,,,,TRUE,TRUE,FALSE,TRUE,,,
Doc0527,Pol0395,31/7/2025,Póliza,31/7/2025,31/7/2026,8384075,11,17.00%,0.00%,,/Gestión/Pólizas/Documentos/Zurich Pol 8384075.pdf,,,,TRUE,TRUE,FALSE,TRUE,,,
Doc0528,Pol0396,31/7/2025,Póliza,31/7/2025,31/7/2026,8384077,11,17.00%,0.00%,,/Gestión/Pólizas/Documentos/Zurich Pol 8384077.pdf,,,,TRUE,TRUE,FALSE,TRUE,,,
Doc0529,Pol0261,22/7/2025,Cancelación,22/7/2025,29/8/2025,1,1,13.00%,0.00%,,/Gestión/Pólizas/Documentos/Liberty Pol 61870646 End 1.pdf,,,,TRUE,TRUE,FALSE,TRUE,,,
Doc0530,Pol0398,17/8/2025,Póliza,17/8/2025,17/8/2026,54727,10,15.00%,0.00%,,/Gestión/Pólizas/Documentos/HDI Pol 54727.pdf,,,,TRUE,TRUE,FALSE,TRUE,,,
Doc0531,Pol0382,28/7/2025,Cancelación,28/7/2025,24/6/2026,1,1,14.50%,0.00%,,/Gestión/Pólizas/Documentos/Zurich Pol 373024 End 1.pdf,,,,TRUE,TRUE,FALSE,TRUE,,,
Doc0532,Pol0379,25/7/2025,Cancelación,6/6/2025,6/6/2026,1,1,25.00%,25.00%,,/Gestión/Pólizas/Documentos/BCI Pol OP199241 End 1.pdf,,,,TRUE,TRUE,FALSE,TRUE,,,
Doc0533,Pol0254,29/7/2025,Cancelación,29/7/2025,31/7/2025,1,1,17.00%,0.00%,,/Gestión/Pólizas/Documentos//Doc0533.PDF.172739.pdf,,,,TRUE,TRUE,FALSE,TRUE,,,
Doc0534,Pol0394,31/7/2025,Anulación,31/7/2025,31/7/2026,1,1,17.00%,0.00%,,/Gestión/Pólizas/Documentos//Doc0534.PDF.173005.pdf,,,,TRUE,TRUE,FALSE,TRUE,,,
Doc0535,Pol0397,13/8/2025,Póliza,13/8/2025,13/8/2026,1550589,11,14.00%,0.00%,,/Gestión/Pólizas/Documentos/Renta Pol 1550589.pdf,,,,TRUE,TRUE,FALSE,TRUE,,,
Doc0536,Pol0399,18/8/2025,Póliza,18/8/2025,18/8/2026,OP204792,12,15.00%,0.00%,,/Gestión/Pólizas/Documentos/BCI Pol OP204792.pdf,,,,TRUE,TRUE,FALSE,TRUE,,,
Doc0537,Pol0341,21/8/2025,Cancelación,21/8/2025,28/2/2026,1,1,13.00%,0.00%,,/Gestión/Pólizas/Documentos/HDI-Liberty Pol 61921211 End.pdf,,,,TRUE,TRUE,FALSE,TRUE,,,
Doc0538,Pol0342,21/8/2025,Cancelación,21/8/2025,28/2/2026,1,1,13.00%,0.00%,,/Gestión/Pólizas/Documentos/HDI-Liberty Pol 61921212 End.pdf,,,,TRUE,TRUE,FALSE,TRUE,,,
Doc0539,Pol0389,4/7/2025,Cancelación,4/7/2025,4/7/2026,1,1,14.00%,0.00%,,/Gestión/Pólizas/Documentos/BCI Pol QP1176551 End.pdf,,,,TRUE,TRUE,FALSE,TRUE,,,
Doc0540,Pol0400,9/9/2025,Póliza,9/9/2025,9/9/2026,QP1186519,12,10.00%,10.00%,,/Gestión/Pólizas/Documentos/BCI Pol QP1186519.pdf,,,,TRUE,TRUE,FALSE,TRUE,,,
Doc0541,Pol0250,6/7/2024,Póliza,6/7/2024,6/7/2025,QP1118960,1,15.00%,0.00%,,/Gestión/Pólizas/Documentos/BCI Pol QP1118960.pdf,,,,TRUE,TRUE,FALSE,TRUE,,,
Doc0542,Pol0250,6/7/2024,Anulación,6/7/2024,6/7/2025,1,1,15.00%,0.00%,,/Gestión/Pólizas/Documentos/BCI Pol QP1118960 End 1.pdf,,,,TRUE,TRUE,FALSE,TRUE,,,
Doc0543,Pol0401,11/9/2025,Póliza,11/9/2025,11/9/2026,61968951,1,13.00%,0.00%,,/Gestión/Pólizas/Documentos/HDI-Liberty Pol 61968951.pdf,,,,TRUE,TRUE,TRUE,TRUE,,,
8d83795e,Pol0402,20/8/2025,Póliza,19/9/2025,19/9/2026,QP1186423,11,14.00%,0.00%,,/Gestión/Pólizas/Documentos/8d83795e.Póliza.224644.pdf,,,,TRUE,TRUE,FALSE,TRUE,,,
e0aa559d,Pol0268,23/9/2025,Póliza,26/9/2025,26/9/2026,418313,1,20.15%,0.00%,,/Gestión/Pólizas/Documentos/e0aa559d.Póliza.183431.pdf,,,,TRUE,TRUE,FALSE,TRUE,,,
497e0c55,Pol0308,8/10/2025,Cancelación,7/10/2025,24/1/2026,36644,1,30.00%,0.00%,,/Gestión/Pólizas/Documentos//497e0c55.PDF.123456.pdf,,,,TRUE,TRUE,FALSE,TRUE,,,
e1f06246,8cadec11,13/10/2025,Póliza,13/10/2025,13/10/2026,QP1194378,12,17.00%,0.00%,dbb8a7e1,/Gestión/Pólizas/Documentos//e1f06246.PDF.154537.pdf,,,,TRUE,TRUE,FALSE,TRUE,,,
4ef9c53a,c83a0e03,2/10/2025,Póliza,25/10/2025,25/10/2026,300527206,10,12.00%,0.00%,,/Gestión/Pólizas/Documentos//4ef9c53a.PDF.202611.PDF,,,,FALSE,TRUE,FALSE,TRUE,,,
0b926cad,c83a0e03,25/10/2025,Anulación,25/10/2025,25/10/2026,1,1,12.00%,0.00%,,/Gestión/Pólizas/Documentos//0b926cad.PDF.160623.pdf,,,,FALSE,TRUE,FALSE,TRUE,,,
6d2be205,Pol0372,25/10/2025,Inclusión,25/10/2025,16/5/2026,1,5,12.00%,0.00%,,/Gestión/Pólizas/Documentos//6d2be205.PDF.164005.pdf,,,,TRUE,TRUE,FALSE,TRUE,,,
8327a4af,83829038,26/11/2025,Póliza,26/11/2025,26/11/2026,20627638,10,10.00%,10.00%,,/Gestión/Pólizas/Documentos//8327a4af.PDF.191518.pdf,,,,TRUE,TRUE,FALSE,TRUE,,,
85e4e92b,803dc2d1,28/10/2025,Póliza,26/11/2025,26/11/2026,99249,10,15.00%,0,,/Gestión/Pólizas/Documentos//85e4e92b.PDF.182657.pdf,,,,TRUE,TRUE,FALSE,TRUE,,,
c7748d8a,e27da4a6,22/10/2025,Póliza,4/11/2025,4/11/2026,18000121-10,5,23.00%,23.00%,,/Gestión/Pólizas/Documentos//c7748d8a.PDF.195318.pdf,,,,TRUE,TRUE,FALSE,TRUE,,,
b0f1c8ea,2bf2b944,22/10/2025,Póliza,4/11/2025,4/11/2026,18000122-10,3,23.00%,23.00%,,/Gestión/Pólizas/Documentos//b0f1c8ea.PDF.162933.pdf,,,,TRUE,TRUE,FALSE,TRUE,,,
293463d0,Pol0402,28/10/2025,Cancelación,28/10/2025,19/9/2026,QE863095,1,14.00%,0.00%,,/Gestión/Pólizas/Documentos//293463d0.PDF.173749.pdf,,,,TRUE,TRUE,FALSE,TRUE,,,
8fe77dff,f0556099,22/10/2025,Póliza,4/11/2025,4/11/2026,18000123-10,5,23.00%,23.00%,,/Gestión/Pólizas/Documentos//8fe77dff.PDF.171006.pdf,,,,TRUE,TRUE,FALSE,TRUE,,,
32965d00,09d37c47,21/10/2025,Póliza,14/11/2025,14/11/2026,QP1195820,10,10.00%,0.00%,,/Gestión/Pólizas/Documentos//32965d00.PDF.172125.pdf,,,,TRUE,TRUE,FALSE,TRUE,,,
6d8d59a2,c0c8928a,22/10/2025,Póliza,15/11/2025,15/11/2026,QP1195676,12,15.00%,0.00%,,/Gestión/Pólizas/Documentos//6d8d59a2.PDF.173003.pdf,,,,TRUE,TRUE,FALSE,TRUE,,,
a0e1eb06,e74b0b6f,22/10/2025,Póliza,21/11/2025,21/11/2026,QP1195799,12,13.50%,0.00%,,/Gestión/Pólizas/Documentos//a0e1eb06.PDF.173608.pdf,,,,TRUE,TRUE,FALSE,TRUE,,,
0b1b7cea,40784a6d,22/10/2025,Póliza,22/11/2025,22/11/2026,QP1195902,12,13.50%,0.00%,,/Gestión/Pólizas/Documentos//0b1b7cea.PDF.174059.pdf,,,,TRUE,TRUE,FALSE,TRUE,,,
9b02c6ec,c94ee9b2,7/11/2025,Póliza,7/11/2025,7/11/2026,7032178,12,13.50%,0.00%,df7ffd5d,/Gestión/Pólizas/Documentos//9b02c6ec.PDF.125121.pdf,,,,TRUE,TRUE,FALSE,TRUE,Se aseguró con continuidad de cobertura de póliza del banco. 05/11/25,,
938b5ef3,c94ee9b2,18/11/2025,Cancelación,12/11/2025,7/11/2026,1,1,13.50%,0.00%,,,,,,TRUE,FALSE,FALSE,TRUE,,,
21f69bec,ca99f3df,12/11/2025,Póliza,12/11/2025,12/11/2026,7032450,12,13.50%,0.00%,2174d580,/Gestión/Pólizas/Documentos//21f69bec.PDF.192512.pdf,,,,TRUE,TRUE,FALSE,TRUE,,,
813db0fc,f6d7c27d,15/11/2025,Póliza,15/11/2025,15/11/2026,QP1198745,12,15.00%,0.00%,fcdc205b,/Gestión/Pólizas/Documentos//813db0fc.PDF.172241.pdf,,,,TRUE,TRUE,FALSE,TRUE,,,
90c88dd8,c0c8928a,12/11/2025,Anulación,15/11/2025,15/11/2026,QE464645,1,15.00%,0.00%,,/Gestión/Pólizas/Documentos//90c88dd8.PDF.190902.pdf,,,,TRUE,TRUE,FALSE,TRUE,,,
30b808cd,bee48083,10/11/2025,Póliza,22/11/2025,22/11/2026,20628146,1,15.00%,8.67%,,/Gestión/Pólizas/Documentos//30b808cd.PDF.172330.pdf,,,,TRUE,TRUE,TRUE,TRUE,,,
dcc36496,60142d69,18/11/2025,Póliza,24/11/2025,24/11/2026,QP1199223,12,14.00%,0.00%,,/Gestión/Pólizas/Documentos//dcc36496.PDF.140242.pdf,,,,TRUE,TRUE,FALSE,TRUE,,,
b5990e75,Pol0307,23/10/2025,Exclusión,23/10/2025,22/1/2026,QE865567,3,10.00%,0.00%,,/Gestión/Pólizas/Documentos//b5990e75.PDF.154710.pdf,,,,TRUE,TRUE,FALSE,TRUE,,,
fc5ced12,4d215b97,26/11/2025,Póliza,26/11/2025,26/11/2026,OP214827,10,22.00%,22.00%,,/Gestión/Pólizas/Documentos//fc5ced12.PDF.165356.pdf,,,,TRUE,TRUE,FALSE,TRUE,,,
0088d47c,177c7a90,4/12/2025,Póliza,4/12/2025,4/12/2026,7074869,11,13.50%,0.00%,88e050b9,/Gestión/Pólizas/Documentos//0088d47c.PDF.170631.pdf,,,,TRUE,TRUE,FALSE,TRUE,,,
eed524b8,bb95f0ea,26/11/2025,Póliza,26/11/2025,26/11/2026,QP1200350,10,9.60%,9.60%,,/Gestión/Pólizas/Documentos//eed524b8.PDF.185932.pdf,,,,TRUE,TRUE,FALSE,TRUE,,,
0980ba0c,c5235e0d,26/11/2025,Póliza,26/11/2025,26/11/2026,QP1200364,10,9.60%,9.60%,,/Gestión/Pólizas/Documentos//0980ba0c.PDF.190650.pdf,,,,TRUE,TRUE,FALSE,TRUE,,,
ea7a8d52,83829038,26/11/2025,Anulación,26/11/2025,26/11/2026,1,1,10.00%,10.00%,,,,,,TRUE,FALSE,FALSE,TRUE,,,
5757f9b8,dd9931ed,12/12/2025,Póliza,12/12/2025,12/12/2026,14729,10,12.00%,0.00%,,/Gestión/Pólizas/Documentos//5757f9b8.PDF.145907.pdf,,,,TRUE,TRUE,FALSE,TRUE,,,
3648c90d,01e808b3,2/12/2025,Póliza,2/1/2026,2/1/2027,QP1206986,12,14.00%,0.00%,f47da6e4,/Gestión/Pólizas/Documentos//3648c90d.PDF.130055.pdf,/Gestión/Pólizas/Otros/3648c90d.Otros Archivos.141557.pdf,,,TRUE,TRUE,FALSE,TRUE,,,
2f68d388,4d790378,20/11/2025,Póliza,14/12/2025,14/12/2026,3073114,11,16.00%,16.00%,,/Gestión/Pólizas/Documentos//2f68d388.PDF.161308.pdf,,,,TRUE,TRUE,FALSE,TRUE,,,
f51f8dcc,6687c266,18/12/2025,Póliza,18/12/2025,18/12/2026,QP1199717,1,10.00%,0.00%,,/Gestión/Pólizas/Documentos//f51f8dcc.PDF.162223.pdf,,,,TRUE,TRUE,FALSE,TRUE,,,
6ba2a976,372dc73d,11/11/2025,Póliza,26/12/2025,26/12/2026,25100136,12,15.00%,0.00%,,/Gestión/Pólizas/Documentos//6ba2a976.PDF.165942.pdf,,,,TRUE,TRUE,FALSE,TRUE,,,
cd3c9cad,febaf480,10/11/2025,Póliza,26/12/2025,26/12/2026,OP213700,12,15.00%,0.00%,,/Gestión/Pólizas/Documentos//cd3c9cad.PDF.145641.pdf,,,,TRUE,TRUE,FALSE,TRUE,,,
71e447d1,Pol0399,5/12/2025,Cancelación,4/12/2025,18/8/2026,OE104747,1,15.00%,0.00%,,/Gestión/Pólizas/Documentos//71e447d1.PDF.173232.pdf,,,,TRUE,TRUE,FALSE,TRUE,,,
d8b60874,f390fd52,15/12/2025,Póliza,11/12/2025,11/12/2026,821062,12,10.50%,0.00%,92e77f9a,/Gestión/Pólizas/Documentos//d8b60874.PDF.195626.pdf,/Gestión/Pólizas/Otros/d8b60874.Otros Archivos.171033.pdf,,,TRUE,TRUE,FALSE,TRUE,,,
bfe14e40,e584acf4,16/12/2025,Póliza,15/12/2025,15/12/2026,100087368,11,10.70%,10.70%,b1038778,/Gestión/Pólizas/Documentos//bfe14e40.PDF.173945.pdf,,,,TRUE,TRUE,FALSE,TRUE,,,
ad723b68,ac67dd8d,26/12/2025,Póliza,26/12/2025,26/12/2026,7059100,11,17.00%,0.00%,8baf4757,/Gestión/Pólizas/Documentos//ad723b68.PDF.144330.pdf,,,,TRUE,TRUE,FALSE,TRUE,,,
f184944c,34c36ce7,22/12/2025,Póliza,22/12/2025,22/12/2026,300541127,11,13.00%,0.00%,76888ff0,/Gestión/Pólizas/Documentos//f184944c.PDF.172713.pdf,,,,TRUE,TRUE,FALSE,TRUE,,,
da5ba033,68d7e8aa,15/9/2025,Póliza,29/10/2025,29/10/2026,432464,11,13.54%,0.00%,,/Gestión/Pólizas/Documentos//da5ba033.PDF.141546.pdf,,,,TRUE,TRUE,FALSE,TRUE,,,
8b98063f,02fa9689,5/1/2026,Póliza,31/12/2025,31/12/2026,7058067,12,17.00%,0.00%,ac96bf55,/Gestión/Pólizas/Documentos//8b98063f.PDF.132536.pdf,,,,TRUE,TRUE,FALSE,TRUE,,,
8611fa43,378d4436,2/1/2026,Póliza,2/1/2026,2/1/2027,86158,7,25.00%,25.00%,,/Gestión/Pólizas/Documentos//8611fa43.PDF.132205.pdf,,,,TRUE,TRUE,FALSE,TRUE,,,
46733625,ebcc3572,18/12/2025,Póliza,2/1/2026,2/1/2027,86075,1,25.00%,25.00%,,/Gestión/Pólizas/Documentos//46733625.PDF.133529.pdf,,,,TRUE,TRUE,FALSE,TRUE,,,
3fc26c10,ebcc3572,2/1/2026,Anulación,2/1/2026,2/1/2027,1,1,25.00%,25.00%,,/Gestión/Pólizas/Documentos//3fc26c10.PDF.133729.pdf,,,,TRUE,TRUE,FALSE,TRUE,,,
68946a82,Pol0285,26/7/2025,Cancelación,22/5/2025,22/11/2025,853021,1,17.00%,0.00%,,/Gestión/Pólizas/Documentos//68946a82.PDF.183555.pdf,,,,TRUE,TRUE,FALSE,TRUE,,,
fe087795,b15bee89,18/12/2025,Póliza,24/1/2026,24/1/2027,144062654,10,30.00%,0.00%,,/Gestión/Pólizas/Documentos//fe087795.PDF.163936.pdf,/Gestión/Pólizas/Otros/fe087795.Otros Archivos.163936.pdf,,,TRUE,TRUE,FALSE,TRUE,,,
82841a3d,f07a045b,18/12/2025,Póliza,30/1/2026,30/1/2027,7068955,12,17.00%,0.00%,,/Gestión/Pólizas/Documentos//82841a3d.PDF.154908.pdf,,,,TRUE,TRUE,FALSE,TRUE,,,
b4639c90,73953dda,2/1/2026,Póliza,31/1/2026,31/1/2027,300542320,10,16.00%,0.00%,,/Gestión/Pólizas/Documentos//b4639c90.PDF.155936.PDF,,,,TRUE,TRUE,FALSE,TRUE,,,
08e67dea,6823a021,18/12/2025,Póliza,19/1/2026,19/1/2027,QP1203768,12,17.00%,0.00%,,/Gestión/Pólizas/Documentos//08e67dea.PDF.201712.pdf,,,,TRUE,TRUE,FALSE,TRUE,,,
2506c34a,e98353a7,13/1/2026,Póliza,19/1/2026,19/1/2027,QP1208490,12,17.00%,0.00%,e81e6bf4,/Gestión/Pólizas/Documentos//2506c34a.PDF.203038.pdf,,,,TRUE,TRUE,FALSE,TRUE,,,
e2cda8ba,6823a021,18/12/2025,Anulación,19/1/2026,19/1/2027,QE872028,1,17.00%,0.00%,,/Gestión/Pólizas/Documentos//e2cda8ba.PDF.192242.pdf,,,,TRUE,TRUE,FALSE,TRUE,,,
581e420d,8ae86143,9/12/2025,Póliza,27/1/2026,27/1/2027,25108551,12,15.00%,0.00%,,/Gestión/Pólizas/Documentos//581e420d.PDF.143841.pdf,,,,TRUE,TRUE,FALSE,TRUE,,,
44b849be,89c30c2c,2/1/2026,Póliza,31/1/2026,31/1/2027,300543606,10,11.00%,0.00%,,/Gestión/Pólizas/Documentos//44b849be.PDF.145733.PDF,,,,TRUE,TRUE,FALSE,TRUE,,,
86fe7b0f,24bebbb1,18/12/2025,Póliza,31/1/2026,31/1/2027,QP1203812,12,15.00%,0.00%,,/Gestión/Pólizas/Documentos//86fe7b0f.PDF.150449.pdf,,,,TRUE,TRUE,FALSE,TRUE,,,
8a997141,fd5d2dbd,18/12/2025,Póliza,31/1/2026,31/1/2027,QP1204063,12,17.00%,0.00%,,/Gestión/Pólizas/Documentos//8a997141.PDF.151017.pdf,,,,TRUE,TRUE,FALSE,TRUE,,,
c3cce6aa,dd06fc9b,18/12/2025,Póliza,31/1/2026,31/1/2027,7068863,12,17.00%,0.00%,,/Gestión/Pólizas/Documentos//c3cce6aa.PDF.151610.pdf,,,,TRUE,TRUE,FALSE,TRUE,,,
53ea5615,6f77f7a2,18/12/2025,Póliza,31/1/2026,31/1/2027,7068974,12,17.00%,0.00%,,/Gestión/Pólizas/Documentos//53ea5615.PDF.152140.pdf,,,,TRUE,TRUE,FALSE,TRUE,,,
5157268b,b49a85dc,18/12/2025,Póliza,31/1/2026,31/1/2027,QP1203672,1,17.00%,0.00%,,/Gestión/Pólizas/Documentos//5157268b.PDF.152708.pdf,,,,TRUE,TRUE,FALSE,TRUE,,,
383fbdd0,4b5a6e9e,18/12/2025,Póliza,31/1/2026,31/1/2027,QP1203723,1,17.00%,0.00%,,/Gestión/Pólizas/Documentos//383fbdd0.PDF.152837.pdf,,,,TRUE,TRUE,FALSE,TRUE,,,
75aef5ca,091af608,18/12/2025,Póliza,31/1/2026,31/1/2027,QP1203731,12,17.00%,0.00%,,/Gestión/Pólizas/Documentos//75aef5ca.PDF.153003.pdf,,,,TRUE,TRUE,FALSE,TRUE,,,
e9101edf,3e4ce098,18/12/2025,Póliza,31/1/2026,31/1/2027,QP1204065,12,17.00%,0.00%,,/Gestión/Pólizas/Documentos//e9101edf.PDF.153544.pdf,,,,TRUE,TRUE,FALSE,TRUE,,,
bcc0b1ff,fd5d2dbd,14/1/2026,Anulación,31/1/2026,31/1/2027,QE872098,1,17.00%,0.00%,,/Gestión/Pólizas/Documentos//bcc0b1ff.PDF.193324.pdf,,,,TRUE,TRUE,FALSE,TRUE,,,
aacab6da,71b3d440,14/1/2026,Póliza,31/1/2026,31/1/2027,QP1208728,12,17.00%,0.00%,,/Gestión/Pólizas/Documentos//aacab6da.PDF.162007.pdf,,,,TRUE,TRUE,FALSE,TRUE,,,
99eeb447,4b5a6e9e,18/12/2026,Anulación,31/1/2026,31/1/2027,QE872082,1,17.00%,0.00%,,/Gestión/Pólizas/Documentos//99eeb447.PDF.192803.pdf,,,,TRUE,TRUE,FALSE,TRUE,,,
17ed660b,5613b4e6,14/1/2026,Póliza,31/1/2026,31/1/2027,QP1208733,1,17.00%,0.00%,,/Gestión/Pólizas/Documentos//17ed660b.PDF.164254.pdf,,,,TRUE,TRUE,FALSE,TRUE,,,
6b049452,b49a85dc,15/1/2026,Anulación,31/1/2026,31/1/2027,QE872129,1,17.00%,0.00%,,/Gestión/Pólizas/Documentos//6b049452.PDF.193218.pdf,,,,TRUE,TRUE,FALSE,TRUE,,,
72d4bdb9,063e1f41,14/1/2026,Póliza,31/1/2026,31/1/2027,QP1208737,1,17.00%,0.00%,,/Gestión/Pólizas/Documentos//72d4bdb9.PDF.170101.pdf,,,,TRUE,TRUE,FALSE,TRUE,,,
79298a4b,091af608,14/1/2026,Anulación,31/1/2026,31/1/2027,QE872101,1,17.00%,0.00%,,/Gestión/Pólizas/Documentos//79298a4b.PDF.192638.pdf,,,,TRUE,TRUE,FALSE,TRUE,,,
3d851c38,3fb6a15b,14/1/2026,Póliza,31/1/2026,31/1/2027,QP1208745,12,17.00%,0.00%,,/Gestión/Pólizas/Documentos//3d851c38.PDF.174807.pdf,,,,TRUE,TRUE,FALSE,TRUE,,,
581c4a47,3e4ce098,14/1/2026,Anulación,31/1/2026,31/1/2027,QE872102,1,17.00%,0.00%,,/Gestión/Pólizas/Documentos//581c4a47.PDF.192427.pdf,,,,TRUE,TRUE,FALSE,TRUE,,,
6df4b1e6,1dd16a71,14/1/2026,Póliza,31/1/2026,31/1/2027,QP1208750,12,17.00%,0.00%,,/Gestión/Pólizas/Documentos//6df4b1e6.PDF.181045.pdf,,,,TRUE,TRUE,FALSE,TRUE,,,
fa6db85e,f07a045b,22/1/2026,Anulación,30/1/2026,30/1/2027,1,1,17.00%,0.00%,,/Gestión/Pólizas/Documentos//fa6db85e.PDF.162306.pdf,,,,TRUE,TRUE,FALSE,TRUE,,,
c0994d80,8cff200d,14/1/2026,Póliza,30/1/2026,30/1/2027,7058500,12,17.00%,0.00%,,/Gestión/Pólizas/Documentos//c0994d80.PDF.193144.pdf,,,,TRUE,TRUE,FALSE,TRUE,Link Suscripción PAT: https://www9.zurich.cl/web/PaymentsPortal/suscribir/enrolar?hash=0038681477698ED540E52AE0504BB0738F21366BB2C242AC070B863073359D0C&cliente=10198056&suscripcion=99977&origen=1,,
5e5103f5,60142d69,6/1/2026,Cancelación,24/11/2025,24/11/2026,QE871071,1,14.00%,0.00%,,/Gestión/Pólizas/Documentos//5e5103f5.PDF.144317.pdf,,,,TRUE,TRUE,FALSE,TRUE,,,
0625ad59,c7673ca8,19/1/2026,Póliza,31/1/2026,31/1/2027,QP1209126,12,15.00%,0.00%,,/Gestión/Pólizas/Documentos//0625ad59.PDF.143827.pdf,,,,TRUE,TRUE,FALSE,TRUE,,,
13594cc3,24bebbb1,20/1/2026,Anulación,31/1/2026,31/1/2027,QE872866,1,15.00%,0.00%,,/Gestión/Pólizas/Documentos//13594cc3.PDF.193419.pdf,,,,TRUE,TRUE,FALSE,TRUE,,,
e9e543f5,527880c6,20/1/2026,Póliza,4/2/2026,4/2/2027,QP1209293,12,17.00%,0.00%,1b14f5f6,/Gestión/Pólizas/Documentos//e9e543f5.PDF.193617.pdf,,,,TRUE,TRUE,FALSE,TRUE,,,
519c9e92,61beadd7,21/1/2026,Póliza,21/1/2026,21/1/2027,QP1209407,12,14.00%,0.00%,6e159ac9,/Gestión/Pólizas/Documentos//519c9e92.PDF.161354.pdf,,,,TRUE,TRUE,FALSE,TRUE,,,
6bedbb5f,861954f5,23/1/2026,Póliza,22/1/2026,22/1/2027,OP218368,12,10.00%,0.00%,,/Gestión/Pólizas/Documentos//6bedbb5f.PDF.164057.pdf,,,,TRUE,TRUE,FALSE,TRUE,,,
a300d1ca,538f9acf,28/1/2026,Póliza,28/1/2026,28/1/2027,827836,1,10.51%,0.00%,20a43b5f,/Gestión/Pólizas/Documentos//a300d1ca.PDF.163119.pdf,,,,TRUE,TRUE,FALSE,TRUE,,,
1af7548e,9577cc21,26/1/2026,Póliza,26/1/2026,26/1/2027,QP1209977,12,17.00%,0.00%,e9d992dc,/Gestión/Pólizas/Documentos//1af7548e.PDF.144411.pdf,,,,TRUE,TRUE,FALSE,TRUE,,,
8c11979c,1cdb8e22,29/1/2026,Póliza,8/2/2026,8/2/2027,500014526,8,16.00%,0.00%,,/Gestión/Pólizas/Documentos//8c11979c.PDF.144255.pdf,,,,TRUE,TRUE,FALSE,TRUE,,,
6ed756a7,126fc801,29/1/2026,Póliza,29/1/2026,29/1/2027,QP1210303,12,14.00%,0.00%,37d372fb,/Gestión/Pólizas/Documentos//6ed756a7.PDF.134729.pdf,,,,TRUE,TRUE,FALSE,TRUE,,,
4e5625b7,8544d8f1,12/2/2026,Póliza,12/2/2026,12/2/2027,597553,12,15.00%,0.00%,457fa1d9,/Gestión/Pólizas/Documentos//4e5625b7.PDF.155315.pdf,,,,TRUE,TRUE,FALSE,TRUE,,,
3e189a9a,4eeec35b,28/1/2026,Póliza,31/1/2026,31/1/2027,OP218891,12,15.00%,0.00%,,,,,,TRUE,FALSE,FALSE,TRUE,,,
80c6bbb2,218baf40,12/1/2026,Póliza,23/2/2026,23/2/2027,20634470,10,13.45%,13.45%,,/Gestión/Pólizas/Documentos//80c6bbb2.PDF.180247.pdf,,,,TRUE,TRUE,FALSE,TRUE,,,
dab3b776,4eeec35b,2/2/2026,Anulación,31/1/2026,31/1/2027,OE108502,1,15.00%,0.00%,,/Gestión/Pólizas/Documentos//dab3b776.PDF.193533.pdf,,,,TRUE,TRUE,FALSE,TRUE,,,
86e0296c,0f97710e,30/1/2026,Póliza,31/1/2026,31/1/2027,QP1210435,12,17.00%,0.00%,befd2f57,/Gestión/Pólizas/Documentos//86e0296c.PDF.172902.pdf,,,,TRUE,TRUE,FALSE,TRUE,,,
11008863,8ae86143,4/2/2026,Anulación,27/1/2026,27/1/2027,25108551,1,15.00%,0.00%,,/Gestión/Pólizas/Documentos//11008863.PDF.152156.pdf,,,,TRUE,TRUE,FALSE,TRUE,,,
72ce25cc,68d7e8aa,15/9/2025,Cancelación,29/10/2025,29/10/2026,432464,1,13.54%,0.00%,,/Gestión/Pólizas/Documentos//72ce25cc.PDF.201034.pdf,,,,TRUE,TRUE,FALSE,TRUE,,,
30ec13be,69567346,6/2/2026,Póliza,4/2/2026,4/2/2027,830651,12,10.50%,0.00%,cff28110,/Gestión/Pólizas/Documentos//30ec13be.PDF.181248.pdf,,,,TRUE,TRUE,FALSE,TRUE,,,
f3e78bc9,64003e8e,7/2/2026,Póliza,10/2/2026,10/2/2027,QP1210929,12,17.00%,0.00%,d10ed0ae,/Gestión/Pólizas/Documentos//f3e78bc9.PDF.173643.pdf,,,,TRUE,TRUE,FALSE,TRUE,,,
f4a1d3d8,aa4f1291,7/2/2026,Póliza,7/2/2026,7/2/2027,QP1210934,12,15.00%,0.00%,10033755,/Gestión/Pólizas/Documentos//f4a1d3d8.PDF.223723.PDF,,,,TRUE,TRUE,FALSE,TRUE,,,
9f4bbd7a2,strhrsthert,5/8/2023,Póliza,25/9/2023,25/9/2024,2651414-1,12,10.00%,0.00%,,,,,,TRUE,FALSE,FALSE,TRUE,,,
9f4bbd7a,7dfe8fed,5/8/2024,Póliza,25/9/2024,25/9/2025,2651414-2,12,10.00%,0.00%,,/Gestión/Pólizas/Documentos//9f4bbd7a.PDF.180546.pdf,,,,TRUE,TRUE,FALSE,TRUE,,,
9ba90668,f58c5d97,5/8/2025,Póliza,25/9/2025,25/9/2026,2651414-3,12,10.00%,0.00%,,/Gestión/Pólizas/Documentos//9ba90668.PDF.133900.pdf,,,,TRUE,TRUE,FALSE,TRUE,,,
e4da5a07,15323d8a,4/3/2026,Póliza,4/3/2026,4/3/2027,26535152,11,14.00%,0.00%,236f0666,/Gestión/Pólizas/Documentos//e4da5a07.PDF.193941.pdf,,,,TRUE,TRUE,FALSE,TRUE,,,
a6c31c88,778607fc,24/2/2026,Póliza,24/2/2026,24/2/2027,QP1213748,12,17.00%,0.00%,e903a848,/Gestión/Pólizas/Documentos//a6c31c88.PDF.203033.pdf,,,,TRUE,TRUE,FALSE,TRUE,,,
8242195d,c94ee9b2,2/1/2026,Modificación,12/11/2025,7/11/2026,2,1,13.50%,,,,,,,TRUE,FALSE,FALSE,TRUE,,,
1ecf3fe4,c94ee9b2,8/1/2026,Cancelación,7/11/2025,7/11/2026,3,1,13.50%,,,,,,,TRUE,FALSE,FALSE,TRUE,,,
7ce05548,be6242a8,23/2/2026,Póliza,23/2/2026,23/2/2027,8136407,12,17.00%,0.00%,61f5f4e0,/Gestión/Pólizas/Documentos//7ce05548.PDF.135228.pdf,,,,TRUE,TRUE,FALSE,TRUE,,,
99f9541a,bcdf49b7,9/3/2026,Póliza,9/3/2026,9/3/2027,2600377,12,17.00%,0.00%,3b30e241,/Gestión/Pólizas/Documentos//99f9541a.PDF.152054.pdf,,,,TRUE,TRUE,FALSE,TRUE,,,
d22382db,5d947ab4,27/2/2026,Póliza,27/2/2026,27/2/2027,8147129,12,17.00%,0.00%,84c22e94,/Gestión/Pólizas/Documentos//d22382db.PDF.215347.pdf,,,,TRUE,TRUE,FALSE,TRUE,,,
d200243b,1dbea262,28/2/2026,Póliza,28/2/2026,28/2/2027,QP1214045,12,17.00%,0.00%,1ab5fcfe,/Gestión/Pólizas/Documentos//d200243b.PDF.182507.pdf,,,,TRUE,TRUE,FALSE,TRUE,,,
dce7f7b8,0aa0b1eb,26/2/2026,Póliza,26/2/2026,26/2/2027,QP1213968,12,17.00%,0.00%,6fc5f233,/Gestión/Pólizas/Documentos//dce7f7b8.PDF.191844.pdf,,,,TRUE,TRUE,FALSE,TRUE,,,
1cddf23d,fdb68a3f,26/2/2026,Póliza,26/2/2026,26/2/2027,QP1213941,1,17.00%,0.00%,2abc0b17,/Gestión/Pólizas/Documentos//1cddf23d.PDF.145416.pdf,,,,TRUE,TRUE,FALSE,TRUE,,,
fa12c19a,990b9461,22/1/2026,Póliza,26/2/2026,26/2/2027,QP1209527,1,17.00%,0.00%,,/Gestión/Pólizas/Documentos//fa12c19a.PDF.151814.pdf,,,,TRUE,TRUE,FALSE,TRUE,,,
af8abc50,990b9461,26/2/2026,Anulación,26/2/2026,26/2/2027,1,1,17.00%,0.00%,,,,,,TRUE,FALSE,FALSE,TRUE,,,
47876742,e8c76d47,19/2/2026,Póliza,5/3/2026,5/3/2027,2602990-2,11,23.00%,23.00%,,/Gestión/Pólizas/Documentos//47876742.PDF.192724.pdf,,,,TRUE,TRUE,FALSE,TRUE,,,
5645a256,9db2cab3,27/2/2026,Póliza,9/3/2026,9/3/2027,1609917,11,18.00%,18.00%,,/Gestión/Pólizas/Documentos//5645a256.PDF.220518.pdf,,,,TRUE,TRUE,FALSE,TRUE,,,
b0ae2e2d,35ed3d04,27/2/2026,Póliza,8/3/2026,8/3/2027,1609918,10,15.00%,15.00%,,/Gestión/Pólizas/Documentos//b0ae2e2d.PDF.215959.pdf,,,,TRUE,TRUE,FALSE,TRUE,,,
630fc3e6,ee385778,9/2/2026,Póliza,5/3/2026,5/3/2027,26010122,12,15.00%,0.00%,,/Gestión/Pólizas/Documentos//630fc3e6.PDF.193703.pdf,,,,TRUE,TRUE,FALSE,TRUE,,,
15aae5fc,91b4c220,19/2/2026,Póliza,7/3/2026,7/3/2027,QP1213278,12,17.00%,0.00%,,/Gestión/Pólizas/Documentos//15aae5fc.PDF.175735.pdf,,,,TRUE,TRUE,FALSE,TRUE,,,
23a03a7c,b286b262,19/2/2026,Póliza,19/3/2026,19/3/2027,7658873,6,15.00%,15.00%,,/Gestión/Pólizas/Documentos//23a03a7c.PDF.180657.pdf,,,,TRUE,TRUE,FALSE,TRUE,,,
9b9e9b7d,cb753825,10/3/2026,Póliza,7/3/2026,7/3/2027,OP219572,12,15.00%,0.00%,,/Gestión/Pólizas/Documentos//9b9e9b7d.PDF.182535.pdf,,,,TRUE,TRUE,FALSE,TRUE,,,
99444490,6f77f7a2,18/12/2025,Cancelación,31/1/2026,31/1/2027,7068974,1,17.00%,0.00%,,,,,,TRUE,FALSE,FALSE,TRUE,,,
bf7ad955,4f382fb9,2/3/2026,Póliza,19/3/2026,19/3/2027,101360,6,15.00%,0.00%,,/Gestión/Pólizas/Documentos//bf7ad955.PDF.191300.pdf,,,,TRUE,TRUE,FALSE,TRUE,,,
be6b9371,842e948f,19/2/2026,Póliza,27/3/2026,27/3/2027,3075375,10,18.00%,0.00%,,/Gestión/Pólizas/Documentos//be6b9371.PDF.192708.pdf,,,,TRUE,TRUE,FALSE,TRUE,,,
bfdd72b4,0d2ce436,9/2/2026,Póliza,20/3/2026,20/3/2027,26009876,12,15.00%,0.00%,,/Gestión/Pólizas/Documentos//bfdd72b4.PDF.193740.pdf,,,,TRUE,TRUE,FALSE,TRUE,,,
f02b31e5,c918e9be,2/3/2026,Póliza,6/3/2026,6/3/2027,QP1214110,1,17.00%,0.00%,,/Gestión/Pólizas/Documentos//f02b31e5.PDF.170748.pdf,,,,TRUE,TRUE,FALSE,TRUE,,,
98178a2c,87142d52,19/2/2026,Póliza,6/3/2026,6/3/2027,QP1213205,1,17.00%,0.00%,,/Gestión/Pólizas/Documentos//98178a2c.PDF.183305.pdf,,,,TRUE,TRUE,FALSE,TRUE,,,
54d9e8bd,87142d52,6/3/2026,Anulación,6/3/2026,6/3/2027,1,1,17.00%,0.00%,,,,,,TRUE,FALSE,FALSE,TRUE,,,
7a33b03f,28cbe33a,4/3/2026,Póliza,4/3/2026,4/3/2027,QP1214266,12,17.00%,0.00%,5534f67f,/Gestión/Pólizas/Documentos//7a33b03f.PDF.153956.pdf,,,,TRUE,TRUE,FALSE,TRUE,,,
91d1069d,b233aeee,19/2/2026,Póliza,4/3/2026,4/3/2027,QP1213214,1,17.00%,0.00%,,/Gestión/Pólizas/Documentos//91d1069d.PDF.153138.pdf,,,,TRUE,TRUE,FALSE,TRUE,,,
d0c1843c,b233aeee,4/3/2026,Anulación,4/3/2026,4/3/2027,1,1,17.00%,0.00%,,,,,,TRUE,FALSE,FALSE,TRUE,,,
c073f003,ae359c90,5/3/2026,Póliza,7/3/2026,7/3/2027,QP1214327,12,17.00%,0.00%,6de6735a,/Gestión/Pólizas/Documentos//c073f003.PDF.142105.pdf,,,,TRUE,TRUE,FALSE,TRUE,,,
78df28f8,cb753825,7/3/2026,Anulación,7/3/2026,7/3/2027,1,1,15.00%,0.00%,,,,,,TRUE,FALSE,FALSE,TRUE,,,
5d01a2e1,76315657,,Póliza,9/3/2026,9/3/2027,Pendiente,12,10.50%,0.00%,89583205,,,,,FALSE,FALSE,FALSE,TRUE,,,
df375d93,e584acf4,16/12/2025,Cancelación,15/12/2025,15/12/2026,100087368,1,10.70%,10.70%,,/Gestión/Pólizas/Documentos//df375d93.PDF.152517.PDF,,,,TRUE,TRUE,FALSE,TRUE,,,
c7ab2472,76c6f684,,Póliza,6/3/2026,6/3/2027,Pendiente,12,10.00%,0.00%,b9e87299,,,,,FALSE,FALSE,FALSE,TRUE,,,
e6c2cfb5,dd06fc9b,18/12/2025,Cancelación,31/1/2026,31/1/2027,7068863,1,17.00%,0.00%,,/Gestión/Pólizas/Documentos//e6c2cfb5.PDF.160112.pdf,,,,TRUE,TRUE,FALSE,TRUE,,,
46e2e095,09d37c47,12/2/2026,Cancelación,12/2/2026,14/11/2026,QE879123,1,10.00%,0.00%,,/Gestión/Pólizas/Documentos//46e2e095.PDF.192826.pdf,,,,TRUE,TRUE,TRUE,TRUE,,,
3b74cb4f,663a6900,16/3/2026,Póliza,16/3/2026,16/3/2027,OP222030,11,12.00%,0.00%,4d924018,/Gestión/Pólizas/Documentos//3b74cb4f.PDF.173354.pdf,,,,TRUE,TRUE,FALSE,TRUE,,,
4e38b299,e584acf4,10/3/2026,Rehabilitación,15/12/2025,15/12/2026,2,1,10.70%,10.70%,,/Gestión/Pólizas/Documentos//4e38b299.PDF.171017.PDF,,,,TRUE,TRUE,FALSE,TRUE,,,
30891042,7a699e07,12/3/2026,Póliza,12/3/2026,12/3/2027,836260,3,10.50%,0.00%,2ca238ba,/Gestión/Pólizas/Documentos//30891042.PDF.151947.pdf,,,,TRUE,TRUE,FALSE,TRUE,,,
9a38fdb1,711fb40c,16/3/2026,Póliza,16/3/2026,16/3/2027,QP1216132,12,17.00%,0.00%,a0c8e365,/Gestión/Pólizas/Documentos//9a38fdb1.PDF.171701.pdf,,,,TRUE,TRUE,FALSE,TRUE,,,
fe20c3a2,5c8b178e,12/3/2026,Póliza,27/3/2026,27/3/2027,836276,10,10.50%,0.00%,,/Gestión/Pólizas/Documentos//fe20c3a2.PDF.160827.pdf,,,,TRUE,TRUE,FALSE,TRUE,,,
707cf2bb,c22287da,12/3/2026,Póliza,27/3/2026,27/3/2027,836277,10,10.50%,0.00%,,/Gestión/Pólizas/Documentos//707cf2bb.PDF.161635.pdf,,,,TRUE,TRUE,FALSE,TRUE,,,
88e138d1,Pol0395,31/7/2025,Cancelación,31/7/2025,31/7/2026,8384075,1,17.00%,0.00%,,/Gestión/Pólizas/Documentos//88e138d1.PDF.155853.pdf,,,,TRUE,TRUE,FALSE,TRUE,,,
c2e67288,372dc73d,11/11/2025,Cancelación,26/12/2025,26/12/2026,25100136,1,15.00%,0.00%,,/Gestión/Pólizas/Documentos//c2e67288.PDF.155713.pdf,,,,TRUE,TRUE,FALSE,TRUE,,,
bd0ccb5e,b15bee89,,Cancelación,19/3/2026,24/1/2027,,1,30.00%,0.00%,,/Gestión/Pólizas/Documentos/bd0ccb5e.PDF.175315.pdf,,,,,FALSE,FALSE,TRUE,,,
f2815603,f165efdc,25/3/2026,Póliza,25/3/2026,25/3/2027,QP1217590,12,17.00%,0.00%,6b923773,/Gestión/Pólizas/Documentos//f2815603.PDF.124411.pdf,,,,TRUE,TRUE,FALSE,TRUE,,,
906a08d8,c72c35ed,26/3/2026,Póliza,1/4/2026,1/4/2027,26023844,1,0.00%,10.00%,7ad0fd7e,/Gestión/Pólizas/Documentos//906a08d8.PDF.170452.pdf,,,,TRUE,TRUE,FALSE,TRUE,,,
74d05808,8126f25b,26/3/2026,Póliza,1/4/2026,1/4/2027,26023843,1,0.00%,10.00%,7ad0fd7e,/Gestión/Pólizas/Documentos//74d05808.PDF.171721.pdf,,,,TRUE,TRUE,FALSE,TRUE,,,
2c17c3d7,1dd80b27,26/3/2026,Póliza,1/4/2026,1/4/2027,26023842,1,0.00%,10.00%,7ad0fd7e,/Gestión/Pólizas/Documentos//2c17c3d7.PDF.171641.pdf,,,,TRUE,TRUE,FALSE,TRUE,,,
86cf5334,3a9386ac,26/3/2026,Póliza,1/4/2026,1/4/2027,26023841,1,0.00%,10.00%,7ad0fd7e,/Gestión/Pólizas/Documentos//86cf5334.PDF.171556.pdf,,,,TRUE,TRUE,FALSE,TRUE,,,
1e79a8a3,945b4595,26/3/2026,Póliza,1/4/2026,1/4/2027,26023840,1,0.00%,10.00%,7ad0fd7e,/Gestión/Pólizas/Documentos//1e79a8a3.PDF.171516.pdf,,,,TRUE,TRUE,FALSE,TRUE,,,
a7fce9a6,bc371268,26/3/2026,Póliza,1/4/2026,1/4/2027,26024203,1,0.00%,10.00%,7ad0fd7e,/Gestión/Pólizas/Documentos//a7fce9a6.PDF.171438.pdf,,,,TRUE,TRUE,FALSE,TRUE,,,
386769d5,48aab7e9,26/3/2026,Póliza,1/4/2026,1/4/2027,26023839,1,0.00%,10.00%,7ad0fd7e,/Gestión/Pólizas/Documentos//386769d5.PDF.171358.pdf,,,,TRUE,TRUE,FALSE,TRUE,,,
c086dc0e,0e446ef9,26/3/2026,Póliza,1/4/2026,1/4/2027,26023838,1,0.00%,10.00%,7ad0fd7e,/Gestión/Pólizas/Documentos//c086dc0e.PDF.171314.pdf,,,,TRUE,TRUE,FALSE,TRUE,,,
570cd034,1f873d71,26/3/2026,Póliza,1/4/2026,1/4/2027,26023836,1,0.00%,10.00%,7ad0fd7e,/Gestión/Pólizas/Documentos//570cd034.PDF.171230.pdf,,,,TRUE,TRUE,FALSE,TRUE,,,
738ceac9,ce951e52,26/3/2026,Póliza,1/4/2026,1/4/2027,26023835,1,0.00%,10.00%,7ad0fd7e,/Gestión/Pólizas/Documentos//738ceac9.PDF.171150.pdf,,,,TRUE,TRUE,FALSE,TRUE,,,
1c99ca71,55591332,26/3/2026,Póliza,1/4/2026,1/4/2027,26023834,1,0.00%,10.00%,7ad0fd7e,/Gestión/Pólizas/Documentos//1c99ca71.PDF.171105.pdf,,,,TRUE,TRUE,FALSE,TRUE,,,
743c3323,6a4273e8,26/3/2026,Póliza,1/4/2026,1/4/2027,26023845,1,0.00%,10.00%,7ad0fd7e,/Gestión/Pólizas/Documentos//743c3323.PDF.170920.pdf,,,,TRUE,TRUE,FALSE,TRUE,,,
2a59752c,e6dd779d,26/3/2026,Póliza,26/3/2026,26/3/2027,144063820,10,16.19%,16.19%,d3e62bd7,/Gestión/Pólizas/Documentos//2a59752c.PDF.163805.pdf,,,,TRUE,TRUE,FALSE,TRUE,,,
62886a61,c6244feb,26/3/2026,Póliza,1/4/2026,1/4/2027,26024721,1,0.00%,10.00%,e78806ea,/Gestión/Pólizas/Documentos//62886a61.PDF.170832.pdf,,,,TRUE,TRUE,FALSE,TRUE,,,
74b462de,e25f4ff6,26/3/2026,Póliza,1/4/2026,1/4/2027,26024204,1,0.00%,10.00%,7ad0fd7e,/Gestión/Pólizas/Documentos//74b462de.PDF.170752.pdf,,,,TRUE,TRUE,FALSE,TRUE,,,
3f0e1d8a,73707a89,26/3/2026,Póliza,1/4/2026,1/4/2027,26023846,1,0.00%,10.00%,7ad0fd7e,/Gestión/Pólizas/Documentos//3f0e1d8a.PDF.170705.pdf,,,,TRUE,TRUE,FALSE,TRUE,,,
c59da61d,7f586818,26/3/2026,Póliza,1/4/2026,1/4/2027,26660024,1,0.00%,10.00%,37b65361,/Gestión/Pólizas/Documentos//c59da61d.PDF.181219.pdf,,,,TRUE,TRUE,FALSE,TRUE,,,
a66c20b8,0e35ebec,31/3/2026,Póliza,31/3/2026,31/3/2027,300559146,11,10.00%,0.00%,b27b2538,/Gestión/Pólizas/Documentos//a66c20b8.PDF.152713.pdf,,,,TRUE,TRUE,FALSE,TRUE,,,
c1b4e691,738bb159,20/3/2026,Póliza,4/4/2026,4/4/2027,QP1216901,1,17.00%,0.00%,,/Gestión/Pólizas/Documentos//c1b4e691.PDF.153140.pdf,,,,TRUE,TRUE,FALSE,TRUE,,,
eb9b23cd,40dd730d,10/4/2026,Póliza,8/4/2026,8/4/2027,20640803,10,8.00%,8.00%,,/Gestión/Pólizas/Documentos/eb9b23cd.PDF.223756.pdf,,,,TRUE,TRUE,FALSE,TRUE,,,
9f53ac69,edfb5fc6,20/3/2026,Póliza,15/4/2026,15/4/2027,26535343,12,14.00%,0.00%,,/Gestión/Pólizas/Documentos//9f53ac69.PDF.145401.pdf,,,,TRUE,TRUE,FALSE,TRUE,,,
572abdb5,619fbb0f,2/4/2026,Póliza,25/4/2026,25/4/2027,8157768,12,17.00%,0.00%,eec38cad,/Gestión/Pólizas/Documentos/572abdb5.PDF.222854.pdf,,,,TRUE,TRUE,FALSE,TRUE,,,
ed7ecc04,fc481f80,20/3/2026,Póliza,25/4/2026,25/4/2027,8150862,1,17.00%,0.00%,,/Gestión/Pólizas/Documentos//ed7ecc04.PDF.152804.pdf,,,,FALSE,TRUE,FALSE,TRUE,,,
6ebba3d1,fc481f80,25/4/2026,Anulación,25/4/2026,25/4/2027,1,1,17.00%,0.00%,,/Gestión/Pólizas/Documentos/6ebba3d1.PDF.175113.pdf,,,,FALSE,FALSE,FALSE,TRUE,,,
8525b6a4,d70adad7,17/3/2026,Póliza,29/4/2026,29/4/2027,26022656,12,15.00%,0.00%,,/Gestión/Pólizas/Documentos//8525b6a4.PDF.154424.pdf,,,,TRUE,TRUE,FALSE,TRUE,,,
0b540dcf,dcaaafc0,20/3/2026,Póliza,28/4/2026,28/4/2027,QP1216937,12,17.00%,0.00%,,/Gestión/Pólizas/Documentos//0b540dcf.PDF.155407.pdf,,,,TRUE,TRUE,FALSE,TRUE,,,
5158b0e5,c411fa00,2/4/2026,Póliza,28/4/2026,28/4/2027,QP1218233,12,17.00%,0.00%,39088780,/Gestión/Pólizas/Documentos//5158b0e5.PDF.160244.pdf,/Gestión/Pólizas/Otros/5158b0e5.Otros Archivos.180430.pdf,,,TRUE,TRUE,FALSE,TRUE,,,
ec74a6bb,a06a38ca,7/4/2026,Póliza,7/4/2026,7/4/2027,8157907,12,17.00%,0.00%,9545f24a,/Gestión/Pólizas/Documentos//ec74a6bb.PDF.160541.pdf,,,,TRUE,TRUE,FALSE,TRUE,,,
21874ae5,de07449d,14/4/2026,Póliza,17/4/2026,17/4/2027,1627413,10,18.00%,18.00%,,/Gestión/Pólizas/Documentos/21874ae5.PDF.163806.pdf,,,,TRUE,TRUE,FALSE,TRUE,,,
22049f94,8f97448b,14/4/2026,Póliza,28/4/2026,28/4/2027,1627412,10,18.00%,8.00%,,/Gestión/Pólizas/Documentos/22049f94.PDF.224227.pdf,,,,TRUE,TRUE,FALSE,TRUE,,,
92646330,da6291c9,16/4/2026,Póliza,29/4/2026,29/4/2027,QP1220370,12,17.00%,0.00%,2f6462fa,/Gestión/Pólizas/Documentos/92646330.PDF.185459.pdf,,Continuidad,,TRUE,TRUE,FALSE,TRUE,,29/04/2616/4/2026rut00702f6462fa,
679cde3b,4b5b8cf7,10/4/2026,Póliza,15/4/2026,15/4/2027,1626040,1,0.00%,0.00%,,/Gestión/Pólizas/Documentos/679cde3b.PDF.191201.pdf,,,,FALSE,TRUE,FALSE,TRUE,,15/04/26,
cfeb0314,859c919e,10/4/2026,Póliza,15/4/2026,15/4/2027,1626039,1,0.00%,0.00%,f5023eaf,/Gestión/Pólizas/Documentos/cfeb0314.PDF.192138.pdf,,No aplica,,FALSE,TRUE,FALSE,TRUE,,15/04/26,
edce6881,d70adad7,20/4/2026,Anulación,29/4/2026,29/4/2027,Pendiente,1,15.00%,0.00%,,/Gestión/Pólizas/Documentos/edce6881.PDF.195050.pdf,,,,TRUE,TRUE,,TRUE,,,
d42cca33,dcaaafc0,20/4/2026,Anulación,28/4/2026,28/4/2027,Pendiente,1,17.00%,0.00%,,/Gestión/Pólizas/Documentos/d42cca33.PDF.180448.pdf,,,,TRUE,TRUE,,TRUE,,,
,,,,,,,,,,,,,,,,,,,,,
1820370e,2336038d,21/4/2026,Póliza,2/5/2026,2/5/2027,QP1221037,12,14.00%,0.00%,,/Gestión/Pólizas/Documentos/1820370e.PDF.161629.pdf,,No aplica,Continuidad,TRUE,TRUE,FALSE,TRUE,,19/03/2619/03/26rut0079,
acff375c,5bb456ac,23/4/2026,Póliza,23/4/2026,23/4/2027,2600504,12,17.00%,0.00%,88243327,/Gestión/Pólizas/Documentos/acff375c.PDF.220751.pdf,,Autoinspección,1432122,TRUE,TRUE,FALSE,TRUE,,22/04/2622/04/26cb5f978888243327,
727a6cb7,2808be11,30/4/2026,Póliza,28/4/2026,28/4/2027,1631845,11,10.00%,10.00%,5eb7179c,/Gestión/Pólizas/Documentos/727a6cb7.PDF.215828.pdf,,,No Aplica,TRUE,TRUE,FALSE,TRUE,,21/04/2621/04/26rut01595eb7179c,
3efe61f8,c80c7c91,5/5/2026,Póliza,30/4/2026,30/4/2027,QP1222140,12,17.00%,0.00%,76d27fc5,/Gestión/Pólizas/Documentos/3efe61f8.PDF.214735.pdf,,,1438269,TRUE,TRUE,FALSE,TRUE,,29/04/2629/04/26f2cb894d76d27fc5,
e272197c,aeba357c,7/5/2026,Póliza,16/5/2026,16/5/2027,8088827,10,12.00%,0.00%,,/Gestión/Pólizas/Documentos/e272197c.PDF.180456.pdf,,,,TRUE,TRUE,FALSE,FALSE,,02/04/2602/04/26rut0056,
2b5e85d4,0e8f3562,,Póliza,4/5/2026,4/5/2027,Pendiente,12,17.00%,0.00%,e34e12d1,,,,1439960,TRUE,TRUE,FALSE,FALSE,,28/04/2628/04/26rut0195e34e12d1,
121c7182,e8572cba,,Póliza,5/5/2026,5/5/2027,Pendiente,12,17.00%,0.00%,d89aca51,,,,1440658,TRUE,TRUE,FALSE,FALSE,,29/04/2629/04/26rut0011d89aca51,
0517a41d,7cdb67be,,Póliza,4/5/2026,4/5/2027,Pendiente,1,0.00%,10.00%,0a7fbeb8,,,,No Aplica,TRUE,TRUE,FALSE,FALSE,,28/04/2628/04/26rut01950a7fbeb8,
7e1561c3,94f62af4,7/5/2026,Póliza,7/5/2026,7/5/2027,QP1222446,12,14.00%,0.00%,6bf84959,/Gestión/Pólizas/Documentos/7e1561c3.PDF.164414.pdf,,Autoinspección,1441179,TRUE,TRUE,FALSE,FALSE,,30/04/2630/04/26rut00576bf84959,
,,,,,,,,,,,,,,,FALSE,FALSE,FALSE,FALSE,,,
,,,,,,,,,,,,,,,FALSE,FALSE,FALSE,FALSE,,,
,,,,,,,,,,,,,,,FALSE,FALSE,FALSE,FALSE,,,
,,,,,,,,,,,,,,,FALSE,FALSE,FALSE,FALSE,,,
,,,,,,,,,,,,,,,FALSE,FALSE,FALSE,FALSE,,,
,,,,,,,,,,,,,,,FALSE,FALSE,FALSE,FALSE,,,
,,,,,,,,,,,,,,,FALSE,FALSE,FALSE,FALSE,,,
,,,,,,,,,,,,,,,FALSE,FALSE,FALSE,FALSE,,,
,,,,,,,,,,,,,,,FALSE,FALSE,FALSE,FALSE,,,
,,,,,,,,,,,,,,,FALSE,FALSE,FALSE,FALSE,,,
,,,,,,,,,,,,,,,FALSE,FALSE,FALSE,FALSE,,,
,,,,,,,,,,,,,,,FALSE,FALSE,FALSE,FALSE,,,
,,,,,,,,,,,,,,,FALSE,FALSE,FALSE,FALSE,,,
,,,,,,,,,,,,,,,FALSE,FALSE,FALSE,FALSE,,,
,,,,,,,,,,,,,,,FALSE,FALSE,FALSE,FALSE,,,
,,,,,,,,,,,,,,,FALSE,FALSE,FALSE,FALSE,,,
,,,,,,,,,,,,,,,FALSE,FALSE,FALSE,FALSE,,,
,,,,,,,,,,,,,,,FALSE,FALSE,FALSE,FALSE,,,
,,,,,,,,,,,,,,,FALSE,FALSE,FALSE,FALSE,,,
,,,,,,,,,,,,,,,FALSE,FALSE,FALSE,FALSE,,,
,,,,,,,,,,,,,,,FALSE,FALSE,FALSE,FALSE,,,
,,,,,,,,,,,,,,,FALSE,FALSE,FALSE,FALSE,,,
,,,,,,,,,,,,,,,FALSE,FALSE,FALSE,FALSE,,,
,,,,,,,,,,,,,,,FALSE,FALSE,FALSE,FALSE,,,
,,,,,,,,,,,,,,,FALSE,FALSE,FALSE,FALSE,,,
,,,,,,,,,,,,,,,FALSE,FALSE,FALSE,FALSE,,,
,,,,,,,,,,,,,,,FALSE,FALSE,FALSE,FALSE,,,
,,,,,,,,,,,,,,,FALSE,FALSE,FALSE,FALSE,,,
,,,,,,,,,,,,,,,FALSE,FALSE,FALSE,FALSE,,,
,,,,,,,,,,,,,,,FALSE,FALSE,FALSE,FALSE,,,
,,,,,,,,,,,,,,,FALSE,FALSE,FALSE,FALSE,,,
,,,,,,,,,,,,,,,FALSE,FALSE,FALSE,FALSE,,,
,,,,,,,,,,,,,,,FALSE,FALSE,FALSE,FALSE,,,
,,,,,,,,,,,,,,,FALSE,FALSE,FALSE,FALSE,,,
,,,,,,,,,,,,,,,FALSE,FALSE,FALSE,FALSE,,,
,,,,,,,,,,,,,,,FALSE,FALSE,FALSE,FALSE,,,
,,,,,,,,,,,,,,,FALSE,FALSE,FALSE,FALSE,,,
,,,,,,,,,,,,,,,FALSE,FALSE,FALSE,FALSE,,,
,,,,,,,,,,,,,,,FALSE,FALSE,FALSE,FALSE,,,
,,,,,,,,,,,,,,,FALSE,FALSE,FALSE,FALSE,,,
,,,,,,,,,,,,,,,FALSE,FALSE,FALSE,FALSE,,,
,,,,,,,,,,,,,,,FALSE,FALSE,FALSE,FALSE,,,
,,,,,,,,,,,,,,,FALSE,FALSE,FALSE,FALSE,,,
,,,,,,,,,,,,,,,FALSE,FALSE,FALSE,FALSE,,,
,,,,,,,,,,,,,,,FALSE,FALSE,FALSE,FALSE,,,
,,,,,,,,,,,,,,,FALSE,FALSE,FALSE,FALSE,,,
,,,,,,,,,,,,,,,FALSE,FALSE,FALSE,FALSE,,,
,,,,,,,,,,,,,,,FALSE,FALSE,FALSE,FALSE,,,
,,,,,,,,,,,,,,,FALSE,FALSE,FALSE,FALSE,,,
,,,,,,,,,,,,,,,FALSE,FALSE,FALSE,FALSE,,,
,,,,,,,,,,,,,,,FALSE,FALSE,FALSE,FALSE,,,
,,,,,,,,,,,,,,,FALSE,FALSE,FALSE,FALSE,,,
,,,,,,,,,,,,,,,FALSE,FALSE,FALSE,FALSE,,,
,,,,,,,,,,,,,,,FALSE,FALSE,FALSE,FALSE,,,
,,,,,,,,,,,,,,,FALSE,FALSE,FALSE,FALSE,,,
,,,,,,,,,,,,,,,FALSE,FALSE,FALSE,FALSE,,,
,,,,,,,,,,,,,,,FALSE,FALSE,FALSE,FALSE,,,
,,,,,,,,,,,,,,,FALSE,FALSE,FALSE,FALSE,,,
,,,,,,,,,,,,,,,FALSE,FALSE,FALSE,FALSE,,,
,,,,,,,,,,,,,,,FALSE,FALSE,FALSE,FALSE,,,
,,,,,,,,,,,,,,,FALSE,FALSE,FALSE,FALSE,,,
,,,,,,,,,,,,,,,FALSE,FALSE,FALSE,FALSE,,,
,,,,,,,,,,,,,,,FALSE,FALSE,FALSE,FALSE,,,
,,,,,,,,,,,,,,,FALSE,FALSE,FALSE,FALSE,,,
,,,,,,,,,,,,,,,FALSE,FALSE,FALSE,FALSE,,,
,,,,,,,,,,,,,,,FALSE,FALSE,FALSE,FALSE,,,
,,,,,,,,,,,,,,,FALSE,FALSE,FALSE,FALSE,,,
,,,,,,,,,,,,,,,FALSE,FALSE,FALSE,FALSE,,,
,,,,,,,,,,,,,,,FALSE,FALSE,FALSE,FALSE,,,
,,,,,,,,,,,,,,,FALSE,FALSE,FALSE,FALSE,,,
,,,,,,,,,,,,,,,FALSE,FALSE,FALSE,FALSE,,,
,,,,,,,,,,,,,,,FALSE,FALSE,FALSE,FALSE,,,
,,,,,,,,,,,,,,,FALSE,FALSE,FALSE,FALSE,,,
,,,,,,,,,,,,,,,FALSE,FALSE,FALSE,FALSE,,,
,,,,,,,,,,,,,,,FALSE,FALSE,FALSE,FALSE,,,
,,,,,,,,,,,,,,,FALSE,FALSE,FALSE,FALSE,,,
,,,,,,,,,,,,,,,FALSE,FALSE,FALSE,FALSE,,,
,,,,,,,,,,,,,,,FALSE,FALSE,FALSE,FALSE,,,
,,,,,,,,,,,,,,,FALSE,FALSE,FALSE,FALSE,,,
,,,,,,,,,,,,,,,FALSE,FALSE,FALSE,FALSE,,,
,,,,,,,,,,,,,,,FALSE,FALSE,FALSE,FALSE,,,
,,,,,,,,,,,,,,,FALSE,FALSE,FALSE,FALSE,,,
,,,,,,,,,,,,,,,FALSE,FALSE,FALSE,FALSE,,,
,,,,,,,,,,,,,,,FALSE,FALSE,FALSE,FALSE,,,
,,,,,,,,,,,,,,,FALSE,FALSE,FALSE,FALSE,,,
,,,,,,,,,,,,,,,FALSE,FALSE,FALSE,FALSE,,,
,,,,,,,,,,,,,,,FALSE,FALSE,FALSE,FALSE,,,
,,,,,,,,,,,,,,,FALSE,FALSE,FALSE,FALSE,,,
,,,,,,,,,,,,,,,FALSE,FALSE,FALSE,FALSE,,,
,,,,,,,,,,,,,,,FALSE,FALSE,FALSE,FALSE,,,
,,,,,,,,,,,,,,,FALSE,FALSE,FALSE,FALSE,,,
,,,,,,,,,,,,,,,FALSE,FALSE,FALSE,FALSE,,,
,,,,,,,,,,,,,,,FALSE,FALSE,FALSE,FALSE,,,
,,,,,,,,,,,,,,,FALSE,FALSE,FALSE,FALSE,,,
,,,,,,,,,,,,,,,FALSE,FALSE,FALSE,FALSE,,,
,,,,,,,,,,,,,,,FALSE,FALSE,FALSE,FALSE,,,
,,,,,,,,,,,,,,,FALSE,FALSE,FALSE,FALSE,,,
,,,,,,,,,,,,,,,FALSE,FALSE,FALSE,FALSE,,,
,,,,,,,,,,,,,,,FALSE,FALSE,FALSE,FALSE,,,
,,,,,,,,,,,,,,,FALSE,FALSE,FALSE,FALSE,,,
,,,,,,,,,,,,,,,FALSE,FALSE,FALSE,FALSE,,,
,,,,,,,,,,,,,,,FALSE,FALSE,FALSE,FALSE,,,
,,,,,,,,,,,,,,,FALSE,FALSE,FALSE,FALSE,,,
,,,,,,,,,,,,,,,FALSE,FALSE,FALSE,FALSE,,,
,,,,,,,,,,,,,,,FALSE,FALSE,FALSE,FALSE,,,
,,,,,,,,,,,,,,,FALSE,FALSE,FALSE,FALSE,,,
,,,,,,,,,,,,,,,FALSE,FALSE,FALSE,FALSE,,,
,,,,,,,,,,,,,,,FALSE,FALSE,FALSE,FALSE,,,
,,,,,,,,,,,,,,,FALSE,FALSE,FALSE,FALSE,,,
,,,,,,,,,,,,,,,FALSE,FALSE,FALSE,FALSE,,,
,,,,,,,,,,,,,,,FALSE,FALSE,FALSE,FALSE,,,
,,,,,,,,,,,,,,,FALSE,FALSE,FALSE,FALSE,,,
,,,,,,,,,,,,,,,FALSE,FALSE,FALSE,FALSE,,,
,,,,,,,,,,,,,,,FALSE,FALSE,FALSE,FALSE,,,
,,,,,,,,,,,,,,,FALSE,FALSE,FALSE,FALSE,,,
,,,,,,,,,,,,,,,FALSE,FALSE,FALSE,FALSE,,,
,,,,,,,,,,,,,,,FALSE,FALSE,FALSE,FALSE,,,
,,,,,,,,,,,,,,,FALSE,FALSE,FALSE,FALSE,,,
,,,,,,,,,,,,,,,FALSE,FALSE,FALSE,FALSE,,,
,,,,,,,,,,,,,,,FALSE,FALSE,FALSE,FALSE,,,
,,,,,,,,,,,,,,,FALSE,FALSE,FALSE,FALSE,,,
,,,,,,,,,,,,,,,FALSE,FALSE,FALSE,FALSE,,,
,,,,,,,,,,,,,,,FALSE,FALSE,FALSE,FALSE,,,
,,,,,,,,,,,,,,,FALSE,FALSE,FALSE,FALSE,,,
,,,,,,,,,,,,,,,FALSE,FALSE,FALSE,FALSE,,,
,,,,,,,,,,,,,,,FALSE,FALSE,FALSE,FALSE,,,
,,,,,,,,,,,,,,,FALSE,FALSE,FALSE,FALSE,,,
,,,,,,,,,,,,,,,FALSE,FALSE,FALSE,FALSE,,,
,,,,,,,,,,,,,,,FALSE,FALSE,FALSE,FALSE,,,
,,,,,,,,,,,,,,,FALSE,FALSE,FALSE,FALSE,,,
,,,,,,,,,,,,,,,FALSE,FALSE,FALSE,FALSE,,,
,,,,,,,,,,,,,,,FALSE,FALSE,FALSE,FALSE,,,
,,,,,,,,,,,,,,,FALSE,FALSE,FALSE,FALSE,,,
,,,,,,,,,,,,,,,FALSE,FALSE,FALSE,FALSE,,,
,,,,,,,,,,,,,,,FALSE,FALSE,FALSE,FALSE,,,
,,,,,,,,,,,,,,,FALSE,FALSE,FALSE,FALSE,,,
,,,,,,,,,,,,,,,FALSE,FALSE,FALSE,FALSE,,,
,,,,,,,,,,,,,,,FALSE,FALSE,FALSE,FALSE,,,
,,,,,,,,,,,,,,,FALSE,FALSE,FALSE,FALSE,,,
,,,,,,,,,,,,,,,FALSE,FALSE,FALSE,FALSE,,,
,,,,,,,,,,,,,,,FALSE,FALSE,FALSE,FALSE,,,
,,,,,,,,,,,,,,,FALSE,FALSE,FALSE,FALSE,,,
,,,,,,,,,,,,,,,FALSE,FALSE,FALSE,FALSE,,,
,,,,,,,,,,,,,,,FALSE,FALSE,FALSE,FALSE,,,
,,,,,,,,,,,,,,,FALSE,FALSE,FALSE,FALSE,,,
,,,,,,,,,,,,,,,FALSE,FALSE,FALSE,FALSE,,,
,,,,,,,,,,,,,,,FALSE,FALSE,FALSE,FALSE,,,
,,,,,,,,,,,,,,,FALSE,FALSE,FALSE,FALSE,,,
,,,,,,,,,,,,,,,FALSE,FALSE,FALSE,FALSE,,,
,,,,,,,,,,,,,,,FALSE,FALSE,FALSE,FALSE,,,
,,,,,,,,,,,,,,,FALSE,FALSE,FALSE,FALSE,,,
,,,,,,,,,,,,,,,FALSE,FALSE,FALSE,FALSE,,,
,,,,,,,,,,,,,,,FALSE,FALSE,FALSE,FALSE,,,
,,,,,,,,,,,,,,,FALSE,FALSE,FALSE,FALSE,,,
,,,,,,,,,,,,,,,FALSE,FALSE,FALSE,FALSE,,,
,,,,,,,,,,,,,,,FALSE,FALSE,FALSE,FALSE,,,
,,,,,,,,,,,,,,,FALSE,FALSE,FALSE,FALSE,,,
,,,,,,,,,,,,,,,FALSE,FALSE,FALSE,FALSE,,,
,,,,,,,,,,,,,,,FALSE,FALSE,FALSE,FALSE,,,
,,,,,,,,,,,,,,,FALSE,FALSE,FALSE,FALSE,,,
,,,,,,,,,,,,,,,FALSE,FALSE,FALSE,FALSE,,,
,,,,,,,,,,,,,,,FALSE,FALSE,FALSE,FALSE,,,
,,,,,,,,,,,,,,,FALSE,FALSE,FALSE,FALSE,,,
,,,,,,,,,,,,,,,FALSE,FALSE,FALSE,FALSE,,,
,,,,,,,,,,,,,,,FALSE,FALSE,FALSE,FALSE,,,
,,,,,,,,,,,,,,,FALSE,FALSE,FALSE,FALSE,,,
,,,,,,,,,,,,,,,FALSE,FALSE,FALSE,FALSE,,,
,,,,,,,,,,,,,,,FALSE,FALSE,FALSE,FALSE,,,
,,,,,,,,,,,,,,,FALSE,FALSE,FALSE,FALSE,,,
,,,,,,,,,,,,,,,FALSE,FALSE,FALSE,FALSE,,,
,,,,,,,,,,,,,,,FALSE,FALSE,FALSE,FALSE,,,
,,,,,,,,,,,,,,,FALSE,FALSE,FALSE,FALSE,,,
,,,,,,,,,,,,,,,FALSE,FALSE,FALSE,FALSE,,,
,,,,,,,,,,,,,,,FALSE,FALSE,FALSE,FALSE,,,
,,,,,,,,,,,,,,,FALSE,FALSE,FALSE,FALSE,,,
,,,,,,,,,,,,,,,FALSE,FALSE,FALSE,FALSE,,,
,,,,,,,,,,,,,,,FALSE,FALSE,FALSE,FALSE,,,
,,,,,,,,,,,,,,,FALSE,FALSE,FALSE,FALSE,,,
,,,,,,,,,,,,,,,FALSE,FALSE,FALSE,FALSE,,,
,,,,,,,,,,,,,,,FALSE,FALSE,FALSE,FALSE,,,
,,,,,,,,,,,,,,,FALSE,FALSE,FALSE,FALSE,,,
,,,,,,,,,,,,,,,FALSE,FALSE,FALSE,FALSE,,,
,,,,,,,,,,,,,,,FALSE,FALSE,FALSE,FALSE,,,
,,,,,,,,,,,,,,,FALSE,FALSE,FALSE,FALSE,,,
,,,,,,,,,,,,,,,FALSE,FALSE,FALSE,FALSE,,,
,,,,,,,,,,,,,,,FALSE,FALSE,FALSE,FALSE,,,
,,,,,,,,,,,,,,,FALSE,FALSE,FALSE,FALSE,,,
,,,,,,,,,,,,,,,FALSE,FALSE,FALSE,FALSE,,,
,,,,,,,,,,,,,,,FALSE,FALSE,FALSE,FALSE,,,
,,,,,,,,,,,,,,,FALSE,FALSE,FALSE,FALSE,,,
,,,,,,,,,,,,,,,FALSE,FALSE,FALSE,FALSE,,,
,,,,,,,,,,,,,,,FALSE,FALSE,FALSE,FALSE,,,
,,,,,,,,,,,,,,,FALSE,FALSE,FALSE,FALSE,,,
,,,,,,,,,,,,,,,FALSE,FALSE,FALSE,FALSE,,,
,,,,,,,,,,,,,,,FALSE,FALSE,FALSE,FALSE,,,
,,,,,,,,,,,,,,,FALSE,FALSE,FALSE,FALSE,,,
,,,,,,,,,,,,,,,FALSE,FALSE,FALSE,FALSE,,,
,,,,,,,,,,,,,,,FALSE,FALSE,FALSE,FALSE,,,
,,,,,,,,,,,,,,,FALSE,FALSE,FALSE,FALSE,,,
,,,,,,,,,,,,,,,FALSE,FALSE,FALSE,FALSE,,,
,,,,,,,,,,,,,,,FALSE,FALSE,FALSE,FALSE,,,
,,,,,,,,,,,,,,,FALSE,FALSE,FALSE,FALSE,,,
,,,,,,,,,,,,,,,FALSE,FALSE,FALSE,FALSE,,,
,,,,,,,,,,,,,,,FALSE,FALSE,FALSE,FALSE,,,
,,,,,,,,,,,,,,,FALSE,FALSE,FALSE,FALSE,,,
,,,,,,,,,,,,,,,FALSE,FALSE,FALSE,FALSE,,,
,,,,,,,,,,,,,,,FALSE,FALSE,FALSE,FALSE,,,
,,,,,,,,,,,,,,,FALSE,FALSE,FALSE,FALSE,,,
,,,,,,,,,,,,,,,FALSE,FALSE,FALSE,FALSE,,,
,,,,,,,,,,,,,,,FALSE,FALSE,FALSE,FALSE,,,
,,,,,,,,,,,,,,,FALSE,FALSE,FALSE,FALSE,,,
,,,,,,,,,,,,,,,FALSE,FALSE,FALSE,FALSE,,,
,,,,,,,,,,,,,,,FALSE,FALSE,FALSE,FALSE,,,
,,,,,,,,,,,,,,,FALSE,FALSE,FALSE,FALSE,,,
,,,,,,,,,,,,,,,FALSE,FALSE,FALSE,FALSE,,,
,,,,,,,,,,,,,,,FALSE,FALSE,FALSE,FALSE,,,
,,,,,,,,,,,,,,,FALSE,FALSE,FALSE,FALSE,,,
,,,,,,,,,,,,,,,FALSE,FALSE,FALSE,FALSE,,,
,,,,,,,,,,,,,,,FALSE,FALSE,FALSE,FALSE,,,
,,,,,,,,,,,,,,,FALSE,FALSE,FALSE,FALSE,,,
,,,,,,,,,,,,,,,FALSE,FALSE,FALSE,FALSE,,,
,,,,,,,,,,,,,,,FALSE,FALSE,FALSE,FALSE,,,
,,,,,,,,,,,,,,,FALSE,FALSE,FALSE,FALSE,,,
,,,,,,,,,,,,,,,FALSE,FALSE,FALSE,FALSE,,,
,,,,,,,,,,,,,,,FALSE,FALSE,FALSE,FALSE,,,
,,,,,,,,,,,,,,,FALSE,FALSE,FALSE,FALSE,,,
,,,,,,,,,,,,,,,FALSE,FALSE,FALSE,FALSE,,,
,,,,,,,,,,,,,,,FALSE,FALSE,FALSE,FALSE,,,
,,,,,,,,,,,,,,,FALSE,FALSE,FALSE,FALSE,,,
,,,,,,,,,,,,,,,FALSE,FALSE,FALSE,FALSE,,,
,,,,,,,,,,,,,,,FALSE,FALSE,FALSE,FALSE,,,
,,,,,,,,,,,,,,,FALSE,FALSE,FALSE,FALSE,,,
,,,,,,,,,,,,,,,FALSE,FALSE,FALSE,FALSE,,,
,,,,,,,,,,,,,,,FALSE,FALSE,FALSE,FALSE,,,
,,,,,,,,,,,,,,,FALSE,FALSE,FALSE,FALSE,,,
,,,,,,,,,,,,,,,FALSE,FALSE,FALSE,FALSE,,,
,,,,,,,,,,,,,,,FALSE,FALSE,FALSE,FALSE,,,
,,,,,,,,,,,,,,,FALSE,FALSE,FALSE,FALSE,,,
,,,,,,,,,,,,,,,FALSE,FALSE,FALSE,FALSE,,,
,,,,,,,,,,,,,,,FALSE,FALSE,FALSE,FALSE,,,
,,,,,,,,,,,,,,,FALSE,FALSE,FALSE,FALSE,,,
,,,,,,,,,,,,,,,FALSE,FALSE,FALSE,FALSE,,,
,,,,,,,,,,,,,,,FALSE,FALSE,FALSE,FALSE,,,
,,,,,,,,,,,,,,,FALSE,FALSE,FALSE,FALSE,,,
,,,,,,,,,,,,,,,FALSE,FALSE,FALSE,FALSE,,,
,,,,,,,,,,,,,,,FALSE,FALSE,FALSE,FALSE,,,
,,,,,,,,,,,,,,,FALSE,FALSE,FALSE,FALSE,,,
,,,,,,,,,,,,,,,FALSE,FALSE,FALSE,FALSE,,,
,,,,,,,,,,,,,,,FALSE,FALSE,FALSE,FALSE,,,
,,,,,,,,,,,,,,,FALSE,FALSE,FALSE,FALSE,,,
,,,,,,,,,,,,,,,FALSE,FALSE,FALSE,FALSE,,,
,,,,,,,,,,,,,,,FALSE,FALSE,FALSE,FALSE,,,
,,,,,,,,,,,,,,,FALSE,FALSE,FALSE,FALSE,,,
,,,,,,,,,,,,,,,FALSE,FALSE,FALSE,FALSE,,,
,,,,,,,,,,,,,,,FALSE,FALSE,FALSE,FALSE,,,
,,,,,,,,,,,,,,,FALSE,FALSE,FALSE,FALSE,,,
,,,,,,,,,,,,,,,FALSE,FALSE,FALSE,FALSE,,,
,,,,,,,,,,,,,,,FALSE,FALSE,FALSE,FALSE,,,
,,,,,,,,,,,,,,,FALSE,FALSE,FALSE,FALSE,,,
,,,,,,,,,,,,,,,FALSE,FALSE,FALSE,FALSE,,,
,,,,,,,,,,,,,,,FALSE,FALSE,FALSE,FALSE,,,
,,,,,,,,,,,,,,,FALSE,FALSE,FALSE,FALSE,,,
,,,,,,,,,,,,,,,FALSE,FALSE,FALSE,FALSE,,,
,,,,,,,,,,,,,,,FALSE,FALSE,FALSE,FALSE,,,
,,,,,,,,,,,,,,,FALSE,FALSE,FALSE,FALSE,,,
,,,,,,,,,,,,,,,FALSE,FALSE,FALSE,FALSE,,,
,,,,,,,,,,,,,,,FALSE,FALSE,FALSE,FALSE,,,
,,,,,,,,,,,,,,,FALSE,FALSE,FALSE,FALSE,,,
,,,,,,,,,,,,,,,FALSE,FALSE,FALSE,FALSE,,,
,,,,,,,,,,,,,,,FALSE,FALSE,FALSE,FALSE,,,
,,,,,,,,,,,,,,,FALSE,FALSE,FALSE,FALSE,,,
,,,,,,,,,,,,,,,FALSE,FALSE,FALSE,FALSE,,,
,,,,,,,,,,,,,,,FALSE,FALSE,FALSE,FALSE,,,
,,,,,,,,,,,,,,,FALSE,FALSE,FALSE,FALSE,,,
,,,,,,,,,,,,,,,FALSE,FALSE,FALSE,FALSE,,,