ID,Fecha Registro,Tipo Registro,Estado Negocio,Estado Renovación,Estado Prospecto,Estado Traspaso,Estado Inclusión,Tipo Materia,Seguro,Cot Aceptada,Póliza,Modifica Materia?,Comisión?,Contratante,Pagador,Cliente,Producto,Ejecutivo,Moneda,UF Prima Afecta,UF Prima Exenta,CLP Prima Afecta,CLP Prima Exenta,USD Prima Afecta,USD Prima Exenta,% Comisión Afecta,% Comisión Exenta,Forma de Pago,N° Cuotas,Valor Cuota,Tipo Inspección,N° Inspección,I Vigencia,Condiciones,Archivos,Comentarios,Fin Gestión,Traspaso Info 1,Traspaso Info 2
Pol0003,11/2/2022,Traspaso,,,,Ok,,Individual,Seg0019,,,FALSE,FALSE,rut0192,rut0192,Cli0126,,,UF,,,,,,,10.00%,0.00%,Directa,,,,,,,,,21/2/2022,,
Pol0004,11/2/2022,Traspaso,,,,Ok,,Individual,Seg0019,,,FALSE,FALSE,rut0186,rut0186,Cli0122,,,UF,,,,,,,10.00%,0.00%,Directa,,,,,,,,,21/2/2022,,
Pol0006,17/6/2022,Traspaso,,,,Ok,,Individual,Seg0028,,,FALSE,FALSE,rut0114,rut0114,Cli0078,,,UF,,,,,,,8.00%,0.00%,Directa,,,,,,,,,27/6/2022,,
Pol0007,30/6/2022,Traspaso,,,,Ok,,Individual,Seg0028,,,FALSE,FALSE,rut0101,rut0101,Cli0069,,,UF,,,,,,,3.00%,0.00%,Directa,,,,,,,,,10/7/2022,,
Pol0008,5/7/2022,Traspaso,,,,Ok,,Individual,Seg0028,,,FALSE,FALSE,rut0040,rut0040,Cli0031,,,UF,,,,,,,8.00%,0.00%,PAT,,,,,,,,,15/7/2022,,
Pol0009,18/7/2022,Traspaso,,,,Ok,,Individual,Seg0028,,,FALSE,FALSE,rut0026,rut0026,Cli0021,,,UF,,,,,,,3.00%,0.00%,Directa,,,,,,,,,28/7/2022,,
Pol0010,27/7/2022,Traspaso,,,,Ok,,Individual,Seg0014,,,FALSE,FALSE,rut0012,rut0012,Cli0011,,,UF,,,,,,,4.00%,0.00%,PAT,,,,,,,,,6/8/2022,,
Pol0011,7/8/2022,Traspaso,,,,Ok,,Individual,Seg0028,,,FALSE,FALSE,rut0029,rut0029,Cli0024,,,UF,,,,,,,2.00%,0.00%,PAT,,,,,,,,,17/8/2022,,
Pol0012,19/8/2022,Traspaso,,,,Ok,,Individual,Seg0028,,,FALSE,FALSE,rut0125,rut0125,Cli0086,,,UF,,,,,,,8.00%,0.00%,Directa,,,,,,,,,29/8/2022,,
Pol0013,22/8/2022,Traspaso,,,,Ok,,Individual,Seg0028,,,FALSE,FALSE,rut0068,rut0068,Cli0047,,,UF,,,,,,,7.50%,0.00%,Directa,,,,,,,,,1/9/2022,,
Pol0014,23/8/2022,Traspaso,,,,Ok,,Individual,Seg0028,,,FALSE,FALSE,rut0141,rut0141,Cli0100,,,UF,,,,,,,2.00%,0.00%,PAT,,,,,,,,,2/9/2022,,
Pol0015,25/8/2022,Traspaso,,,,Ok,,Individual,Seg0014,,,FALSE,FALSE,rut0023,rut0023,Cli0018,,,UF,,,,,,,10.00%,10.00%,Directa,,,,,,,,,4/9/2022,,
Pol0016,29/8/2022,Traspaso,,,,Ok,,Individual,Seg0028,,,FALSE,FALSE,rut0083,rut0083,Cli0059,,,UF,,,,,,,8.00%,0.00%,Directa,,,,,,,,,8/9/2022,,
Pol0005,30/8/2022,Traspaso,,,,Ok,,Individual,Seg0013,,,FALSE,FALSE,rut0037,rut0037,Cli0029,,,UF,,,,,,,0.00%,0.00%,Directa,,,,,,,,,9/9/2022,,
Pol0017,31/8/2022,Traspaso,,,,Ok,,Individual,Seg0028,,,FALSE,FALSE,rut0069,rut0069,Cli0048,,,UF,,,,,,,2.00%,0.00%,Directa,,,,,,,,,10/9/2022,,
Pol0018,7/9/2022,Traspaso,,,,Ok,,Individual,Seg0028,,,FALSE,FALSE,rut0174,rut0174,Cli0117,,,UF,,,,,,,14.00%,0.00%,Directa,,,,,,,,,17/9/2022,,
Pol0019,15/9/2022,Traspaso,,,,Ok,,Individual,Seg0017,,,FALSE,FALSE,rut0035,rut0035,Cli0028,,,UF,,,,,,,12.00%,12.00%,Directa,,,,,,,,,25/9/2022,,
Pol0020,19/9/2022,Traspaso,,,,Ok,,Individual,Seg0028,,,FALSE,FALSE,rut0102,rut0102,Cli0070,,,UF,,,,,,,3.20%,0.00%,Directa,,,,,,,,,29/9/2022,,
Pol0021,28/9/2022,Traspaso,,,,Ok,,Individual,Seg0028,,,FALSE,FALSE,rut0081,rut0081,Cli0058,,,UF,,,,,,,8.00%,0.00%,Directa,,,,,,,,,8/10/2022,,
Pol0022,5/10/2022,Traspaso,,,,Ok,,Individual,Seg0028,,,FALSE,FALSE,rut0000,rut0000,Cli0002,,,UF,,,,,,,7.50%,0.00%,PAT,,,,,,,,,15/10/2022,,
Pol0001,18/10/2022,Negocio,Aceptado,,,,,Individual,Seg0019,,,FALSE,TRUE,rut0122,rut0122,Cli0084,,,CLP,,,,,,,10.00%,0.00%,Directa,,,,,,,,,28/10/2022,,
Pol0002,18/10/2022,Negocio,Aceptado,,,,,Individual,Seg0019,,,FALSE,TRUE,rut0122,rut0122,Cli0084,,,CLP,,,,,,,10.00%,0.00%,Directa,,,,,,,,,28/10/2022,,
Pol0023,20/10/2022,Traspaso,,,,Ok,,Individual,Seg0028,,,FALSE,FALSE,rut0071,rut0071,Cli0050,,,UF,,,,,,,10.00%,0.00%,PAC,,,,,,,,,30/10/2022,,
Pol0024,20/10/2022,Traspaso,,,,Ok,,Individual,Seg0014,,,FALSE,FALSE,rut0074,rut0074,Cli0052,,,UF,,,,,,,23.00%,23.00%,Directa,,,,,,,,,30/10/2022,,
Pol0025,20/10/2022,Traspaso,,,,Ok,,Individual,Seg0014,,,FALSE,FALSE,rut0074,rut0074,Cli0052,,,UF,,,,,,,23.00%,23.00%,Directa,,,,,,,,,30/10/2022,,
Pol0026,20/10/2022,Traspaso,,,,Ok,,Individual,Seg0014,,,FALSE,FALSE,rut0074,rut0074,Cli0052,,,UF,,,,,,,23.00%,23.00%,Directa,,,,,,,,,30/10/2022,,
Pol0027,21/10/2022,Traspaso,,,,Ok,,Individual,Seg0028,,,FALSE,FALSE,rut0051,rut0051,Cli0038,,,UF,,,,,,,2.00%,0.00%,PAT,,,,,,,,,31/10/2022,,
Pol0028,30/10/2022,Traspaso,,,,Ok,,Individual,Seg0011,,,FALSE,FALSE,rut0041,rut0041,Cli0032,,,UF,,,,,,,10.00%,0.00%,Directa,,,,,,,,,9/11/2022,,
Pol0029,6/11/2022,Traspaso,,,,Ok,,Individual,Seg0028,,,FALSE,FALSE,rut0105,rut0105,Cli0072,,,UF,,,,,,,2.95%,0.00%,PAT,,,,,,,,,16/11/2022,,
Pol0030,7/11/2022,Traspaso,,,,Ok,,Individual,Seg0028,,,FALSE,FALSE,rut0044,rut0044,Cli0034,,,UF,,,,,,,2.80%,0.00%,PAT,,,,,,,,,17/11/2022,,
Pol0031,8/11/2022,Traspaso,,,,Ok,,Individual,Seg0028,,,FALSE,FALSE,rut0076,rut0076,Cli0053,,,UF,,,,,,,7.50%,0.00%,PAT,,,,,,,,,18/11/2022,,
Pol0032,12/11/2022,Traspaso,,,,Ok,,Individual,Seg0028,,,FALSE,FALSE,rut0016,rut0016,Cli0014,,,UF,,,,,,,7.50%,0.00%,Directa,,,,,,,,,22/11/2022,,
Pol0033,28/11/2022,Traspaso,,,,Ok,,Individual,Seg0028,,,FALSE,FALSE,rut0070,rut0070,Cli0049,,,UF,,,,,,,7.93%,0.00%,PAC,,,,,,,,,8/12/2022,,
Pol0034,29/11/2022,Traspaso,,,,Ok,,Individual,Seg0017,,,FALSE,FALSE,rut0056,rut0056,Cli0040,,,UF,,,,,,,9.00%,9.00%,Directa,,,,,,,,,9/12/2022,,
Pol0035,3/12/2022,Traspaso,,,,Ok,,Individual,Seg0014,,,FALSE,FALSE,rut0155,rut0155,Cli0107,,,UF,,,,,,,4.00%,0.00%,Directa,,,,,,,,,13/12/2022,,
Pol0036,6/12/2022,Traspaso,,,,Ok,,Individual,Seg0028,,,FALSE,FALSE,rut0184,rut0184,Cli0120,,,UF,,,,,,,7.50%,0.00%,PAT,,,,,,,,,16/12/2022,,
Pol0037,7/12/2022,Traspaso,,,,Ok,,Individual,Seg0028,,,FALSE,FALSE,rut0119,rut0119,Cli0082,,,UF,,,,,,,10.00%,0.00%,Directa,,,,,,,,,17/12/2022,,
Pol0038,7/12/2022,Traspaso,,,,Ok,,Individual,Seg0028,,,FALSE,FALSE,rut0053,rut0053,Cli0040,,,UF,,,,,,,13.00%,0.00%,Directa,,,,,,,,,17/12/2022,,
Pol0039,14/12/2022,Traspaso,,,,Ok,,Individual,Seg0028,,,FALSE,FALSE,rut0191,rut0191,Cli0125,,,UF,,,,,,,8.00%,0.00%,PAT,,,,,,,,,24/12/2022,,
Pol0040,4/1/2023,Traspaso,,,,Ok,,Individual,Seg0028,,,FALSE,FALSE,rut0120,rut0120,Cli0083,,,UF,,,,,,,2.85%,0.00%,Directa,,,,,,,,,14/1/2023,,
Pol0044,16/1/2023,Traspaso,,,,Ok,,Individual,Seg0028,,,FALSE,FALSE,rut0061,rut0061,Cli0045,,,UF,,,,,,,11.00%,0.00%,PAT,,,,,,,,,26/1/2023,,
Pol0045,16/1/2023,Traspaso,,,,Ok,,Individual,Seg0028,,,FALSE,FALSE,rut0160,rut0160,Cli0111,,,UF,,,,,,,11.00%,0.00%,PAT,,,,,,,,,26/1/2023,,
Pol0046,16/1/2023,Traspaso,,,,Ok,,Individual,Seg0028,,,FALSE,FALSE,rut0160,rut0160,Cli0111,,,UF,,,,,,,11.00%,0.00%,PAT,,,,,,,,,26/1/2023,,
Pol0047,16/1/2023,Traspaso,,,,Ok,,Individual,Seg0028,,,FALSE,FALSE,rut0160,rut0160,Cli0111,,,UF,,,,,,,14.00%,0.00%,PAT,,,,,,,,,26/1/2023,,
Pol0048,16/1/2023,Traspaso,,,,Ok,,Individual,Seg0028,,,FALSE,FALSE,rut0159,rut0159,Cli0111,,,UF,,,,,,,16.00%,0.00%,PAT,,,,,,,,,26/1/2023,,
Pol0049,16/1/2023,Traspaso,,,,Ok,,Individual,Seg0028,,,FALSE,FALSE,rut0008,rut0008,Cli0007,,,UF,,,,,,,12.00%,0.00%,PAC,,,,,,,,,26/1/2023,,
Pol0050,16/1/2023,Traspaso,,,,Ok,,Individual,Seg0028,,,FALSE,FALSE,rut0126,rut0126,Cli0094,,,UF,,,,,,,14.00%,0.00%,PAT,,,,,,,,,26/1/2023,,
Pol0051,16/1/2023,Traspaso,,,,Ok,,Individual,Seg0028,,,FALSE,FALSE,rut0094,rut0094,Cli0067,,,UF,,,,,,,14.00%,0.00%,Directa,,,,,,,,,26/1/2023,,
Pol0052,16/1/2023,Traspaso,,,,Ok,,Individual,Seg0028,,,FALSE,FALSE,rut0121,rut0121,Cli0095,,,UF,,,,,,,12.00%,0.00%,PAT,,,,,,,,,26/1/2023,,
Pol0053,16/1/2023,Traspaso,,,,Ok,,Individual,Seg0028,,,FALSE,FALSE,rut0172,rut0172,Cli0116,,,UF,,,,,,,14.00%,0.00%,Directa,,,,,,,,,26/1/2023,,
Pol0054,16/1/2023,Traspaso,,,,Ok,,Individual,Seg0028,,,FALSE,FALSE,rut0028,rut0028,Cli0023,,,UF,,,,,,,15.00%,0.00%,Directa,,,,,,,,,26/1/2023,,
Pol0055,16/1/2023,Traspaso,,,,Ok,,Individual,Seg0028,,,FALSE,FALSE,rut0002,rut0002,Cli0003,,,UF,,,,,,,14.00%,0.00%,Directa,,,,,,,,,26/1/2023,,
Pol0056,16/1/2023,Traspaso,,,,Ok,,Individual,Seg0028,,,FALSE,FALSE,rut0003,rut0003,Cli0003,,,UF,,,,,,,15.00%,0.00%,Directa,,,,,,,,,26/1/2023,,
Pol0057,16/1/2023,Traspaso,,,,Ok,,Individual,Seg0028,,,FALSE,FALSE,rut0078,rut0078,Cli0056,,,UF,,,,,,,16.00%,0.00%,Directa,,,,,,,,,26/1/2023,,
Pol0058,16/1/2023,Traspaso,,,,Ok,,Individual,Seg0028,,,FALSE,FALSE,rut0176,rut0176,Cli0118,,,UF,,,,,,,13.00%,0.00%,Directa,,,,,,,,,26/1/2023,,
Pol0059,16/1/2023,Traspaso,,,,Ok,,Individual,Seg0028,,,FALSE,FALSE,rut0151,rut0151,Cli0105,,,UF,,,,,,,16.00%,0.00%,PAT,,,,,,,,,26/1/2023,,
Pol0060,16/1/2023,Traspaso,,,,Ok,,Individual,Seg0028,,,FALSE,FALSE,rut0189,rut0189,Cli0123,,,UF,,,,,,,13.00%,0.00%,Directa,,,,,,,,,26/1/2023,,
Pol0061,16/1/2023,Traspaso,,,,Ok,,Individual,Seg0028,,,FALSE,FALSE,rut0060,rut0060,Cli0043,,,UF,,,,,,,16.00%,0.00%,PAT,,,,,,,,,26/1/2023,,
Pol0062,16/1/2023,Traspaso,,,,Ok,,Individual,Seg0028,,,FALSE,FALSE,rut0198,rut0198,Cli0132,,,UF,,,,,,,15.00%,0.00%,Directa,,,,,,,,,26/1/2023,,
Pol0063,16/1/2023,Traspaso,,,,Ok,,Individual,Seg0028,,,FALSE,FALSE,rut0025,rut0025,Cli0020,,,UF,,,,,,,15.00%,0.00%,PAT,,,,,,,,,26/1/2023,,
Pol0064,16/1/2023,Traspaso,,,,Ok,,Individual,Seg0028,,,FALSE,FALSE,rut0146,rut0146,Cli0102,,,UF,,,,,,,16.00%,0.00%,Directa,,,,,,,,,26/1/2023,,
Pol0066,16/1/2023,Traspaso,,,,Ok,,Individual,Seg0028,,,FALSE,FALSE,rut0032,rut0032,Cli0026,,,UF,,,,,,,16.00%,0.00%,Directa,,,,,,,,,26/1/2023,,
Pol0067,16/1/2023,Traspaso,,,,Ok,,Individual,Seg0028,,,FALSE,FALSE,rut0091,rut0091,Cli0064,,,UF,,,,,,,13.00%,0.00%,Directa,,,,,,,,,26/1/2023,,
Pol0087,17/1/2023,Traspaso,,,,Ok,,Individual,Seg0028,,,FALSE,FALSE,rut0078,rut0078,Cli0056,,,UF,,,,,,,16.00%,0.00%,Directa,,,,,,,,,27/1/2023,,
Neg0001,18/1/2023,Negocio,Aceptado,,,,,Individual,Seg0028,Cot0001,,FALSE,TRUE,rut0113,rut0113,Cli0077,,,UF,,,,,,,15.00%,0.00%,PAT,,,Autoinspección,,,,,,28/1/2023,,
Neg0002,18/1/2023,Negocio,Aceptado,,,,,Múltiple,Seg0028,Cot0002,,FALSE,TRUE,rut0096,rut0096,Cli0068,,,UF,,,,,,,12.00%,0.00%,Directa,,,No Aplica,,,,,,28/1/2023,,
Neg0003,24/1/2023,Negocio,Aceptado,,,,,Individual,Seg0014,Cot0003,,FALSE,TRUE,rut0110,rut0110,Cli0075,,,UF,,,,,,,17.00%,17.00%,Directa,,,No Aplica,,,,,,3/2/2023,,
Neg0004,25/1/2023,Negocio,Aceptado,,,,,Individual,Seg0028,Cot0004,,FALSE,TRUE,rut0089,rut0089,Cli0064,,,UF,,,,,,,13.00%,0.00%,Directa,,,Autoinspección,,,,,,4/2/2023,,
Neg0005,2/2/2023,Negocio,Aceptado,,,,,Individual,Seg0028,Cot0005,,FALSE,TRUE,rut0032,rut0032,Cli0026,,,UF,,,,,,,16.00%,0.00%,Directa,,,No Aplica,,,,,,12/2/2023,,
Neg0007,8/2/2023,Negocio,Aceptado,,,,,Individual,Seg0028,Cot0007,,FALSE,TRUE,rut0091,rut0091,Cli0064,,,UF,,,,,,,16.00%,0.00%,Directa,,,No Aplica,,,,,,18/2/2023,,
Neg0008,9/2/2023,Negocio,Aceptado,,,,,Individual,Seg0014,Cot0008,,FALSE,TRUE,rut0159,rut0159,Cli0111,,,UF,,,,,,,15.00%,15.00%,PAT,,,No Aplica,,,,,,19/2/2023,,
Pol0088,11/2/2023,Traspaso,,,,Ok,,Individual,Seg0028,,,FALSE,FALSE,rut0088,rut0088,Cli0063,,,UF,,,,,,,5.00%,0.00%,Directa,,,,,,,,,21/2/2023,,
Neg0006,13/2/2023,Negocio,Aceptado,,,,,Individual,Seg0028,Cot0006,,FALSE,TRUE,rut0030,rut0030,Cli0025,,,UF,,,,,,,16.00%,0.00%,Directa,,,Autoinspección,,,,,,23/2/2023,,
Pol0089,16/2/2023,Traspaso,,,,Ok,,Individual,Seg0028,,,FALSE,FALSE,rut0024,rut0024,Cli0019,,,UF,,,,,,,2.80%,0.00%,PAT,,,,,,,,,26/2/2023,,
Neg0009,21/2/2023,Negocio,Aceptado,,,,,Individual,Seg0028,Cot0009,,FALSE,TRUE,rut0087,rut0087,Cli0062,,,UF,,,,,,,15.00%,0.00%,PAC,,,No aplica,,,,,,3/3/2023,,
Neg0010,24/2/2023,Negocio,Aceptado,,,,,Individual,Seg0028,Cot0010,,FALSE,TRUE,rut0128,rut0128,Cli0093,,,UF,,,,,,,15.00%,0.00%,PAC,,,No Aplica,,,,,,6/3/2023,,
Neg0011,28/2/2023,Negocio,Aceptado,,,,,Individual,Seg0014,Cot0011,,FALSE,TRUE,rut0166,rut0166,Cli0111,,,UF,,,,,,,18.00%,18.00%,PAC,,,No Aplica,,,,,,10/3/2023,,
Neg0012,2/3/2023,Negocio,Aceptado,,,,,Individual,Seg0028,Cot0012,,FALSE,TRUE,rut0080,rut0080,Cli0057,,,UF,,,,,,,15.00%,0.00%,Directa,,,Autoinspección,,,,,,12/3/2023,,
Neg0013,8/3/2023,Negocio,Aceptado,,,,,Individual,Seg0028,Cot0013,,FALSE,TRUE,rut0156,rut0156,Cli0108,,,UF,,,,,,,14.00%,14.00%,PAT,,,Autoinspección,169566,,,,,18/3/2023,,
Neg0014,8/3/2023,Negocio,Aceptado,,,,,Individual,Seg0028,Cot0014,,FALSE,TRUE,rut0094,rut0094,Cli0067,,,UF,,,,,,,16.00%,0.00%,PAT,,,No Aplica,,,,,,18/3/2023,,
Neg0015,15/3/2023,Negocio,Aceptado,,,,,Individual,Seg0028,Cot0015,,FALSE,TRUE,rut0179,rut0179,Cli0119,,,UF,,,,,,,16.00%,0.00%,Directa,,,Autoinspección,,,,,,25/3/2023,,
Ren0001,25/3/2023,Renovación,,Renovado,,,,Individual,Seg0013,,Pol0005,FALSE,TRUE,rut0037,rut0037,Cli0029,,,UF,,,,,,,0.00%,0.00%,Directa,,,,,,,,,4/4/2023,,
Neg0016,3/4/2023,Negocio,Aceptado,,,,,Individual,Seg0028,Cot0016,,FALSE,TRUE,rut0136,rut0136,Cli0090,,,UF,,,,,,,16.00%,0.00%,Directa,,,Autoinspección,,,,,,13/4/2023,,
Pol0098,5/4/2023,Traspaso,,,,Ok,,Individual,Seg0028,,,FALSE,FALSE,rut0173,rut0173,Cli0117,,,UF,,,,,,,13.00%,0.00%,Directa,,,,,,,,,15/4/2023,,
Neg0017,14/4/2023,Negocio,Aceptado,,,,,Individual,Seg0014,Cot0017,,FALSE,TRUE,rut0165,rut0165,Cli0111,,,UF,,,,,,,18.00%,18.00%,PAC,,,No Aplica,,,,,,24/4/2023,,
Neg0018,17/4/2023,Negocio,Aceptado,,,,,Individual,Seg0028,Cot0018,,FALSE,TRUE,rut0135,rut0135,Cli0098,,,UF,,,,,,,15.00%,0.00%,PAC,,,No Aplica,,,,,,27/4/2023,,
Neg0019,8/5/2023,Negocio,Aceptado,,,,,Individual,Seg0028,Cot0019,,FALSE,TRUE,rut0052,rut0052,Cli0039,,,UF,,,,,,,15.00%,0.00%,PAT,,,No Aplica,,,,,,18/5/2023,,
Neg0020,12/5/2023,Negocio,Aceptado,,,,,Individual,Seg0028,Cot0020,,FALSE,TRUE,rut0057,rut0057,Cli0040,,,UF,,,,,,,12.00%,0.00%,Directa,,,No Aplica,,,,,,22/5/2023,,
Pol0103,21/5/2023,Traspaso,,,,Ok,,Individual,Seg0028,,,FALSE,FALSE,rut0173,rut0173,Cli0117,,,UF,,,,,,,13.00%,0.00%,Directa,,,,,,,,,31/5/2023,,
Neg0021,2/6/2023,Negocio,Aceptado,,,,,Individual,Seg0028,Cot0021,,FALSE,TRUE,rut0117,rut0117,Cli0080,,,UF,,,,,,,10.50%,0.00%,PAC,,,Autoinspección,,,,,,12/6/2023,,
Neg0022,6/6/2023,Negocio,Aceptado,,,,,Individual,Seg0028,Cot0022,,FALSE,TRUE,rut0173,rut0173,Cli0117,,,UF,,,,,,,13.00%,0.00%,PAC,,,No Aplica,,,,,,16/6/2023,,
Neg0023,7/6/2023,Negocio,Aceptado,,,,,Individual,Seg0028,Cot0023,,FALSE,TRUE,rut0145,rut0145,Cli0101,,,UF,,,,,,,16.00%,0.00%,Directa,,,Autoinspección,,,,,,17/6/2023,,
Neg0024,8/6/2023,Negocio,Aceptado,,,,,Individual,Seg0028,Cot0024,,FALSE,TRUE,rut0143,rut0143,Cli0101,,,UF,,,,,,,16.00%,0.00%,Directa,,,Autoinspección,,,,,,18/6/2023,,
Neg0028,12/6/2023,Negocio,Aceptado,,,,,Individual,Seg0028,Cot0028,,FALSE,TRUE,rut0090,rut0090,Cli0064,,,UF,,,,,,,16.00%,0.00%,Directa,,,Autoinspección,,,,,,22/6/2023,,
Neg0030,13/6/2023,Negocio,Aceptado,,,,,Individual,Seg0026,Cot0030,,FALSE,TRUE,rut0173,rut0173,Cli0117,,,UF,,,,,,,15.00%,0.00%,Directa,,,No Aplica,,,,,,23/6/2023,,
Neg0025,16/6/2023,Negocio,Aceptado,,,,,Individual,Seg0028,Cot0025,,FALSE,TRUE,rut0111,rut0111,Cli0075,,,UF,,,,,,,16.00%,0.00%,Directa,,,Autoinspección,,,,,,26/6/2023,,
Neg0026,16/6/2023,Negocio,Aceptado,,,,,Individual,Seg0028,Cot0026,,FALSE,TRUE,rut0110,rut0110,Cli0075,,,UF,,,,,,,16.00%,0.00%,Directa,,,Autoinspección,,,,,,26/6/2023,,
Neg0027,16/6/2023,Negocio,Aceptado,,,,,Individual,Seg0028,Cot0027,,FALSE,TRUE,rut0110,rut0110,Cli0075,,,UF,,,,,,,16.00%,0.00%,Directa,,,Autoinspección,,,,,,26/6/2023,,
Neg0029,16/6/2023,Negocio,Aceptado,,,,,Individual,Seg0028,Cot0029,,FALSE,TRUE,rut0110,rut0110,Cli0075,,,UF,,,,,,,16.00%,0.00%,Directa,,,Continuidad,,,,,,26/6/2023,,
Neg0031,16/6/2023,Negocio,Aceptado,,,,,Individual,Seg0026,Cot0031,,FALSE,TRUE,rut0057,rut0057,Cli0040,,,UF,,,,,,,17.00%,0.00%,Directa,,,No Aplica,,,,,,26/6/2023,,
Pol0108,16/6/2023,Traspaso,,,,Ok,,Individual,Seg0026,,,FALSE,FALSE,rut0067,rut0067,Cli0046,,,UF,,,,,,,13.50%,0.00%,PAT,,,,,,,,,26/6/2023,,
Pol0109,16/6/2023,Traspaso,,,,Ok,,Individual,Seg0023,,,FALSE,FALSE,rut0067,rut0067,Cli0046,,,UF,,,,,,,13.00%,0.00%,PAT,,,,,,,,,26/6/2023,,
Pol0110,16/6/2023,Traspaso,,,,Ok,,Individual,Seg0035,,,FALSE,FALSE,rut0067,rut0067,Cli0046,,,UF,,,,,,,10.50%,0.00%,PAT,,,,,,,,,26/6/2023,,
Pol0111,16/6/2023,Traspaso,,,,Ok,,Individual,Seg0028,,,FALSE,FALSE,rut0067,rut0067,Cli0046,,,UF,,,,,,,10.50%,0.00%,PAT,,,,,,,,,26/6/2023,,
Ren0002,25/6/2023,Renovación,,Renovado,,,,Individual,Seg0028,,Pol0007,FALSE,TRUE,rut0101,rut0101,Cli0069,,,UF,,,,,,,7.50%,0.00%,Directa,,,,,,Portal,,,5/7/2023,,
Neg0032,28/6/2023,Negocio,Aceptado,,,,,Individual,Seg0028,Cot0032,,FALSE,TRUE,rut0107,rut0107,Cli0073,,,UF,,,,,,,7.78%,0.00%,PAT,,,Autoinspección,905949,,,,,8/7/2023,,
Neg0033,3/7/2023,Negocio,Aceptado,,,,,Individual,Seg0001,Cot0033,,FALSE,TRUE,rut0057,rut0057,Cli0040,,,UF,,,,,,,26.00%,0.00%,Directa,,,No Aplica,,,,,,13/7/2023,,
Pol0116,5/7/2023,Traspaso,,,,Ok,,Individual,Seg0014,,,FALSE,FALSE,rut0140,rut0140,Cli0099,,,UF,,,,,,,8.00%,8.00%,Directa,,,,,,,,,15/7/2023,,
Neg0034,6/7/2023,Negocio,Aceptado,,,,,Individual,Seg0028,Cot0034,,FALSE,TRUE,rut0173,rut0173,Cli0117,,,UF,,,,,,,15.00%,0.00%,Directa,,,No Aplica,,,,,,16/7/2023,,
Pol0117,9/7/2023,Traspaso,,,,Ok,,Individual,Seg0014,,,FALSE,FALSE,rut0146,rut0146,Cli0102,,,UF,,,,,,,9.43%,9.43%,Directa,,,,,,,,,19/7/2023,,
Ren0003,13/7/2023,Renovación,,No Renovado,,,,Individual,,,Pol0009,FALSE,TRUE,rut0026,rut0026,Cli0021,,,UF,,,,,,,,,Directa,,,,,,Portal,,,23/7/2023,,
Pol0118,28/7/2023,Traspaso,,,,Ok,,Individual,Seg0028,,,FALSE,FALSE,rut0174,rut0174,Cli0117,,,UF,,,,,,,15.00%,0.00%,Directa,,,,,,,,,7/8/2023,,
Neg0036,1/8/2023,Negocio,Aceptado,,,,,Individual,Seg0014,Cot0036,,FALSE,TRUE,rut0140,rut0140,Cli0099,,,UF,,,,,,,22.00%,10.00%,PAC,,,Continuidad,,,,,,11/8/2023,,
Neg0037,2/8/2023,Negocio,Aceptado,,,,,Individual,,Cot0037,,FALSE,TRUE,rut0067,rut0067,Cli0046,,,UF,,,,,,,,,PAT,,,Autoinspección,711475,,,,,12/8/2023,,
Neg0038,2/8/2023,Negocio,Aceptado,,,,,Individual,,Cot0038,,FALSE,TRUE,rut0067,rut0067,Cli0046,,,UF,,,,,,,,,PAT,,,Autoinspección,711477,,,,,12/8/2023,,
Neg0039,2/8/2023,Negocio,Aceptado,,,,,Individual,,Cot0039,,FALSE,TRUE,rut0067,rut0067,Cli0046,,,UF,,,,,,,,,PAT,,,Autoinspección,711476,,,,,12/8/2023,,
Neg0040,2/8/2023,Negocio,Aceptado,,,,,Individual,Seg0026,Cot0040,,FALSE,TRUE,rut0067,rut0067,Cli0046,,,UF,,,,,,,15.00%,0.00%,Directa,,,No Aplica,,,,,,12/8/2023,,
Ren0004,2/8/2023,Renovación,,Renovado,,,,Individual,Seg0028,,Pol0011,FALSE,TRUE,rut0029,rut0029,Cli0024,,,UF,,,,,,,5.00%,0.00%,PAT,,,,,,Portal,,,12/8/2023,,
Neg0042,17/8/2023,Negocio,Aceptado,,,,,Individual,Seg0028,Cot0042,,FALSE,TRUE,rut0182,rut0182,Cli0112,,,UF,,,,,,,16.00%,0.00%,Directa,,,Autoinspección,,,,,,27/8/2023,,
Neg0043,17/8/2023,Negocio,Aceptado,,,,,Individual,Seg0028,Cot0043,,FALSE,TRUE,rut0124,rut0124,Cli0096,,,UF,,,,,,,15.00%,0.00%,PAT,,,Autoinspección,,,,,,27/8/2023,,
Ren0005,17/8/2023,Renovación,,No Renovado,,,,Individual,,,Pol0013,FALSE,TRUE,rut0068,rut0068,Cli0047,,,UF,,,,,,,,,Directa,,,,,,Portal,,,27/8/2023,,
Ren0006,20/8/2023,Renovación,,Renovado,,,,Individual,Seg0014,,Pol0015,FALSE,TRUE,rut0023,rut0023,Cli0018,,,UF,,,,,,,10.00%,10.00%,Directa,,,,,,Portal,,,30/8/2023,,
Neg0044,21/8/2023,Negocio,Aceptado,,,,,Individual,Seg0028,Cot0044,,FALSE,TRUE,rut0118,rut0118,Cli0081,,,UF,,,,,,,16.00%,0.00%,PAT,,,Autoinspección,,,,,,31/8/2023,,
Ren0007,24/8/2023,Renovación,,Renovado,,,,Individual,Seg0028,,Pol0016,FALSE,TRUE,rut0083,rut0083,Cli0059,,,UF,,,,,,,8.00%,0.00%,Directa,,,,,,Portal,,,3/9/2023,,
Ren0008,26/8/2023,Renovación,,Renovado,,,,Individual,Seg0028,,Pol0017,FALSE,TRUE,rut0069,rut0069,Cli0048,,,UF,,,,,,,7.50%,0.00%,Directa,,,,,,Portal,,,5/9/2023,,
Neg0041,31/8/2023,Negocio,Aceptado,,,,,Individual,Seg0028,Cot0041,,FALSE,TRUE,rut0181,rut0181,Cli0112,,,UF,,,,,,,16.00%,0.00%,Directa,,,Autoinspección,,,,,,10/9/2023,,
Ren0009,2/9/2023,Renovación,,Renovado,,,,Individual,Seg0028,,Pol0018,FALSE,TRUE,rut0174,rut0174,Cli0117,,,UF,,,,,,,14.00%,0.00%,Directa,,,,,,https://segurosaegis.sharepoint.com/:b:/s/SegurosAegis/Ecp0RNxiVZtEobGv5a5WwGwBuEVcc6h2rw7jixjsDEBACw?e=ImOcTZ,,,12/9/2023,,
Ren0010,10/9/2023,Renovación,,No Renovado,,,,Individual,,,Pol0019,FALSE,TRUE,rut0035,rut0035,Cli0028,,,UF,,,,,,,,,Directa,,,,,,Portal,,,20/9/2023,,
Pol0126,12/9/2023,Traspaso,,,,Ok,,Individual,Seg0014,,,FALSE,FALSE,rut0070,rut0070,Cli0049,,,UF,,,,,,,20.15%,0.00%,Directa,,,,,,,,,22/9/2023,,
Ren0011,14/9/2023,Renovación,,Renovado,,,,Individual,Seg0028,,Pol0020,FALSE,TRUE,rut0102,rut0102,Cli0070,,,UF,,,,,,,9.60%,0.00%,Directa,,,,,,Portal,,,24/9/2023,,
Neg0035,20/9/2023,Negocio,Aceptado,,,,,Individual,Seg0028,Cot0035,,FALSE,TRUE,rut0079,rut0079,Cli0056,,,UF,,,,,,,16.00%,0.00%,Directa,,,Autoinspección,,,,,,30/9/2023,,
Pol0129,27/9/2023,Traspaso,,,,Ok,,Individual,Seg0028,,,FALSE,FALSE,rut0158,rut0158,Cli0110,,,UF,,,,,,,11.50%,0.00%,PAT,,,,,,,,,7/10/2023,,
Neg0045,3/10/2023,Negocio,Aceptado,,,,,Individual,Seg0028,Cot0045,,FALSE,TRUE,rut0056,rut0056,Cli0040,,,UF,,,,,,,16.00%,0.00%,Directa,,,Autoinspección,,,,,,13/10/2023,,
Neg0046,3/10/2023,Negocio,Aceptado,,,,,Individual,Seg0028,Cot0046,,FALSE,TRUE,rut0173,rut0173,Cli0117,,,UF,,,,,,,15.00%,0.00%,Directa,,,Autoinspección,1715674,,,,,13/10/2023,,
Neg0047,11/10/2023,Negocio,Aceptado,,,,,Individual,Seg0028,Cot0047,,FALSE,TRUE,rut0057,rut0057,Cli0040,,,UF,,,,,,,12.00%,0.00%,Directa,,,Autoinspección,,,,,,21/10/2023,,
Neg0048,11/10/2023,Negocio,Aceptado,,,,,Individual,Seg0028,Cot0048,,FALSE,TRUE,rut0057,rut0057,Cli0040,,,UF,,,,,,,12.00%,0.00%,Directa,,,Autoinspección,,,,,,21/10/2023,,
Pol0132,15/10/2023,Traspaso,,,,Ok,,Individual,Seg0028,,,FALSE,FALSE,rut0022,rut0022,Cli0017,,,UF,,,,,,,13.53%,0.00%,PAT,,,,,,,,,25/10/2023,,
dfsrgsrgwgr,16/2/2026,Traspaso,,,,Ok,,Individual,Seg0006,,,FALSE,FALSE,rut0146,rut0146,Cli0102,,,UF,,,,,,,10.00%,0.00%,PAT,,,,,,,,,26/2/2026,,
Ren0012,15/10/2023,Renovación,,Renovado,,,,Individual,Seg0028,,Pol0023,FALSE,TRUE,rut0071,rut0071,Cli0050,,,UF,,,,,,,10.00%,0.00%,PAC,,,,,,Portal,,,25/10/2023,,
Ren0013,15/10/2023,Renovación,,Renovado,,,,Individual,Seg0014,,Pol0024,FALSE,TRUE,rut0074,rut0074,Cli0052,,,UF,,,,,,,23.00%,23.00%,Directa,,,,,,Portal,,,25/10/2023,,
Ren0014,15/10/2023,Renovación,,Renovado,,,,Individual,Seg0014,,Pol0025,FALSE,TRUE,rut0074,rut0074,Cli0052,,,UF,,,,,,,23.00%,23.00%,Directa,,,,,,Portal,,,25/10/2023,,
Ren0015,15/10/2023,Renovación,,Renovado,,,,Individual,Seg0014,,Pol0026,FALSE,TRUE,rut0074,rut0074,Cli0052,,,UF,,,,,,,23.00%,23.00%,Directa,,,,,,Portal,,,25/10/2023,,
Ren0016,25/10/2023,Renovación,,Renovado,,,,Individual,Seg0011,,Pol0028,FALSE,TRUE,rut0041,rut0041,Cli0032,,,UF,,,,,,,10.00%,0.00%,Directa,,,,,,Portal,,,4/11/2023,,
Pol0138,28/10/2023,Traspaso,,,,Ok,,Individual,Seg0028,,,FALSE,FALSE,rut0074,rut0074,Cli0052,,,UF,,,,,,,12.00%,0.00%,Directa,,,,,,,,,7/11/2023,,
Neg0049,30/10/2023,Negocio,Aceptado,,,,,Individual,Seg0017,Cot0049,,FALSE,TRUE,rut0007,rut0007,8a0eccf1,,,UF,,,,,,,15.00%,7.00%,Directa,,,No Aplica,,,,,,9/11/2023,,
Pol0140,1/11/2023,Traspaso,,,,Ok,,Individual,Seg0028,,,FALSE,FALSE,rut0066,rut0066,Cli0046,,,UF,,,,,,,15.00%,0.00%,Directa,,,,,,,,,11/11/2023,,
Ren0017,1/11/2023,Renovación,,Renovado,,,,Individual,Seg0028,,Pol0029,FALSE,TRUE,rut0105,rut0105,Cli0072,,,UF,,,,,,,7.00%,0.00%,PAT,,,,,,Portal,,,11/11/2023,,
Ren0018,2/11/2023,Renovación,,Renovado,,,,Individual,Seg0028,,Pol0030,FALSE,TRUE,rut0044,rut0044,Cli0034,,,UF,,,,,,,7.00%,0.00%,PAT,,,,,,Portal,,,12/11/2023,,
Ren0019,3/11/2023,Renovación,,No Renovado,,,,Individual,,,Pol0031,FALSE,TRUE,rut0076,rut0076,Cli0053,,,UF,,,,,,,,,PAT,,,,,,Portal,,,13/11/2023,,
Neg0050,6/11/2023,Negocio,Aceptado,,,,,Individual,Seg0017,Cot0050,,FALSE,TRUE,rut0116,rut0116,Cli0079,,,UF,,,,,,,15.00%,7.00%,PAC,,,Compañía,,,,,,16/11/2023,,
Ren0020,7/11/2023,Renovación,,Renovado,,,,Individual,Seg0028,,Pol0032,FALSE,TRUE,rut0016,rut0016,Cli0014,,,UF,,,,,,,7.50%,0.00%,Directa,,,,,,Portal,,,17/11/2023,,
Neg0052,14/11/2023,Negocio,Aceptado,,,,,Individual,,Cot0052,,FALSE,TRUE,rut0179,rut0179,Cli0119,,,UF,,,,,,,,,Directa,,,Autoinspección,1256410,,,,,24/11/2023,,
Neg0055,16/11/2023,Negocio,Aceptado,,,,,Individual,Seg0028,Cot0055,,FALSE,TRUE,rut0149,rut0149,Cli0103,,,UF,,,,,,,15.00%,0.00%,PAT,,,No Aplica,,,,,,26/11/2023,,
Neg0056,20/11/2023,Negocio,Aceptado,,,,,Individual,Seg0000,Cot0056,,FALSE,TRUE,rut0196,rut0196,Cli0129,,,UF,,,,,,,10.00%,10.00%,Directa,,,No Aplica,,,,,,30/11/2023,,
Neg0057,20/11/2023,Negocio,Aceptado,,,,,Individual,Seg0001,Cot0057,,FALSE,TRUE,rut0196,rut0196,Cli0129,,,UF,,,,,,,22.00%,22.00%,Directa,,,No Aplica,,,,,,30/11/2023,,
Neg0058,20/11/2023,Negocio,Aceptado,,,,,Individual,Seg0023,Cot0058,,FALSE,TRUE,rut0196,rut0196,Cli0129,,,UF,,,,,,,15.00%,0.00%,Directa,,,No Aplica,,,,,,30/11/2023,,
Neg0053,23/11/2023,Negocio,Aceptado,,,,,Individual,Seg0028,Cot0053,,FALSE,TRUE,rut0159,rut0159,Cli0111,,,UF,,,,,,,15.00%,0.00%,PAT,,,No Aplica,,,,,,3/12/2023,,
Ren0021,23/11/2023,Renovación,,Renovado,,,,Individual,Seg0028,,Pol0033,FALSE,TRUE,rut0070,rut0070,Cli0049,,,UF,,,,,,,15.00%,0.00%,PAC,,,,,,https://segurosaegis.sharepoint.com/:b:/s/SegurosAegis/EbFn5hP8k3lIvKfAfznevXYB_1BTJVujAAHRSblAFt6bBg?e=LVCr03,,,3/12/2023,,
Ren0022,24/11/2023,Renovación,,Renovado,,,,Individual,Seg0017,,Pol0034,FALSE,TRUE,rut0056,rut0056,Cli0040,,,UF,,,,,,,16.00%,16.00%,Directa,,,,,,https://segurosaegis.sharepoint.com/:b:/s/SegurosAegis/EchjKaB-HihPj4_83H7vIB4B1J20_p0sqR2dIzqlOnqSqw?e=OwsisE,,,4/12/2023,,
Pol0152,28/11/2023,Traspaso,,,,Ok,,Individual,Seg0028,,,FALSE,FALSE,rut0169,rut0169,Cli0115,,,UF,,,,,,,12.00%,0.00%,Directa,,,,,,,,,8/12/2023,,
Ren0023,28/11/2023,Renovación,,Renovado,,,,Individual,Seg0014,,Pol0035,FALSE,TRUE,rut0155,rut0155,Cli0107,,,UF,,,,,,,10.00%,0.00%,Directa,,,,,,Portal,,,8/12/2023,,
Ren0024,2/12/2023,Renovación,,Renovado,,,,Individual,Seg0028,,Pol0037,FALSE,TRUE,rut0119,rut0119,Cli0082,,,UF,,,,,,,5.00%,0.00%,Directa,,,,,,Portal,,,12/12/2023,,
Ren0025,2/12/2023,Renovación,,Renovado,,,,Individual,Seg0028,,Pol0038,FALSE,TRUE,rut0053,rut0053,Cli0040,,,UF,,,,,,,15.00%,0.00%,Directa,,,,,,https://segurosaegis.sharepoint.com/:b:/s/SegurosAegis/EXzOY1dgj8pNo7PwAKoIiEMBuEnMoJaqJbsLPHSDgPXeMQ?e=DCFi6d,,,12/12/2023,,
Neg0059,7/12/2023,Negocio,Aceptado,,,,,Individual,Seg0028,Cot0059,,FALSE,TRUE,rut0134,rut0134,Cli0098,,,UF,,,,,,,14.00%,0.00%,PAT,,,No Aplica,,,,,,17/12/2023,,
Ren0026,9/12/2023,Renovación,,Renovado,,,,Individual,Seg0028,,Pol0039,FALSE,TRUE,rut0191,rut0191,Cli0125,,,UF,,,,,,,14.00%,0.00%,PAT,,,,,,https://segurosaegis.sharepoint.com/:b:/s/SegurosAegis/EYcFx-DjTDVAsoiAoLy3yMoBZ5cgnAGrdHGnlmpxUB9iBw?e=XCv0Fi,,,19/12/2023,,
Neg0060,14/12/2023,Negocio,Aceptado,,,,,Individual,Seg0000,Cot0060,,FALSE,TRUE,rut0139,rut0139,Cli0092,,,UF,,,,,,,8.00%,8.00%,Directa,,,No Aplica,,,,,,24/12/2023,,
Neg0054,15/12/2023,Negocio,Aceptado,,,,,Individual,,Cot0054,,FALSE,TRUE,rut0048,rut0048,Cli0037,,,UF,,,,,,,,,PAT,,,Autoinspección,,,,,,25/12/2023,,
Pol0161,15/12/2023,Traspaso,,,,Ok,,Individual,Seg0014,,,FALSE,FALSE,rut0035,rut0035,Cli0028,,,UF,,,,,,,30.00%,0.00%,Directa,,,,,,,,,25/12/2023,,
Pol0162,15/12/2023,Traspaso,,,,Ok,,Individual,Seg0014,,,FALSE,FALSE,rut0035,rut0035,Cli0028,,,UF,,,,,,,30.00%,0.00%,Directa,,,,,,,,,25/12/2023,,
Pol0163,15/12/2023,Traspaso,,,,Ok,,Individual,Seg0014,,,FALSE,FALSE,rut0035,rut0035,Cli0028,,,UF,,,,,,,30.00%,0.00%,Directa,,,,,,,,,25/12/2023,,
Neg0061,20/12/2023,Negocio,Aceptado,,,,,Individual,Seg0028,Cot0061,,FALSE,TRUE,rut0009,rut0009,Cli0008,,,UF,,,,,,,15.00%,0.00%,PAT,,,Autoinspección,,,,,,30/12/2023,,
Neg0062,22/12/2023,Negocio,Aceptado,,,,,Individual,Seg0028,Cot0062,,FALSE,TRUE,rut0189,rut0189,Cli0123,,,UF,,,,,,,15.00%,0.00%,Directa,,,No Aplica,,,,,,1/1/2024,,
Ren0027,30/12/2023,Renovación,,Renovado,,,,Individual,Seg0028,,Pol0040,FALSE,TRUE,rut0120,rut0120,Cli0083,,,UF,,,,,,,7.00%,0.00%,Directa,,,,,,Portal,,,9/1/2024,,
Ren0028,2/1/2024,Renovación,,Cambio Cía,,,,Individual,Seg0028,,Pol0041,FALSE,TRUE,rut0096,rut0096,Cli0068,,,UF,,,,,,,10.00%,0.00%,Directa,,,,,,https://segurosaegis.sharepoint.com/:b:/s/SegurosAegis/EcTgaKRUnixNnSuFwINgKzMBMuteBOwVUnZO10FBdogbjA?e=2wzhNO,,,12/1/2024,,
Ren0029,5/1/2024,Renovación,,Renovado,,,,Individual,Seg0014,,Pol0042,FALSE,TRUE,rut0110,rut0110,Cli0075,,,UF,,,,,,,17.00%,17.00%,Directa,,,,,,https://segurosaegis.sharepoint.com/:x:/s/SegurosAegis/ERs6x6SWb35Mo-nc_Kh6w9cBalfmt6NqP36U8n88plFkXA?e=QpN2w4,,,15/1/2024,,
Ren0030,11/1/2024,Renovación,,Renovado,,,,Individual,Seg0028,,Pol0043,FALSE,TRUE,rut0089,rut0089,Cli0064,,,UF,,,,,,,15.00%,0.00%,Directa,,,,,,https://segurosaegis.sharepoint.com/:b:/s/SegurosAegis/EaZ4F5EphS5MnvJJUZOR9MsBybZUpIAZhjDQ_ADL42B8dA?e=oCgRWa,,,21/1/2024,,
Ren0031,11/1/2024,Renovación,,Renovado,,,,Individual,Seg0028,,Pol0044,FALSE,TRUE,rut0061,rut0061,Cli0045,,,UF,,,,,,,11.00%,0.00%,PAT,,,,,,https://segurosaegis.sharepoint.com/:x:/s/SegurosAegis/EfgIkbNyo0hAk_aPLXCrbPAB3Ny1jmisEZoKnz4anK3v-Q?e=yb5WUv,,,21/1/2024,,
Ren0032,11/1/2024,Renovación,,Renovado,,,,Individual,Seg0028,,Pol0045,FALSE,TRUE,rut0160,rut0160,Cli0111,,,UF,,,,,,,11.00%,0.00%,PAT,,,,,,https://segurosaegis.sharepoint.com/:b:/s/SegurosAegis/EdS2Vw_e_I5KvKGE6xWfpYMBSuW2XXjO9FnLp7TGJjbhQw?e=zBp7YE,,,21/1/2024,,
Ren0033,11/1/2024,Renovación,,Renovado,,,,Individual,Seg0028,,Pol0047,FALSE,TRUE,rut0160,rut0160,Cli0111,,,UF,,,,,,,15.00%,0.00%,PAT,,,,,,https://segurosaegis.sharepoint.com/:b:/s/SegurosAegis/EXW-OvLZ78JHi5RsYNY5CXYB08Izer8FvZ70T3JfXFRDVg?e=YCO8Wk,,,21/1/2024,,
Ren0034,11/1/2024,Renovación,,Renovado,,,,Individual,Seg0028,,Pol0048,FALSE,TRUE,rut0159,rut0159,Cli0111,,,UF,,,,,,,15.00%,0.00%,PAT,,,,,,https://segurosaegis.sharepoint.com/:x:/s/SegurosAegis/EfgIkbNyo0hAk_aPLXCrbPAB3Ny1jmisEZoKnz4anK3v-Q?e=yb5WUv,,,21/1/2024,,
Ren0035,11/1/2024,Renovación,,No Renovado,,,,Individual,,,Pol0049,FALSE,TRUE,rut0008,rut0008,Cli0007,,,UF,,,,,,,,,PAC,,,,,,https://segurosaegis.sharepoint.com/:b:/s/SegurosAegis/ETQaXVWNRcpLiNVkImTW6GMBgaRzcMGcNCNTVJ-njsbCRw?e=navXST,,,21/1/2024,,
Ren0036,11/1/2024,Renovación,,Renovado,,,,Individual,Seg0028,,Pol0053,FALSE,TRUE,rut0172,rut0172,Cli0116,,,UF,,,,,,,14.00%,0.00%,Directa,,,,,,https://segurosaegis.sharepoint.com/:b:/s/SegurosAegis/ETQaXVWNRcpLiNVkImTW6GMBgaRzcMGcNCNTVJ-njsbCRw?e=navXST,,,21/1/2024,,
Ren0037,11/1/2024,Renovación,,Renovado,,,,Individual,Seg0028,,Pol0056,FALSE,TRUE,rut0003,rut0003,Cli0003,,,UF,,,,,,,15.00%,0.00%,Directa,,,,,,https://segurosaegis.sharepoint.com/:b:/s/SegurosAegis/ETQaXVWNRcpLiNVkImTW6GMBgaRzcMGcNCNTVJ-njsbCRw?e=navXST,,,21/1/2024,,
Ren0038,11/1/2024,Renovación,,Renovado,,,,Individual,Seg0028,,Pol0057,FALSE,TRUE,rut0078,rut0078,Cli0056,,,UF,,,,,,,15.00%,0.00%,Directa,,,,,,https://segurosaegis.sharepoint.com/:b:/s/SegurosAegis/EZHU0EYZDTtLn01cYbJpQi8B3jZ4cCmv4tNTZefcdB4sgg?e=mNdhJp,,,21/1/2024,,
Ren0039,11/1/2024,Renovación,,Renovado,,,,Individual,Seg0028,,Pol0059,FALSE,TRUE,rut0151,rut0151,Cli0105,,,UF,,,,,,,16.00%,0.00%,PAT,,,,,,https://segurosaegis.sharepoint.com/:x:/s/SegurosAegis/EfgIkbNyo0hAk_aPLXCrbPAB3Ny1jmisEZoKnz4anK3v-Q?e=yb5WUv,,,21/1/2024,,
Ren0040,11/1/2024,Renovación,,Renovado,,,,Individual,Seg0028,,Pol0061,FALSE,TRUE,rut0060,rut0060,Cli0043,,,UF,,,,,,,15.00%,0.00%,PAT,,,,,,https://segurosaegis.sharepoint.com/:b:/s/SegurosAegis/EVIpahMLTH1JofsX9tyYyGEBaH2uK_2sn3E_rOw0eAzmkw?e=ROgfdY,,,21/1/2024,,
Ren0041,11/1/2024,Renovación,,Renovado,,,,Individual,Seg0028,,Pol0062,FALSE,TRUE,rut0198,rut0198,Cli0132,,,UF,,,,,,,12.00%,0.00%,Directa,,,,,,https://segurosaegis.sharepoint.com/:b:/s/SegurosAegis/ETQaXVWNRcpLiNVkImTW6GMBgaRzcMGcNCNTVJ-njsbCRw?e=navXST,,,21/1/2024,,
Ren0042,11/1/2024,Renovación,,No Renovado,,,,Individual,,,Pol0063,FALSE,TRUE,rut0025,rut0025,Cli0020,,,UF,,,,,,,,,PAT,,,,,,https://segurosaegis.sharepoint.com/:b:/s/SegurosAegis/ETQaXVWNRcpLiNVkImTW6GMBgaRzcMGcNCNTVJ-njsbCRw?e=navXST,,,21/1/2024,,
Ren0043,11/1/2024,Renovación,,Renovado,,,,Individual,Seg0028,,Pol0064,FALSE,TRUE,rut0146,rut0146,Cli0102,,,UF,,,,,,,14.00%,0.00%,Directa,,,,,,https://segurosaegis.sharepoint.com/:b:/s/SegurosAegis/ETQaXVWNRcpLiNVkImTW6GMBgaRzcMGcNCNTVJ-njsbCRw?e=navXST,,,21/1/2024,,
Ren0044,11/1/2024,Renovación,,No Renovado,,,,Individual,,,Pol0065,FALSE,TRUE,rut0032,rut0032,Cli0026,,,UF,,,,,,,,,Directa,,,,,,,,,21/1/2024,,
Ren0045,11/1/2024,Renovación,,No Renovado,,,,Individual,Seg0028,,Pol0068,FALSE,TRUE,rut0030,rut0030,Cli0025,,,UF,,,,,,,16.00%,0.00%,Directa,,,,,,https://segurosaegis.sharepoint.com/:x:/s/SegurosAegis/EfgIkbNyo0hAk_aPLXCrbPAB3Ny1jmisEZoKnz4anK3v-Q?e=yb5WUv,,,21/1/2024,,
Ren0046,11/1/2024,Renovación,,Renovado,,,,Individual,Seg0028,,Pol0069,FALSE,TRUE,rut0091,rut0091,Cli0064,,,UF,,,,,,,16.00%,0.00%,Directa,,,,,,https://segurosaegis.sharepoint.com/:b:/s/SegurosAegis/ETdrY6zFK8VLtNAEG_9avWIBxA96txVpisVKYE0FOCiazA?e=c0Ite0,,,21/1/2024,,
Ren0047,11/1/2024,Renovación,,Renovado,,,,Individual,Seg0028,,Pol0070,FALSE,TRUE,rut0094,rut0094,Cli0067,,,UF,,,,,,,16.00%,0.00%,PAT,,,,,,https://segurosaegis.sharepoint.com/:x:/s/SegurosAegis/EfgIkbNyo0hAk_aPLXCrbPAB3Ny1jmisEZoKnz4anK3v-Q?e=yb5WUv,,,21/1/2024,,
Ren0048,11/1/2024,Renovación,,No Renovado,,,,Individual,,,Pol0072,FALSE,TRUE,rut0136,rut0136,Cli0090,,,UF,,,,,,,,,Directa,,,,,,https://segurosaegis.sharepoint.com/:x:/s/SegurosAegis/EfgIkbNyo0hAk_aPLXCrbPAB3Ny1jmisEZoKnz4anK3v-Q?e=yb5WUv,,,21/1/2024,,
Ren0049,11/1/2024,Renovación,,Renovado,,,,Individual,Seg0028,,Pol0073,FALSE,TRUE,rut0145,rut0145,Cli0101,,,UF,,,,,,,16.00%,0.00%,Directa,,,,,,https://segurosaegis.sharepoint.com/:x:/s/SegurosAegis/EfgIkbNyo0hAk_aPLXCrbPAB3Ny1jmisEZoKnz4anK3v-Q?e=yb5WUv,,,21/1/2024,,
Ren0050,11/1/2024,Renovación,,Renovado,,,,Individual,Seg0028,,Pol0074,FALSE,TRUE,rut0143,rut0143,Cli0101,,,UF,,,,,,,16.00%,0.00%,Directa,,,,,,https://segurosaegis.sharepoint.com/:x:/s/SegurosAegis/EfgIkbNyo0hAk_aPLXCrbPAB3Ny1jmisEZoKnz4anK3v-Q?e=yb5WUv,,,21/1/2024,,
Ren0051,11/1/2024,Renovación,,Renovado,,,,Individual,Seg0028,,Pol0079,FALSE,TRUE,rut0090,rut0090,Cli0064,,,UF,,,,,,,14.50%,0.00%,Directa,,,,,,https://segurosaegis.sharepoint.com/:b:/s/SegurosAegis/EWsB3TCI229OrBPNKZBrmcEBsiEqL7c4_zJabvJ3E1DAcw?e=E4j84N,,,21/1/2024,,
Ren0052,11/1/2024,Renovación,,Renovado,,,,Individual,Seg0028,,Pol0080,FALSE,TRUE,rut0118,rut0118,Cli0081,,,UF,,,,,,,16.00%,0.00%,PAT,,,,,,https://segurosaegis.sharepoint.com/:x:/s/SegurosAegis/EfgIkbNyo0hAk_aPLXCrbPABWWOot96V4zyRItnwaHSgAw?e=P8fccL,,,21/1/2024,,
Ren0053,11/1/2024,Renovación,,Renovado,,,,Individual,Seg0028,,Pol0081,FALSE,TRUE,rut0182,rut0182,Cli0112,,,UF,,,,,,,16.00%,0.00%,Directa,,,,,,https://segurosaegis.sharepoint.com/:x:/s/SegurosAegis/EfgIkbNyo0hAk_aPLXCrbPAB3Ny1jmisEZoKnz4anK3v-Q?e=yb5WUv,,,21/1/2024,,
Ren0054,11/1/2024,Renovación,,Renovado,,,,Individual,Seg0028,,Pol0083,FALSE,TRUE,rut0079,rut0079,Cli0056,,,UF,,,,,,,16.00%,0.00%,Directa,,,,,,https://segurosaegis.sharepoint.com/:x:/s/SegurosAegis/EfgIkbNyo0hAk_aPLXCrbPAB3Ny1jmisEZoKnz4anK3v-Q?e=yb5WUv,,,21/1/2024,,
Ren0055,11/1/2024,Renovación,,Renovado,,,,Individual,Seg0028,,Pol0084,FALSE,TRUE,rut0056,rut0056,Cli0040,,,UF,,,,,,,16.00%,0.00%,Directa,,,,,,https://segurosaegis.sharepoint.com/:x:/s/SegurosAegis/EfgIkbNyo0hAk_aPLXCrbPAB3Ny1jmisEZoKnz4anK3v-Q?e=yb5WUv,,,21/1/2024,,
Ren0056,11/1/2024,Renovación,,Renovado,,,,Individual,Seg0028,,Pol0085,FALSE,TRUE,rut0128,rut0128,Cli0093,,,UF,,,,,,,16.00%,0.00%,PAC,,,,,,https://segurosaegis.sharepoint.com/:b:/s/SegurosAegis/EdVIbOw-7qlCoj1P2Lh3CucBQNbm6Uyt4awb4t9h1vumFg?e=bsjn95,,,21/1/2024,,
sthdvtr,11/1/2024,Renovación,,Cambio Cía,,,,Individual,Seg0028,,Pol0045,FALSE,TRUE,rut0160,rut0160,Cli0111,,,UF,,,,,,,15.00%,0.00%,PAT,,,,,,,,,21/1/2024,,
Neg0063,16/1/2024,Negocio,Aceptado,,,,,Individual,Seg0028,Cot0063,,FALSE,TRUE,rut0128,rut0128,Cli0093,,,UF,,,,,,,16.00%,0.00%,PAC,,,Autoinspección,,,,,,26/1/2024,,
Neg0064,22/1/2024,Negocio,Aceptado,,,,,Individual,Seg0028,Cot0064,,FALSE,TRUE,rut0013,rut0013,Cli0012,,,UF,,,,,,,14.50%,0.00%,PAC,,,Continuidad,,,,,,1/2/2024,,
Neg0065,22/1/2024,Negocio,Aceptado,,,,,Individual,Seg0028,Cot0065,,FALSE,TRUE,rut0013,rut0013,Cli0012,,,UF,,,,,,,14.50%,0.00%,PAC,,,Continuidad,,,,,,1/2/2024,,
Neg0066,24/1/2024,Negocio,Aceptado,,,,,Individual,Seg0028,Cot0066,,FALSE,TRUE,rut0064,rut0064,Cli0046,,,UF,,,,,,,14.00%,0.00%,Directa,,,No Aplica,,,,,,3/2/2024,,
Neg0067,29/1/2024,Negocio,Aceptado,,,,,Individual,Seg0014,Cot0067,,FALSE,TRUE,rut0157,rut0157,Cli0109,,,UF,,,,,,,25.00%,25.00%,Directa,,,No Aplica,,,,,,8/2/2024,,
Neg0068,31/1/2024,Negocio,Aceptado,,,,,Individual,,Cot0068,,FALSE,TRUE,rut0190,rut0190,Cli0124,,,UF,,,,,,,,,PAT,,,Autoinspección,1263746,,,,,10/2/2024,,
Neg0069,2/2/2024,Negocio,Aceptado,,,,,Individual,Seg0023,Cot0069,,FALSE,TRUE,rut0096,rut0096,Cli0068,,,UF,,,,,,,16.00%,0.00%,Directa,,,No Aplica,,,,,,12/2/2024,,
Neg0051,7/2/2024,Negocio,Aceptado,,,,,Individual,Seg0014,Cot0051,,FALSE,TRUE,rut0110,rut0110,Cli0075,,,UF,,,,,,,22.00%,10.00%,Directa,,,No Aplica,,,,,,17/2/2024,,
Neg0070,7/2/2024,Negocio,Aceptado,,,,,Individual,Seg0028,Cot0070,,FALSE,TRUE,rut0110,rut0110,Cli0075,,,UF,,,,,,,13.00%,0.00%,PAT,,,Autoinspección,740048,,,,,17/2/2024,,
Neg0071,7/2/2024,Negocio,Aceptado,,,,,Individual,Seg0028,Cot0071,,FALSE,TRUE,rut0110,rut0110,Cli0075,,,UF,,,,,,,13.00%,0.00%,PAT,,,Autoinspección,740049,,,,,17/2/2024,,
Ren0057,15/2/2024,Renovación,,Renovado,,,,Individual,Seg0028,,Pol0091,FALSE,TRUE,rut0080,rut0080,Cli0057,,,UF,,,,,,,15.00%,0.00%,Directa,,,,,,,,,25/2/2024,,
Ren0058,15/2/2024,Renovación,,Renovado,,,,Individual,Seg0028,,Pol0092,FALSE,TRUE,rut0128,rut0128,Cli0093,,,UF,,,,,,,15.00%,0.00%,PAC,,,,,,,,,25/2/2024,,
Ren0059,17/2/2024,Renovación,,Renovado,,,,Individual,Seg0014,,Pol0093,FALSE,TRUE,rut0159,rut0159,Cli0111,,,UF,,,,,,,15.00%,15.00%,PAT,,,,,,,,,27/2/2024,,
Ren0060,18/2/2024,Renovación,,Renovado,,,,Individual,Seg0014,,Pol0094,FALSE,TRUE,rut0166,rut0166,Cli0111,,,UF,,,,,,,18.00%,18.00%,PAC,,,,,,,,,28/2/2024,,
Neg0073,23/2/2024,Negocio,Aceptado,,,,,Individual,Seg0028,Cot0073,,FALSE,TRUE,rut0144,rut0144,Cli0101,,,UF,,,,,,,17.00%,0.00%,PAT,,,Autoinspección,1008900,,,,,4/3/2024,,
Neg0074,23/2/2024,Negocio,Aceptado,,,,,Individual,Seg0028,Cot0074,,FALSE,TRUE,rut0043,rut0043,Cli0033,,,UF,,,,,,,13.00%,0.00%,PAT,,,No Aplica,,,,,,4/3/2024,,
Neg0072,5/3/2024,Negocio,Aceptado,,,,,Individual,Seg0014,Cot0072,,FALSE,TRUE,rut0152,rut0152,Cli0106,,,UF,,,,,,,23.00%,23.00%,PAC,,,No Aplica,,,,,,15/3/2024,,
Neg0075,18/3/2024,Negocio,Aceptado,,,,,Individual,Seg0023,Cot0075,,FALSE,TRUE,rut0149,rut0149,Cli0103,,,UF,,,,,,,15.00%,0.00%,PAT,,,No Aplica,,,,,,28/3/2024,,
Neg0076,18/3/2024,Negocio,Aceptado,,,,,Individual,Seg0003,Cot0076,,FALSE,TRUE,rut0149,rut0149,Cli0103,,,UF,,,,,,,15.00%,15.00%,Directa,,,No Aplica,,,,,,28/3/2024,,
Neg0077,19/3/2024,Negocio,Aceptado,,,,,Individual,Seg0028,Cot0077,,FALSE,TRUE,rut0039,rut0039,Cli0030,,,UF,,,,,,,15.00%,0.00%,PAT,,,Autoinspección,,,,,,29/3/2024,,
Neg0078,22/3/2024,Negocio,Aceptado,,,,,Individual,Seg0028,Cot0078,,FALSE,TRUE,rut0057,rut0057,Cli0040,,,UF,,,,,,,14.00%,0.00%,Directa,,,Autoinspección,,,,,,1/4/2024,,
Neg0079,25/3/2024,Negocio,Aceptado,,,,,Individual,Seg0028,Cot0079,,FALSE,TRUE,rut0057,rut0057,Cli0040,,,UF,,,,,,,14.00%,0.00%,Directa,,,Autoinspección,,,,,,4/4/2024,,
Neg0080,25/3/2024,Negocio,Aceptado,,,,,Individual,Seg0028,Cot0080,,FALSE,TRUE,rut0057,rut0057,Cli0040,,,UF,,,,,,,14.00%,0.00%,Directa,,,Autoinspección,,,,,,4/4/2024,,
Neg0081,25/3/2024,Negocio,Aceptado,,,,,Individual,Seg0028,Cot0081,,FALSE,TRUE,rut0057,rut0057,Cli0040,,,UF,,,,,,,14.00%,0.00%,Directa,,,Autoinspección,,,,,,4/4/2024,,
Neg0082,25/3/2024,Negocio,Aceptado,,,,,Individual,Seg0023,Cot0082,,FALSE,TRUE,rut0056,rut0056,Cli0040,,,UF,,,,,,,18.00%,0.00%,Directa,,,No Aplica,,,,,,4/4/2024,,
Pol0224,25/3/2024,Traspaso,,,,Ok,,Individual,Seg0022,,,FALSE,FALSE,rut0037,rut0037,Cli0029,,,UF,,,,,,,0.00%,0.00%,Directa,,,,,,,,,4/4/2024,,
Ren0061,25/3/2024,Renovación,,Renovado,,,,Individual,Seg0013,,Pol0096,FALSE,TRUE,rut0037,rut0037,Cli0029,,,UF,,,,,,,0.00%,0.00%,Directa,,,,,,,,,4/4/2024,,
Ren0062,28/3/2024,Renovación,,Renovado,,,,Individual,Seg0014,,Pol0097,FALSE,TRUE,rut0165,rut0165,Cli0111,,,UF,,,,,,,11.48%,11.48%,PAC,,,,,,https://segurosaegis.sharepoint.com/:b:/s/SegurosAegis1/EU9M6p0wZ4pGle1691onSuIBSOUJufPzmHPdf68XyAJrvQ?e=MAwoeY,,,7/4/2024,,
Ren0063,30/3/2024,Renovación,,No Renovado,,,,Individual,,,Pol0098,FALSE,TRUE,rut0173,rut0173,Cli0117,,,UF,,,,,,,,,Directa,,,,,,,,,9/4/2024,,
Neg0083,2/4/2024,Negocio,Aceptado,,,,,Individual,Seg0028,Cot0083,,FALSE,TRUE,rut0194,rut0194,Cli0127,,,UF,,,,,,,8.00%,0.00%,Directa,,,No Aplica,,,,,,12/4/2024,,
Ren0064,8/4/2024,Renovación,,Renovado,,,,Individual,Seg0028,,Pol0099,FALSE,TRUE,rut0135,rut0135,Cli0098,,,UF,,,,,,,15.00%,0.00%,PAC,,,,,,,,,18/4/2024,,
Neg0084,11/4/2024,Negocio,Aceptado,,,,,Individual,Seg0028,Cot0084,,FALSE,TRUE,rut0078,rut0078,Cli0056,,,UF,,,,,,,15.00%,0.00%,Directa,,,Autoinspección,,,,,,21/4/2024,,
Neg0085,17/4/2024,Negocio,Aceptado,,,,,Individual,,Cot0085,,FALSE,TRUE,rut0172,rut0172,Cli0116,,,UF,,,,,,,,,Directa,,,Autoinspección,1840977,,,,,27/4/2024,,
Ren0065,20/4/2024,Renovación,,Cambio Cía,,,,Individual,Seg0028,,Pol0100,FALSE,TRUE,rut0052,rut0052,Cli0039,,,UF,,,,,,,13.00%,0.00%,PAT,,,,,,https://segurosaegis.sharepoint.com/:b:/s/SegurosAegis1/ETam8HcT8vRFqqK6MObCT3gB_rxnCkmDWiUWMa17Sfi1HA?e=SZGj6J,,,30/4/2024,,
Neg0086,22/4/2024,Negocio,Aceptado,,,,,Individual,Seg0028,Cot0086,,FALSE,TRUE,rut0070,rut0070,Cli0049,,,UF,,,,,,,15.00%,0.00%,PAT,,,No Aplica,,,,,,2/5/2024,,
Ren0066,26/4/2024,Renovación,,Renovado,,,,Individual,Seg0028,,Pol0101,FALSE,TRUE,rut0057,rut0057,Cli0040,,,UF,,,,,,,12.00%,0.00%,Directa,,,,,,,,,6/5/2024,,
Neg0087,13/5/2024,Negocio,Aceptado,,,,,Individual,Seg0017,Cot0087,,FALSE,TRUE,rut0014,rut0014,Cli0128,,,UF,,,,,,,15.00%,7.00%,Directa,,,Compañía,,,,,,23/5/2024,,
Ren0067,13/5/2024,Renovación,,Renovado,,,,Individual,Seg0028,,Pol0102,FALSE,TRUE,rut0117,rut0117,Cli0080,,,UF,,,,,,,10.50%,0.00%,PAC,,,,,,,,,23/5/2024,,
Ren0068,27/5/2024,Renovación,,Cambio Cía,,,,Individual,Seg0026,,Pol0105,FALSE,TRUE,rut0057,rut0057,Cli0040,,,UF,,,,,,,16.00%,0.00%,Directa,,,,,,https://segurosaegis.sharepoint.com/:b:/s/SegurosAegis1/EfHUL-nJRnpAqN6cB3l6hW4B9tmV3s7fkEBSVis-jaI5dQ?e=eWXKwO,,,6/6/2024,,
Neg0088,28/5/2024,Negocio,Aceptado,,,,,Individual,Seg0028,Cot0088,,FALSE,TRUE,rut0050,rut0050,Cli0037,,,UF,,,,,,,0.00%,0.00%,PAT,,,Autoinspección,1281188,,,,,7/6/2024,,
Neg0089,29/5/2024,Negocio,Aceptado,,,,,Individual,Seg0028,Cot0089,,FALSE,TRUE,rut0030,rut0030,Cli0025,,,UF,,,,,,,17.00%,0.00%,PAT,,,Autoinspección,1049351,,,,,8/6/2024,,
Ren0069,2/6/2024,Renovación,,Renovado,,,,Individual,Seg0026,,Pol0106,FALSE,TRUE,rut0173,rut0173,Cli0117,,,UF,,,,,,,17.00%,0.00%,Directa,,,,,,https://segurosaegis.sharepoint.com/:b:/s/SegurosAegis1/EcuxoerP49FHlUxPeSboKIQBlw15pvkh3Ev8w2tIqkyjNQ?e=DC9coE,,,12/6/2024,,
Neg0090,3/6/2024,Negocio,Aceptado,,,,,Individual,Seg0028,Cot0090,,FALSE,TRUE,rut0144,rut0144,Cli0101,,,UF,,,,,,,17.00%,0.00%,PAT,,,Autoinspección,1050475,,,,,13/6/2024,,
Neg0091,3/6/2024,Negocio,Aceptado,,,,,Individual,Seg0017,Cot0091,,FALSE,TRUE,rut0116,rut0116,Cli0079,,,UF,,,,,,,15.00%,7.00%,PAT,,,Compañía,,,,,,13/6/2024,,
Neg0092,5/6/2024,Negocio,Aceptado,,,,,Individual,Seg0001,Cot0092,,FALSE,TRUE,rut0173,rut0173,Cli0117,,,UF,,,,,,,25.00%,25.00%,Directa,,,No Aplica,,,,,,15/6/2024,,
Ren0070,8/6/2024,Renovación,,Renovado,,,,Individual,Seg0028,,Pol0107,FALSE,TRUE,rut0107,rut0107,Cli0073,,,UF,,,,,,,7.78%,0.00%,PAT,,,,,,,,,18/6/2024,,
Ren0071,10/6/2024,Renovación,,Renovado,,,,Individual,Seg0023,,Pol0109,FALSE,TRUE,rut0067,rut0067,Cli0046,,,UF,,,,,,,13.00%,0.00%,PAT,,,,,,https://segurosaegis.sharepoint.com/:b:/s/SegurosAegis1/EavSPNpe3UNDg9fvwBnwtxoBlj62U7_NQlS4dxPEcpOq1w?e=rHQdsg,,,20/6/2024,,
Ren0072,10/6/2024,Renovación,,Renovado,,,,Individual,Seg0035,,Pol0110,FALSE,TRUE,rut0067,rut0067,Cli0046,,,UF,,,,,,,10.50%,0.00%,PAT,,,,,,https://segurosaegis.sharepoint.com/:b:/s/SegurosAegis1/Ebjb3vWs_9FOj3OMYauehbMBHvsq7cNcqqQrl9nIh3oaIw?e=zCkcRI,,,20/6/2024,,
Ren0073,10/6/2024,Renovación,,Renovado,,,,Individual,Seg0028,,Pol0111,FALSE,TRUE,rut0067,rut0067,Cli0046,,,UF,,,,,,,10.50%,0.00%,PAT,,,,,,https://segurosaegis.sharepoint.com/:b:/s/SegurosAegis1/Ebjb3vWs_9FOj3OMYauehbMBHvsq7cNcqqQrl9nIh3oaIw?e=zCkcRI,,,20/6/2024,,
Ren0074,13/6/2024,Renovación,,Renovado,,,,Individual,Seg0001,,Pol0112,FALSE,TRUE,rut0057,rut0057,Cli0040,,,UF,,,,,,,26.00%,0.00%,Directa,,,,,,https://segurosaegis.sharepoint.com/:x:/s/SegurosAegis1/ES851hVWZjJHk0UN2KJscYYBZNUiSPlQxXx2fKfr1sw6vA?e=alR6tO,,,23/6/2024,,
Neg0093,19/6/2024,Negocio,Aceptado,,,,,Individual,Seg0028,Cot0093,,FALSE,TRUE,rut0090,rut0090,Cli0064,,,UF,,,,,,,14.50%,0.00%,PAT,,,Continuidad,,,,,,29/6/2024,,
Ren0075,21/6/2024,Renovación,,Renovado,,,,Individual,Seg0014,,Pol0114,FALSE,TRUE,rut0140,rut0140,Cli0099,,,UF,,,,,,,21.00%,10.00%,PAC,,,,,,,,,1/7/2024,,
Ren0076,3/7/2024,Renovación,,Renovado,,,,Individual,Seg0014,,Pol0117,FALSE,TRUE,rut0146,rut0146,Cli0102,,,UF,,,,,,,9.43%,9.43%,Directa,,,,,,https://segurosaegis.sharepoint.com/:x:/s/SegurosAegis1/EQsMa5RceyxBveenGFSFyVUBXKqDz5JrSsMboCByiXh1BA?e=AAwZFu,,,13/7/2024,,
Neg0094,25/7/2024,Negocio,Aceptado,,,,,Individual,Seg0028,Cot0094,,FALSE,TRUE,rut0017,rut0017,Cli0015,,,UF,,,,,,,15.00%,0.00%,PAT,,,Autoinspección,,,,,,4/8/2024,,
Ren0077,28/7/2024,Renovación,,Renovado,,,,Individual,Seg0026,,Pol0119,FALSE,TRUE,rut0067,rut0067,Cli0046,,,UF,,,,,,,15.00%,0.00%,Directa,,,,,,https://segurosaegis.sharepoint.com/:b:/s/SegurosAegis1/EZcptm9kDY1CnXVyn5QBf0ABnncGhQpxiHtBQjmhHIMmYg?e=ezJjPv,,,7/8/2024,,
Ren0078,29/7/2024,Renovación,,Renovado,,,,Individual,Seg0028,,Pol0120,FALSE,TRUE,rut0124,rut0124,Cli0096,,,UF,,,,,,,15.00%,0.00%,PAT,,,,,,,,,8/8/2024,,
Neg0095,31/7/2024,Negocio,Aceptado,,,,,Individual,Seg0028,Cot0095,,FALSE,TRUE,rut0159,rut0159,Cli0111,,,UF,,,,,,,17.00%,0.00%,PAT,,,Autoinspección,1077570,,,,,10/8/2024,,
Neg0096,31/7/2024,Negocio,Aceptado,,,,,Individual,Seg0028,Cot0096,,FALSE,TRUE,rut0159,rut0159,Cli0111,,,UF,,,,,,,17.00%,0.00%,PAT,,,Autoinspección,1081071,,,,,10/8/2024,,
Neg0097,31/7/2024,Negocio,Aceptado,,,,,Individual,Seg0028,Cot0097,,FALSE,TRUE,rut0159,rut0159,Cli0111,,,UF,,,,,,,17.00%,0.00%,PAT,,,Autoinspección,1077565,,,,,10/8/2024,,
Neg0098,31/7/2024,Negocio,Aceptado,,,,,Individual,Seg0028,Cot0098,,FALSE,TRUE,rut0159,rut0159,Cli0111,,,UF,,,,,,,17.00%,0.00%,PAT,,,Autoinspección,1077548,,,,,10/8/2024,,
Ren0079,2/8/2024,Renovación,,Renovado,,,,Individual,Seg0028,,Pol0121,FALSE,TRUE,rut0029,rut0029,Cli0024,,,UF,,,,,,,10.50%,0.00%,PAT,,,,,,Portal,,,12/8/2024,,
Ren0080,20/8/2024,Renovación,,Renovado,,,,Individual,Seg0014,,Pol0122,FALSE,TRUE,rut0023,rut0023,Cli0018,,,UF,,,,,,,10.00%,10.00%,Directa,,,,,,Portal,,,30/8/2024,,
Neg0099,29/8/2024,Negocio,Aceptado,,,,,Individual,Seg0028,Cot0099,,FALSE,TRUE,rut0016,rut0016,Cli0014,,,UF,,,,,,,13.00%,0.00%,Directa,,,Continuidad,,,,,,8/9/2024,,
Ren0081,2/9/2024,Renovación,,Renovado,,,,Individual,Seg0028,,Pol0125,FALSE,TRUE,rut0174,rut0174,Cli0117,,,UF,,,,,,,17.00%,0.00%,Directa,,,,,,https://segurosaegis.sharepoint.com/:b:/s/SegurosAegis/Ecp0RNxiVZtEobGv5a5WwGwBuEVcc6h2rw7jixjsDEBACw?e=ImOcTZ,,,12/9/2024,,
Neg0100,3/9/2024,Negocio,Aceptado,,,,,Individual,Seg0028,Cot0100,,FALSE,TRUE,rut0079,rut0079,Cli0056,,,UF,,,,,,,15.00%,0.00%,PAT,,,Autoinspección,,,,,,13/9/2024,,
Ren0082,6/9/2024,Renovación,,Renovado,,,,Individual,Seg0014,,Pol0126,FALSE,TRUE,rut0070,rut0070,Cli0049,,,UF,,,,,,,20.15%,0.00%,Directa,,,,,,,,,16/9/2024,,
Neg0101,10/9/2024,Negocio,Aceptado,,,,,Individual,Seg0028,Cot0101,,FALSE,TRUE,rut0193,rut0193,Cli0127,,,UF,,,,,,,13.00%,0.00%,Directa,,,No Aplica,,,,,,20/9/2024,,
Neg0102,11/9/2024,Negocio,Aceptado,,,,,Individual,Seg0028,Cot0102,,FALSE,TRUE,rut0108,rut0108,Cli0074,,,UF,,,,,,,14.00%,0.00%,PAT,,,Autoinspección,1099983,,,,,21/9/2024,,
Ren0083,14/9/2024,Renovación,,Renovado,,,,Individual,Seg0028,,Pol0127,FALSE,TRUE,rut0102,rut0102,Cli0070,,,UF,,,,,,,9.60%,0.00%,PAT,,,,,,Portal,,,24/9/2024,,
Ren0084,21/9/2024,Renovación,,Renovado,,,,Individual,Seg0028,,Pol0129,FALSE,TRUE,rut0158,rut0158,Cli0110,,,UF,,,,,,,11.50%,0.00%,PAT,,,,,,,,,1/10/2024,,
Ren0085,5/10/2024,Renovación,,Renovado,,,,Individual,Seg0028,,Pol0131,FALSE,TRUE,rut0057,rut0057,Cli0040,,,UF,,,,,,,12.00%,0.00%,Directa,,,,,,,,,15/10/2024,,
Ren0086,9/10/2024,Renovación,,Renovado,,,,Individual,Seg0028,,Pol0132,FALSE,TRUE,rut0022,rut0022,Cli0017,,,UF,,,,,,,13.54%,0.00%,PAT,,,,,,,,,19/10/2024,,
Neg0103,14/10/2024,Negocio,Aceptado,,,,,Individual,Seg0028,Cot0103,,FALSE,TRUE,rut0085,rut0085,Cli0061,,,UF,,,,,,,17.00%,0.00%,PAC,,,Autoinspección,1112768,,,,,24/10/2024,,
Ren0087,15/10/2024,Renovación,,Renovado,,,,Individual,Seg0028,,Pol0133,FALSE,TRUE,rut0071,rut0071,Cli0050,,,UF,,,,,,,10.00%,0.00%,Directa,,,,,,Portal,,,25/10/2024,,
Ren0088,15/10/2024,Renovación,,Renovado,,,,Individual,Seg0014,,Pol0134,FALSE,TRUE,rut0074,rut0074,Cli0052,,,UF,,,,,,,23.00%,23.00%,Directa,,,,,,Portal,,,25/10/2024,,
Ren0089,15/10/2024,Renovación,,Renovado,,,,Individual,Seg0014,,Pol0135,FALSE,TRUE,rut0074,rut0074,Cli0052,,,UF,,,,,,,23.00%,23.00%,Directa,,,,,,Portal,,,25/10/2024,,
Ren0090,15/10/2024,Renovación,,Renovado,,,,Individual,Seg0014,,Pol0136,FALSE,TRUE,rut0074,rut0074,Cli0052,,,UF,,,,,,,23.00%,23.00%,Directa,,,,,,Portal,,,25/10/2024,,
Ren0091,22/10/2024,Renovación,,Renovado,,,,Individual,Seg0028,,Pol0138,FALSE,TRUE,rut0074,rut0074,Cli0052,,,UF,,,,,,,12.00%,0.00%,Directa,,,,,,,,,1/11/2024,,
Ren0092,25/10/2024,Renovación,,Renovado,,,,Individual,Seg0011,,Pol0139,FALSE,TRUE,rut0041,rut0041,Cli0032,,,UF,,,,,,,10.00%,0.00%,Directa,,,,,,Portal,,,4/11/2024,,
Ren0093,26/10/2024,Renovación,,Renovado,,,,Individual,Seg0028,,Pol0140,FALSE,TRUE,rut0066,rut0066,Cli0046,,,UF,,,,,,,15.00%,0.00%,Directa,,,,,,https://segurosaegis.sharepoint.com/:b:/s/SegurosAegis1/EacsIareZMZNm3PNOtr0drkBGRYyd-Ra5BknMhhaXVOt5Q?e=O8dqAr,,,5/11/2024,,
Ren0094,1/11/2024,Renovación,,Renovado,,,,Individual,Seg0028,,Pol0141,FALSE,TRUE,rut0105,rut0105,Cli0072,,,UF,,,,,,,7.00%,0.00%,PAT,,,,,,Portal,,,11/11/2024,,
Ren0095,2/11/2024,Renovación,,Renovado,,,,Individual,Seg0028,,Pol0142,FALSE,TRUE,rut0044,rut0044,Cli0034,,,UF,,,,,,,7.00%,0.00%,Directa,,,,,,Portal,,,12/11/2024,,
Ren0096,2/11/2024,Renovación,,Renovado,,,,Individual,Seg0017,,Pol0143,FALSE,TRUE,rut0007,rut0007,8a0eccf1,,,UF,,,,,,,15.00%,8.67%,Directa,,,,,,,,,12/11/2024,,
Ren0097,4/11/2024,Renovación,,Renovado,,,,Individual,Seg0028,,Pol0146,FALSE,TRUE,rut0149,rut0149,Cli0103,,,UF,,,,,,,15.00%,0.00%,PAT,,,,,,Portal,,,14/11/2024,,
Ren0098,6/11/2024,Renovación,,Renovado,,,,Individual,Seg0000,,Pol0147,FALSE,TRUE,rut0196,rut0196,Cli0129,,,UF,,,,,,,10.00%,10.00%,Directa,,,,,,https://segurosaegis.sharepoint.com/:b:/s/SegurosAegis1/EW0XvVx7BDdEsjjUBtODQNkBXh8k25sm6NfB2gDkv0FWFA?e=ggwOA8,,,16/11/2024,,
Ren0099,6/11/2024,Renovación,,Renovado,,,,Individual,Seg0001,,Pol0148,FALSE,TRUE,rut0196,rut0196,Cli0129,,,UF,,,,,,,22.00%,22.00%,Directa,,,,,,https://segurosaegis.sharepoint.com/:b:/s/SegurosAegis1/ETw-Vi7Oyi5KvgPnZQ2vGDEBvimegjSL0aNE3LpJ0lPkKw?e=l5HCj2,,,16/11/2024,,
Ren0100,6/11/2024,Renovación,,Renovado,,,,Individual,Seg0018,,Pol0149,FALSE,TRUE,rut0196,rut0196,Cli0129,,,UF,,,,,,,15.00%,0.00%,Directa,,,,,,,,,16/11/2024,,
Neg0104,15/11/2024,Negocio,Aceptado,,,,,Individual,Seg0028,Cot0104,,FALSE,TRUE,rut0134,rut0134,Cli0098,,,UF,,,,,,,17.00%,0.00%,Directa,,,Autoinspección,1129818,,,,,25/11/2024,,
Neg0105,18/11/2024,Negocio,Aceptado,,,,,Individual,Seg0028,Cot0105,,FALSE,TRUE,rut0105,rut0105,Cli0072,,,UF,,,,,,,13.50%,0.00%,Directa,,,Continuidad,,,,,,28/11/2024,,
Neg0106,18/11/2024,Negocio,Aceptado,,,,,Individual,Seg0028,Cot0106,,FALSE,TRUE,rut0044,rut0044,Cli0034,,,UF,,,,,,,13.50%,0.00%,Directa,,,Continuidad,,,,,,28/11/2024,,
Ren0101,22/11/2024,Renovación,,Renovado,,,,Individual,Seg0028,,Pol0152,FALSE,TRUE,rut0169,rut0169,Cli0115,,,UF,,,,,,,12.00%,0.00%,Directa,,,,,,Portal,,,2/12/2024,,
Ren0102,24/11/2024,Renovación,,Renovado,,,,Individual,Seg0017,,Pol0154,FALSE,TRUE,rut0056,rut0056,Cli0040,,,UF,,,,,,,16.00%,16.00%,Directa,,,,,,https://segurosaegis.sharepoint.com/:b:/s/SegurosAegis/EchjKaB-HihPj4_83H7vIB4B1J20_p0sqR2dIzqlOnqSqw?e=OwsisE,,,4/12/2024,,
Ren0103,28/11/2024,Renovación,,Renovado,,,,Individual,Seg0014,,Pol0155,FALSE,TRUE,rut0155,rut0155,Cli0107,,,UF,,,,,,,10.00%,0.00%,Directa,,,,,,Portal,,,8/12/2024,,
Ren0104,2/12/2024,Renovación,,No Renovado,,,,Individual,,,Pol0156,FALSE,TRUE,rut0119,rut0119,Cli0082,,,UF,,,,,,,,,Directa,,,,,,Portal,,,12/12/2024,,
Ren0105,2/12/2024,Renovación,,Renovado,,,,Individual,Seg0028,,Pol0157,FALSE,TRUE,rut0053,rut0053,Cli0040,,,UF,,,,,,,15.00%,0.00%,PAC,,,,,,https://segurosaegis.sharepoint.com/:b:/s/SegurosAegis/EXzOY1dgj8pNo7PwAKoIiEMBuEnMoJaqJbsLPHSDgPXeMQ?e=DCFi6d,,,12/12/2024,,
Ren0106,6/12/2024,Renovación,,Renovado,,,,Individual,Seg0028,,Pol0158,FALSE,TRUE,rut0009,rut0009,Cli0008,,,UF,,,,,,,15.00%,0.00%,PAT,,,,,,Portal,,,16/12/2024,,
Ren0107,6/12/2024,Renovación,,Renovado,,,,Individual,Seg0028,,Pol0159,FALSE,TRUE,rut0189,rut0189,Cli0123,,,UF,,,,,,,15.00%,0.00%,Directa,,,,,,Portal,,,16/12/2024,,
Ren0108,9/12/2024,Renovación,,Renovado,,,,Individual,Seg0028,,Pol0160,FALSE,TRUE,rut0191,rut0191,Cli0125,,,UF,,,,,,,17.00%,0.00%,PAT,,,,,,https://segurosaegis.sharepoint.com/:b:/s/SegurosAegis/EYcFx-DjTDVAsoiAoLy3yMoBZ5cgnAGrdHGnlmpxUB9iBw?e=XCv0Fi,,,19/12/2024,,
Ren0109,9/12/2024,Renovación,,Renovado,,,,Individual,Seg0014,,Pol0161,FALSE,TRUE,rut0035,rut0035,Cli0028,,,UF,,,,,,,30.00%,0.00%,Directa,,,,,,Portal,,,19/12/2024,,
Ren0110,9/12/2024,Renovación,,Renovado,,,,Individual,Seg0014,,Pol0162,FALSE,TRUE,rut0035,rut0035,Cli0028,,,UF,,,,,,,30.00%,0.00%,Directa,,,,,,Portal,,,19/12/2024,,
Ren0111,9/12/2024,Renovación,,Renovado,,,,Individual,Seg0014,,Pol0163,FALSE,TRUE,rut0035,rut0035,Cli0028,,,UF,,,,,,,30.00%,0.00%,Directa,,,,,,Portal,,,19/12/2024,,
Ren0112,19/12/2024,Renovación,,Prórroga,,,,Individual,,,Pol0165,FALSE,TRUE,rut0139,rut0139,Cli0092,,,UF,,,,,,,,,Directa,,,,,,,,,29/12/2024,,
Ren0136,19/12/2024,Renovación,,Prórroga,,,,Individual,,,Pol0165,FALSE,TRUE,rut0139,rut0139,Cli0092,,,UF,,,,,,,,,Directa,,,,,,,,,29/12/2024,,
Ren0148,19/12/2024,Renovación,,Prórroga,,,,Individual,,,Pol0165,FALSE,TRUE,rut0139,rut0139,Cli0092,,,UF,,,,,,,,,Directa,,,,,,,,,29/12/2024,,
Ren0156,19/12/2024,Renovación,,Renovado,,,,Individual,Seg0000,,Pol0165,FALSE,TRUE,rut0139,rut0139,Cli0092,,,UF,,,,,,,8.00%,8.00%,Directa,,,,,,,,,29/12/2024,,
Ren0113,30/12/2024,Renovación,,Renovado,,,,Individual,Seg0028,,Pol0166,FALSE,TRUE,rut0120,rut0120,Cli0083,,,UF,,,,,,,7.00%,0.00%,Directa,,,,,,Portal,,,9/1/2025,,
Ren0114,2/1/2025,Renovación,,Renovado,,,,Individual,Seg0028,,Pol0167,FALSE,TRUE,rut0096,rut0096,Cli0068,,,UF,,,,,,,10.00%,0.00%,Directa,,,,,,https://segurosaegis.sharepoint.com/:x:/s/SegurosAegis1/ESiYcaH39OZKrKAA5RLkRmMB795-urwg1B8DitZawai7vg?e=gJNyUF,,,12/1/2025,,
Ren0115,5/1/2025,Renovación,,Renovado,,,,Individual,Seg0014,,Pol0168,FALSE,TRUE,rut0110,rut0110,Cli0075,,,UF,,,,,,,15.00%,9.00%,Directa,,,,,,https://segurosaegis.sharepoint.com/:x:/s/SegurosAegis/ERs6x6SWb35Mo-nc_Kh6w9cBalfmt6NqP36U8n88plFkXA?e=QpN2w4,,,15/1/2025,,
Ren0116,11/1/2025,Renovación,,Renovado,,,,Individual,Seg0028,,Pol0172,FALSE,TRUE,rut0056,rut0056,Cli0040,,,UF,,,,,,,16.00%,0.00%,Directa,,,,,,https://segurosaegis.sharepoint.com/:x:/s/SegurosAegis/EfgIkbNyo0hAk_aPLXCrbPAB3Ny1jmisEZoKnz4anK3v-Q?e=yb5WUv,,,21/1/2025,,
Ren0117,11/1/2025,Renovación,,Renovado,,,,Individual,Seg0028,,Pol0173,FALSE,TRUE,rut0128,rut0128,Cli0093,,,UF,,,,,,,16.00%,0.00%,Directa,,,,,,https://segurosaegis.sharepoint.com/:b:/s/SegurosAegis/EdVIbOw-7qlCoj1P2Lh3CucBQNbm6Uyt4awb4t9h1vumFg?e=bsjn95,,,21/1/2025,,
Ren0118,11/1/2025,Renovación,,No Renovado,,,,Individual,,,Pol0179,FALSE,TRUE,rut0198,rut0198,Cli0132,,,UF,,,,,,,,,Directa,,,,,,https://segurosaegis.sharepoint.com/:b:/s/SegurosAegis/ETQaXVWNRcpLiNVkImTW6GMBgaRzcMGcNCNTVJ-njsbCRw?e=navXST,,,21/1/2025,,
Ren0119,11/1/2025,Renovación,,Renovado,,,,Individual,Seg0028,,Pol0180,FALSE,TRUE,rut0172,rut0172,Cli0116,,,UF,,,,,,,14.00%,0.00%,Directa,,,,,,https://segurosaegis.sharepoint.com/:b:/s/SegurosAegis/ETQaXVWNRcpLiNVkImTW6GMBgaRzcMGcNCNTVJ-njsbCRw?e=navXST,,,21/1/2025,,
Ren0120,11/1/2025,Renovación,,Renovado,,,,Individual,Seg0028,,Pol0181,FALSE,TRUE,rut0146,rut0146,Cli0102,,,UF,,,,,,,14.00%,0.00%,Directa,,,,,,https://segurosaegis.sharepoint.com/:b:/s/SegurosAegis/ETQaXVWNRcpLiNVkImTW6GMBgaRzcMGcNCNTVJ-njsbCRw?e=navXST,,,21/1/2025,,
Ren0121,11/1/2025,Renovación,,Renovado,,,,Individual,Seg0028,,Pol0183,FALSE,TRUE,rut0089,rut0089,Cli0064,,,UF,,,,,,,15.00%,0.00%,Directa,,,,,,https://segurosaegis.sharepoint.com/:b:/s/SegurosAegis/EaZ4F5EphS5MnvJJUZOR9MsBybZUpIAZhjDQ_ADL42B8dA?e=oCgRWa,,,21/1/2025,,
Ren0122,11/1/2025,Renovación,,Cambio Cía,,,,Individual,Seg0028,,Pol0069,FALSE,TRUE,rut0091,rut0091,Cli0064,,,UF,,,,,,,15.00%,0.00%,Directa,,,,,,https://segurosaegis.sharepoint.com/:b:/s/SegurosAegis/ETdrY6zFK8VLtNAEG_9avWIBxA96txVpisVKYE0FOCiazA?e=c0Ite0,,,21/1/2025,,
Ren0123,11/1/2025,Renovación,,Renovado,,,,Individual,Seg0028,,Pol0186,FALSE,TRUE,rut0118,rut0118,Cli0081,,,UF,,,,,,,16.00%,0.00%,PAT,,,,,,https://segurosaegis.sharepoint.com/:x:/s/SegurosAegis/EfgIkbNyo0hAk_aPLXCrbPABWWOot96V4zyRItnwaHSgAw?e=P8fccL,,,21/1/2025,,
Ren0124,11/1/2025,Renovación,,Renovado,,,,Individual,Seg0028,,Pol0187,FALSE,TRUE,rut0094,rut0094,Cli0067,,,UF,,,,,,,16.00%,0.00%,Directa,,,,,,https://segurosaegis.sharepoint.com/:x:/s/SegurosAegis/EfgIkbNyo0hAk_aPLXCrbPAB3Ny1jmisEZoKnz4anK3v-Q?e=yb5WUv,,,21/1/2025,,
Ren0125,11/1/2025,Renovación,,Renovado,,,,Individual,Seg0028,,Pol0188,FALSE,TRUE,rut0061,rut0061,Cli0045,,,UF,,,,,,,11.00%,0.00%,PAT,,,,,,https://segurosaegis.sharepoint.com/:x:/s/SegurosAegis/EfgIkbNyo0hAk_aPLXCrbPAB3Ny1jmisEZoKnz4anK3v-Q?e=yb5WUv,,,21/1/2025,,
Ren0126,11/1/2025,Renovación,,Renovado,,,,Individual,Seg0028,,Pol0189,FALSE,TRUE,rut0013,rut0013,Cli0012,,,UF,,,,,,,14.50%,0.00%,PAC,,,,,,,,,21/1/2025,,
Ren0127,11/1/2025,Renovación,,Renovado,,,,Individual,Seg0028,,Pol0190,FALSE,TRUE,rut0013,rut0013,Cli0012,,,UF,,,,,,,14.50%,0.00%,PAC,,,,,,,,,21/1/2025,,
Ren0128,11/1/2025,Renovación,,Renovado,,,,Individual,Seg0028,,Pol0192,FALSE,TRUE,rut0151,rut0151,Cli0105,,,UF,,,,,,,16.00%,0.00%,PAT,,,,,,https://segurosaegis.sharepoint.com/:x:/s/SegurosAegis/EfgIkbNyo0hAk_aPLXCrbPAB3Ny1jmisEZoKnz4anK3v-Q?e=yb5WUv,,,21/1/2025,,
Ren0129,11/1/2025,Renovación,,Renovado,,,,Individual,Seg0028,,Pol0193,FALSE,TRUE,rut0145,rut0145,Cli0101,,,UF,,,,,,,16.00%,0.00%,Directa,,,,,,https://segurosaegis.sharepoint.com/:x:/s/SegurosAegis/EfgIkbNyo0hAk_aPLXCrbPAB3Ny1jmisEZoKnz4anK3v-Q?e=yb5WUv,,,21/1/2025,,
Ren0130,11/1/2025,Renovación,,Renovado,,,,Individual,Seg0028,,Pol0194,FALSE,TRUE,rut0143,rut0143,Cli0101,,,UF,,,,,,,16.00%,0.00%,Directa,,,,,,https://segurosaegis.sharepoint.com/:x:/s/SegurosAegis/EfgIkbNyo0hAk_aPLXCrbPAB3Ny1jmisEZoKnz4anK3v-Q?e=yb5WUv,,,21/1/2025,,
Ren0131,11/1/2025,Renovación,,Renovado,,,,Individual,Seg0014,,Pol0198,FALSE,TRUE,rut0157,rut0157,Cli0109,,,UF,,,,,,,25.00%,25.00%,Directa,,,,,,Portal,,,21/1/2025,,
Ren0132,11/1/2025,Renovación,,Cambio Cía,,,,Individual,Seg0028,,Pol0199,FALSE,TRUE,rut0003,rut0003,Cli0003,,,UF,,,,,,,15.00%,0.00%,Directa,,,,,,https://segurosaegis.sharepoint.com/:b:/s/SegurosAegis/ETQaXVWNRcpLiNVkImTW6GMBgaRzcMGcNCNTVJ-njsbCRw?e=navXST,,,21/1/2025,,
Ren0133,11/1/2025,Renovación,,Renovado,,,,Individual,Seg0028,,Pol0200,FALSE,TRUE,rut0182,rut0182,Cli0112,,,UF,,,,,,,16.00%,0.00%,Directa,,,,,,https://segurosaegis.sharepoint.com/:x:/s/SegurosAegis/EfgIkbNyo0hAk_aPLXCrbPAB3Ny1jmisEZoKnz4anK3v-Q?e=yb5WUv,,,21/1/2025,,
Ren0134,11/1/2025,Renovación,,Renovado,,,,Individual,Seg0028,,Pol0184,FALSE,TRUE,rut0091,rut0091,Cli0064,,,UF,,,,,,,15.00%,0.00%,Directa,,,,,,,,,21/1/2025,,
Neg0107,14/1/2025,Renovación,,Cambio Cía,,,,Individual,Seg0028,Cot0107,Pol0173,FALSE,TRUE,rut0128,rut0128,Cli0093,,,UF,,,,,,,17.00%,0.00%,Directa,,,Continuidad,No aplica,,,,,24/1/2025,,
Neg0108,14/1/2025,Negocio,Aceptado,,,,,Individual,Seg0028,Cot0108,,FALSE,TRUE,rut0120,rut0120,Cli0083,,,UF,,,,,,,17.00%,0.00%,Directa,,,Continuidad,,,,,,24/1/2025,,
Ren0135,15/1/2025,Renovación,,Cambio Cía,,,,Individual,Seg0028,,Pol0201,FALSE,TRUE,rut0064,rut0064,Cli0046,,,UF,,,,,,,14.00%,0.00%,Directa,,,,,,,,,25/1/2025,,
Neg0117,17/1/2025,Negocio,Aceptado,,,,,Individual,Seg0028,Cot0117,,FALSE,TRUE,rut0089,rut0089,Cli0064,,,UF,,,,,,,17.00%,0.00%,Directa,,,Continuidad,,,,,,27/1/2025,,
Neg0118,17/1/2025,Negocio,Aceptado,,,,,Individual,Seg0028,Cot0118,,FALSE,TRUE,rut0091,rut0091,Cli0064,,,UF,,,,,,,17.00%,0.00%,Directa,,,Continuidad,,,,,,27/1/2025,,
Ren0137,19/1/2025,Renovación,,Renovado,,,,Individual,Seg0023,,Pol0202,FALSE,TRUE,rut0096,rut0096,Cli0068,,,UF,,,,,,,16.00%,0.00%,Directa,,,,,,https://segurosaegis.sharepoint.com/:x:/s/SegurosAegis1/Ed10HJjqyRlCktHzO3DtlckBAdCRFIa4dsKej56DldTeDw?e=qRmPbT,,,29/1/2025,,
Neg0109,21/1/2025,Negocio,Aceptado,,,,,Individual,Seg0028,Cot0109,,FALSE,TRUE,rut0013,rut0013,Cli0012,,,UF,,,,,,,17.00%,0.00%,PAC,,,Continuidad,,,,,,31/1/2025,,
Neg0110,21/1/2025,Negocio,Aceptado,,,,,Individual,Seg0028,Cot0110,,FALSE,TRUE,rut0013,rut0013,Cli0012,,,UF,,,,,,,17.00%,0.00%,PAC,,,Continuidad,,,,,,31/1/2025,,
Neg0116,22/1/2025,Negocio,Aceptado,,,,,Individual,,Cot0116,,FALSE,TRUE,rut0003,rut0003,Cli0003,,,UF,,,,,,,,,Directa,,,Continuidad,,,,,,1/2/2025,,
Neg0111,23/1/2025,Negocio,Aceptado,,,,,Individual,Seg0014,Cot0111,,FALSE,TRUE,rut0038,rut0038,Cli0030,,,UF,,,,,,,30.00%,0.00%,PAT,,,No Aplica,,,,,,2/2/2025,,
Neg0112,23/1/2025,Negocio,Aceptado,,,,,Individual,Seg0014,Cot0112,,FALSE,TRUE,rut0059,rut0059,Cli0042,,,UF,,,,,,,30.00%,0.00%,PAT,,,No Aplica,,,,,,2/2/2025,,
Neg0113,24/1/2025,Negocio,Aceptado,,,,,Individual,Seg0028,Cot0113,,FALSE,TRUE,rut0145,rut0145,Cli0101,,,UF,,,,,,,17.00%,0.00%,Directa,,,Autoinspección,1168076,,,,,3/2/2025,,
Neg0114,24/1/2025,Negocio,Aceptado,,,,,Individual,Seg0028,Cot0114,,FALSE,TRUE,rut0143,rut0143,Cli0101,,,UF,,,,,,,17.00%,0.00%,Directa,,,Continuidad,,,,,,3/2/2025,,
Neg0115,24/1/2025,Negocio,Aceptado,,,,,Individual,Seg0028,Cot0115,,FALSE,TRUE,rut0158,rut0158,Cli0110,,,UF,,,,,,,15.00%,0.00%,PAT,,,Autoinspección,,,,,,3/2/2025,,
Neg0119,28/1/2025,Negocio,Aceptado,,,,,Individual,Seg0028,Cot0119,,FALSE,TRUE,rut0159,rut0159,Cli0111,,,UF,,,,,,,17.00%,0.00%,PAT,,,No Aplica,,,,,,7/2/2025,,
Ren0138,3/2/2025,Renovación,,Renovado,,,,Individual,Seg0014,,Pol0203,FALSE,TRUE,rut0110,rut0110,Cli0075,,,UF,,,,,,,13.45%,13.45%,Directa,,,,,,Portal,,,13/2/2025,,
Neg0120,4/2/2025,Negocio,Aceptado,,,,,Individual,,Cot0120,,FALSE,TRUE,rut0096,rut0096,Cli0068,,,UF,,,,,,,,,Directa,,,No Aplica,,,,,,14/2/2025,,
Pol0337,4/2/2025,Renovación,,Renovado,,,,Individual,Seg0028,,Pol0042,FALSE,TRUE,rut0064,rut0064,Cli0046,,,UF,,,,,,,17.00%,0.00%,Directa,,,No Aplica,,,,,,14/2/2025,,
Ren0139,8/2/2025,Renovación,,Renovado,,,,Individual,Seg0028,,Pol0204,FALSE,TRUE,rut0110,rut0110,Cli0075,,,UF,,,,,,,13.00%,0.00%,PAT,,,,,,Portal,,,18/2/2025,,
Ren0140,8/2/2025,Renovación,,Renovado,,,,Individual,Seg0028,,Pol0205,FALSE,TRUE,rut0110,rut0110,Cli0075,,,UF,,,,,,,13.00%,0.00%,PAT,,,,,,Portal,,,18/2/2025,,
Ren0141,12/2/2025,Renovación,,Cambio Cía,,,,Individual,Seg0028,,Pol0206,FALSE,TRUE,rut0043,rut0043,Cli0033,,,UF,,,,,,,17.00%,0.00%,PAT,,,,,,Portal,,,22/2/2025,,
Neg0121,13/2/2025,Negocio,Aceptado,,,,,Individual,,Cot0121,,FALSE,TRUE,rut0113,rut0113,Cli0077,,,UF,,,,,,,,,Directa,,,Autoinspección,1177524,,,,,23/2/2025,,
Ren0142,13/2/2025,Renovación,,Renovado,,,,Individual,Seg0014,,Pol0207,FALSE,TRUE,rut0152,rut0152,Cli0106,,,UF,,,,,,,23.00%,23.00%,PAC,,,,,,Portal,,,23/2/2025,,
Ren0143,14/2/2025,Renovación,,Renovado,,,,Individual,Seg0028,,Pol0208,FALSE,TRUE,rut0144,rut0144,Cli0101,,,UF,,,,,,,17.00%,0.00%,PAT,,,,,,Portal,,,24/2/2025,,
Ren0144,15/2/2025,Renovación,,Renovado,,,,Individual,Seg0028,,Pol0210,FALSE,TRUE,rut0080,rut0080,Cli0057,,,UF,,,,,,,15.00%,0.00%,Directa,,,,,,,,,25/2/2025,,
Ren0145,15/2/2025,Renovación,,Renovado,,,,Individual,Seg0028,,Pol0211,FALSE,TRUE,rut0128,rut0128,Cli0093,,,UF,,,,,,,15.00%,0.00%,Directa,,,,,,,,,25/2/2025,,
Ren0146,16/2/2025,Renovación,,Renovado,,,,Individual,Seg0014,,Pol0212,FALSE,TRUE,rut0159,rut0159,Cli0111,,,UF,,,,,,,15.00%,15.00%,PAT,,,,,,,,,26/2/2025,,
Ren0147,17/2/2025,Renovación,,Renovado,,,,Individual,Seg0014,,Pol0213,FALSE,TRUE,rut0166,rut0166,Cli0111,,,UF,,,,,,,18.00%,18.00%,PAC,,,,,,,,,27/2/2025,,
Neg0122,15/12/2025,Prospecto,,,Perdido,,,Individual,Seg0028,,,FALSE,,rut0185,rut0185,Cli0121,,,UF,,,,,,,,,PAT,,,No Aplica,,,,,,25/12/2025,,
Neg0123,21/2/2025,Negocio,Aceptado,,,,,Individual,Seg0028,Cot0123,,FALSE,TRUE,rut0027,rut0027,Cli0022,,,UF,,,,,,,15.00%,0.00%,PAT,,,Autoinspección,,,,,,3/3/2025,,
Neg0124,15/12/2025,Prospecto,,,Perdido,,,Individual,Seg0028,,,FALSE,,rut0137,rut0137,Cli0091,,,UF,,,,,,,,,,,,No Aplica,,,,,Paga UF23.87 anual Deducible UF5,25/12/2025,,
Neg0125,24/2/2025,Negocio,Nulo,,,,,Individual,,,,FALSE,TRUE,rut0073,rut0073,Cli0051,,,UF,,,,,,,,,,,,No Aplica,,,,,,6/3/2025,,
Neg0126,25/2/2025,Negocio,Aceptado,,,,,Individual,Seg0028,Cot0126,,FALSE,TRUE,rut0198,rut0198,Cli0132,,,UF,,,,,,,17.00%,0.00%,Directa,,,Autoinspección,1182519,,,,,7/3/2025,,
Neg0127,26/2/2025,Negocio,Nulo,,,,,Individual,,Cot0127,,FALSE,TRUE,rut0035,rut0035,Cli0028,,,UF,,,,,,,,,,,,No Aplica,,,,,,8/3/2025,,
Neg0128,26/2/2025,Negocio,Nulo,,,,,Individual,,Cot0128,,FALSE,TRUE,rut0035,rut0035,Cli0028,,,UF,,,,,,,,,,,,No Aplica,,,,,,8/3/2025,,
Neg0129,26/2/2025,Negocio,Nulo,,,,,Individual,,Cot0129,,FALSE,TRUE,rut0035,rut0035,Cli0028,,,UF,,,,,,,,,,,,No Aplica,,,,,,8/3/2025,,
Neg0130,27/2/2025,Renovación,,Cambio Cía,,,,Individual,Seg0028,Cot0130,Pol0211,FALSE,TRUE,rut0128,rut0128,Cli0093,,,UF,,,,,,,17.00%,0.00%,Directa,,,Continuidad,No Aplica,,,,,9/3/2025,,
Ren0149,27/2/2025,Renovación,,Renovado,,,,Individual,Seg0023,,Pol0214,FALSE,TRUE,rut0149,rut0149,Cli0103,,,UF,,,,,,,15.00%,0.00%,PAT,,,,,,https://segurosaegis.sharepoint.com/:b:/s/SegurosAegis1/EZ0sxeXQo35BrV3sy4HrtWMBFSUWQu8ZF9qjSndfMCN10A?e=URQAka,,,9/3/2025,,
Ren0150,27/2/2025,Renovación,,Renovado,,,,Individual,Seg0003,,Pol0215,FALSE,TRUE,rut0149,rut0149,Cli0103,,,UF,,,,,,,15.00%,15.00%,Directa,,,,,,Portal,,,9/3/2025,,
Ren0151,28/2/2025,Renovación,,Renovado,,,,Individual,Seg0028,,Pol0216,FALSE,TRUE,rut0039,rut0039,Cli0030,,,UF,,,,,,,15.00%,0.00%,PAT,,,,,,Portal,,,10/3/2025,,
Neg0131,15/12/2025,Prospecto,,,Perdido,,,Individual,Seg0028,Cot0131,,FALSE,,rut0168,rut0168,Cli0114,,,UF,,,,,,,,,PAT,,,No Aplica,,,,,Mejorar: DEducible UF3 Anual UF12.24,25/12/2025,,
Ren0152,7/3/2025,Renovación,,Cambio Cía,,,,Individual,Seg0028,,Pol0217,FALSE,TRUE,rut0057,rut0057,Cli0040,,,UF,,,,,,,10.50%,0.00%,Directa,,,,,,,,,17/3/2025,,
Ren0153,7/3/2025,Renovación,,Cambio Cía,,,,Individual,Seg0028,,Pol0219,FALSE,TRUE,rut0057,rut0057,Cli0040,,,UF,,,,,,,10.50%,0.00%,Directa,,,,,,,,,17/3/2025,,
Ren0154,7/3/2025,Renovación,,Renovado,,,,Individual,Seg0023,,Pol0221,FALSE,TRUE,rut0056,rut0056,Cli0040,,,UF,,,,,,,18.00%,0.00%,Directa,,,,,,,,,17/3/2025,,
Ren0155,15/3/2025,Renovación,,Cambio Cía,,,,Individual,Seg0028,,Pol0222,FALSE,TRUE,rut0194,rut0194,Cli0127,,,UF,,,,,,,17.00%,0.00%,Directa,,,,,,,,,25/3/2025,,
Neg0132,17/3/2025,Negocio,Aceptado,,,,,Individual,,Cot0132,,FALSE,TRUE,rut0039,rut0039,Cli0030,,,UF,,,,,,,,,PAT,,,Autoinspección,1193474,,,,,27/3/2025,,
Neg0133,19/3/2025,Negocio,Aceptado,,,,,Individual,,Cot0133,,FALSE,TRUE,rut0071,rut0071,Cli0050,,,UF,,,,,,,,,PAT,,,Autoinspección,,,,,,29/3/2025,,
Ren0157,25/3/2025,Renovación,,Renovado,,,,Individual,Seg0013,,Pol0223,FALSE,TRUE,rut0037,rut0037,Cli0029,,,UF,,,,,,,0.00%,0.00%,Directa,,,,,,,,,4/4/2025,,
Neg0134,26/3/2025,Negocio,Aceptado,,,,,Individual,,Cot0134,,FALSE,TRUE,rut0057,rut0057,Cli0040,,,UF,,,,,,,,,Directa,,,Continuidad,,,,,,5/4/2025,,
Neg0135,26/3/2025,Negocio,Aceptado,,,,,Individual,,Cot0135,,FALSE,TRUE,rut0057,rut0057,Cli0040,,,UF,,,,,,,,,Directa,,,Continuidad,,,,,,5/4/2025,,
Ren0158,26/3/2025,Renovación,,Renovado,,,,Individual,Seg0022,,Pol0224,FALSE,TRUE,rut0037,rut0037,Cli0029,,,UF,,,,,,,0.00%,0.00%,Directa,,,,,,,,,5/4/2025,,
Ren0159,28/3/2025,Renovación,,Renovado,,,,Individual,Seg0014,,Pol0225,FALSE,TRUE,rut0165,rut0165,Cli0111,,,UF,,,,,,,17.80%,18.00%,PAC,,,,,,,,,7/4/2025,,
Neg0136,1/4/2025,Negocio,Nulo,,,,,Individual,,Cot0136,,FALSE,TRUE,rut0115,rut0115,Cli0079,,,UF,,,,,,,,,PAT,,,AutoinspecciónNulo,,,,,,11/4/2025,,
Neg0137,1/4/2025,Negocio,Aceptado,,,,,Individual,,Cot0137,,FALSE,TRUE,rut0194,rut0194,Cli0127,,,UF,,,,,,,,,Directa,,,Continuidad,,,,,,11/4/2025,,
Ren0160,5/4/2025,Renovación,,Renovado,,,,Individual,Seg0028,,Pol0226,FALSE,TRUE,rut0078,rut0078,Cli0056,,,UF,,,,,,,15.00%,0.00%,Directa,,,,,,,,,15/4/2025,,
Neg0138,8/4/2025,Negocio,Aceptado,,,,,Individual,Seg0028,Cot0139,,FALSE,TRUE,rut0058,rut0058,Cli0041,,,UF,,,,,,,14.00%,0.00%,PAT,,,Autoinspección,1206509,,,,,18/4/2025,,
Pol0209,8/4/2025,Traspaso,,,,Ok,,Individual,Seg0028,,,FALSE,FALSE,rut0043,rut0043,Cli0033,,,UF,,,,,,,13.00%,0.00%,PAT,,,,,,,,,18/4/2025,,
Ren0161,8/4/2025,Renovación,,Renovado,,,,Individual,Seg0028,,Pol0227,FALSE,TRUE,rut0135,rut0135,Cli0098,,,UF,,,,,,,15.00%,0.00%,PAC,,,,,,,,,18/4/2025,,
Neg0139,9/4/2025,Negocio,Nulo,,,,,Individual,,,,FALSE,TRUE,rut0035,rut0035,Cli0028,,,UF,,,,,,,,,PAT,,,No Aplica,,,,,,19/4/2025,,
Neg0140,9/4/2025,Negocio,Nulo,,,,,Individual,,,,FALSE,TRUE,rut0035,rut0035,Cli0028,,,UF,,,,,,,,,PAT,,,No Aplica,,,,,,19/4/2025,,
Neg0141,9/4/2025,Negocio,Nulo,,,,,Individual,,,,FALSE,TRUE,rut0035,rut0035,Cli0028,,,UF,,,,,,,,,PAT,,,No Aplica,,,,,,19/4/2025,,
Neg0142,9/4/2025,Negocio,Nulo,,,,,Individual,,,,FALSE,TRUE,rut0005,rut0005,Cli0005,,,UF,,,,,,,,,,,,No Aplica,,,,,,19/4/2025,,
Neg0144,9/4/2025,Prospecto,,,Perdido,,,Individual,Seg0028,,,FALSE,,rut0167,rut0167,Cli0113,,,UF,,,,,,,,,,,,No Aplica,,,,,"Seguro Actual: Deducible UF5, anual UF10.78, 12 Cuotas de UF 0.9",19/4/2025,,
Neg0145,9/4/2025,Prospecto,,,Perdido,,,Individual,Seg0028,,,FALSE,,rut0167,rut0167,Cli0113,,,UF,,,,,,,,,,,,No Aplica,,,,,"Deducible UF10, anual UF 15.45, 12 cuotas de UF1.29
No se encontró nada mejor",19/4/2025,,
Ren0162,9/4/2025,Renovación,,Renovado,,,,Individual,Seg0028,,Pol0228,FALSE,TRUE,rut0070,rut0070,Cli0049,,,UF,,,,,,,15.00%,0.00%,PAT,,,,,,,,,19/4/2025,,
Neg0143,10/4/2025,Negocio,Nulo,,,,,Individual,,,,FALSE,TRUE,rut0005,rut0005,Cli0005,,,UF,,,,,,,,,,,,No Aplica,,,,,,20/4/2025,,
Neg0146,11/4/2025,Negocio,Nulo,,,,,Individual,,Cot0165,,FALSE,TRUE,rut0085,rut0085,Cli0061,,,UF,,,,,,,,,Directa,,,Autoinspección,1208604,,,,,21/4/2025,,
Neg0147,11/4/2025,Negocio,Aceptado,,,,,Individual,Seg0032,Cot0166,,FALSE,TRUE,rut0196,rut0196,Cli0129,,,UF,,,,,,,25.00%,25.00%,Directa,,,No Aplica,,,,,,21/4/2025,,
Pol0354,11/4/2025,Traspaso,,,,Ok,,Individual,Seg0023,,,FALSE,FALSE,rut0149,rut0149,Cli0103,,,UF,,,,,,,15.00%,0.00%,PAT,,,,,,,,,21/4/2025,,
Neg0148,16/4/2025,Negocio,Aceptado,,,,,Individual,Seg0014,Cot0172,,FALSE,TRUE,rut0159,rut0159,Cli0111,,,UF,,,,,,,18.00%,8.00%,PAC,,,No Aplica,,,,,,26/4/2025,,
Neg0149,17/4/2025,Negocio,Aceptado,,,,,Individual,Seg0028,Cot0168,,FALSE,TRUE,rut0078,rut0078,Cli0056,,,UF,,,,,,,17.00%,0.00%,PAT,,,Continuidad,,,,,,27/4/2025,,
Neg0150,22/4/2025,Negocio,Aceptado,,,,,Individual,Seg0028,Cot0171,,FALSE,TRUE,rut0135,rut0135,Cli0098,,,UF,,,,,,,17.00%,0.00%,PAT,,,Continuidad,,,,,,2/5/2025,,
Ren0163,26/4/2025,Renovación,,Renovado,,,,Individual,Seg0028,,Pol0230,FALSE,TRUE,rut0057,rut0057,Cli0040,,,UF,,,,,,,12.00%,0.00%,Directa,,,,,,,,,6/5/2025,,
Neg0151,28/4/2025,Negocio,Aceptado,,,,,Individual,Seg0028,Cot0173,,FALSE,TRUE,rut0079,rut0079,Cli0056,,,UF,,,,,,,14.00%,0.00%,PAT,,,Autoinspección,1217819,,,,,8/5/2025,,
Pol0307,29/4/2025,Traspaso,,,,Ok,,Individual,Seg0028,,,FALSE,FALSE,rut0096,rut0096,Cli0068,,,UF,,,,,,,10.00%,0.00%,Directa,,,,,,,,,9/5/2025,,
Neg0152,6/5/2025,Negocio,Aceptado,,,,,Individual,Seg0028,,,FALSE,TRUE,rut0056,rut0056,Cli0040,,,UF,,,,,,,12.00%,0.00%,Directa,,,Continuidad,,,,,,16/5/2025,,
Ren0164,11/5/2025,Renovación,,Renovado,,,,Individual,Seg0028,,Pol0231,FALSE,TRUE,rut0030,rut0030,Cli0025,,,UF,,,,,,,17.00%,0.00%,PAT,,,,,,,,,21/5/2025,,
Ren0165,13/5/2025,Renovación,,Renovado,,,,Individual,Seg0028,,Pol0233,FALSE,TRUE,rut0117,rut0117,Cli0080,,,UF,,,,,,,10.50%,0.00%,PAC,,,,,,Iguales,,,23/5/2025,,
Ren0166,15/5/2025,Renovación,,Renovado,,,,Individual,Seg0017,,Pol0234,FALSE,TRUE,rut0116,rut0116,Cli0079,,,UF,,,,,,,15.00%,7.00%,PAT,,,,,,,,,25/5/2025,,
Ren0167,15/5/2025,Renovación,,Renovado,,,,Individual,Seg0028,,Pol0235,FALSE,TRUE,rut0144,rut0144,Cli0101,,,UF,,,,,,,17.00%,0.00%,PAT,,,,,,Portal ANS,,,25/5/2025,,
Ren0168,17/5/2025,Renovación,,Cambio Cía,,,,Individual,Seg0028,,Pol0236,FALSE,TRUE,rut0050,rut0050,Cli0037,,,UF,,,,,,,14.00%,0.00%,PAT,,,,,,,,,27/5/2025,,
Ren0169,17/5/2025,Renovación,,Renovado,,,,Individual,Seg0001,,Pol0237,FALSE,TRUE,rut0173,rut0173,Cli0117,,,UF,,,,,,,25.00%,25.00%,Directa,,,,,,https://segurosaegis.sharepoint.com/:x:/s/SegurosAegis1/EQDDGOKg4y5AuSXx5QpwXHsBlABoXP9bflD9DTGtPsqnEQ?e=RT1zk1,,,27/5/2025,,
Ren0170,27/5/2025,Renovación,,Renovado,,,,Individual,Seg0026,,Pol0238,FALSE,TRUE,rut0057,rut0057,Cli0040,,,UF,,,,,,,16.00%,0.00%,Directa,,,,,,https://segurosaegis.sharepoint.com/:b:/s/SegurosAegis1/ETiO8bBx25BMqRYS6ppaEmcB9Z2TW3WFg5accErhmX62Lw?e=4etcrA,,,6/6/2025,,
Neg0154,2/6/2025,Negocio,Aceptado,,,,,Individual,,Cot0179,,FALSE,TRUE,rut0050,rut0050,Cli0037,,,UF,,,,,,,14.00%,0.00%,PAT,,,Continuidad,,,,,,12/6/2025,,
Ren0171,4/6/2025,Renovación,,Renovado,,,,Individual,Seg0028,,Pol0240,FALSE,TRUE,rut0090,rut0090,Cli0064,,,UF,,,,,,,14.50%,0.00%,PAT,,,,,,https://segurosaegis.sharepoint.com/:b:/s/SegurosAegis1/EUFD1ZexwjRPkFWlXI3EUJgBlodhAmo4A4McHOjlah3lJw?e=NLoi5y,,,14/6/2025,,
Neg0155,5/6/2025,Negocio,Aceptado,,,,,Individual,Seg0028,Cot0182,,FALSE,TRUE,rut0085,rut0085,Cli0061,,,UF,,,,,,,13.00%,0.00%,PAT,,,Autoinspección,2717587,,,,,15/6/2025,,
Ren0172,8/6/2025,Renovación,,Renovado,,,,Individual,Seg0028,,Pol0243,FALSE,TRUE,rut0107,rut0107,Cli0073,,,UF,,,,,,,7.78%,0.00%,PAT,,,,,,Portal ANS,,,18/6/2025,,
Pol03843,8/6/2025,Renovación,,Cambio Cía,,,,Individual,Seg0028,,Pol0243,FALSE,TRUE,rut0107,rut0107,Cli0073,,,UF,,,,,,,13.00%,0.00%,PAT,,,No Aplica,,,,,,18/6/2025,,
Ren0173,10/6/2025,Renovación,,Renovado,,,,Individual,Seg0023,,Pol0246,FALSE,TRUE,rut0065,rut0065,Cli0046,,,UF,,,,,,,13.04%,0.00%,PAT,,,,,,https://segurosaegis.sharepoint.com/:b:/s/SegurosAegis1/EcLFBgrGmopDjKYjM_BfvkcBCSBvRFTbWOTkl7a5prQdvg?e=KWYdlW,,,20/6/2025,,
Ren0174,10/6/2025,Renovación,,Renovado,,,,Individual,Seg0035,,Pol0247,FALSE,TRUE,rut0065,rut0065,Cli0046,,,UF,,,,,,,10.50%,0.00%,PAT,,,,,,https://segurosaegis.sharepoint.com/:b:/s/SegurosAegis1/ESn6YN2RvItFov-iZWZUJicBI4coPGdsWrJcZ9dU6VyD6Q?e=bWEDYQ,,,20/6/2025,,
Ren0175,10/6/2025,Renovación,,Renovado,,,,Individual,Seg0028,,Pol0248,FALSE,TRUE,rut0065,rut0065,Cli0046,,,UF,,,,,,,10.50%,0.00%,PAT,,,,,,https://segurosaegis.sharepoint.com/:b:/s/SegurosAegis1/ESn6YN2RvItFov-iZWZUJicBI4coPGdsWrJcZ9dU6VyD6Q?e=bWEDYQ,,,20/6/2025,,
Ren0176,13/6/2025,Renovación,,Renovado,,,,Individual,Seg0001,,Pol0249,FALSE,TRUE,rut0057,rut0057,Cli0040,,,UF,,,,,,,26.00%,0.00%,Directa,,,,,,https://segurosaegis.sharepoint.com/:b:/s/SegurosAegis1/ETd-ITT1LoJOrppYVRRe2mYBYT8tsfQy-ilbgmwVgm88BA?e=AVU1Rx,,,23/6/2025,,
Neg0156,18/6/2025,Negocio,Aceptado,,,,,Individual,Seg0001,Cot0183,,FALSE,TRUE,rut0018,rut0018,Cli0016,,,CLP,,,,,,,20.00%,20.00%,Directa,,,No Aplica,,,,,,28/6/2025,,
Neg0157,18/6/2025,Negocio,Nulo,,,,,Individual,,Cot0184,,FALSE,TRUE,rut0173,rut0173,Cli0117,,,UF,,,,,,,,,PAT,,,Autoinspección,,,,,,28/6/2025,,
Pol0241,18/6/2025,Negocio,Aceptado,,,,,Individual,Seg0019,,,FALSE,TRUE,rut0018,rut0018,Cli0016,,,CLP,,,,,,,10.00%,0.00%,Directa,,,No Aplica,,,,,,28/6/2025,,
Ren0177,21/6/2025,Renovación,,Renovado,,,,Individual,Seg0014,,Pol0251,FALSE,TRUE,rut0140,rut0140,Cli0099,,,UF,,,,,,,21.00%,10.00%,PAC,,,,,,Portal,,,1/7/2025,,
Neg0158,26/6/2025,Negocio,Aceptado,,,,,Individual,Seg0001,Cot0186,,FALSE,TRUE,rut0018,rut0018,Cli0016,,,CLP,,,,,,,20.00%,20.00%,Directa,,,No Aplica,,,,,,6/7/2025,,
Pol0245,26/6/2025,Negocio,Aceptado,,,,,Individual,Seg0019,,,FALSE,TRUE,rut0018,rut0018,Cli0016,,,CLP,,,,,,,10.00%,0.00%,Directa,,,No Aplica,,,,,,6/7/2025,,
Neg0159,1/7/2025,Negocio,Aceptado,,,,,Individual,Seg0028,Cot0189,,FALSE,TRUE,rut0030,rut0030,Cli0025,,,UF,,,,,,,17.00%,0.00%,PAT,,,Autoinspección,1257530,,,,,11/7/2025,,
Neg0160,3/7/2025,Prospecto,,,Perdido,,,Individual,,,,FALSE,,rut0182,rut0182,Cli0112,,,UF,,,,,,,,,,,,,,,,,,13/7/2025,,
Ren0178,3/7/2025,Renovación,,Renovado,,,,Individual,Seg0014,,Pol0252,FALSE,TRUE,rut0146,rut0146,Cli0102,,,UF,,,,,,,9.43%,9.43%,Directa,,,,,,,,,13/7/2025,,
Neg0161,4/7/2025,Negocio,Aceptado,,,,,Individual,Seg0028,Cot0193,,FALSE,TRUE,rut0173,rut0173,Cli0117,,,UF,,,,,,,14.00%,0.00%,PAT,,,Autoinspección,1258612,,,,,14/7/2025,,
Neg0162,30/1/2026,Prospecto,,,Perdido,,,Individual,,,,FALSE,,rut0092,rut0092,Cli0065,,,UF,,,,,,,,,,,,,,,,,,9/2/2026,,
Ren0179,9/7/2025,Renovación,,Renovado,,,,Individual,Seg0028,,Pol0253,FALSE,TRUE,rut0017,rut0017,Cli0015,,,UF,,,,,,,15.00%,0.00%,PAT,,,,,,,,,19/7/2025,,
Ren0180,11/7/2025,Renovación,,Renovado,,,,Individual,Seg0028,,Pol0254,FALSE,TRUE,rut0159,rut0159,Cli0111,,,UF,,,,,,,17.00%,0.00%,PAT,,,,,,Portal,,,21/7/2025,,
Ren0181,11/7/2025,Renovación,,Renovado,,,,Individual,Seg0028,,Pol0255,FALSE,TRUE,rut0159,rut0159,Cli0111,,,UF,,,,,,,17.00%,0.00%,PAT,,,,,,Portal,,,21/7/2025,,
Ren0182,11/7/2025,Renovación,,Renovado,,,,Individual,Seg0028,,Pol0256,FALSE,TRUE,rut0159,rut0159,Cli0111,,,UF,,,,,,,17.00%,0.00%,PAT,,,,,,Portal,,,21/7/2025,,
Ren0183,28/7/2025,Renovación,,Renovado,,,,Individual,Seg0026,,Pol0258,FALSE,TRUE,rut0065,rut0065,Cli0046,,,UF,,,,,,,15.00%,0.00%,Directa,,,,,,Condiciones,,,7/8/2025,,
Neg0163,29/7/2025,Negocio,Nulo,,,,,Individual,,,,FALSE,TRUE,rut0173,rut0173,Cli0117,,,UF,,,,,,,,,,,,,,,,,,8/8/2025,,
Neg0164,17/10/2025,Negocio,Aceptado,,,,,Individual,Seg0028,Cot0199,,FALSE,TRUE,rut0161,rut0161,Cli0111,,,UF,,,,,,,14.00%,0.00%,PAT,,,No Aplica,,,,,,27/10/2025,,
Ren0184,29/7/2025,Renovación,,Renovado,,,,Individual,Seg0028,,Pol0259,FALSE,TRUE,rut0124,rut0124,Cli0096,,,UF,,,,,,,15.00%,0.00%,PAT,,,,,,,,,8/8/2025,,
Neg0165,15/12/2025,Negocio,Aceptado,,,,,Individual,Seg0028,27f3747b,,FALSE,TRUE,rut0134,rut0134,Cli0098,4fdf4801,,UF,,,,,,,10.50%,0.00%,PAT,,,Autoinspección,2804916,,,,,25/12/2025,,
Neg0166,19/11/2025,Negocio,Aceptado,,,,,Individual,Seg0028,88e050b9,,FALSE,TRUE,rut0124,rut0124,Cli0096,Pro0091,,UF,,,,,,,13.50%,0.00%,PAT,,,Autoinspección,1344098,,,,la cotización venció al momento de emitir. se cotizó de nuevo y estaba un poco mas barato con UF11.9 bruto,29/11/2025,,
Ren0185,20/8/2025,Renovación,,Renovado,,,,Individual,Seg0014,,Pol0263,FALSE,TRUE,rut0023,rut0023,Cli0018,,,UF,,,,,,,10.00%,10.00%,Directa,,,,,,,,,30/8/2025,,
Ren0186,22/8/2025,Renovación,,Renovado,,,,Individual,Seg0028,,Pol0264,FALSE,TRUE,rut0193,rut0193,Cli0127,,,UF,,,,,,,13.00%,0.00%,Directa,,,,,,,,,1/9/2025,,
Neg0167,25/8/2025,Negocio,Nulo,,,,,Individual,,,,FALSE,TRUE,rut0134,rut0134,Cli0098,,,UF,,,,,,,,,,,,,,,,,,4/9/2025,,
Neg0168,25/8/2025,Negocio,Nulo,,,,,Individual,,,,FALSE,TRUE,rut0174,rut0174,Cli0117,,,UF,,,,,,,,,,,,,,,,,,4/9/2025,,
Neg0169,25/8/2025,Negocio,Nulo,,,,,Individual,,,,FALSE,TRUE,rut0173,rut0173,Cli0117,,,UF,,,,,,,,,,,,,,,,,,4/9/2025,,
Neg0170,25/8/2025,Negocio,Nulo,,,,,Individual,,,,FALSE,TRUE,rut0173,rut0173,Cli0117,,,UF,,,,,,,,,,,,,,,,,,4/9/2025,,
Neg0171,28/8/2025,Negocio,Nulo,,,,,Individual,,,,FALSE,TRUE,rut0193,rut0193,Cli0127,,,UF,,,,,,,,,,,,,,,,,,7/9/2025,,
Ren0187,30/8/2025,Renovación,,Renovado,,,,Individual,Seg0028,,Pol0265,FALSE,TRUE,rut0108,rut0108,Cli0074,,,UF,,,,,,,14.00%,0.00%,PAT,,,,,,,,,9/9/2025,,
Ren0188,6/9/2025,Renovación,,Renovado,,,,Individual,Seg0014,,Pol0267,FALSE,TRUE,rut0070,rut0070,Cli0049,,,UF,,,,,,,20.15%,0.00%,Directa,,,,,,,,,16/9/2025,,
8888cabf,24/9/2025,Negocio,Aceptado,,,,,Individual,Seg0028,,,FALSE,TRUE,ca0fc53c,ca0fc53c,Cli0001,,,UF,,,,,,,17.00%,0.00%,PAT,,,Autoinspección,,,,,,4/10/2025,,
0b88954a,30/9/2025,Negocio,Nulo,,,,,Individual,,,,FALSE,TRUE,590d718b,590d718b,Cli0064,,,UF,,,,,,,,,PAT,,,No Aplica,,,,,,10/10/2025,,
Ren0189,5/10/2025,Renovación,,Renovado,,,,Individual,Seg0028,,Pol0272,FALSE,TRUE,rut0057,rut0057,Cli0040,,,UF,,,,,,,,,Directa,,,,,,,,,15/10/2025,,
Ren0190,9/10/2025,Renovación,,Renovado,,,,Individual,Seg0028,,Pol0273,FALSE,TRUE,rut0022,rut0022,Cli0017,,,UF,,,,,,,,,PAT,,,,,,,,Cliente Vendió el Auto,19/10/2025,,
3670afd7,14/10/2025,Negocio,Aceptado,,,,,Individual,Seg0028,92e77f9a,,FALSE,TRUE,gsetrghrt,gsetrghrt,Cli0044,4fdf4801,,UF,,,,,,,10.50%,0.00%,PAT,,,Autoinspección,2790152,,,,,24/10/2025,,
31ac3e19,15/10/2025,Prospecto,,,Perdido,,,Individual,,,,FALSE,,f08b235a,f08b235a,Cli0116,,,UF,,,,,,,,,Directa,,,,,,,,,25/10/2025,,
94aab317,20/10/2025,Prospecto,,,Perdido,,,Individual,Seg0028,,,FALSE,,ee1911c5,ee1911c5,a37bf75b,,,UF,,,,,,,,,,,,,,,,,,30/10/2025,,
0f0b53ad,21/10/2025,Prospecto,,,Perdido,,,Individual,Seg0028,,,FALSE,,ee1911c5,ee1911c5,a37bf75b,,,UF,,,,,,,,,PAT,,,,,,,,,31/10/2025,,
a45964c9,21/10/2025,Prospecto,,,Perdido,,,Individual,Seg0028,,,FALSE,,ee1911c5,ee1911c5,a37bf75b,,,,,,,,,,,,,,,,,,,,,31/10/2025,,
a7fec0d9,21/10/2025,Prospecto,,,Perdido,,,Individual,Seg0014,,,FALSE,,ee1911c5,ee1911c5,a37bf75b,,,,,,,,,,,,,,,,,,,,,31/10/2025,,
f54a06b1,24/10/2025,Renovación,,Renovado,,,,Individual,Seg0014,,Pol0274,FALSE,TRUE,rut0074,rut0074,Cli0052,,,,,,,,,,,,,,,,,,,,,3/11/2025,,
e95a9c19,24/10/2025,Renovación,,Renovado,,,,Individual,Seg0014,,Pol0275,FALSE,TRUE,rut0074,rut0074,Cli0052,,,,,,,,,,,,,,,,,,,,,3/11/2025,,
7374a157,24/10/2025,Renovación,,Renovado,,,,Individual,Seg0014,,Pol0276,FALSE,TRUE,rut0074,rut0074,Cli0052,,,,,,,,,,,,,,,,,,,,,3/11/2025,,
87ce1377,24/10/2025,Renovación,,Renovado,,,,Individual,Seg0011,,Pol0279,FALSE,TRUE,rut0041,rut0041,Cli0032,,,,,,,,,,,,,,,,,,,,,3/11/2025,,
647c439f,24/10/2025,Renovación,,Renovado,,,,Individual,Seg0028,,Pol0280,FALSE,TRUE,rut0066,rut0066,Cli0046,,,,,,,,,,,,,,,,,,,,,3/11/2025,,
be41bc58,24/10/2025,Renovación,,Renovado,,,,Individual,Seg0028,,Pol0283,FALSE,TRUE,rut0105,rut0105,Cli0072,,,,,,,,,,,,,,,,,,,,,3/11/2025,,
74604db5,24/10/2025,Renovación,,Renovado,,,,Individual,Seg0017,,Pol0284,FALSE,TRUE,rut0007,rut0007,8a0eccf1,,,,,,,,,,,,,,,,,,,,,3/11/2025,,
0c01f653,24/10/2025,Renovación,,Renovado,,,,Individual,Seg0028,,Pol0287,FALSE,TRUE,rut0044,rut0044,Cli0034,,,,,,,,,,,,,,,,,,,,,3/11/2025,,
cb39f0ab,24/10/2025,Renovación,,Cambio Cía,,,,Individual,Seg0028,45dd0968,Pol0288,FALSE,TRUE,rut0149,rut0149,Cli0103,,,UF,,,,,,,14.00%,0.00%,PAT,,,Autoinspección,1337092,,,,,3/11/2025,,
6a5b6dbd,24/10/2025,Renovación,,Renovado,,,,Individual,Seg0000,,Pol0289,FALSE,TRUE,rut0196,rut0196,Cli0129,,,,,,,,,,,,,,,,,,/Gestión/Registros/Renovaciones/6a5b6dbd.Condiciones.153526.pdf,,"Reservas:
BCI: 0306659
Renta: 123667",3/11/2025,,
6741304c,24/10/2025,Renovación,,Renovado,,,,Individual,Seg0001,,Pol0290,FALSE,TRUE,rut0196,rut0196,Cli0129,,,UF,,,,,,,,,Directa,,,,,,,,,3/11/2025,,
70481678,24/10/2025,Renovación,,Renovado,,,,Individual,Seg0018,,Pol0291,FALSE,TRUE,rut0196,rut0196,Cli0129,,,UF,,,,,,,,,Directa,,,,,,/Gestión/Registros/Renovaciones/70481678.Condiciones.182137.pdf,,,3/11/2025,,
b85a3025,29/10/2025,Negocio,Nulo,,,,,,Seg0028,,,FALSE,TRUE,rut0047,rut0047,Cli0036,,,,,,,,,,,,,,,,,,,,"Está pagando alrededor de UF18,17 anual con UF3 Ded",8/11/2025,,
9632e8b5,4/11/2025,Negocio,Aceptado,,,,,Individual,Seg0028,df7ffd5d,,FALSE,TRUE,rut0056,rut0056,Cli0040,,,UF,,,,,,,13.50%,0,Directa,,,Autoinspección,1334673,,,,,14/11/2025,,
ab9ce6b1,5/11/2025,Prospecto,,,Perdido,,,,,,,FALSE,,rut0174,rut0174,Cli0117,,,UF,,,,,,,,,,,,,,,,,"Buscar seguro para subcontratistas que se encargaran de transportar o instalar unas antenas. 
Seguro de todo riesgo o algo similar",15/11/2025,,
b3db958a,7/11/2025,Prospecto,,,Perdido,,,,,,,FALSE,,39a2a0e1,39a2a0e1,51f81b24,,,,,,,,,,,,,,,,,,,/Gestión/Registros/Archivos/b3db958a.Archivos.132409.pdf,,17/11/2025,,
ed5fd0f1,7/11/2025,Renovación,,Renovado,,,,Individual,Seg0028,,Pol0292,FALSE,TRUE,rut0169,rut0169,Cli0115,,,UF,,,,,,,,,Directa,,,,,,,,,17/11/2025,,
3a696d4b,7/11/2025,Renovación,,Renovado,,,,Individual,Seg0017,,Pol0293,FALSE,TRUE,,,,,,,,,,,,,,,,,,,,,,,,17/11/2025,,
bf064cda,7/11/2025,Renovación,,Renovado,,,,Individual,Seg0014,,Pol0294,FALSE,TRUE,,,,,,,,,,,,,,,,,,,,,,,,17/11/2025,,
8fa6ddd5,12/11/2025,Negocio,Aceptado,,,,,,Seg0028,2174d580,,FALSE,TRUE,rut0056,rut0056,Cli0040,Pro0091,,UF,,,,,,,13.50%,0.00%,Directa,,,Autoinspección,1336917,,,,,22/11/2025,,
d74a477f,12/11/2025,Negocio,Aceptado,,,,,,Seg0028,fcdc205b,,FALSE,TRUE,rut0066,rut0066,Cli0046,Pro0099,,UF,,,,,,,15.00%,0.00%,PAT,,,Continuidad,No Aplica,,,,,22/11/2025,,
241b4895,12/11/2025,Negocio,Nulo,,,,,,Seg0028,,,FALSE,TRUE,rut0183,rut0183,Cli0112,,,UF,,,,,,,,,PAT,,,Autoinspección,,,,,"No se pudo mejorar oferta de UF7,5 anual para deducible UF5",22/11/2025,,
a1bc1d28,12/11/2025,Renovación,,Renovado,,,,Individual,Seg0028,,Pol0297,FALSE,TRUE,,,,,,,,,,,,,,,,,,,,,,,,22/11/2025,,
de9ea92b,12/11/2025,Renovación,,Renovado,,,,Individual,Seg0028,,Pol0296,FALSE,TRUE,,,,,,,,,,,,,,,,,,,,,,,,22/11/2025,,
a0ebb3b3,13/11/2025,Prospecto,,,Perdido,,,Individual,Seg0028,,,FALSE,,bb191c8b,bb191c8b,168e6fc0,,,UF,,,,,,,,,,,,,,,,,,23/11/2025,,
1aaac0cb,13/11/2025,Negocio,Nulo,,,,,,Seg0028,,,FALSE,TRUE,rut0115,rut0115,Cli0079,,,UF,,,,,,,,,PAT,,,Autoinspección,,,,,"Tratar de mejorar Seguro Vigente.
Deducible UF3: UF15 anual",23/11/2025,,
f98f4481,30/4/2026,Prospecto,,,Pendiente,,,Individual,Seg0023,,,FALSE,TRUE,14584b16,14584b16,Cli0112,,,UF,,,,,,,,,,,,,,,,,,,,
8aaf46ba,25/11/2025,Renovación,,Cambio Cía,,,,Individual,Seg0000,25894601,Pol0289,TRUE,TRUE,rut0196,rut0196,Cli0129,2b4be016,,UF,,,,,,,9.60%,9.60%,Directa,,,,,,,,,5/12/2025,,
2d6bb025,25/11/2025,Renovación,,Cambio Cía,,,,Individual,Seg0000,d1152779,Pol0289,TRUE,TRUE,rut0196,rut0196,Cli0129,,,UF,,,,,,,,,Directa,,,,,,,,,5/12/2025,,
02b49c5e,26/11/2025,Renovación,,Renovado,,,,Individual,Seg0032,,Pol0303,FALSE,TRUE,,,,Pro0100,,UF,,,,,,,,,Directa,,,,,,,,,6/12/2025,,
46b82f8e,28/11/2025,Negocio,Nulo,,,,,,Seg0014,,,FALSE,TRUE,rut0144,rut0144,Cli0101,,,UF,,,,,,,,,,,,,,,,,,8/12/2025,,
6e6b8483,1/12/2025,Negocio,Aceptado,,,,,Individual,Seg0028,f47da6e4,,FALSE,TRUE,rut0050,rut0050,Cli0037,Pro0110,,UF,,,,,,,14.00%,0.00%,Directa,,,Autoinspección,1348544,,,,,11/12/2025,,
c83f0584,2/12/2025,Negocio,Aceptado,,,,,,Seg0014,b1038778,,FALSE,TRUE,rut0009,rut0009,Cli0008,,,UF,,,,,,,10.70%,10.70%,Directa,,,,,,,,,12/12/2025,,
8bda7d27,11/12/2025,Renovación,,Renovado,,,,Individual,Seg0028,,Pol0307,FALSE,TRUE,rut0096,rut0096,Cli0068,Pro0005,,UF,,,,,,,10.00%,0.00%,Directa,,,,,,,,,21/12/2025,,
13ec6c2a,11/12/2025,Renovación,,Renovado,,,,Individual,Seg0014,,Pol0309,FALSE,TRUE,rut0059,rut0059,Cli0042,Pro0039,,UF,,,,,,,30.00%,0.00%,PAT,,,,,,,,,21/12/2025,,
a0d39f46,15/12/2025,Renovación,,Renovado,,,,Individual,Seg0028,,Pol0311,FALSE,TRUE,rut0158,rut0158,Cli0110,Pro0015,,UF,,,,,,,15.00%,0.00%,PAT,,,,,,,,,25/12/2025,,
212e89c1,15/12/2025,Prospecto,,,Perdido,,,Individual,Seg0028,,,FALSE,,rut0071,rut0071,Cli0050,,,,,,,,,,,,,,,,,,,,Paga $36000 mensual con un deducible UF3,25/12/2025,,
28872a0c,15/12/2025,Prospecto,,,Perdido,,,Individual,Seg0028,,,FALSE,,rut0026,rut0026,Cli0021,,,,,,,,,,,,,,,,,,,,Pagaba UF21.29 deducible UF4,25/12/2025,,
e941100c,29/4/2026,Prospecto,,,Pendiente,,,Individual,Seg0028,,,FALSE,TRUE,rut0125,rut0125,Cli0086,,,UF,,,,,,,17.00%,0.00%,PAT,,,,,,,,Pagaba UF20.36 anual con UF5,,,
ae64c767,16/12/2025,Prospecto,,,Perdido,,,Individual,,,,FALSE,,rut0083,rut0083,Cli0059,,,,,,,,,,,,,,,,,,,,"UF13.74 con UF10
No entrega cot ANS",26/12/2025,,
c03c9974,16/12/2025,Negocio,Aceptado,,,,,Individual,Seg0028,76888ff0,,FALSE,TRUE,bf84f6ef,bf84f6ef,13cf8373,,,UF,,,,,,,12.00%,0.00%,PAT,,,Autoinspección,*,,,,Paga como UF15 anual con deducible UF5 o UF10,26/12/2025,,
401ef48f,30/4/2026,Prospecto,,,Pendiente,,,Individual,Seg0014,,,FALSE,TRUE,e2dd3ebd,e2dd3ebd,15cf6bee,,,UF,,,,,,,,,,,,,,,,,"Debe estar pagando UF174,15 anual Tasa Aprox de 0.512",,,
57f54aa0,16/12/2025,Negocio,Aceptado,,,,,Individual,Seg0028,8baf4757,,FALSE,TRUE,464df1c0,464df1c0,49e131c3,,,UF,,,,,,,17.00%,0.00%,PAT,,,Autoinspección,1357128,,,,,26/12/2025,,
30cda41b,17/12/2025,Negocio,Aceptado,,,,,Individual,Seg0028,566a56e0,,FALSE,TRUE,78c556e1,78c556e1,81d519d5,Pro0083,,UF,,,,,,,14.00%,0.00%,PAT,,,,1361920,,,,,27/12/2025,,
8da00208,18/12/2025,Renovación,,Renovado,,,,Individual,Seg0028,,Pol0312,FALSE,TRUE,rut0159,rut0159,Cli0111,Pro0034,,UF,,,,,,,17.00%,0.00%,PAT,,,,,,,,,28/12/2025,,
e9c41762,18/12/2025,Renovación,,Cambio Cía,,,,Individual,Seg0028,,Pol0316,FALSE,TRUE,rut0146,rut0146,Cli0102,Pro0065,,UF,,,,,,,15.00%,0.00%,Directa,,,Continuidad,,,,,Cotización 10240882,28/12/2025,,
0d1e7bdd,18/12/2025,Renovación,,Renovado,,,,Individual,Seg0028,,Pol0319,FALSE,TRUE,rut0118,rut0118,Cli0081,Pro0047,,UF,,,,,,,16.00%,0.00%,PAT,,,,,,,,,28/12/2025,,
699ec3d6,18/12/2025,Renovación,,Renovado,,,,Individual,Seg0028,,Pol0321,FALSE,TRUE,rut0061,rut0061,Cli0045,Pro0047,,UF,,,,,,,11.00%,0.00%,PAT,,,,,,,,,28/12/2025,,
970cd1c3,18/12/2025,Renovación,,Renovado,,,,Individual,Seg0028,,Pol0328,FALSE,TRUE,rut0003,rut0003,Cli0003,Pro0032,,UF,,,,,,,15.00%,0.00%,Directa,,,,,,,,,28/12/2025,,
ac927ec4,18/12/2025,Renovación,,Renovado,,,,Individual,Seg0028,,Pol0330,FALSE,TRUE,rut0128,rut0128,Cli0093,Pro0032,,UF,,,,,,,17.00%,0.00%,Directa,,,,,,,,,28/12/2025,,
53072e4c,18/12/2025,Renovación,,Renovado,,,,Individual,Seg0028,,Pol0331,FALSE,TRUE,rut0013,rut0013,Cli0012,Pro0034,,UF,,,,,,,17.00%,0.00%,PAC,,,,,,,,,28/12/2025,,
04ac1008,18/12/2025,Renovación,,Renovado,,,,Individual,Seg0028,,Pol0332,FALSE,TRUE,rut0013,rut0013,Cli0012,Pro0034,,UF,,,,,,,17.00%,0.00%,PAC,,,,,,,,,28/12/2025,,
32936c02,18/12/2025,Renovación,,Renovado,,,,Individual,Seg0028,,Pol0333,FALSE,TRUE,rut0145,rut0145,Cli0101,Pro0032,,UF,,,,,,,17.00%,0.00%,Directa,,,,,,,,,28/12/2025,,
dee879df,18/12/2025,Renovación,,Renovado,,,,Individual,Seg0028,,Pol0334,FALSE,TRUE,rut0143,rut0143,Cli0101,Pro0032,,UF,,,,,,,17.00%,0.00%,Directa,,,,,,,,,28/12/2025,,
a49e8330,18/12/2025,Renovación,,Renovado,,,,Individual,Seg0028,,Pol0335,FALSE,TRUE,rut0089,rut0089,Cli0064,Pro0032,,UF,,,,,,,17.00%,0.00%,Directa,,,,,,,,,28/12/2025,,
d4146c05,18/12/2025,Renovación,,Renovado,,,,Individual,Seg0028,,Pol0336,FALSE,TRUE,rut0091,rut0091,Cli0064,Pro0032,,UF,,,,,,,17.00%,0.00%,Directa,,,,,,,,,28/12/2025,,
6137a1d9,18/12/2025,Prospecto,,,Perdido,,,Individual,Seg0028,,,FALSE,,106a4599,106a4599,188bf0ee,,,UF,,,,,,,,,PAC,,,,,,,,Paga 11.07 por un PT+RC UF700,28/12/2025,,
df9875b3,18/12/2025,Prospecto,,,Perdido,,,Individual,Seg0028,,,,,1d711659,1d711659,188bf0ee,,,UF,,,,,,,,,,,,,,,,,,28/12/2025,,
d7fe2319,24/12/2025,Renovación,,No Renovado,,,,Individual,Seg0028,,Pol0337,FALSE,TRUE,rut0064,rut0064,Cli0046,Pro0032,,UF,,,,,,,17.00%,0.00%,Directa,,,Autoinspección,1373114,,,,Se hizo un cambio de asegurado.,3/1/2026,,
75981335,24/12/2025,Negocio,Nulo,,,,,Individual,Seg0028,4c6d83b1,,FALSE,TRUE,52c31de2,52c31de2,84fdf9de,,,UF,,,,,,,13.50%,0.00%,PAT,,,Autoinspección,1369467,,,,"SE demoró demasiado la inspeción.
El valor final quedó nulo.",3/1/2026,,
e8a75220,29/12/2025,Negocio,Nulo,,,,,,Seg0014,,,,TRUE,rut0113,rut0113,Cli0077,,,UF,,,,,,,,,PAT,,,,,,,,,8/1/2026,,
1c1623bf,31/12/2025,Negocio,Aceptado,,,,,,Seg0028,ac96bf55,,FALSE,TRUE,rut0159,rut0159,Cli0111,Pro0034,,UF,,,,,,,17.00%,0.00%,PAT,,,Autoinspección,1365233,,,,,10/1/2026,,
212d60e3,2/1/2026,Traspaso,,,,Ok,,,Seg0032,,,FALSE,FALSE,rut0196,rut0196,Cli0129,Pro0100,,UF,,,,,,,,,Directa,,,,,,,,,12/1/2026,,
6a6d843f,7/1/2026,Negocio,Aceptado,,,,,,Seg0028,37d372fb,,FALSE,TRUE,rut0017,rut0017,Cli0015,Pro0082,,UF,,,,,,,14.00%,0.00%,PAT,,,Autoinspección,1379805,,,,,17/1/2026,,
ee16754f,12/1/2026,Renovación,,Renovado,,,,Individual,Seg0028,,Pol0305,FALSE,TRUE,rut0120,rut0120,Cli0083,Pro0032,,UF,,,,,,,17.00%,0.00%,Directa,,,,,,,,,22/1/2026,,
00ae15c1,3/3/2026,Negocio,Aceptado,,,,,Individual,Seg0028,b9e87299,,FALSE,TRUE,rut0185,rut0185,Cli0121,Pro0051,,UF,,,,,,,10.00%,0.00%,PAT,,,,No Aplica,,,,,13/3/2026,,
44db2753,13/1/2026,Negocio,Aceptado,,,,,,Seg0028,1b14f5f6,,FALSE,TRUE,rut0064,rut0064,Cli0046,Pro0032,,UF,,,,,,,17.00%,0.00%,Directa,,,Autoinspección,1373114,,,,,23/1/2026,,
280d59cc,13/1/2026,Renovación,,Renovado,,,,Individual,Seg0014,,Pol0339,FALSE,TRUE,rut0110,rut0110,Cli0075,Pro0102,,UF,,,,,,,13.45%,13.45%,Directa,,,,,,,,,23/1/2026,,
7e44c039,13/1/2026,Renovación,,Cambio Cía,,,,Individual,Seg0028,,Pol0340,FALSE,TRUE,rut0198,rut0198,Cli0132,Pro0032,,UF,,,,,,,17.00%,0.00%,Directa,,,,,,,,,23/1/2026,,
6f92d466,13/1/2026,Renovación,,Renovado,,,,Individual,Seg0023,,Pol0338,FALSE,TRUE,rut0096,rut0096,Cli0068,Pro0068,,UF,,,,,,,16.00%,0.00%,Directa,,,,,,,,,23/1/2026,,
d1f02d61,13/1/2026,Negocio,Aceptado,,,,,,Seg0028,e81e6bf4,,FALSE,TRUE,rut0120,rut0120,Cli0083,,,UF,,,,,,,17.00%,0.00%,Directa,,,Continuidad,No Aplica,,,,,23/1/2026,,
e200030b,16/1/2026,Negocio,Aceptado,,,,,,Seg0028,6e159ac9,,FALSE,TRUE,rut0149,rut0149,Cli0103,,,UF,,,,,,,14.00%,0.00%,PAT,,,Autoinspección,1374693,,,,,26/1/2026,,
3daa9575,19/1/2026,Renovación,,Cambio Cía,,,,Individual,Seg0028,a422519f,Pol0328,FALSE,TRUE,,,,,,UF,,,,,,,,,,,,,,,,,,29/1/2026,,
60351732,19/1/2026,Renovación,,Renovado,,,,Individual,Seg0014,,Pol0344,FALSE,TRUE,rut0152,rut0152,Cli0106,Pro0038,,UF,,,,,,,23.00%,23.00%,PAC,,,,,,,,,29/1/2026,,
b1f94b07,19/1/2026,Renovación,,Renovado,,,,Individual,Seg0028,,Pol0345,FALSE,TRUE,rut0027,rut0027,Cli0022,Pro0015,,UF,,,,,,,15.00%,0.00%,PAT,,,,,,,,,29/1/2026,,
2e415aa7,19/1/2026,Renovación,,Renovado,,,,Individual,Seg0028,,Pol0343,FALSE,TRUE,rut0043,rut0043,Cli0033,Pro0032,,UF,,,,,,,17.00%,0.00%,PAT,,,,,,,,,29/1/2026,,
262b9f98,29/4/2026,Prospecto,,,Pendiente,,,Individual,Seg0028,,,,TRUE,rut0115,rut0115,Cli0079,,,UF,,,,,,,17.00%,0.00%,PAT,,,,,,,,,,,
82bd9642,21/1/2026,Negocio,Aceptado,,,,,Individual,Seg0028,ae3734c1,,,TRUE,590d718b,590d718b,Cli0064,Pro0063,,UF,,,,,,,14.00%,0.00%,Directa,,,Autoinspección,2819549,,,,Busca factibilidad de seguro PT+RC,31/1/2026,,
543066bb,21/1/2026,Negocio,Aceptado,,,,,Individual,Seg0028,e9d992dc,,FALSE,TRUE,93df6c68,93df6c68,b372eafb,,,UF,,,,,,,17.00%,0.00%,PAT,,,,1378518,,,,,31/1/2026,,
0263c441,29/4/2026,Prospecto,,,Pendiente,,,Individual,Seg0028,,,FALSE,TRUE,rut0016,rut0016,Cli0014,,,UF,,,,,,,,,PAT,,,,,,,,,,,
2a15e628,29/4/2026,Prospecto,,,Pendiente,,,Individual,Seg0028,,,FALSE,TRUE,rut0026,rut0026,Cli0021,,,UF,,,,,,,,,PAT,,,,,,,,"Mejorar UF21 anual con deducible UF4
Contactar pasado el 15/02",,,
8ec4f8d8,21/1/2026,Prospecto,,,Perdido,,,Individual,Seg0028,,,FALSE,,rut0126,rut0126,Cli0094,,,UF,,,,,,,,,PAT,,,,,,,,,31/1/2026,,
fc7a7987,21/1/2026,Prospecto,,,Perdido,,,Individual,Seg0028,,,FALSE,,rut0094,rut0094,Cli0067,,,UF,,,,,,,,,Directa,,,,,,,,No están interesados,31/1/2026,,
62c21e54,2/3/2026,Prospecto,,,Perdido,,,Individual,Seg0028,,,FALSE,,rut0000,rut0000,Cli0002,,,UF,,,,,,,,,PAT,,,,,,,,"Mejorar UF21 anual con UF6 ded
No contesta",12/3/2026,,
b1b7165c,29/4/2026,Prospecto,,,Pendiente,,,Individual,Seg0028,,,FALSE,TRUE,rut0191,rut0191,Cli0125,,,UF,,,,,,,,,,,,,,,,,,,,
d4f9c9d7,29/4/2026,Prospecto,,,Pendiente,,,Individual,Seg0028,,,FALSE,TRUE,rut0028,rut0028,Cli0023,,,UF,,,,,,,,,PAT,,,,,,,,,,,
72a81bef,23/1/2026,Prospecto,,,Perdido,,,Individual,,,,FALSE,,rut0087,rut0087,Cli0062,,,,,,,,,,,,,,,,,,,,,2/2/2026,,
46e8e49c,29/4/2026,Prospecto,,,Espera Cliente,,,Individual,Seg0028,,,FALSE,TRUE,rut0187,rut0187,Cli0122,,,UF,,,,,,,,,,,,,,,,,,,,
bfdedb94,23/1/2026,Prospecto,,,Perdido,,,Individual,Seg0028,,,FALSE,,rut0054,rut0054,Cli0040,,,UF,,,,,,,,,,,,,,,,,Auto Vendido,2/2/2026,,
1052a1a4,29/4/2026,Negocio,Aceptado,,Ganado,,,Individual,Seg0028,d89aca51,,FALSE,TRUE,rut0011,rut0011,Cli0010,Pro0032,Eje0001,UF,$11.95,$0.00,$0.00,$0.00,$0.00,$0.00,17.00%,0.00%,PAT,12,$1.21,,1440658,,,,"17270865-k
Camilo aburto",5/5/2026,,
1d6dc457,29/4/2026,Prospecto,,,Pendiente,,,Individual,Seg0028,,,FALSE,TRUE,rut0028,rut0028,Cli0023,,,UF,,,,,,,,,,,,,,,,,,,,
d51d7ce2,26/1/2026,Negocio,Aceptado,,,,,Individual,Seg0028,4bd74a36,,FALSE,TRUE,rut0183,rut0183,Cli0112,,,UF,,,,,,,13.50%,0.00%,PAT,,,Autoinspección,2830242,,,,e430e5e3,5/2/2026,,
d3752173,29/4/2026,Prospecto,,,Pendiente,,,Individual,Seg0028,,,FALSE,TRUE,ee1911c5,ee1911c5,a37bf75b,,,,,,,,,,,,,,,,,,,,ce2814f7,,,
abf5ecf7,29/4/2026,Prospecto,,,Pendiente,,,Individual,Seg0028,,,FALSE,TRUE,ee1911c5,ee1911c5,a37bf75b,,,,,,,,,,,,,,,,,,,,fbb6d7e5,,,
cc870851,30/4/2026,Prospecto,,,Pendiente,,,Individual,Seg0028,,,FALSE,TRUE,ee1911c5,ee1911c5,a37bf75b,,,UF,,,,,,,,,,,,,,,,,Siniestrado. Esperar,,,
77c17dea,27/1/2026,Prospecto,,,Perdido,,,Individual,Seg0028,,,FALSE,,rut0133,rut0133,Cli0089,,,,,,,,,,,,,,,,,,,,deducible UF10 UF19.49 anual. taller de marca,6/2/2026,,
0598c408,27/1/2026,Negocio,Aceptado,,,,,Individual,Seg0028,cff28110,,FALSE,TRUE,rut0180,rut0180,Cli0119,4fdf4801,,UF,,,,,,,10.50%,0.00%,PAT,,,Autoinspección,2825943,,,,pagaba UF7.34 por PT+RC,6/2/2026,,
417f161d,27/1/2026,Prospecto,,,Perdido,,,Individual,Seg0028,,,FALSE,,rut0061,rut0061,Cli0045,,,,,,,,,,,,,,,,,,,,Mejor opción entregada el 2023 fue UF25.36 deducible UF5,6/2/2026,,
30ec9962,28/1/2026,Renovación,,Renovado,,,,Individual,Seg0014,,Pol0351,FALSE,TRUE,rut0166,rut0166,Cli0111,Pro0043,,UF,,,,,,,18.00%,18.00%,PAC,,,,,,,,,7/2/2026,,
2c5af2fa,28/1/2026,Renovación,,Renovado,,,,Individual,Seg0014,,Pol0350,FALSE,TRUE,rut0159,rut0159,Cli0111,Pro0043,,UF,,,,,,,15.00%,15.00%,PAT,,,,,,,,,7/2/2026,,
f7e1c371,28/1/2026,Renovación,,Renovado,,,,Individual,Seg0028,155b0243,Pol0347,FALSE,TRUE,rut0080,rut0080,Cli0057,Pro0078,,UF,,,,,,,15.00%,0.00%,Directa,,,,,,,,,7/2/2026,,
ee2843f2,28/1/2026,Renovación,,Renovado,,,,Individual,Seg0028,,Pol0349,FALSE,TRUE,rut0128,rut0128,Cli0093,Pro0032,,UF,,,,,,,17.00%,0.00%,Directa,,,,,,,,,7/2/2026,,
e0d7dfc2,28/1/2026,Renovación,,Cambio Cía,,,,Individual,Seg0028,52f74d6f,Pol0346,FALSE,TRUE,rut0144,rut0144,Cli0101,Pro0032,,UF,,,,,,,17.00%,0.00%,PAT,,,Continuidad,,,,,,7/2/2026,,
8a181242,30/1/2026,Prospecto,,,Perdido,,,Individual,Seg0028,,,FALSE,,rut0128,rut0128,Cli0093,,,,,,,,,,,,,,,,,,,,Mejorar UF16.46 con UF5,9/2/2026,,
d0b502bf,30/1/2026,Prospecto,,,Perdido,,,Individual,Seg0028,,,FALSE,,rut0045,rut0045,Cli0035,,,,,,,,,,,,,,,,,,,,663281f7,9/2/2026,,
ad93ea2b,30/1/2026,Negocio,Aceptado,,,,,Individual,Seg0028,1ab5fcfe,,FALSE,TRUE,rut0047,rut0047,Cli0036,Pro0032,,UF,,,,,,,17.00%,0.00%,PAT,,,,1397729,,,,UF21.8 con UF5,9/2/2026,,
8de372fa,29/4/2026,Prospecto,,,Pendiente,,,Individual,Seg0028,,,FALSE,TRUE,rut0106,rut0106,Cli0097,,,,,,,,,,,,,,,,,,,,304c3fea,,,
5976b900,30/1/2026,Prospecto,,,Perdido,,,Individual,Seg0028,,,FALSE,,rut0132,rut0132,Cli0088,,,,,,,,,,,,,,,,,,,,No contesta,9/2/2026,,
d504b32d,2/3/2026,Prospecto,,,Perdido,,,Individual,Seg0028,,,FALSE,,rut0104,rut0104,Cli0071,,,,,,,,,,,,,,,,,,,,No pescó,12/3/2026,,
e55a81be,2/3/2026,Negocio,Aceptado,,,,,Individual,Seg0028,89583205,,FALSE,TRUE,rut0185,rut0185,Cli0121,4fdf4801,,UF,,,,,,,10.50%,0.00%,PAT,,,,2851140,,,,61c47310,12/3/2026,,
101a0a69,30/1/2026,Prospecto,,,Perdido,,,Individual,Seg0028,,,FALSE,,rut0168,rut0168,Cli0114,,,,,,,,,,,,,,,,,,,,a089715c,9/2/2026,,
cfb4e007,30/1/2026,Negocio,Aceptado,,,,,Individual,Seg0028,e903a848,,FALSE,TRUE,rut0167,rut0167,Cli0113,Pro0032,,UF,,,,,,,17.00%,0.00%,PAT,,,,1391543,,,,079fa3e0,9/2/2026,,
c3a78960,30/1/2026,Negocio,Aceptado,,,,,Individual,Seg0028,6fc5f233,,FALSE,TRUE,rut0047,rut0047,Cli0036,Pro0032,,UF,,,,,,,17.00%,0.00%,PAT,,,,1397735,,,,Paga UF16.31 anual con UF3,9/2/2026,,
31c127a5,30/1/2026,Negocio,Nulo,,,,,Individual,Seg0028,9ca24d00,,FALSE,TRUE,78c556e1,78c556e1,81d519d5,Pro0083,,UF,,,,,,,15.00%,0.00%,PAT,,,,1386765,,,,8fdef52d,9/2/2026,,
8601d49a,2/3/2026,Prospecto,,,Perdido,,,Individual,Seg0028,,,FALSE,,1d711659,1d711659,188bf0ee,Pro0032,,UF,,,,,,,17.00%,0.00%,PAT,,,,,,,,EL hijo no pesca. EL papá se aburrió,12/3/2026,,
ca0659a3,2/3/2026,Negocio,Aceptado,,,,,Individual,Seg0028,2ca238ba,,FALSE,TRUE,1d711659,1d711659,188bf0ee,b023eff5,,UF,,,,,,,10.00%,0.00%,PAT,,,,No Aplica,,,,57301eb3,12/3/2026,,
a80db467,30/1/2026,Negocio,Aceptado,,,,,,Seg0028,befd2f57,,FALSE,TRUE,rut0146,rut0146,Cli0102,,,UF,,,,,,,17.00%,0.00%,Directa,,,Continuidad,No Aplica,,,,,9/2/2026,,
af53e0dd,2/2/2026,Renovación,,Renovado,,,,Individual,Seg0023,,Pol0352,FALSE,TRUE,rut0149,rut0149,Cli0103,Pro0070,,UF,,,,,,,15.00%,0.00%,PAT,,,,,,,,,12/2/2026,,
c22f5f90,2/2/2026,Renovación,,Renovado,,,,Individual,Seg0003,,Pol0353,FALSE,TRUE,rut0149,rut0149,Cli0103,Pro0004,,UF,,,,,,,15.00%,15.00%,Directa,,,,,,,,,12/2/2026,,
f3c3e533,4/2/2026,Negocio,Aceptado,,,,,,Seg0028,d10ed0ae,,FALSE,TRUE,rut0158,rut0158,Cli0110,Pro0099,,UF,,,,,,,17.00%,0.00%,PAT,,,No Aplica,No Aplica,,,,Le ofrecen UF41.76 con UF3,14/2/2026,,
8da002538,18/12/2025,Renovación,,Renovado,,,,Individual,Seg0028,,Pol0312,FALSE,TRUE,rut0159,rut0159,Cli0111,Pro0034,,UF,,,,,,,17.00%,0.00%,PAT,,,,,,,,,28/12/2025,,
ac927ec421,18/12/2025,Renovación,,Renovado,,,,Individual,Seg0028,,Pol0330,FALSE,TRUE,rut0128,rut0128,Cli0093,Pro0032,,UF,,,,,,,17.00%,0.00%,Directa,,,,,,,,,28/12/2025,,
32936c0152,18/12/2025,Renovación,,Renovado,,,,Individual,Seg0028,,Pol0333,FALSE,TRUE,rut0145,rut0145,Cli0101,Pro0032,,UF,,,,,,,17.00%,0.00%,Directa,,,,,,,,,28/12/2025,,
dee8757839df,18/12/2025,Renovación,,Renovado,,,,Individual,Seg0028,,Pol0334,FALSE,TRUE,rut0143,rut0143,Cli0101,Pro0032,,UF,,,,,,,17.00%,0.00%,Directa,,,,,,,,,28/12/2025,,
a49e8324530,18/12/2025,Renovación,,Renovado,,,,Individual,Seg0028,,Pol0335,FALSE,TRUE,rut0089,rut0089,Cli0064,Pro0032,,UF,,,,,,,17.00%,0.00%,Directa,,,,,,,,,28/12/2025,,
d4146c056534,18/12/2025,Renovación,,Renovado,,,,Individual,Seg0028,,Pol0336,FALSE,TRUE,rut0091,rut0091,Cli0064,Pro0032,,UF,,,,,,,17.00%,0.00%,Directa,,,,,,,,,28/12/2025,,
Ren0106a,6/12/2024,Renovación,,Renovado,,,,Individual,Seg0028,,Pol0158,FALSE,TRUE,rut0009,rut0009,Cli0008,,,UF,,,,,,,15.00%,0.00%,PAT,,,,,,Portal,,,16/12/2024,,
5a79ad75,5/2/2026,Negocio,Aceptado,,,,,Individual,Seg0028,10033755,,FALSE,TRUE,ab770ebe,ab770ebe,d1a0804c,Pro0032,,UF,,,,,,,15.00%,0.00%,PAT,,,,1386580,,,,,15/2/2026,,
ab5d0c04,5/2/2026,Negocio,Aceptado,,,,,Individual,Seg0028,ee1ce1b3,,FALSE,TRUE,rut0134,rut0134,Cli0098,Pro0083,,UF,,,,,,,14.00%,0.00%,PAT,,,Autoinspección,1390716,,,,532ebb4f,15/2/2026,,
8834ad0e,7/2/2026,Traspaso,,,,Ok,,,Seg0006,,,FALSE,FALSE,rut0146,rut0146,Cli0102,d8298774,,UF,,,,,,,10.00%,,PAT,,,,,,,,,17/2/2026,,
203b877c,7/2/2026,Renovación,,Renovado,,,,Individual,Seg0006,,7dfe8fed,FALSE,TRUE,rut0146,rut0146,Cli0102,d8298774,,UF,,,,,,,10.00%,0.00%,PAT,,,,,,,,,17/2/2026,,
2bd45f72,12/2/2026,Negocio,Aceptado,,,,,Individual,Seg0028,091b7c43,,FALSE,TRUE,rut0135,rut0135,Cli0098,Pro0032,,UF,,,,,,,17.00%,0.00%,PAT,,,,1390822,,,,Inspección 1390822,22/2/2026,,
b1733951,13/2/2026,Renovación,,Renovado,,,,Individual,Seg0028,,Pol0356,FALSE,TRUE,rut0057,rut0057,Cli0040,Pro0063,,UF,,,,,,,10.50%,0.00%,Directa,,,,,,,,,23/2/2026,,
447e79d6,13/2/2026,Renovación,,Renovado,,,,Individual,Seg0028,,Pol0357,FALSE,TRUE,rut0057,rut0057,Cli0040,Pro0063,,UF,,,,,,,10.50%,0.00%,Directa,,,,,,,,,23/2/2026,,
8351632a,13/2/2026,Renovación,,Renovado,,,,Individual,Seg0023,,Pol0358,FALSE,TRUE,rut0056,rut0056,Cli0040,Pro0069,,UF,,,,,,,18.00%,0.00%,Directa,,,,,,,,,23/2/2026,,
68a18954,13/2/2026,Renovación,,Renovado,,,,Individual,Seg0028,,Pol0355,FALSE,TRUE,rut0039,rut0039,Cli0030,Pro0015,,UF,,,,,,,15.00%,0.00%,PAT,,,,,,,,,23/2/2026,,
743c2609,17/2/2026,Renovación,,Renovado,,,,Individual,,,strhrsthert,FALSE,TRUE,rut0146,rut0146,Cli0102,d8298774,,UF,,,,,,,10.00%,0.00%,PAT,,,,,,,,,27/2/2026,,
22c9c350,18/2/2026,Prospecto,,,Perdido,,,Individual,Seg0034,,,FALSE,,ca6d987a,ca6d987a,3ae0be3d,,,UF,,,,,,,,,Directa,,,,,,,,,28/2/2026,,
ea5023f8,18/2/2026,Prospecto,,,Perdido,,,Individual,Seg0034,,,FALSE,,4e4dc021,4e4dc021,3ae0be3d,,,UF,,,,,,,,,Directa,,,,,,,,,28/2/2026,,
c8d1b5af,18/2/2026,Prospecto,,,Perdido,,,Individual,Seg0034,,,FALSE,,ca6d987a,ca6d987a,3ae0be3d,,,UF,,,,,,,,,Directa,,,,,,,,,28/2/2026,,
7b14721e,19/2/2026,Negocio,Aceptado,,,,,Individual,Seg0028,61f5f4e0,,FALSE,TRUE,ca6d987a,ca6d987a,3ae0be3d,Pro0034,,UF,,,,,,,17.00%,0.00%,PAT,,,,1395102,,,,Paga 120 Mensual con UF5,1/3/2026,,
ca644998,19/2/2026,Negocio,Aceptado,,,,,Individual,Seg0028,8e3d7b85,,FALSE,TRUE,ca6d987a,ca6d987a,3ae0be3d,Pro0034,,UF,,,,,,,17.00%,0.00%,PAT,,,,1398214,,,,,1/3/2026,,
b6f8a30c,23/2/2026,Negocio,Aceptado,,,,,Individual,Seg0028,3437858e,,FALSE,TRUE,rut0013,rut0013,Cli0012,Pro0034,,UF,,,,,,,17.00%,0.00%,PAT,,,Autoinspección,1397245,,,,,5/3/2026,,
32da4e0c,23/2/2026,Negocio,Aceptado,,,,,Individual,Seg0028,84c22e94,,FALSE,TRUE,rut0013,rut0013,Cli0012,Pro0034,,UF,,,,,,,17.00%,0.00%,PAT,,,,1397286,,,,,5/3/2026,,
f3b56345,2/3/2026,Prospecto,,,Perdido,,,Individual,,,,FALSE,,836c51dc,836c51dc,853f6b33,,,UF,,,,,,,,,PAT,,,,,,,,El marido tiene amigo corredor,12/3/2026,,
c2a3a5b8,24/2/2026,Renovación,,Renovado,,,,Individual,Seg0000,,Pol0360,FALSE,TRUE,rut0139,rut0139,Cli0092,dfff688c,,UF,,,,,,,8.00%,8.00%,Directa,,,,,,,,"Reservas:

BCI: 0328443
Renta: 133821
Chubb:
Consorcio:",6/3/2026,,
fff74322,24/2/2026,Renovación,,Renovado,,,,Individual,Seg0028,,Pol0359,FALSE,TRUE,rut0194,rut0194,Cli0127,Pro0032,,UF,,,,,,,17.00%,0.00%,Directa,,,,,,,,,6/3/2026,,
8187f4d0,25/2/2026,Negocio,Aceptado,,,,,Individual,Seg0028,b27b2538,,FALSE,TRUE,rut0167,rut0167,Cli0113,Pro0111,,UF,,,,,,,10.00%,0.00%,PAT,,,,300559146,,,,"Paga UF15,45 anual. PT + RC + DM por naturaleza. Taller de Marca. Deducible UF10",7/3/2026,,
23872a90,2/3/2026,Negocio,Aceptado,,,,,Individual,Seg0028,a0c8e365,,FALSE,TRUE,2644dba2,2644dba2,674f9f0f,Pro0032,,UF,,,,,,,17.00%,0.00%,PAT,,,,1406889,,,,,12/3/2026,,
2a56238c,2/3/2026,Negocio,Aceptado,,,,,Individual,,6701960c,,FALSE,TRUE,f2cb894d,f2cb894d,674f9f0f,Pro0032,,UF,,,,,,,17.00%,0.00%,PAT,,,,1406906,,,,,12/3/2026,,
0b31b71e,26/2/2026,Traspaso,,,,Ok,,Individual,Seg0028,,,FALSE,FALSE,rut0198,rut0198,Cli0132,Pro0032,,UF,,,,,,,17.00%,,PAT,,,,,,,,Registro para anular póliza renovada,8/3/2026,,
98d5e628,2/3/2026,Renovación,,Renovado,,,,Individual,Seg0013,f5023eaf,Pol0361,FALSE,FALSE,rut0037,rut0037,Cli0029,Pro0079,Eje0003,UF,$1.30,$0.00,,,,,0.00%,0.00%,Directa,1,$1.55,No Aplica,,10/4/2026,,,,12/3/2026,,
0f938ac0,2/3/2026,Renovación,,Renovado,,,,Individual,Seg0022,9282f0a2,Pol0362,FALSE,FALSE,rut0037,rut0037,Cli0029,Pro0080,,UF,$2.00,$0.00,,,,,0.00%,0.00%,Directa,1,$2.38,No Aplica,,15/4/2026,,,,12/3/2026,,
e0fa476e,2/3/2026,Renovación,,Renovado,,,,Individual,Seg0028,,Pol0363,FALSE,TRUE,rut0058,rut0058,Cli0041,Pro0083,,UF,,,,,,,14.00%,0.00%,PAT,,,,,,,,,12/3/2026,,
fcc910b9,3/3/2026,Traspaso,,,,Ok,,Individual,Seg0028,,,FALSE,FALSE,rut0144,rut0144,Cli0101,Pro0032,,UF,,,,,,,17.00%,,PAT,,,,,,,,,13/3/2026,,
a14e21aa,4/3/2026,Prospecto,,,Perdido,,,Individual,,,,FALSE,,383801ec,383801ec,db499e00,,,UF,,,,,,,,,PAT,,,,,,,,no le valió la pena,14/3/2026,,
4cf4e6a0,4/3/2026,Prospecto,,,Perdido,,,Individual,,,,FALSE,,383801ec,383801ec,db499e00,,,UF,,,,,,,,,PAT,,,,,,,,no le valió la pena,14/3/2026,,
5423a1e7,4/3/2026,Negocio,Aceptado,,,,,,Seg0028,5534f67f,,FALSE,TRUE,rut0043,rut0043,Cli0033,,,UF,,,,,,,17.00%,0.00%,PAT,,,Continuidad,No Aplica,,,,,14/3/2026,,
9068243c,5/3/2026,Negocio,Aceptado,,,,,,Seg0028,6de6735a,,FALSE,TRUE,rut0080,rut0080,Cli0057,Pro0032,,UF,,,,,,,17.00%,0.00%,PAT,,,Continuidad,No Aplica,,,,,15/3/2026,,
18b91ed7,5/3/2026,Renovación,,Renovado,,,,Individual,Seg0014,,Pol0364,FALSE,TRUE,rut0165,rut0165,Cli0111,Pro0043,,UF,,,,,,,18.00%,18.00%,PAC,,,,,,,,,15/3/2026,,
aa113c96,10/3/2026,Negocio,Aceptado,,,,,,Seg0011,4d924018,,FALSE,TRUE,rut0041,rut0041,Cli0032,Pro0029,,UF,,,,,,,10.00%,0.00%,Directa,,,No Aplica,No Aplica,,,,,20/3/2026,,
aa771c94,29/4/2026,Prospecto,,,Pendiente,,,Individual,Seg0028,,,FALSE,TRUE,f1171afe,f1171afe,5e3e9074,,,UF,,,,,,,,,PAT,,,,,,,,,,,
53bdb5e8,29/4/2026,Prospecto,,,Pendiente,,,Individual,Seg0028,,,FALSE,TRUE,8ea1e085,8ea1e085,5e3e9074,,,UF,,,,,,,,,PAT,,,,,,,,,,,
d09543a6,11/3/2026,Renovación,,Renovado,,,,Individual,Seg0028,,Pol0366,FALSE,TRUE,rut0078,rut0078,Cli0056,Pro0034,,UF,,,,,,,17.00%,0.00%,PAT,,,,,,,,,21/3/2026,,
2856c70a,12/3/2026,Negocio,Aceptado,,,,,Individual,Seg0028,6b923773,,FALSE,TRUE,9bd1ff83,9bd1ff83,85805ffa,Pro0034,,UF,,,,,,,17.00%,0.00%,Directa,,,,1412750,,,,,22/3/2026,,
e6aa8b9a,13/3/2026,Negocio,Aceptado,,,,,,Seg0034,7ad0fd7e,,FALSE,TRUE,rut0096,rut0096,Cli0068,e7334ec9,,CLP,,,,,,,5.00%,0.00%,Directa,,,No Aplica,No Aplica,,,,,23/3/2026,,
9614284a,13/3/2026,Negocio,Aceptado,,,,,,Seg0034,e78806ea,,FALSE,TRUE,rut0096,rut0096,Cli0068,e7334ec9,,CLP,,,,,,,5.00%,0.00%,Directa,,,No Aplica,No Aplica,,,,,23/3/2026,,
badb11dd,16/3/2026,Renovación,,Renovado,,,,Individual,Seg0028,,Pol0370,FALSE,TRUE,rut0070,rut0070,Cli0049,Pro0015,,UF,,,,,,,15.00%,0.00%,PAT,,,,,,,,,26/3/2026,,
a4caf327,16/3/2026,Renovación,,Renovado,,,,Individual,Seg0028,,Pol0368,FALSE,TRUE,rut0135,rut0135,Cli0098,Pro0032,,UF,,,,,,,17.00%,0.00%,PAT,,,,,,,,,26/3/2026,,
5b28fbe7,16/3/2026,Renovación,,Renovado,,,,Individual,Seg0014,,Pol0369,FALSE,TRUE,rut0159,rut0159,Cli0111,Pro0107,,UF,,,,,,,18.00%,8.00%,PAC,,,,,,,,,26/3/2026,,
63a49fe0,29/4/2026,Prospecto,,,Pendiente,,,Individual,Seg0028,,,FALSE,TRUE,6b6e06bb,6b6e06bb,a1bf05c4,,,UF,,,,,,,,,PAT,,,,,,,,,,,
2a7b8c5f,19/3/2026,Renovación,,Renovado,,,,Individual,Seg0028,,Pol0371,FALSE,TRUE,rut0079,rut0079,Cli0056,Pro0082,Eje0001,UF,$11.59,$0.00,$0.00,$0.00,$0.00,$0.00,14.00%,0.00%,PAT,12,,No Aplica,Continuidad,2/5/2026,,,,29/3/2026,,
7edb0d4b,13/3/2026,Negocio,Aceptado,,,,,,Seg0034,7ad0fd7e,,FALSE,TRUE,rut0096,rut0096,Cli0068,e7334ec9,,CLP,,,,,,,5.00%,0.00%,Directa,,,No Aplica,No Aplica,,,,,23/3/2026,,
339fa3f9,13/3/2026,Negocio,Aceptado,,,,,,Seg0034,7ad0fd7e,,FALSE,TRUE,rut0096,rut0096,Cli0068,e7334ec9,,CLP,,,,,,,5.00%,0.00%,Directa,,,No Aplica,No Aplica,,,,,23/3/2026,,
339fa3f93,13/3/2026,Negocio,Aceptado,,,,,,Seg0034,7ad0fd7e,,FALSE,TRUE,rut0096,rut0096,Cli0068,e7334ec9,,CLP,,,,,,,5.00%,0.00%,Directa,,,No Aplica,No Aplica,,,,,23/3/2026,,
339fa3f177,13/3/2026,Negocio,Aceptado,,,,,,Seg0034,7ad0fd7e,,FALSE,TRUE,rut0096,rut0096,Cli0068,e7334ec9,,CLP,,,,,,,5.00%,0.00%,Directa,,,No Aplica,No Aplica,,,,,23/3/2026,,
339fa3f261,13/3/2026,Negocio,Aceptado,,,,,,Seg0034,7ad0fd7e,,FALSE,TRUE,rut0096,rut0096,Cli0068,e7334ec9,,CLP,,,,,,,5.00%,0.00%,Directa,,,No Aplica,No Aplica,,,,,23/3/2026,,
339fa3f345,13/3/2026,Negocio,Aceptado,,,,,,Seg0034,7ad0fd7e,,FALSE,TRUE,rut0096,rut0096,Cli0068,e7334ec9,,CLP,,,,,,,5.00%,0.00%,Directa,,,No Aplica,No Aplica,,,,,23/3/2026,,
339fa3f429,13/3/2026,Negocio,Aceptado,,,,,,Seg0034,7ad0fd7e,,FALSE,TRUE,rut0096,rut0096,Cli0068,e7334ec9,,CLP,,,,,,,5.00%,0.00%,Directa,,,No Aplica,No Aplica,,,,,23/3/2026,,
339fa3f513,13/3/2026,Negocio,Aceptado,,,,,,Seg0034,7ad0fd7e,,FALSE,TRUE,rut0096,rut0096,Cli0068,e7334ec9,,CLP,,,,,,,5.00%,0.00%,Directa,,,No Aplica,No Aplica,,,,,23/3/2026,,
339fa3f597,13/3/2026,Negocio,Aceptado,,,,,,Seg0034,7ad0fd7e,,FALSE,TRUE,rut0096,rut0096,Cli0068,e7334ec9,,CLP,,,,,,,5.00%,0.00%,Directa,,,No Aplica,No Aplica,,,,,23/3/2026,,
339fa3f681,13/3/2026,Negocio,Aceptado,,,,,,Seg0034,7ad0fd7e,,FALSE,TRUE,rut0096,rut0096,Cli0068,e7334ec9,,CLP,,,,,,,5.00%,0.00%,Directa,,,No Aplica,No Aplica,,,,,23/3/2026,,
339fa3f765,13/3/2026,Negocio,Aceptado,,,,,,Seg0034,7ad0fd7e,,FALSE,TRUE,rut0096,rut0096,Cli0068,e7334ec9,,CLP,,,,,,,5.00%,0.00%,Directa,,,No Aplica,No Aplica,,,,,23/3/2026,,
339fa3f849,13/3/2026,Negocio,Aceptado,,,,,,Seg0034,7ad0fd7e,,FALSE,TRUE,rut0096,rut0096,Cli0068,e7334ec9,,CLP,,,,,,,5.00%,0.00%,Directa,,,No Aplica,No Aplica,,,,,23/3/2026,,
339fa3f933,13/3/2026,Negocio,Aceptado,,,,,,Seg0034,7ad0fd7e,,FALSE,TRUE,rut0096,rut0096,Cli0068,e7334ec9,,CLP,,,,,,,5.00%,0.00%,Directa,,,No Aplica,No Aplica,,,,,23/3/2026,,
a34ebb14,25/3/2026,Negocio,Aceptado,,,,,,Seg0014,d3e62bd7,,,TRUE,464df1c0,464df1c0,49e131c3,ee15c670,,UF,,,,,,,16.19%,16.19%,PAT,,,No Aplica,No aplica,,,,,4/4/2026,,
6538a3f3,26/3/2026,Negocio,Aceptado,,,,,,Seg0034,37b65361,,,TRUE,rut0146,rut0146,Cli0102,e7334ec9,,CLP,,,,,,,10.00%,0.00%,Directa,,,No Aplica,No Aplica,,,,,5/4/2026,,
83945dfb,2/4/2026,Renovación,,Renovado,,,,Múltiple,Seg0028,,Pol0372,,TRUE,rut0056,rut0056,Cli0040,Pro0108,Eje0012,UF,$97.09,$0.00,,,,,12.00%,0.00%,Directa,10,,,,,/Gestión/Registros/Renovaciones/83945dfb.Condiciones.174903.pdf,,"Modificaciones:
Deducible adicional por incendio intencional para camiones, del 50% de la pérdida con un máximo de indemnización de UF5000 por evento",1/5/2026,,
84cf7d14,2/4/2026,Negocio,Aceptado,,,,,,Seg0028,eec38cad,,,TRUE,rut0078,rut0078,Cli0056,Pro0034,,UF,,,,,,,17.00%,0.00%,PAT,,,Continuidad,No Aplica,,,,,12/4/2026,,
9f17dea2,2/4/2026,Negocio,Aceptado,,,,,,Seg0028,39088780,,,TRUE,rut0135,rut0135,Cli0098,Pro0032,,UF,,,,,,,17.00%,0.00%,PAT,,,Continuidad,No Aplica,,,,,12/4/2026,,
304b3cf5,7/4/2026,Negocio,Aceptado,,,,,Individual,Seg0028,9545f24a,,,TRUE,rut0160,rut0160,Cli0111,Pro0034,,UF,,,,,,,17.00%,0.00%,PAT,,,No Aplica,No Aplica,,,,,17/4/2026,,
4bc35765,16/4/2026,Renovación,,Renovado,,,,Individual,Seg0028,2f6462fa,Pol0370,FALSE,TRUE,rut0070,rut0070,Cli0049,Pro0099,,UF,$11.03,$0.00,$0.00,$0.00,$0.00,$0.00,17.00%,0.00%,PAT,12,$1.12,Continuidad,,29/4/2026,,,,26/4/2026,,
de2d43b6,21/4/2026,Negocio,Aceptado,,,,,Individual,Seg0014,5eb7179c,,,TRUE,rut0159,rut0159,Cli0111,81cf4227,Eje0003,UF,$2.48,$6.08,$0.00,$0.00,$0.00,$0.00,10.00%,10.00%,PAT,11,$0.82,,No Aplica,21/4/2026,,,,1/5/2026,,
e4e057cf,22/4/2026,Prospecto,,,Ganado,,,Individual,Seg0028,88243327,,,TRUE,cb5f9788,cb5f9788,a132a63a,e5f28b1c,c4303f66,UF,$11.40,$0.00,$0.00,$0.00,$0.00,$0.00,17.00%,0.00%,PAT,12,$1.14,Autoinspección,1432122,,,,,2/5/2026,,
ea32237c,27/4/2026,Renovación,,Pendiente,,,,Individual,Seg0028,,Pol0375,FALSE,TRUE,rut0117,rut0117,Cli0080,Pro0063,Eje0010,UF,$5.89,$1.12,$0.00,$0.00,$0.00,$0.00,0.00%,0.00%,PAC,,,No Aplica,Continuidad,2/6/2026,,,,,,
128b47cc,27/4/2026,Renovación,,Pendiente,,,,Individual,Seg0028,,Pol0377,FALSE,TRUE,rut0144,rut0144,Cli0101,,,UF,,,,,,,0.00%,0.00%,PAT,,,,,4/6/2026,,,,,,
29be0d9a,27/4/2026,Renovación,,Pendiente,,,,Individual,Seg0017,,Pol0376,FALSE,TRUE,rut0116,rut0116,Cli0079,,,UF,,,,,,,0.00%,0.00%,PAT,,,,,4/6/2026,,,,,,
c03e5f3a,27/4/2026,Renovación,,Pendiente,,,,Individual,Seg0028,,Pol0380,FALSE,TRUE,rut0085,rut0085,Cli0061,,,UF,,,,,,,0.00%,0.00%,PAT,,,,,9/6/2026,,,,,,
f3c2adf3,28/4/2026,Negocio,Aceptado,,Ganado,,,Individual,Seg0028,e34e12d1,,,TRUE,rut0195,rut0195,Cli0127,e5f28b1c,c4303f66,UF,$9.10,$0.00,$0.00,$0.00,$0.00,$0.00,17.00%,0.00%,PAT,12,$0.92,,1439960,28/4/2026,,,Esperar al Lunes 04/05 para solicitar la autoinspección,4/5/2026,,
c2c8516c,28/4/2026,Negocio,Aceptado,,Ganado,,,Individual,Seg0034,0a7fbeb8,,,TRUE,rut0195,rut0195,Cli0127,e7334ec9,829fad5e,CLP,$0.00,$0.00,"$8,990.00",,$0.00,$0.00,10.00%,0.00%,Directa,1,,,No Aplica,28/4/2026,,,"Esperar al Lunes 04/05, está de viaje",4/5/2026,,
3124d879,29/4/2026,Prospecto,Pendiente,Pendiente,Pendiente,Pendiente,Pendiente,Individual,Seg0028,,,FALSE,TRUE,rut0000,rut0000,Cli0002,,,,,,,,,,0.00%,0.00%,,,,,,29/4/2026,,,,,,
d409d0a1,29/4/2026,Negocio,Aceptado,Pendiente,Ganado,,,Individual,Seg0028,76d27fc5,,FALSE,TRUE,f2cb894d,2644dba2,674f9f0f,Pro0032,Eje0001,UF,$11.40,$0.00,$0.00,$0.00,$0.00,$0.00,17.00%,0.00%,PAT,12,$1.15,,1438269,29/4/2026,,,,30/4/2026,,
60c09a2a,29/4/2026,Prospecto,Pendiente,Pendiente,Pendiente,Pendiente,Pendiente,Individual,Seg0028,,,FALSE,TRUE,27f6d1b1,78c556e1,81d519d5,,,UF,,,,,,,0.00%,0.00%,,,,,,29/4/2026,,,,,,
22091eff,29/4/2026,Prospecto,Pendiente,Pendiente,Pendiente,Pendiente,Pendiente,Individual,Seg0028,,,FALSE,TRUE,ca6d987a,ca6d987a,3ae0be3d,,,,,,,,,,0.00%,0.00%,,,,,,29/4/2026,,,,,,
64da7b0d,29/4/2026,Prospecto,Pendiente,Pendiente,Pendiente,Pendiente,Pendiente,Individual,Seg0028,,,FALSE,TRUE,rut0083,rut0083,Cli0059,,,,,,,,,,0.00%,0.00%,,,,,,29/4/2026,,,,,,
e517bdf1,29/4/2026,Prospecto,Pendiente,Pendiente,Pendiente,Pendiente,Pendiente,Individual,Seg0028,,,FALSE,TRUE,rut0104,rut0104,Cli0071,,,,,,,,,,0.00%,0.00%,,,,,,29/4/2026,,,,,,
73e9290e,29/4/2026,Prospecto,Pendiente,Pendiente,Pendiente,Pendiente,Pendiente,Individual,Seg0028,,,FALSE,TRUE,93df6c68,93df6c68,b372eafb,,,,,,,,,,0.00%,0.00%,,,,,,29/4/2026,,,,,,
957af58b,29/4/2026,Prospecto,Pendiente,Pendiente,Pendiente,Pendiente,Pendiente,Individual,Seg0028,,,FALSE,TRUE,rut0123,rut0123,Cli0085,,,,,,,,,,0.00%,0.00%,,,,,,29/4/2026,,,,,,
9a50583f,29/4/2026,Prospecto,Pendiente,Pendiente,Pendiente,Pendiente,Pendiente,Individual,Seg0028,,,FALSE,TRUE,rut0131,rut0132,Cli0088,,,,,,,,,,0.00%,0.00%,,,,,,29/4/2026,,,,,,
8c4b6276,29/4/2026,Prospecto,Pendiente,Pendiente,Pendiente,Pendiente,Pendiente,Individual,Seg0028,,,FALSE,TRUE,836c51dc,836c51dc,853f6b33,,,,,,,,,,0.00%,0.00%,,,,,,29/4/2026,,,,,,
ef30a321,29/4/2026,Prospecto,Pendiente,Pendiente,Pendiente,Pendiente,Pendiente,Individual,Seg0028,,,FALSE,TRUE,rut0126,rut0126,Cli0094,,,,,,,,,,0.00%,0.00%,,,,,,29/4/2026,,,,,,
28bcbcd6,29/4/2026,Prospecto,Pendiente,Pendiente,Pendiente,Pendiente,Pendiente,Individual,Seg0028,,,FALSE,TRUE,52c31de2,52c31de2,84fdf9de,,,,,,,,,,0.00%,0.00%,,,,,,29/4/2026,,,,,,
bc83789d,29/4/2026,Prospecto,Pendiente,Pendiente,Pendiente,Pendiente,Pendiente,Individual,Seg0028,,,FALSE,TRUE,106a4599,1d711659,188bf0ee,,,,,,,,,,0.00%,0.00%,,,,,,29/4/2026,,,,,,
0ff7fff4,30/4/2026,Negocio,Aceptado,Pendiente,Ganado,,,Individual,Seg0028,6bf84959,,FALSE,TRUE,rut0057,rut0055,Cli0040,Pro0110,Eje0001,UF,$8.27,$0.00,$0.00,$0.00,$0.00,$0.00,10.00%,0.00%,Directa,12,$0.84,Autoinspección,1441179,30/4/2026,,,,6/5/2026,,
1f2be392,6/5/2026,Renovación,Pendiente,Pendiente,Pendiente,Pendiente,Pendiente,Múltiple,Seg0026,,Pol0381,FALSE,TRUE,rut0057,rut0057,Cli0040,,,UF,,,,,,,0.00%,0.00%,Directa,,,,,16/6/2026,,,,,,
d8a9a77b,7/5/2026,Prospecto,Pendiente,Pendiente,Pendiente,Pendiente,Pendiente,Individual,Seg0028,,,,TRUE,415d0e1f,rut0030,Cli0025,,,UF,,,,,,,0.00%,0.00%,,,,,,7/5/2026,,,,,,
,,,,,,,,,,,,FALSE,FALSE,,,,,,,,,,,,,,,,,,,,,,,,,,
,,,,,,,,,,,,FALSE,FALSE,,,,,,,,,,,,,,,,,,,,,,,,,,
,,,,,,,,,,,,FALSE,FALSE,,,,,,,,,,,,,,,,,,,,,,,,,,
,,,,,,,,,,,,FALSE,FALSE,,,,,,,,,,,,,,,,,,,,,,,,,,
,,,,,,,,,,,,FALSE,FALSE,,,,,,,,,,,,,,,,,,,,,,,,,,
,,,,,,,,,,,,FALSE,FALSE,,,,,,,,,,,,,,,,,,,,,,,,,,
,,,,,,,,,,,,FALSE,FALSE,,,,,,,,,,,,,,,,,,,,,,,,,,
,,,,,,,,,,,,FALSE,FALSE,,,,,,,,,,,,,,,,,,,,,,,,,,
,,,,,,,,,,,,FALSE,FALSE,,,,,,,,,,,,,,,,,,,,,,,,,,
,,,,,,,,,,,,FALSE,FALSE,,,,,,,,,,,,,,,,,,,,,,,,,,
,,,,,,,,,,,,FALSE,FALSE,,,,,,,,,,,,,,,,,,,,,,,,,,
,,,,,,,,,,,,FALSE,FALSE,,,,,,,,,,,,,,,,,,,,,,,,,,
,,,,,,,,,,,,FALSE,FALSE,,,,,,,,,,,,,,,,,,,,,,,,,,
,,,,,,,,,,,,FALSE,FALSE,,,,,,,,,,,,,,,,,,,,,,,,,,
,,,,,,,,,,,,FALSE,FALSE,,,,,,,,,,,,,,,,,,,,,,,,,,
,,,,,,,,,,,,FALSE,FALSE,,,,,,,,,,,,,,,,,,,,,,,,,,
,,,,,,,,,,,,FALSE,FALSE,,,,,,,,,,,,,,,,,,,,,,,,,,
,,,,,,,,,,,,FALSE,FALSE,,,,,,,,,,,,,,,,,,,,,,,,,,
,,,,,,,,,,,,FALSE,FALSE,,,,,,,,,,,,,,,,,,,,,,,,,,
,,,,,,,,,,,,FALSE,FALSE,,,,,,,,,,,,,,,,,,,,,,,,,,
,,,,,,,,,,,,FALSE,FALSE,,,,,,,,,,,,,,,,,,,,,,,,,,
,,,,,,,,,,,,FALSE,FALSE,,,,,,,,,,,,,,,,,,,,,,,,,,
,,,,,,,,,,,,FALSE,FALSE,,,,,,,,,,,,,,,,,,,,,,,,,,
,,,,,,,,,,,,FALSE,FALSE,,,,,,,,,,,,,,,,,,,,,,,,,,
,,,,,,,,,,,,FALSE,FALSE,,,,,,,,,,,,,,,,,,,,,,,,,,
,,,,,,,,,,,,FALSE,FALSE,,,,,,,,,,,,,,,,,,,,,,,,,,
,,,,,,,,,,,,FALSE,FALSE,,,,,,,,,,,,,,,,,,,,,,,,,,
,,,,,,,,,,,,FALSE,FALSE,,,,,,,,,,,,,,,,,,,,,,,,,,
,,,,,,,,,,,,FALSE,FALSE,,,,,,,,,,,,,,,,,,,,,,,,,,
,,,,,,,,,,,,FALSE,FALSE,,,,,,,,,,,,,,,,,,,,,,,,,,
,,,,,,,,,,,,FALSE,FALSE,,,,,,,,,,,,,,,,,,,,,,,,,,
,,,,,,,,,,,,FALSE,FALSE,,,,,,,,,,,,,,,,,,,,,,,,,,
,,,,,,,,,,,,FALSE,FALSE,,,,,,,,,,,,,,,,,,,,,,,,,,
,,,,,,,,,,,,FALSE,FALSE,,,,,,,,,,,,,,,,,,,,,,,,,,
,,,,,,,,,,,,FALSE,FALSE,,,,,,,,,,,,,,,,,,,,,,,,,,
,,,,,,,,,,,,FALSE,FALSE,,,,,,,,,,,,,,,,,,,,,,,,,,
,,,,,,,,,,,,FALSE,FALSE,,,,,,,,,,,,,,,,,,,,,,,,,,
,,,,,,,,,,,,FALSE,FALSE,,,,,,,,,,,,,,,,,,,,,,,,,,
,,,,,,,,,,,,FALSE,FALSE,,,,,,,,,,,,,,,,,,,,,,,,,,
,,,,,,,,,,,,FALSE,FALSE,,,,,,,,,,,,,,,,,,,,,,,,,,
,,,,,,,,,,,,FALSE,FALSE,,,,,,,,,,,,,,,,,,,,,,,,,,
,,,,,,,,,,,,FALSE,FALSE,,,,,,,,,,,,,,,,,,,,,,,,,,
,,,,,,,,,,,,FALSE,FALSE,,,,,,,,,,,,,,,,,,,,,,,,,,
,,,,,,,,,,,,FALSE,FALSE,,,,,,,,,,,,,,,,,,,,,,,,,,
,,,,,,,,,,,,FALSE,FALSE,,,,,,,,,,,,,,,,,,,,,,,,,,
,,,,,,,,,,,,FALSE,FALSE,,,,,,,,,,,,,,,,,,,,,,,,,,
,,,,,,,,,,,,FALSE,FALSE,,,,,,,,,,,,,,,,,,,,,,,,,,
,,,,,,,,,,,,FALSE,FALSE,,,,,,,,,,,,,,,,,,,,,,,,,,
,,,,,,,,,,,,FALSE,FALSE,,,,,,,,,,,,,,,,,,,,,,,,,,
,,,,,,,,,,,,FALSE,FALSE,,,,,,,,,,,,,,,,,,,,,,,,,,
,,,,,,,,,,,,FALSE,FALSE,,,,,,,,,,,,,,,,,,,,,,,,,,
,,,,,,,,,,,,FALSE,FALSE,,,,,,,,,,,,,,,,,,,,,,,,,,
,,,,,,,,,,,,FALSE,FALSE,,,,,,,,,,,,,,,,,,,,,,,,,,
,,,,,,,,,,,,FALSE,FALSE,,,,,,,,,,,,,,,,,,,,,,,,,,
,,,,,,,,,,,,FALSE,FALSE,,,,,,,,,,,,,,,,,,,,,,,,,,
,,,,,,,,,,,,FALSE,FALSE,,,,,,,,,,,,,,,,,,,,,,,,,,
,,,,,,,,,,,,FALSE,FALSE,,,,,,,,,,,,,,,,,,,,,,,,,,
,,,,,,,,,,,,FALSE,FALSE,,,,,,,,,,,,,,,,,,,,,,,,,,
,,,,,,,,,,,,FALSE,FALSE,,,,,,,,,,,,,,,,,,,,,,,,,,
,,,,,,,,,,,,FALSE,FALSE,,,,,,,,,,,,,,,,,,,,,,,,,,
,,,,,,,,,,,,FALSE,FALSE,,,,,,,,,,,,,,,,,,,,,,,,,,
,,,,,,,,,,,,FALSE,FALSE,,,,,,,,,,,,,,,,,,,,,,,,,,
,,,,,,,,,,,,FALSE,FALSE,,,,,,,,,,,,,,,,,,,,,,,,,,
,,,,,,,,,,,,FALSE,FALSE,,,,,,,,,,,,,,,,,,,,,,,,,,
,,,,,,,,,,,,FALSE,FALSE,,,,,,,,,,,,,,,,,,,,,,,,,,
,,,,,,,,,,,,FALSE,FALSE,,,,,,,,,,,,,,,,,,,,,,,,,,
,,,,,,,,,,,,FALSE,FALSE,,,,,,,,,,,,,,,,,,,,,,,,,,
,,,,,,,,,,,,FALSE,FALSE,,,,,,,,,,,,,,,,,,,,,,,,,,
,,,,,,,,,,,,FALSE,FALSE,,,,,,,,,,,,,,,,,,,,,,,,,,
,,,,,,,,,,,,FALSE,FALSE,,,,,,,,,,,,,,,,,,,,,,,,,,
,,,,,,,,,,,,FALSE,FALSE,,,,,,,,,,,,,,,,,,,,,,,,,,
,,,,,,,,,,,,FALSE,FALSE,,,,,,,,,,,,,,,,,,,,,,,,,,
,,,,,,,,,,,,FALSE,FALSE,,,,,,,,,,,,,,,,,,,,,,,,,,
,,,,,,,,,,,,FALSE,FALSE,,,,,,,,,,,,,,,,,,,,,,,,,,
,,,,,,,,,,,,FALSE,FALSE,,,,,,,,,,,,,,,,,,,,,,,,,,
,,,,,,,,,,,,FALSE,FALSE,,,,,,,,,,,,,,,,,,,,,,,,,,
,,,,,,,,,,,,FALSE,FALSE,,,,,,,,,,,,,,,,,,,,,,,,,,
,,,,,,,,,,,,FALSE,FALSE,,,,,,,,,,,,,,,,,,,,,,,,,,
,,,,,,,,,,,,FALSE,FALSE,,,,,,,,,,,,,,,,,,,,,,,,,,
,,,,,,,,,,,,FALSE,FALSE,,,,,,,,,,,,,,,,,,,,,,,,,,
,,,,,,,,,,,,FALSE,FALSE,,,,,,,,,,,,,,,,,,,,,,,,,,
,,,,,,,,,,,,FALSE,FALSE,,,,,,,,,,,,,,,,,,,,,,,,,,
,,,,,,,,,,,,FALSE,FALSE,,,,,,,,,,,,,,,,,,,,,,,,,,
,,,,,,,,,,,,FALSE,FALSE,,,,,,,,,,,,,,,,,,,,,,,,,,
,,,,,,,,,,,,FALSE,FALSE,,,,,,,,,,,,,,,,,,,,,,,,,,
,,,,,,,,,,,,FALSE,FALSE,,,,,,,,,,,,,,,,,,,,,,,,,,
,,,,,,,,,,,,FALSE,FALSE,,,,,,,,,,,,,,,,,,,,,,,,,,
,,,,,,,,,,,,FALSE,FALSE,,,,,,,,,,,,,,,,,,,,,,,,,,
,,,,,,,,,,,,FALSE,FALSE,,,,,,,,,,,,,,,,,,,,,,,,,,
,,,,,,,,,,,,FALSE,FALSE,,,,,,,,,,,,,,,,,,,,,,,,,,
,,,,,,,,,,,,FALSE,FALSE,,,,,,,,,,,,,,,,,,,,,,,,,,
,,,,,,,,,,,,FALSE,FALSE,,,,,,,,,,,,,,,,,,,,,,,,,,
,,,,,,,,,,,,FALSE,FALSE,,,,,,,,,,,,,,,,,,,,,,,,,,
,,,,,,,,,,,,FALSE,FALSE,,,,,,,,,,,,,,,,,,,,,,,,,,
,,,,,,,,,,,,FALSE,FALSE,,,,,,,,,,,,,,,,,,,,,,,,,,
,,,,,,,,,,,,FALSE,FALSE,,,,,,,,,,,,,,,,,,,,,,,,,,
,,,,,,,,,,,,FALSE,FALSE,,,,,,,,,,,,,,,,,,,,,,,,,,
,,,,,,,,,,,,FALSE,FALSE,,,,,,,,,,,,,,,,,,,,,,,,,,
,,,,,,,,,,,,FALSE,FALSE,,,,,,,,,,,,,,,,,,,,,,,,,,
,,,,,,,,,,,,FALSE,FALSE,,,,,,,,,,,,,,,,,,,,,,,,,,
,,,,,,,,,,,,FALSE,FALSE,,,,,,,,,,,,,,,,,,,,,,,,,,
,,,,,,,,,,,,FALSE,FALSE,,,,,,,,,,,,,,,,,,,,,,,,,,
,,,,,,,,,,,,FALSE,FALSE,,,,,,,,,,,,,,,,,,,,,,,,,,
,,,,,,,,,,,,FALSE,FALSE,,,,,,,,,,,,,,,,,,,,,,,,,,
,,,,,,,,,,,,FALSE,FALSE,,,,,,,,,,,,,,,,,,,,,,,,,,
,,,,,,,,,,,,FALSE,FALSE,,,,,,,,,,,,,,,,,,,,,,,,,,
,,,,,,,,,,,,FALSE,FALSE,,,,,,,,,,,,,,,,,,,,,,,,,,
,,,,,,,,,,,,FALSE,FALSE,,,,,,,,,,,,,,,,,,,,,,,,,,
,,,,,,,,,,,,FALSE,FALSE,,,,,,,,,,,,,,,,,,,,,,,,,,
,,,,,,,,,,,,FALSE,FALSE,,,,,,,,,,,,,,,,,,,,,,,,,,
,,,,,,,,,,,,FALSE,FALSE,,,,,,,,,,,,,,,,,,,,,,,,,,
,,,,,,,,,,,,FALSE,FALSE,,,,,,,,,,,,,,,,,,,,,,,,,,
,,,,,,,,,,,,FALSE,FALSE,,,,,,,,,,,,,,,,,,,,,,,,,,
,,,,,,,,,,,,FALSE,FALSE,,,,,,,,,,,,,,,,,,,,,,,,,,
,,,,,,,,,,,,FALSE,FALSE,,,,,,,,,,,,,,,,,,,,,,,,,,
,,,,,,,,,,,,FALSE,FALSE,,,,,,,,,,,,,,,,,,,,,,,,,,
,,,,,,,,,,,,FALSE,FALSE,,,,,,,,,,,,,,,,,,,,,,,,,,
,,,,,,,,,,,,FALSE,FALSE,,,,,,,,,,,,,,,,,,,,,,,,,,
,,,,,,,,,,,,FALSE,FALSE,,,,,,,,,,,,,,,,,,,,,,,,,,
,,,,,,,,,,,,FALSE,FALSE,,,,,,,,,,,,,,,,,,,,,,,,,,
,,,,,,,,,,,,FALSE,FALSE,,,,,,,,,,,,,,,,,,,,,,,,,,
,,,,,,,,,,,,FALSE,FALSE,,,,,,,,,,,,,,,,,,,,,,,,,,
,,,,,,,,,,,,FALSE,FALSE,,,,,,,,,,,,,,,,,,,,,,,,,,
,,,,,,,,,,,,FALSE,FALSE,,,,,,,,,,,,,,,,,,,,,,,,,,
,,,,,,,,,,,,FALSE,FALSE,,,,,,,,,,,,,,,,,,,,,,,,,,
,,,,,,,,,,,,FALSE,FALSE,,,,,,,,,,,,,,,,,,,,,,,,,,
,,,,,,,,,,,,FALSE,FALSE,,,,,,,,,,,,,,,,,,,,,,,,,,
,,,,,,,,,,,,FALSE,FALSE,,,,,,,,,,,,,,,,,,,,,,,,,,
,,,,,,,,,,,,FALSE,FALSE,,,,,,,,,,,,,,,,,,,,,,,,,,
,,,,,,,,,,,,FALSE,FALSE,,,,,,,,,,,,,,,,,,,,,,,,,,
,,,,,,,,,,,,FALSE,FALSE,,,,,,,,,,,,,,,,,,,,,,,,,,
,,,,,,,,,,,,FALSE,FALSE,,,,,,,,,,,,,,,,,,,,,,,,,,
,,,,,,,,,,,,FALSE,FALSE,,,,,,,,,,,,,,,,,,,,,,,,,,
,,,,,,,,,,,,FALSE,FALSE,,,,,,,,,,,,,,,,,,,,,,,,,,
,,,,,,,,,,,,FALSE,FALSE,,,,,,,,,,,,,,,,,,,,,,,,,,
,,,,,,,,,,,,FALSE,FALSE,,,,,,,,,,,,,,,,,,,,,,,,,,
,,,,,,,,,,,,FALSE,FALSE,,,,,,,,,,,,,,,,,,,,,,,,,,
,,,,,,,,,,,,FALSE,FALSE,,,,,,,,,,,,,,,,,,,,,,,,,,
,,,,,,,,,,,,FALSE,FALSE,,,,,,,,,,,,,,,,,,,,,,,,,,
,,,,,,,,,,,,FALSE,FALSE,,,,,,,,,,,,,,,,,,,,,,,,,,
,,,,,,,,,,,,FALSE,FALSE,,,,,,,,,,,,,,,,,,,,,,,,,,
,,,,,,,,,,,,FALSE,FALSE,,,,,,,,,,,,,,,,,,,,,,,,,,
,,,,,,,,,,,,FALSE,FALSE,,,,,,,,,,,,,,,,,,,,,,,,,,
,,,,,,,,,,,,FALSE,FALSE,,,,,,,,,,,,,,,,,,,,,,,,,,
,,,,,,,,,,,,FALSE,FALSE,,,,,,,,,,,,,,,,,,,,,,,,,,
,,,,,,,,,,,,FALSE,FALSE,,,,,,,,,,,,,,,,,,,,,,,,,,
,,,,,,,,,,,,FALSE,FALSE,,,,,,,,,,,,,,,,,,,,,,,,,,
,,,,,,,,,,,,FALSE,FALSE,,,,,,,,,,,,,,,,,,,,,,,,,,
,,,,,,,,,,,,FALSE,FALSE,,,,,,,,,,,,,,,,,,,,,,,,,,
,,,,,,,,,,,,FALSE,FALSE,,,,,,,,,,,,,,,,,,,,,,,,,,
,,,,,,,,,,,,FALSE,FALSE,,,,,,,,,,,,,,,,,,,,,,,,,,
,,,,,,,,,,,,FALSE,FALSE,,,,,,,,,,,,,,,,,,,,,,,,,,
,,,,,,,,,,,,FALSE,FALSE,,,,,,,,,,,,,,,,,,,,,,,,,,
,,,,,,,,,,,,FALSE,FALSE,,,,,,,,,,,,,,,,,,,,,,,,,,
,,,,,,,,,,,,FALSE,FALSE,,,,,,,,,,,,,,,,,,,,,,,,,,
,,,,,,,,,,,,FALSE,FALSE,,,,,,,,,,,,,,,,,,,,,,,,,,
,,,,,,,,,,,,FALSE,FALSE,,,,,,,,,,,,,,,,,,,,,,,,,,
,,,,,,,,,,,,FALSE,FALSE,,,,,,,,,,,,,,,,,,,,,,,,,,
,,,,,,,,,,,,FALSE,FALSE,,,,,,,,,,,,,,,,,,,,,,,,,,
,,,,,,,,,,,,FALSE,FALSE,,,,,,,,,,,,,,,,,,,,,,,,,,
,,,,,,,,,,,,FALSE,FALSE,,,,,,,,,,,,,,,,,,,,,,,,,,
,,,,,,,,,,,,FALSE,FALSE,,,,,,,,,,,,,,,,,,,,,,,,,,
,,,,,,,,,,,,FALSE,FALSE,,,,,,,,,,,,,,,,,,,,,,,,,,
,,,,,,,,,,,,FALSE,FALSE,,,,,,,,,,,,,,,,,,,,,,,,,,
,,,,,,,,,,,,FALSE,FALSE,,,,,,,,,,,,,,,,,,,,,,,,,,
,,,,,,,,,,,,FALSE,FALSE,,,,,,,,,,,,,,,,,,,,,,,,,,
,,,,,,,,,,,,FALSE,FALSE,,,,,,,,,,,,,,,,,,,,,,,,,,
,,,,,,,,,,,,FALSE,FALSE,,,,,,,,,,,,,,,,,,,,,,,,,,
,,,,,,,,,,,,FALSE,FALSE,,,,,,,,,,,,,,,,,,,,,,,,,,
,,,,,,,,,,,,FALSE,FALSE,,,,,,,,,,,,,,,,,,,,,,,,,,
,,,,,,,,,,,,FALSE,FALSE,,,,,,,,,,,,,,,,,,,,,,,,,,
,,,,,,,,,,,,FALSE,FALSE,,,,,,,,,,,,,,,,,,,,,,,,,,
,,,,,,,,,,,,FALSE,FALSE,,,,,,,,,,,,,,,,,,,,,,,,,,
,,,,,,,,,,,,FALSE,FALSE,,,,,,,,,,,,,,,,,,,,,,,,,,
,,,,,,,,,,,,FALSE,FALSE,,,,,,,,,,,,,,,,,,,,,,,,,,
,,,,,,,,,,,,FALSE,FALSE,,,,,,,,,,,,,,,,,,,,,,,,,,
,,,,,,,,,,,,FALSE,FALSE,,,,,,,,,,,,,,,,,,,,,,,,,,
,,,,,,,,,,,,FALSE,FALSE,,,,,,,,,,,,,,,,,,,,,,,,,,
,,,,,,,,,,,,FALSE,FALSE,,,,,,,,,,,,,,,,,,,,,,,,,,
,,,,,,,,,,,,FALSE,FALSE,,,,,,,,,,,,,,,,,,,,,,,,,,
,,,,,,,,,,,,FALSE,FALSE,,,,,,,,,,,,,,,,,,,,,,,,,,
,,,,,,,,,,,,FALSE,FALSE,,,,,,,,,,,,,,,,,,,,,,,,,,
,,,,,,,,,,,,FALSE,FALSE,,,,,,,,,,,,,,,,,,,,,,,,,,
,,,,,,,,,,,,FALSE,FALSE,,,,,,,,,,,,,,,,,,,,,,,,,,
,,,,,,,,,,,,FALSE,FALSE,,,,,,,,,,,,,,,,,,,,,,,,,,
,,,,,,,,,,,,FALSE,FALSE,,,,,,,,,,,,,,,,,,,,,,,,,,
,,,,,,,,,,,,FALSE,FALSE,,,,,,,,,,,,,,,,,,,,,,,,,,
,,,,,,,,,,,,FALSE,FALSE,,,,,,,,,,,,,,,,,,,,,,,,,,
,,,,,,,,,,,,FALSE,FALSE,,,,,,,,,,,,,,,,,,,,,,,,,,
,,,,,,,,,,,,FALSE,FALSE,,,,,,,,,,,,,,,,,,,,,,,,,,
,,,,,,,,,,,,FALSE,FALSE,,,,,,,,,,,,,,,,,,,,,,,,,,
,,,,,,,,,,,,FALSE,FALSE,,,,,,,,,,,,,,,,,,,,,,,,,,
,,,,,,,,,,,,FALSE,FALSE,,,,,,,,,,,,,,,,,,,,,,,,,,
,,,,,,,,,,,,FALSE,FALSE,,,,,,,,,,,,,,,,,,,,,,,,,,
,,,,,,,,,,,,FALSE,FALSE,,,,,,,,,,,,,,,,,,,,,,,,,,
,,,,,,,,,,,,FALSE,FALSE,,,,,,,,,,,,,,,,,,,,,,,,,,
,,,,,,,,,,,,FALSE,FALSE,,,,,,,,,,,,,,,,,,,,,,,,,,
,,,,,,,,,,,,FALSE,FALSE,,,,,,,,,,,,,,,,,,,,,,,,,,
,,,,,,,,,,,,FALSE,FALSE,,,,,,,,,,,,,,,,,,,,,,,,,,
,,,,,,,,,,,,FALSE,FALSE,,,,,,,,,,,,,,,,,,,,,,,,,,
,,,,,,,,,,,,FALSE,FALSE,,,,,,,,,,,,,,,,,,,,,,,,,,
,,,,,,,,,,,,FALSE,FALSE,,,,,,,,,,,,,,,,,,,,,,,,,,
,,,,,,,,,,,,FALSE,FALSE,,,,,,,,,,,,,,,,,,,,,,,,,,
,,,,,,,,,,,,FALSE,FALSE,,,,,,,,,,,,,,,,,,,,,,,,,,
,,,,,,,,,,,,FALSE,FALSE,,,,,,,,,,,,,,,,,,,,,,,,,,
,,,,,,,,,,,,FALSE,FALSE,,,,,,,,,,,,,,,,,,,,,,,,,,
,,,,,,,,,,,,FALSE,FALSE,,,,,,,,,,,,,,,,,,,,,,,,,,
,,,,,,,,,,,,FALSE,FALSE,,,,,,,,,,,,,,,,,,,,,,,,,,
,,,,,,,,,,,,FALSE,FALSE,,,,,,,,,,,,,,,,,,,,,,,,,,
,,,,,,,,,,,,FALSE,FALSE,,,,,,,,,,,,,,,,,,,,,,,,,,
,,,,,,,,,,,,FALSE,FALSE,,,,,,,,,,,,,,,,,,,,,,,,,,
,,,,,,,,,,,,FALSE,FALSE,,,,,,,,,,,,,,,,,,,,,,,,,,
,,,,,,,,,,,,FALSE,FALSE,,,,,,,,,,,,,,,,,,,,,,,,,,
,,,,,,,,,,,,FALSE,FALSE,,,,,,,,,,,,,,,,,,,,,,,,,,
,,,,,,,,,,,,FALSE,FALSE,,,,,,,,,,,,,,,,,,,,,,,,,,
,,,,,,,,,,,,FALSE,FALSE,,,,,,,,,,,,,,,,,,,,,,,,,,
,,,,,,,,,,,,FALSE,FALSE,,,,,,,,,,,,,,,,,,,,,,,,,,
,,,,,,,,,,,,FALSE,FALSE,,,,,,,,,,,,,,,,,,,,,,,,,,
,,,,,,,,,,,,FALSE,FALSE,,,,,,,,,,,,,,,,,,,,,,,,,,
,,,,,,,,,,,,FALSE,FALSE,,,,,,,,,,,,,,,,,,,,,,,,,,
,,,,,,,,,,,,FALSE,FALSE,,,,,,,,,,,,,,,,,,,,,,,,,,
,,,,,,,,,,,,FALSE,FALSE,,,,,,,,,,,,,,,,,,,,,,,,,,
,,,,,,,,,,,,FALSE,FALSE,,,,,,,,,,,,,,,,,,,,,,,,,,
,,,,,,,,,,,,FALSE,FALSE,,,,,,,,,,,,,,,,,,,,,,,,,,
,,,,,,,,,,,,FALSE,FALSE,,,,,,,,,,,,,,,,,,,,,,,,,,
,,,,,,,,,,,,FALSE,FALSE,,,,,,,,,,,,,,,,,,,,,,,,,,
,,,,,,,,,,,,FALSE,FALSE,,,,,,,,,,,,,,,,,,,,,,,,,,
,,,,,,,,,,,,FALSE,FALSE,,,,,,,,,,,,,,,,,,,,,,,,,,
,,,,,,,,,,,,FALSE,FALSE,,,,,,,,,,,,,,,,,,,,,,,,,,
,,,,,,,,,,,,FALSE,FALSE,,,,,,,,,,,,,,,,,,,,,,,,,,
,,,,,,,,,,,,FALSE,FALSE,,,,,,,,,,,,,,,,,,,,,,,,,,
,,,,,,,,,,,,FALSE,FALSE,,,,,,,,,,,,,,,,,,,,,,,,,,
,,,,,,,,,,,,FALSE,FALSE,,,,,,,,,,,,,,,,,,,,,,,,,,
,,,,,,,,,,,,FALSE,FALSE,,,,,,,,,,,,,,,,,,,,,,,,,,
,,,,,,,,,,,,FALSE,FALSE,,,,,,,,,,,,,,,,,,,,,,,,,,
,,,,,,,,,,,,FALSE,FALSE,,,,,,,,,,,,,,,,,,,,,,,,,,
,,,,,,,,,,,,FALSE,FALSE,,,,,,,,,,,,,,,,,,,,,,,,,,
,,,,,,,,,,,,FALSE,FALSE,,,,,,,,,,,,,,,,,,,,,,,,,,
,,,,,,,,,,,,FALSE,FALSE,,,,,,,,,,,,,,,,,,,,,,,,,,
,,,,,,,,,,,,FALSE,FALSE,,,,,,,,,,,,,,,,,,,,,,,,,,
,,,,,,,,,,,,FALSE,FALSE,,,,,,,,,,,,,,,,,,,,,,,,,,
,,,,,,,,,,,,FALSE,FALSE,,,,,,,,,,,,,,,,,,,,,,,,,,
,,,,,,,,,,,,FALSE,FALSE,,,,,,,,,,,,,,,,,,,,,,,,,,
,,,,,,,,,,,,FALSE,FALSE,,,,,,,,,,,,,,,,,,,,,,,,,,
,,,,,,,,,,,,FALSE,FALSE,,,,,,,,,,,,,,,,,,,,,,,,,,
,,,,,,,,,,,,FALSE,FALSE,,,,,,,,,,,,,,,,,,,,,,,,,,
,,,,,,,,,,,,FALSE,FALSE,,,,,,,,,,,,,,,,,,,,,,,,,,
,,,,,,,,,,,,FALSE,FALSE,,,,,,,,,,,,,,,,,,,,,,,,,,
,,,,,,,,,,,,FALSE,FALSE,,,,,,,,,,,,,,,,,,,,,,,,,,
,,,,,,,,,,,,FALSE,FALSE,,,,,,,,,,,,,,,,,,,,,,,,,,
,,,,,,,,,,,,FALSE,FALSE,,,,,,,,,,,,,,,,,,,,,,,,,,
,,,,,,,,,,,,FALSE,FALSE,,,,,,,,,,,,,,,,,,,,,,,,,,
,,,,,,,,,,,,FALSE,FALSE,,,,,,,,,,,,,,,,,,,,,,,,,,
,,,,,,,,,,,,FALSE,FALSE,,,,,,,,,,,,,,,,,,,,,,,,,,
,,,,,,,,,,,,FALSE,FALSE,,,,,,,,,,,,,,,,,,,,,,,,,,
,,,,,,,,,,,,FALSE,FALSE,,,,,,,,,,,,,,,,,,,,,,,,,,
,,,,,,,,,,,,FALSE,FALSE,,,,,,,,,,,,,,,,,,,,,,,,,,
,,,,,,,,,,,,FALSE,FALSE,,,,,,,,,,,,,,,,,,,,,,,,,,
,,,,,,,,,,,,FALSE,FALSE,,,,,,,,,,,,,,,,,,,,,,,,,,
,,,,,,,,,,,,FALSE,FALSE,,,,,,,,,,,,,,,,,,,,,,,,,,
,,,,,,,,,,,,FALSE,FALSE,,,,,,,,,,,,,,,,,,,,,,,,,,
,,,,,,,,,,,,FALSE,FALSE,,,,,,,,,,,,,,,,,,,,,,,,,,
,,,,,,,,,,,,FALSE,FALSE,,,,,,,,,,,,,,,,,,,,,,,,,,
,,,,,,,,,,,,FALSE,FALSE,,,,,,,,,,,,,,,,,,,,,,,,,,
,,,,,,,,,,,,FALSE,FALSE,,,,,,,,,,,,,,,,,,,,,,,,,,
,,,,,,,,,,,,FALSE,FALSE,,,,,,,,,,,,,,,,,,,,,,,,,,
,,,,,,,,,,,,FALSE,FALSE,,,,,,,,,,,,,,,,,,,,,,,,,,
,,,,,,,,,,,,FALSE,FALSE,,,,,,,,,,,,,,,,,,,,,,,,,,
,,,,,,,,,,,,FALSE,FALSE,,,,,,,,,,,,,,,,,,,,,,,,,,
,,,,,,,,,,,,FALSE,FALSE,,,,,,,,,,,,,,,,,,,,,,,,,,
,,,,,,,,,,,,FALSE,FALSE,,,,,,,,,,,,,,,,,,,,,,,,,,
,,,,,,,,,,,,FALSE,FALSE,,,,,,,,,,,,,,,,,,,,,,,,,,
,,,,,,,,,,,,FALSE,FALSE,,,,,,,,,,,,,,,,,,,,,,,,,,
,,,,,,,,,,,,FALSE,FALSE,,,,,,,,,,,,,,,,,,,,,,,,,,
,,,,,,,,,,,,FALSE,FALSE,,,,,,,,,,,,,,,,,,,,,,,,,,
,,,,,,,,,,,,FALSE,FALSE,,,,,,,,,,,,,,,,,,,,,,,,,,
,,,,,,,,,,,,FALSE,FALSE,,,,,,,,,,,,,,,,,,,,,,,,,,
,,,,,,,,,,,,FALSE,FALSE,,,,,,,,,,,,,,,,,,,,,,,,,,
,,,,,,,,,,,,FALSE,FALSE,,,,,,,,,,,,,,,,,,,,,,,,,,
,,,,,,,,,,,,FALSE,FALSE,,,,,,,,,,,,,,,,,,,,,,,,,,
,,,,,,,,,,,,FALSE,FALSE,,,,,,,,,,,,,,,,,,,,,,,,,,
,,,,,,,,,,,,FALSE,FALSE,,,,,,,,,,,,,,,,,,,,,,,,,,
,,,,,,,,,,,,FALSE,FALSE,,,,,,,,,,,,,,,,,,,,,,,,,,
,,,,,,,,,,,,FALSE,FALSE,,,,,,,,,,,,,,,,,,,,,,,,,,
,,,,,,,,,,,,FALSE,FALSE,,,,,,,,,,,,,,,,,,,,,,,,,,
,,,,,,,,,,,,FALSE,FALSE,,,,,,,,,,,,,,,,,,,,,,,,,,
,,,,,,,,,,,,FALSE,FALSE,,,,,,,,,,,,,,,,,,,,,,,,,,
,,,,,,,,,,,,FALSE,FALSE,,,,,,,,,,,,,,,,,,,,,,,,,,
,,,,,,,,,,,,FALSE,FALSE,,,,,,,,,,,,,,,,,,,,,,,,,,
,,,,,,,,,,,,FALSE,FALSE,,,,,,,,,,,,,,,,,,,,,,,,,,
,,,,,,,,,,,,FALSE,FALSE,,,,,,,,,,,,,,,,,,,,,,,,,,
,,,,,,,,,,,,FALSE,FALSE,,,,,,,,,,,,,,,,,,,,,,,,,,
,,,,,,,,,,,,FALSE,FALSE,,,,,,,,,,,,,,,,,,,,,,,,,,
,,,,,,,,,,,,FALSE,FALSE,,,,,,,,,,,,,,,,,,,,,,,,,,
,,,,,,,,,,,,FALSE,FALSE,,,,,,,,,,,,,,,,,,,,,,,,,,
,,,,,,,,,,,,FALSE,FALSE,,,,,,,,,,,,,,,,,,,,,,,,,,
,,,,,,,,,,,,FALSE,FALSE,,,,,,,,,,,,,,,,,,,,,,,,,,
,,,,,,,,,,,,FALSE,FALSE,,,,,,,,,,,,,,,,,,,,,,,,,,
,,,,,,,,,,,,FALSE,FALSE,,,,,,,,,,,,,,,,,,,,,,,,,,
,,,,,,,,,,,,FALSE,FALSE,,,,,,,,,,,,,,,,,,,,,,,,,,
,,,,,,,,,,,,FALSE,FALSE,,,,,,,,,,,,,,,,,,,,,,,,,,
,,,,,,,,,,,,FALSE,FALSE,,,,,,,,,,,,,,,,,,,,,,,,,,
,,,,,,,,,,,,FALSE,FALSE,,,,,,,,,,,,,,,,,,,,,,,,,,
,,,,,,,,,,,,FALSE,FALSE,,,,,,,,,,,,,,,,,,,,,,,,,,
,,,,,,,,,,,,FALSE,FALSE,,,,,,,,,,,,,,,,,,,,,,,,,,
,,,,,,,,,,,,FALSE,FALSE,,,,,,,,,,,,,,,,,,,,,,,,,,
,,,,,,,,,,,,FALSE,FALSE,,,,,,,,,,,,,,,,,,,,,,,,,,
,,,,,,,,,,,,FALSE,FALSE,,,,,,,,,,,,,,,,,,,,,,,,,,
,,,,,,,,,,,,FALSE,FALSE,,,,,,,,,,,,,,,,,,,,,,,,,,
,,,,,,,,,,,,FALSE,FALSE,,,,,,,,,,,,,,,,,,,,,,,,,,
,,,,,,,,,,,,FALSE,FALSE,,,,,,,,,,,,,,,,,,,,,,,,,,
,,,,,,,,,,,,FALSE,FALSE,,,,,,,,,,,,,,,,,,,,,,,,,,
,,,,,,,,,,,,FALSE,FALSE,,,,,,,,,,,,,,,,,,,,,,,,,,
,,,,,,,,,,,,FALSE,FALSE,,,,,,,,,,,,,,,,,,,,,,,,,,
,,,,,,,,,,,,FALSE,FALSE,,,,,,,,,,,,,,,,,,,,,,,,,,
,,,,,,,,,,,,FALSE,FALSE,,,,,,,,,,,,,,,,,,,,,,,,,,
,,,,,,,,,,,,FALSE,FALSE,,,,,,,,,,,,,,,,,,,,,,,,,,
,,,,,,,,,,,,FALSE,FALSE,,,,,,,,,,,,,,,,,,,,,,,,,,