ID,Control Pago,Plan de Pago,N° Cuota,Vencimiento,Valor UF,Valor CLP,Valor USD,Fecha Pago,Monto $,N° Ingreso,Pago,Recibo,Factura,Cursado,FA Enviada,Cobrada,Cobro Automático,Cobrar?,Comentarios
Cuo0001,Directo,Doc0001,1/1,28/3/2023,12.69,,,,,,,,,FALSE,FALSE,FALSE,,FALSE,
Cuo0002,Directo,Doc0002,1/1,28/3/2023,12.69,,,,,,,,,FALSE,FALSE,FALSE,,FALSE,
Cuo0003,Directo,Doc0003,1/1,14/5/2023,1.79,,,,,,,,,FALSE,FALSE,FALSE,,FALSE,
Cuo0004,,Doc0004,1/12,2/7/2022,2.46,,,,,,,,,FALSE,FALSE,FALSE,,FALSE,
Cuo0005,,Doc0004,2/12,2/8/2022,2.46,,,,,,,,,FALSE,FALSE,FALSE,,FALSE,
Cuo0006,,Doc0004,3/12,2/9/2022,2.46,,,,,,,,,FALSE,FALSE,FALSE,,FALSE,
Cuo0007,,Doc0004,4/12,2/10/2022,2.46,,,,,,,,,FALSE,FALSE,FALSE,,FALSE,
Cuo0008,,Doc0004,5/12,2/11/2022,2.46,,,,,,,,,FALSE,FALSE,FALSE,,FALSE,
Cuo0009,,Doc0004,6/12,2/12/2022,2.46,,,,,,,,,FALSE,FALSE,FALSE,,FALSE,
Cuo0010,,Doc0004,7/12,2/1/2023,2.46,,,,,,,,,FALSE,FALSE,FALSE,,FALSE,
Cuo0011,,Doc0004,8/12,2/2/2023,2.46,,,,,,,,,FALSE,FALSE,FALSE,,FALSE,
Cuo0012,,Doc0004,9/12,2/3/2023,2.46,,,,,,,,,FALSE,FALSE,FALSE,,FALSE,
Cuo0013,,Doc0004,10/12,2/4/2023,2.46,,,,,,,,,FALSE,FALSE,FALSE,,FALSE,
Cuo0014,,Doc0004,11/12,2/5/2023,2.46,,,,,,,,,FALSE,FALSE,FALSE,,FALSE,
Cuo0015,,Doc0004,12/12,2/6/2023,2.46,,,,,,,,,FALSE,FALSE,FALSE,,FALSE,
Cuo0016,,Doc0005,1/1,1/8/2023,-29.52,,,,,,,,,FALSE,FALSE,FALSE,,FALSE,
Cuo0017,Directo,Doc0006,1/12,25/7/2022,0.95,,,,,,,,,FALSE,FALSE,FALSE,,FALSE,
Cuo0018,Directo,Doc0006,2/12,25/8/2022,0.95,,,,,,,,,FALSE,FALSE,FALSE,,FALSE,
Cuo0019,Directo,Doc0006,3/12,25/9/2022,0.95,,,,,,,,,FALSE,FALSE,FALSE,,FALSE,
Cuo0020,Directo,Doc0006,4/12,25/10/2022,0.95,,,,,,,,,FALSE,FALSE,FALSE,,FALSE,
Cuo0021,Directo,Doc0006,5/12,25/11/2022,0.95,,,,,,,,,FALSE,FALSE,FALSE,,FALSE,
Cuo0022,Directo,Doc0006,6/12,25/12/2022,0.95,,,,,,,,,FALSE,FALSE,FALSE,,FALSE,
Cuo0023,Directo,Doc0006,7/12,25/1/2023,0.95,,,,,,,,,FALSE,FALSE,FALSE,,FALSE,
Cuo0024,Directo,Doc0006,8/12,25/2/2023,0.95,,,,,,,,,FALSE,FALSE,FALSE,,FALSE,
Cuo0025,Directo,Doc0006,9/12,25/3/2023,0.95,,,,,,,,,FALSE,FALSE,FALSE,,FALSE,
Cuo0026,Directo,Doc0006,10/12,25/4/2023,0.95,,,,,,,,,FALSE,FALSE,FALSE,,FALSE,
Cuo0027,Directo,Doc0006,11/12,25/5/2023,0.95,,,,,,,,,FALSE,FALSE,FALSE,,FALSE,
Cuo0028,Directo,Doc0006,12/12,25/6/2023,0.97,,,,,,,,,FALSE,FALSE,TRUE,,FALSE,
Cuo0029,,Doc0007,1/12,20/7/2022,0.84,,,,,,,,,FALSE,FALSE,FALSE,,FALSE,
Cuo0030,,Doc0007,2/12,20/8/2022,0.84,,,,,,,,,FALSE,FALSE,FALSE,,FALSE,
Cuo0031,,Doc0007,3/12,20/9/2022,0.84,,,,,,,,,FALSE,FALSE,FALSE,,FALSE,
Cuo0032,,Doc0007,4/12,20/10/2022,0.84,,,,,,,,,FALSE,FALSE,FALSE,,FALSE,
Cuo0033,,Doc0007,5/12,20/11/2022,0.84,,,,,,,,,FALSE,FALSE,FALSE,,FALSE,
Cuo0034,,Doc0007,6/12,20/12/2022,0.84,,,,,,,,,FALSE,FALSE,FALSE,,FALSE,
Cuo0035,,Doc0007,7/12,20/1/2023,0.84,,,,,,,,,FALSE,FALSE,FALSE,,FALSE,
Cuo0036,,Doc0007,8/12,20/2/2023,0.84,,,,,,,,,FALSE,FALSE,FALSE,,FALSE,
Cuo0037,,Doc0007,9/12,20/3/2023,0.84,,,,,,,,,FALSE,FALSE,FALSE,,FALSE,
Cuo0038,,Doc0007,10/12,20/4/2023,0.84,,,,,,,,,FALSE,FALSE,FALSE,,FALSE,
Cuo0039,,Doc0007,11/12,20/5/2023,0.84,,,,,,,,,FALSE,FALSE,FALSE,,FALSE,
Cuo0040,,Doc0007,12/12,20/6/2023,0.82,,,,,,,,,FALSE,FALSE,FALSE,,FALSE,
Cuo0041,,Doc0008,1/1,19/8/2023,-10.06,,,,,,,,,FALSE,FALSE,FALSE,,FALSE,
Cuo0042,,Doc0009,1/12,15/8/2022,1.77,,,,,,,,,FALSE,FALSE,FALSE,,FALSE,
Cuo0043,,Doc0009,2/12,5/9/2022,1.77,,,,,,,,,FALSE,FALSE,FALSE,,FALSE,
Cuo0044,,Doc0009,3/12,5/10/2022,1.77,,,,,,,,,FALSE,FALSE,FALSE,,FALSE,
Cuo0045,,Doc0009,4/12,5/11/2022,1.77,,,,,,,,,FALSE,FALSE,FALSE,,FALSE,
Cuo0046,,Doc0009,5/12,5/12/2022,1.77,,,,,,,,,FALSE,FALSE,FALSE,,FALSE,
Cuo0047,,Doc0009,6/12,5/1/2023,1.77,,,,,,,,,FALSE,FALSE,FALSE,,FALSE,
Cuo0048,,Doc0009,7/12,5/2/2023,1.77,,,,,,,,,FALSE,FALSE,FALSE,,FALSE,
Cuo0049,,Doc0009,8/12,5/3/2023,1.77,,,,,,,,,FALSE,FALSE,FALSE,,FALSE,
Cuo0050,,Doc0009,9/12,5/4/2023,1.77,,,,,,,,,FALSE,FALSE,FALSE,,FALSE,
Cuo0051,,Doc0009,10/12,5/5/2023,1.77,,,,,,,,,FALSE,FALSE,FALSE,,FALSE,
Cuo0052,,Doc0009,11/12,5/6/2023,1.77,,,,,,,,,FALSE,FALSE,FALSE,,FALSE,
Cuo0053,,Doc0009,12/12,5/7/2023,1.82,,,,,,,,,FALSE,FALSE,FALSE,,FALSE,
Cuo0054,,Doc0010,1/1,1/9/2023,-21.29,,,,,,,,,FALSE,FALSE,FALSE,,FALSE,
Cuo0055,,Doc0011,1/12,18/8/2022,0.37,,,,,,,,,FALSE,FALSE,FALSE,,FALSE,
Cuo0056,,Doc0011,2/12,18/9/2022,0.37,,,,,,,,,FALSE,FALSE,FALSE,,FALSE,
Cuo0057,,Doc0011,3/12,18/10/2022,0.37,,,,,,,,,FALSE,FALSE,FALSE,,FALSE,
Cuo0058,,Doc0011,4/12,18/11/2022,0.37,,,,,,,,,FALSE,FALSE,FALSE,,FALSE,
Cuo0059,,Doc0011,5/12,18/12/2022,0.37,,,,,,,,,FALSE,FALSE,FALSE,,FALSE,
Cuo0060,,Doc0011,6/12,18/1/2023,0.37,,,,,,,,,FALSE,FALSE,FALSE,,FALSE,
Cuo0061,,Doc0011,7/12,18/2/2023,0.37,,,,,,,,,FALSE,FALSE,FALSE,,FALSE,
Cuo0062,,Doc0011,8/12,18/3/2023,0.37,,,,,,,,,FALSE,FALSE,FALSE,,FALSE,
Cuo0063,,Doc0011,9/12,18/4/2023,0.37,,,,,,,,,FALSE,FALSE,FALSE,,FALSE,
Cuo0064,,Doc0011,10/12,18/5/2023,0.37,,,,,,,,,FALSE,FALSE,FALSE,,FALSE,
Cuo0065,,Doc0011,11/12,18/6/2023,0.37,,,,,,,,,FALSE,FALSE,FALSE,,FALSE,
Cuo0066,,Doc0011,12/12,18/7/2023,0.37,,,,,,,,,FALSE,FALSE,FALSE,,FALSE,
Cuo0067,,Doc0012,1/1,10/9/2023,-4.44,,,,,,,,,FALSE,FALSE,FALSE,,FALSE,
Cuo0068,Automático,Doc0013,1/12,10/9/2022,0.83,,,,,,,,,FALSE,FALSE,FALSE,,FALSE,
Cuo0069,Automático,Doc0013,2/12,10/10/2022,0.83,,,,,,,,,FALSE,FALSE,FALSE,,FALSE,
Cuo0070,Automático,Doc0013,3/12,10/11/2022,0.83,,,,,,,,,FALSE,FALSE,FALSE,,FALSE,
Cuo0071,Automático,Doc0013,4/12,10/12/2022,0.83,,,,,,,,,FALSE,FALSE,FALSE,,FALSE,
Cuo0072,Automático,Doc0013,5/12,10/1/2023,0.83,,,,,,,,,FALSE,FALSE,FALSE,,FALSE,
Cuo0073,Automático,Doc0013,6/12,10/2/2023,0.83,,,,,,,,,FALSE,FALSE,FALSE,,FALSE,
Cuo0074,Automático,Doc0013,7/12,10/3/2023,0.83,,,,,,,,,FALSE,FALSE,FALSE,,FALSE,
Cuo0075,Automático,Doc0013,8/12,10/4/2023,0.83,,,,,,,,,FALSE,FALSE,FALSE,,FALSE,
Cuo0076,Automático,Doc0013,9/12,10/5/2023,0.83,,,,,,,,,FALSE,FALSE,FALSE,,FALSE,
Cuo0077,Automático,Doc0013,10/12,10/6/2023,0.83,,,,,,,,,FALSE,FALSE,FALSE,,FALSE,
Cuo0078,Automático,Doc0013,11/12,10/7/2023,0.83,,,,,,,,,FALSE,FALSE,FALSE,,FALSE,
Cuo0079,Automático,Doc0013,12/12,10/8/2023,0.83,,,,,,,,,FALSE,FALSE,FALSE,,FALSE,
Cuo0080,,Doc0014,1/12,3/9/2022,1.75,,,,,,,,,FALSE,FALSE,FALSE,,FALSE,
Cuo0081,,Doc0014,2/12,3/10/2022,1.75,,,,,,,,,FALSE,FALSE,FALSE,,FALSE,
Cuo0082,,Doc0014,3/12,3/11/2022,1.75,,,,,,,,,FALSE,FALSE,FALSE,,FALSE,
Cuo0083,,Doc0014,4/12,3/12/2022,1.75,,,,,,,,,FALSE,FALSE,FALSE,,FALSE,
Cuo0084,,Doc0014,5/12,3/1/2023,1.75,,,,,,,,,FALSE,FALSE,FALSE,,FALSE,
Cuo0085,,Doc0014,6/12,3/2/2023,1.75,,,,,,,,,FALSE,FALSE,FALSE,,FALSE,
Cuo0086,,Doc0014,7/12,3/3/2023,1.75,,,,,,,,,FALSE,FALSE,FALSE,,FALSE,
Cuo0087,,Doc0014,8/12,3/4/2023,1.75,,,,,,,,,FALSE,FALSE,FALSE,,FALSE,
Cuo0088,,Doc0014,9/12,3/5/2023,1.75,,,,,,,,,FALSE,FALSE,FALSE,,FALSE,
Cuo0089,,Doc0014,10/12,3/6/2023,1.75,,,,,,,,,FALSE,FALSE,FALSE,,FALSE,
Cuo0090,,Doc0014,11/12,3/7/2023,1.75,,,,,,,,,FALSE,FALSE,FALSE,,FALSE,
Cuo0091,,Doc0014,12/12,3/8/2023,1.75,,,,,,,,,FALSE,FALSE,FALSE,,FALSE,
Cuo0092,,Doc0015,1/1,3/10/2023,-21.00,,,,,,,,,FALSE,FALSE,FALSE,,FALSE,
Cuo0093,,Doc0016,1/12,20/9/2022,1.58,,,,,,,,,FALSE,FALSE,FALSE,,FALSE,
Cuo0094,,Doc0016,2/12,10/10/2022,1.58,,,,,,,,,FALSE,FALSE,FALSE,,FALSE,
Cuo0095,,Doc0016,3/12,10/11/2022,1.58,,,,,,,,,FALSE,FALSE,FALSE,,FALSE,
Cuo0096,,Doc0016,4/12,10/12/2022,1.58,,,,,,,,,FALSE,FALSE,FALSE,,FALSE,
Cuo0097,,Doc0016,5/12,10/1/2023,1.58,,,,,,,,,FALSE,FALSE,FALSE,,FALSE,
Cuo0098,,Doc0016,6/12,10/2/2023,1.58,,,,,,,,,FALSE,FALSE,FALSE,,FALSE,
Cuo0099,,Doc0016,7/12,10/3/2023,1.58,,,,,,,,,FALSE,FALSE,FALSE,,FALSE,
Cuo0100,,Doc0016,8/12,10/4/2023,1.58,,,,,,,,,FALSE,FALSE,FALSE,,FALSE,
Cuo0101,,Doc0016,9/12,10/5/2023,1.58,,,,,,,,,FALSE,FALSE,FALSE,,FALSE,
Cuo0102,,Doc0016,10/12,10/6/2023,1.58,,,,,,,,,FALSE,FALSE,FALSE,,FALSE,
Cuo0103,,Doc0016,11/12,10/7/2023,1.58,,,,,,,,,FALSE,FALSE,FALSE,,FALSE,
Cuo0104,,Doc0016,12/12,10/8/2023,1.58,,,,,,,,,FALSE,FALSE,FALSE,,FALSE,
Cuo0105,,Doc0017,1/1,6/10/2023,-18.96,,,,,,,,,FALSE,FALSE,FALSE,,FALSE,
Cuo0106,Automático,Doc0018,1/12,25/9/2022,1.01,,,,,,,,,FALSE,FALSE,FALSE,,FALSE,
Cuo0107,Automático,Doc0018,2/12,25/10/2022,1.01,,,,,,,,,FALSE,FALSE,FALSE,,FALSE,
Cuo0108,Automático,Doc0018,3/12,25/11/2022,1.01,,,,,,,,,FALSE,FALSE,FALSE,,FALSE,
Cuo0109,Automático,Doc0018,4/12,25/12/2022,1.01,,,,,,,,,FALSE,FALSE,FALSE,,FALSE,
Cuo0110,Automático,Doc0018,5/12,25/1/2023,1.01,,,,,,,,,FALSE,FALSE,FALSE,,FALSE,
Cuo0111,Automático,Doc0018,6/12,25/2/2023,1.01,,,,,,,,,FALSE,FALSE,FALSE,,FALSE,
Cuo0112,,Doc0018,7/12,25/3/2023,1.01,,,,,,,,,FALSE,FALSE,FALSE,,FALSE,
Cuo0113,,Doc0018,8/12,25/4/2023,1.01,,,,,,,,,FALSE,FALSE,FALSE,,FALSE,
Cuo0114,,Doc0018,9/12,25/5/2023,1.01,,,,,,,,,FALSE,FALSE,FALSE,,FALSE,
Cuo0115,,Doc0018,10/12,25/6/2023,1.01,,,,,,,,,FALSE,FALSE,FALSE,,FALSE,
Cuo0116,,Doc0018,11/12,25/7/2023,1.01,,,,,,,,,FALSE,FALSE,FALSE,,FALSE,
Cuo0117,,Doc0018,12/12,25/8/2023,1.01,,,,,,,,,FALSE,FALSE,FALSE,,FALSE,
Cuo0118,,Doc0019,1/1,7/10/2023,-10.08,,,,,,,,,FALSE,FALSE,FALSE,,FALSE,
Cuo0119,Directo,Doc0020,1/12,23/9/2022,0.56,,,21/9/2022,,,,,,FALSE,FALSE,FALSE,,FALSE,
Cuo0120,Directo,Doc0020,2/12,18/10/2022,0.57,,,21/10/2022,,,,,,FALSE,FALSE,FALSE,,FALSE,
Cuo0121,Directo,Doc0020,3/12,18/11/2022,0.57,,,21/10/2022,,,,,,FALSE,FALSE,FALSE,,FALSE,
Cuo0122,Directo,Doc0020,4/12,18/12/2022,0.57,,,21/12/2022,,,,,,FALSE,FALSE,FALSE,,FALSE,
Cuo0123,Directo,Doc0020,5/12,18/1/2023,0.57,,,20/1/2023,,,,,,FALSE,FALSE,FALSE,,FALSE,
Cuo0124,Directo,Doc0020,6/12,18/2/2023,0.57,,,20/1/2023,,,,,,FALSE,FALSE,FALSE,,FALSE,
Cuo0125,Directo,Doc0020,7/12,18/3/2023,0.57,,,23/2/2023,,,,,,FALSE,FALSE,FALSE,,FALSE,
Cuo0126,Directo,Doc0020,8/12,18/4/2023,0.57,,,23/3/2023,,,,,,FALSE,FALSE,FALSE,,FALSE,
Cuo0127,Directo,Doc0020,9/12,18/5/2023,0.57,,,28/4/2023,,,,,,FALSE,FALSE,FALSE,,FALSE,
Cuo0128,Directo,Doc0020,10/12,18/6/2023,0.57,,,31/5/2023,,,,,,FALSE,FALSE,FALSE,,FALSE,
Cuo0129,Directo,Doc0020,11/12,18/7/2023,0.57,,,,,,,,,FALSE,FALSE,FALSE,,FALSE,
Cuo0130,Directo,Doc0020,12/12,18/8/2023,0.57,,,,,,,,,FALSE,FALSE,FALSE,,FALSE,
Cuo0131,Directo,Doc0021,1/12,13/9/2022,1.48,,,,,,,,,FALSE,FALSE,FALSE,,FALSE,
Cuo0132,Directo,Doc0021,2/12,5/10/2022,1.48,,,,,,,,,FALSE,FALSE,FALSE,,FALSE,
Cuo0133,Directo,Doc0021,3/12,5/11/2022,1.48,,,,,,,,,FALSE,FALSE,FALSE,,FALSE,
Cuo0134,Directo,Doc0021,4/12,5/12/2022,1.48,,,,,,,,,FALSE,FALSE,FALSE,,FALSE,
Cuo0135,Directo,Doc0021,5/12,5/1/2023,1.48,,,,,,,,,FALSE,FALSE,FALSE,,FALSE,
Cuo0136,Directo,Doc0021,6/12,5/2/2023,1.48,,,,,,,,,FALSE,FALSE,FALSE,,FALSE,
Cuo0137,Directo,Doc0021,7/12,5/3/2023,1.48,,,,,,,,,FALSE,FALSE,FALSE,,FALSE,
Cuo0138,Directo,Doc0021,8/12,5/4/2023,1.48,,,,,,,,,FALSE,FALSE,FALSE,,FALSE,
Cuo0139,Directo,Doc0021,9/12,5/5/2023,1.48,,,,,,,,,FALSE,FALSE,FALSE,,FALSE,
Cuo0140,Directo,Doc0021,10/12,5/6/2023,1.48,,,,,,,,,FALSE,FALSE,FALSE,,FALSE,
Cuo0141,Directo,Doc0021,11/12,5/7/2023,1.48,,,,,,,,,FALSE,FALSE,FALSE,,FALSE,
Cuo0142,Directo,Doc0021,12/12,5/8/2023,1.48,,,,,,,,,FALSE,FALSE,FALSE,,FALSE,
Cuo0143,Directo,Doc0022,1/12,2/11/2022,0.74,,,30/9/2022,,,,,,FALSE,FALSE,FALSE,,FALSE,
Cuo0144,Directo,Doc0022,2/12,2/12/2022,0.74,,,13/12/2022,,,,,,FALSE,FALSE,FALSE,,FALSE,
Cuo0145,Directo,Doc0022,3/12,2/1/2023,0.74,,,20/1/2023,,,,,,FALSE,FALSE,FALSE,,FALSE,
Cuo0146,Directo,Doc0022,4/12,2/2/2023,0.74,,,15/2/2023,,,,,,FALSE,FALSE,FALSE,,FALSE,
Cuo0147,Directo,Doc0022,5/12,2/3/2023,0.74,,,14/3/2023,,,,,,FALSE,FALSE,FALSE,,FALSE,
Cuo0148,Directo,Doc0022,6/12,2/4/2023,0.74,,,7/4/2023,,,,,,FALSE,FALSE,FALSE,,FALSE,
Cuo0149,Directo,Doc0022,7/12,2/5/2023,0.74,,,12/5/2023,,,,,,FALSE,FALSE,FALSE,,FALSE,
Cuo0150,Directo,Doc0022,8/12,2/6/2023,0.74,,,12/6/2023,,,,,,FALSE,FALSE,FALSE,,FALSE,
Cuo0151,Directo,Doc0022,9/12,2/7/2023,0.74,,,,,,,,,FALSE,FALSE,FALSE,,FALSE,
Cuo0152,Directo,Doc0022,10/12,2/8/2023,0.74,,,,,,,,,FALSE,FALSE,FALSE,,FALSE,
Cuo0153,Directo,Doc0022,11/12,2/9/2023,0.74,,,,,,,,,FALSE,FALSE,FALSE,,FALSE,
Cuo0154,Directo,Doc0022,12/12,2/10/2023,0.74,,,,,,,,,FALSE,FALSE,FALSE,,FALSE,
Cuo0155,Directo,Doc0023,1/6,25/10/2022,3.22,,,27/10/2022,"$111,284.00",,,,,FALSE,FALSE,FALSE,,FALSE,
Cuo0156,Directo,Doc0023,2/6,25/11/2022,3.22,,,25/11/2022,"$112,001.00",,,,,FALSE,FALSE,FALSE,,FALSE,
Cuo0157,Directo,Doc0023,3/6,25/12/2022,3.22,,,26/12/2022,"$112,876.00",,,,,FALSE,FALSE,FALSE,,FALSE,
Cuo0158,Directo,Doc0023,4/6,25/1/2023,3.22,,,26/1/2023,"$113,571.00",,,,,FALSE,FALSE,FALSE,,FALSE,
Cuo0159,Directo,Doc0023,5/6,25/2/2023,3.22,,,27/2/2023,"$114,276.00",,,,,FALSE,FALSE,TRUE,,FALSE,
Cuo0160,Directo,Doc0023,6/6,25/3/2023,3.20,,,3/4/2023,"$113,831.00",,,,,FALSE,FALSE,FALSE,,FALSE,
Cuo0161,Directo,Doc0024,1/10,2/11/2022,1.24,,,4/11/2022,,,,,,FALSE,FALSE,FALSE,,FALSE,
Cuo0162,Directo,Doc0024,2/10,2/12/2022,1.24,,,14/12/2022,,,,,,FALSE,FALSE,FALSE,,FALSE,
Cuo0163,Directo,Doc0024,3/10,2/1/2023,1.24,,,,,,,,,FALSE,FALSE,FALSE,,FALSE,
Cuo0164,Directo,Doc0024,4/10,2/2/2023,1.24,,,,,,,,,FALSE,FALSE,FALSE,,FALSE,
Cuo0165,Directo,Doc0024,5/10,2/3/2023,1.24,,,,,,,,,FALSE,FALSE,FALSE,,FALSE,
Cuo0166,Directo,Doc0024,6/10,2/4/2023,1.24,,,,,,,,,FALSE,FALSE,FALSE,,FALSE,
Cuo0167,Directo,Doc0024,7/10,2/5/2023,1.24,,,,,,,,,FALSE,FALSE,FALSE,,FALSE,
Cuo0168,Directo,Doc0024,8/10,2/6/2023,1.24,,,,,,,,,FALSE,FALSE,FALSE,,FALSE,
Cuo0169,Directo,Doc0024,9/10,2/7/2023,1.24,,,11/7/2023,,,,,,FALSE,FALSE,TRUE,,FALSE,
Cuo0170,Directo,Doc0024,10/10,2/8/2023,1.24,,,,,,,,,FALSE,FALSE,FALSE,,FALSE,
Cuo0171,Directo,Doc0025,1/12,4/10/2022,1.37,,,,,,,,,FALSE,FALSE,FALSE,,FALSE,
Cuo0172,Directo,Doc0025,2/12,30/11/2022,1.37,,,,,,,,,FALSE,FALSE,FALSE,,FALSE,
Cuo0173,Directo,Doc0025,3/12,30/12/2022,1.37,,,,,,,,,FALSE,FALSE,FALSE,,FALSE,
Cuo0174,Directo,Doc0025,4/12,30/1/2023,1.37,,,,,,,,,FALSE,FALSE,FALSE,,FALSE,
Cuo0175,Directo,Doc0025,5/12,28/2/2023,1.37,,,,,,,,,FALSE,FALSE,FALSE,,FALSE,
Cuo0176,Directo,Doc0025,6/12,30/3/2023,1.37,,,,,,,,,FALSE,FALSE,FALSE,,FALSE,
Cuo0177,Directo,Doc0025,7/12,30/4/2023,1.37,,,,,,,,,FALSE,FALSE,FALSE,,FALSE,
Cuo0178,Directo,Doc0025,8/12,30/5/2023,1.37,,,,,,,,,FALSE,FALSE,FALSE,,FALSE,
Cuo0179,Directo,Doc0025,9/12,30/6/2023,1.37,,,,,,,,,FALSE,FALSE,FALSE,,FALSE,
Cuo0180,Directo,Doc0025,10/12,30/7/2023,1.37,,,,,,,,,FALSE,FALSE,FALSE,,FALSE,
Cuo0181,Directo,Doc0025,11/12,30/8/2023,1.37,,,,,,,,,FALSE,FALSE,FALSE,,FALSE,
Cuo0182,Directo,Doc0025,12/12,30/9/2023,1.32,,,,,,,,,FALSE,FALSE,TRUE,,FALSE,
Cuo0183,,Doc0026,1/12,5/12/2022,1.46,,,,,,,,,FALSE,FALSE,FALSE,,FALSE,
Cuo0184,,Doc0026,2/12,30/1/2023,1.46,,,,,,,,,FALSE,FALSE,FALSE,,FALSE,
Cuo0185,,Doc0026,3/12,28/2/2023,1.46,,,,,,,,,FALSE,FALSE,FALSE,,FALSE,
Cuo0186,,Doc0026,4/12,30/3/2023,1.46,,,,,,,,,FALSE,FALSE,FALSE,,FALSE,
Cuo0187,,Doc0026,5/12,30/4/2023,1.46,,,,,,,,,FALSE,FALSE,FALSE,,FALSE,
Cuo0188,,Doc0026,6/12,30/5/2023,1.46,,,,,,,,,FALSE,FALSE,FALSE,,FALSE,
Cuo0189,,Doc0026,7/12,30/6/2023,1.46,,,,,,,,,FALSE,FALSE,FALSE,,FALSE,
Cuo0190,,Doc0026,8/12,30/7/2023,1.46,,,,,,,,,FALSE,FALSE,FALSE,,FALSE,
Cuo0191,,Doc0026,9/12,30/8/2023,1.46,,,,,,,,,FALSE,FALSE,FALSE,,FALSE,
Cuo0192,,Doc0026,10/12,30/9/2023,1.46,,,,,,,,,FALSE,FALSE,FALSE,,FALSE,
Cuo0193,,Doc0026,11/12,30/10/2023,1.46,,,,,,,,,FALSE,FALSE,FALSE,,FALSE,
Cuo0194,,Doc0026,12/12,30/11/2023,1.46,,,,,,,,,FALSE,FALSE,FALSE,,FALSE,
Cuo0195,,Doc0027,1/1,12/11/2023,-17.52,,,,,,,,,FALSE,FALSE,FALSE,,FALSE,
Cuo0196,,Doc0028,1/12,1/11/2022,1.79,,,,,,,,,FALSE,FALSE,FALSE,,FALSE,
Cuo0197,,Doc0028,2/12,20/12/2022,1.79,,,,,,,,,FALSE,FALSE,FALSE,,FALSE,
Cuo0198,,Doc0028,3/12,20/1/2023,1.79,,,,,,,,,FALSE,FALSE,FALSE,,FALSE,
Cuo0199,,Doc0028,4/12,20/2/2023,1.79,,,,,,,,,FALSE,FALSE,FALSE,,FALSE,
Cuo0200,,Doc0028,5/12,20/3/2023,1.79,,,,,,,,,FALSE,FALSE,FALSE,,FALSE,
Cuo0201,,Doc0028,6/12,20/4/2023,1.79,,,,,,,,,FALSE,FALSE,FALSE,,FALSE,
Cuo0202,,Doc0028,7/12,20/5/2023,1.79,,,,,,,,,FALSE,FALSE,FALSE,,FALSE,
Cuo0203,,Doc0028,8/12,20/6/2023,1.79,,,,,,,,,FALSE,FALSE,FALSE,,FALSE,
Cuo0204,,Doc0028,9/12,20/7/2023,1.79,,,,,,,,,FALSE,FALSE,FALSE,,FALSE,
Cuo0205,,Doc0028,10/12,20/8/2023,1.79,,,,,,,,,FALSE,FALSE,FALSE,,FALSE,
Cuo0206,,Doc0028,11/12,20/9/2023,1.79,,,,,,,,,FALSE,FALSE,FALSE,,FALSE,
Cuo0207,,Doc0028,12/12,20/10/2023,1.77,,,,,,,,,FALSE,FALSE,FALSE,,FALSE,
Cuo0208,,Doc0029,1/1,19/11/2023,-21.46,,,,,,,,,FALSE,FALSE,FALSE,,FALSE,
Cuo0209,Automático,Doc0030,1/11,25/11/2022,1.94,,,,,,,,,FALSE,FALSE,FALSE,,FALSE,
Cuo0210,Automático,Doc0030,2/11,26/12/2022,1.94,,,,,,,,,FALSE,FALSE,FALSE,,FALSE,
Cuo0211,Automático,Doc0030,3/11,25/1/2023,1.95,,,,,,,,,FALSE,FALSE,FALSE,,FALSE,
Cuo0212,Automático,Doc0030,4/11,27/2/2023,1.95,,,,,,,,,FALSE,FALSE,FALSE,,FALSE,
Cuo0213,Automático,Doc0030,5/11,27/3/2023,1.96,,,,,,,,,FALSE,FALSE,FALSE,,FALSE,
Cuo0214,Automático,Doc0030,6/11,25/4/2023,1.96,,,,,,,,,FALSE,FALSE,FALSE,,FALSE,
Cuo0215,Automático,Doc0030,7/11,25/5/2023,1.98,,,,,,,,,FALSE,FALSE,FALSE,,FALSE,
Cuo0216,Automático,Doc0030,8/11,27/6/2023,1.98,,,,,,,,,FALSE,FALSE,FALSE,,FALSE,
Cuo0217,Automático,Doc0030,9/11,25/7/2023,1.99,,,,,,,,,FALSE,FALSE,FALSE,,FALSE,
Cuo0218,Automático,Doc0030,10/11,25/8/2023,1.99,,,,,,,,,FALSE,FALSE,FALSE,,FALSE,
Cuo0219,Automático,Doc0030,11/11,25/9/2023,2.02,,,,,,,,,FALSE,FALSE,FALSE,,FALSE,
Cuo0220,Directo,Doc0031,1/5,5/12/2022,1.25,,,,,,,,,FALSE,FALSE,FALSE,,FALSE,
Cuo0221,Directo,Doc0031,2/5,5/1/2023,1.25,,,,,,,,,FALSE,FALSE,FALSE,,FALSE,
Cuo0222,Directo,Doc0031,3/5,5/2/2023,1.25,,,,,,,,,FALSE,FALSE,FALSE,,FALSE,
Cuo0223,Directo,Doc0031,4/5,5/3/2023,1.25,,,,,,,,,FALSE,FALSE,FALSE,,FALSE,
Cuo0224,Directo,Doc0031,5/5,5/4/2023,1.26,,,,,,,,,FALSE,FALSE,FALSE,,FALSE,
Cuo0225,Directo,Doc0032,1/3,5/12/2022,1.19,,,,,,,,,FALSE,FALSE,FALSE,,FALSE,
Cuo0226,Directo,Doc0032,2/3,5/1/2023,1.19,,,,,,,,,FALSE,FALSE,FALSE,,FALSE,
Cuo0227,Directo,Doc0032,3/3,5/2/2023,1.19,,,,,,,,,FALSE,FALSE,FALSE,,FALSE,
Cuo0228,Directo,Doc0033,1/5,5/12/2022,1.03,,,,,,,,,FALSE,FALSE,FALSE,,FALSE,
Cuo0229,Directo,Doc0033,2/5,5/1/2023,1.03,,,,,,,,,FALSE,FALSE,FALSE,,FALSE,
Cuo0230,Directo,Doc0033,3/5,5/2/2023,1.03,,,,,,,,,FALSE,FALSE,FALSE,,FALSE,
Cuo0231,Directo,Doc0033,4/5,5/3/2023,1.03,,,,,,,,,FALSE,FALSE,FALSE,,FALSE,
Cuo0232,Directo,Doc0033,5/5,5/4/2023,1.02,,,,,,,,,FALSE,FALSE,FALSE,,FALSE,
Cuo0233,,Doc0034,1/12,25/11/2022,0.92,,,,,,,,,FALSE,FALSE,FALSE,,FALSE,
Cuo0234,,Doc0034,2/12,25/12/2022,0.92,,,,,,,,,FALSE,FALSE,FALSE,,FALSE,
Cuo0235,,Doc0034,3/12,25/1/2023,0.92,,,,,,,,,FALSE,FALSE,FALSE,,FALSE,
Cuo0236,,Doc0034,4/12,25/2/2023,0.92,,,,,,,,,FALSE,FALSE,FALSE,,FALSE,
Cuo0237,,Doc0034,5/12,25/3/2023,0.92,,,,,,,,,FALSE,FALSE,FALSE,,FALSE,
Cuo0238,,Doc0034,6/12,25/4/2023,0.92,,,,,,,,,FALSE,FALSE,FALSE,,FALSE,
Cuo0239,,Doc0034,7/12,25/5/2023,0.92,,,,,,,,,FALSE,FALSE,FALSE,,FALSE,
Cuo0240,,Doc0034,8/12,25/6/2023,0.92,,,,,,,,,FALSE,FALSE,FALSE,,FALSE,
Cuo0241,,Doc0034,9/12,25/7/2023,0.92,,,,,,,,,FALSE,FALSE,FALSE,,FALSE,
Cuo0242,,Doc0034,10/12,25/8/2023,0.92,,,,,,,,,FALSE,FALSE,FALSE,,FALSE,
Cuo0243,,Doc0034,11/12,25/9/2023,0.92,,,,,,,,,FALSE,FALSE,FALSE,,FALSE,
Cuo0244,,Doc0034,12/12,25/10/2023,0.92,,,,,,,,,FALSE,FALSE,FALSE,,FALSE,
Cuo0245,,Doc0035,1/1,5/12/2023,-11.04,,,,,,,,,FALSE,FALSE,FALSE,,FALSE,
Cuo0246,Directo,Doc0036,1/10,2/12/2022,1.45,,,,"$51,098.00",,,,11940055,FALSE,TRUE,FALSE,,FALSE,
Cuo0247,Directo,Doc0036,2/10,2/1/2023,1.45,,,,"$51,500.00",,,,12051584,FALSE,TRUE,FALSE,,FALSE,
Cuo0248,Directo,Doc0036,3/10,2/2/2023,1.45,,,,"$51,147.00",,,,12051585,FALSE,TRUE,FALSE,,FALSE,
Cuo0249,Directo,Doc0036,4/10,2/3/2023,1.45,,,13/3/2023,"$51,614.00",,,,12195496,FALSE,TRUE,TRUE,,FALSE,
Cuo0250,Directo,Doc0036,5/10,2/4/2023,1.45,,,,"$51,645.00",,,,12305782,FALSE,TRUE,TRUE,,FALSE,
Cuo0251,Directo,Doc0036,6/10,2/5/2023,1.45,,,8/5/2023,"$52,118.00",,,,12384342,FALSE,TRUE,FALSE,,FALSE,
Cuo0252,Directo,Doc0036,7/10,2/6/2023,1.45,,,15/6/2023,"$52,304.00",,,,12508497,FALSE,TRUE,FALSE,,FALSE,
Cuo0253,Directo,Doc0036,8/10,2/7/2023,1.45,,,10/7/2023,,,,,,FALSE,FALSE,TRUE,,FALSE,
Cuo0254,Directo,Doc0036,9/10,2/8/2023,1.45,,,21/8/2023,,,,,,FALSE,FALSE,FALSE,,FALSE,
Cuo0255,Directo,Doc0036,10/10,2/9/2023,1.45,,,20/9/2023,,,,,,FALSE,FALSE,FALSE,,FALSE,
Cuo0256,Directo,Doc0037,1/12,10/12/2022,2.09,,,24/11/2022,,,,,,FALSE,FALSE,FALSE,,FALSE,
Cuo0257,Directo,Doc0037,2/12,10/1/2023,2.09,,,8/1/2023,,,,,,FALSE,FALSE,FALSE,,FALSE,
Cuo0258,Directo,Doc0037,3/12,10/2/2023,2.09,,,10/2/2023,,,,,,FALSE,FALSE,FALSE,,FALSE,
Cuo0259,Directo,Doc0037,4/12,10/3/2023,2.09,,,5/3/2023,,,,,,FALSE,FALSE,FALSE,,FALSE,
Cuo0260,Directo,Doc0037,5/12,10/4/2023,2.09,,,10/4/2023,,,,,,FALSE,FALSE,FALSE,,FALSE,
Cuo0261,Automático,Doc0037,6/12,10/5/2023,2.09,,,,,,,,,FALSE,FALSE,FALSE,,FALSE,
Cuo0262,Automático,Doc0037,7/12,10/6/2023,2.09,,,,,,,,,FALSE,FALSE,FALSE,,FALSE,
Cuo0263,Automático,Doc0037,8/12,10/7/2023,2.09,,,,,,,,,FALSE,FALSE,FALSE,,FALSE,
Cuo0264,Automático,Doc0037,9/12,10/8/2023,2.09,,,,,,,,,FALSE,FALSE,FALSE,,FALSE,
Cuo0265,Automático,Doc0037,10/12,10/9/2023,2.09,,,,,,,,,FALSE,FALSE,FALSE,,FALSE,
Cuo0266,Automático,Doc0037,11/12,10/10/2023,2.09,,,,,,,,,FALSE,FALSE,FALSE,,FALSE,
Cuo0267,Automático,Doc0037,12/12,10/11/2023,2.09,,,,,,,,,FALSE,FALSE,FALSE,,FALSE,
Cuo0268,Automático,Doc0038,1/12,10/12/2022,1.46,,,,,,,,,FALSE,FALSE,FALSE,,FALSE,
Cuo0269,Automático,Doc0038,2/12,10/1/2023,1.46,,,,,,,,,FALSE,FALSE,FALSE,,FALSE,
Cuo0270,Automático,Doc0038,3/12,10/2/2023,1.46,,,,,,,,,FALSE,FALSE,FALSE,,FALSE,
Cuo0271,Automático,Doc0038,4/12,10/3/2023,1.46,,,,,,,,,FALSE,FALSE,FALSE,,FALSE,
Cuo0272,Automático,Doc0038,5/12,10/4/2023,1.46,,,,,,,,,FALSE,FALSE,FALSE,,FALSE,
Cuo0273,Automático,Doc0038,6/12,10/5/2023,1.46,,,,,,,,,FALSE,FALSE,FALSE,,FALSE,
Cuo0274,Automático,Doc0038,7/12,10/6/2023,1.46,,,,,,,,,FALSE,FALSE,FALSE,,FALSE,
Cuo0275,Automático,Doc0038,8/12,10/7/2023,1.46,,,,,,,,,FALSE,FALSE,FALSE,,FALSE,
Cuo0276,Automático,Doc0038,9/12,10/8/2023,1.46,,,,,,,,,FALSE,FALSE,FALSE,,FALSE,
Cuo0277,Automático,Doc0038,10/12,10/9/2023,1.46,,,,,,,,,FALSE,FALSE,FALSE,,FALSE,
Cuo0278,Automático,Doc0038,11/12,10/10/2023,1.46,,,,,,,,,FALSE,FALSE,FALSE,,FALSE,
Cuo0279,Automático,Doc0038,12/12,10/11/2023,1.46,,,,,,,,,FALSE,FALSE,FALSE,,FALSE,
Cuo0280,,Doc0039,1/12,5/12/2022,1.90,,,,,,,,,FALSE,FALSE,FALSE,,FALSE,
Cuo0281,,Doc0039,2/12,25/1/2023,1.90,,,,,,,,,FALSE,FALSE,FALSE,,FALSE,
Cuo0282,,Doc0039,3/12,25/2/2023,1.90,,,,,,,,,FALSE,FALSE,FALSE,,FALSE,
Cuo0283,,Doc0039,4/12,25/3/2023,1.90,,,,,,,,,FALSE,FALSE,FALSE,,FALSE,
Cuo0284,,Doc0039,5/12,25/4/2023,1.90,,,,,,,,,FALSE,FALSE,FALSE,,FALSE,
Cuo0285,,Doc0039,6/12,25/5/2023,1.90,,,,,,,,,FALSE,FALSE,FALSE,,FALSE,
Cuo0286,,Doc0039,7/12,25/6/2023,1.90,,,,,,,,,FALSE,FALSE,FALSE,,FALSE,
Cuo0287,,Doc0039,8/12,25/7/2023,1.90,,,,,,,,,FALSE,FALSE,FALSE,,FALSE,
Cuo0288,,Doc0039,9/12,25/8/2023,1.90,,,,,,,,,FALSE,FALSE,FALSE,,FALSE,
Cuo0289,,Doc0039,10/12,25/9/2023,1.90,,,,,,,,,FALSE,FALSE,FALSE,,FALSE,
Cuo0290,,Doc0039,11/12,25/10/2023,1.90,,,,,,,,,FALSE,FALSE,FALSE,,FALSE,
Cuo0291,,Doc0039,12/12,25/11/2023,1.92,,,,,,,,,FALSE,FALSE,FALSE,,FALSE,
Cuo0292,,Doc0040,1/1,23/12/2023,-22.82,,,,,,,,,FALSE,FALSE,FALSE,,FALSE,
Cuo0293,Directo,Doc0041,1/12,15/12/2022,1.52,,,,,,,,,FALSE,FALSE,FALSE,,FALSE,
Cuo0294,Directo,Doc0041,2/12,1/1/2023,1.52,,,,,,,,,FALSE,FALSE,FALSE,,FALSE,
Cuo0295,Directo,Doc0041,3/12,1/2/2023,1.52,,,,,,,,,FALSE,FALSE,FALSE,,FALSE,
Cuo0296,Directo,Doc0041,4/12,1/3/2023,1.52,,,,,,,,,FALSE,FALSE,FALSE,,FALSE,
Cuo0297,Directo,Doc0041,5/12,1/4/2023,1.52,,,,,,,,,FALSE,FALSE,FALSE,,FALSE,
Cuo0298,Directo,Doc0041,6/12,1/5/2023,1.52,,,,,,,,,FALSE,FALSE,FALSE,,FALSE,
Cuo0299,Directo,Doc0041,7/12,1/6/2023,1.52,,,,,,,,,FALSE,FALSE,FALSE,,FALSE,
Cuo0300,Directo,Doc0041,8/12,1/7/2023,1.52,,,,,,,,,FALSE,FALSE,FALSE,,FALSE,
Cuo0301,Directo,Doc0041,9/12,1/8/2023,1.52,,,,,,,,,FALSE,FALSE,FALSE,,FALSE,
Cuo0302,Directo,Doc0041,10/12,1/9/2023,1.52,,,,,,,,,FALSE,FALSE,TRUE,,FALSE,
Cuo0303,Directo,Doc0041,11/12,1/10/2023,1.52,,,,,,,,,FALSE,FALSE,TRUE,,FALSE,
Cuo0304,Directo,Doc0041,12/12,1/11/2023,1.54,,,,,,,,,FALSE,FALSE,FALSE,,FALSE,
Cuo0305,Automático,Doc0042,1/11,18/1/2023,1.43,,,,,,,,,FALSE,FALSE,FALSE,,FALSE,
Cuo0306,Automático,Doc0042,2/11,20/2/2023,1.43,,,,,,,,,FALSE,FALSE,FALSE,,FALSE,
Cuo0307,Automático,Doc0042,3/11,20/3/2023,1.43,,,,,,,,,FALSE,FALSE,FALSE,,FALSE,
Cuo0308,Automático,Doc0042,4/11,18/4/2023,1.43,,,,,,,,,FALSE,FALSE,FALSE,,FALSE,
Cuo0309,Automático,Doc0042,5/11,18/5/2023,1.43,,,,,,,,,FALSE,FALSE,FALSE,,FALSE,
Cuo0310,Automático,Doc0042,6/11,19/6/2023,1.43,,,,,,,,,FALSE,FALSE,FALSE,,FALSE,
Cuo0311,Automático,Doc0042,7/11,18/7/2023,1.43,,,,,,,,,FALSE,FALSE,FALSE,,FALSE,
Cuo0312,Automático,Doc0042,8/11,18/8/2023,1.43,,,,,,,,,FALSE,FALSE,FALSE,,FALSE,
Cuo0313,Automático,Doc0042,9/11,20/9/2023,1.43,,,,,,,,,FALSE,FALSE,FALSE,,FALSE,
Cuo0314,Directo,Doc0042,10/11,18/10/2023,1.43,,,,,,,,,FALSE,FALSE,FALSE,,FALSE,
Cuo0315,Directo,Doc0042,11/11,20/11/2023,1.42,,,,,,,,,FALSE,FALSE,FALSE,,FALSE,
Cuo0316,Directo,Doc0043,1/8,5/1/2023,9.41,,,11/1/2023,"$331,368.00",,,,689483,TRUE,TRUE,FALSE,,FALSE,
Cuo0317,Directo,Doc0043,2/8,5/2/2023,9.41,,,26/1/2023,"$331,757.00",,,OC844516,696567,TRUE,TRUE,FALSE,,FALSE,
Cuo0318,Directo,Doc0043,3/8,5/3/2023,9.40,,,7/3/2023,"$334,592.00",,,OC892457,720939,TRUE,TRUE,TRUE,,FALSE,
Cuo0319,Directo,Doc0043,4/8,5/4/2023,9.40,,,20/4/2023,"$335,703.00",,,,748903,FALSE,TRUE,FALSE,,FALSE,
Cuo0320,Directo,Doc0043,5/8,5/5/2023,9.40,,,24/5/2023,"$338,437.00",,,,768243,FALSE,TRUE,FALSE,,FALSE,
Cuo0321,Directo,Doc0043,6/8,5/6/2023,9.40,,,16/6/2023,"$338,949.00",,,,783848,FALSE,TRUE,TRUE,,FALSE,
Cuo0322,Directo,Doc0043,7/8,5/7/2023,9.39,,,11/7/2023,"$338,079.00",,,OC1025434,,FALSE,FALSE,TRUE,,FALSE,
Cuo0323,Directo,Doc0043,8/8,5/8/2023,9.39,,,,,,,,,FALSE,FALSE,TRUE,,FALSE,
Cuo0324,Directo,Doc0044,1/1,17/1/2024,5.39,,,6/1/2023,,,,,,FALSE,FALSE,FALSE,,FALSE,
Cuo0325,,Doc0045,1/12,5/1/2023,2.08,,,,,,,,,FALSE,FALSE,FALSE,,FALSE,
Cuo0326,,Doc0045,2/12,25/2/2023,2.08,,,,,,,,,FALSE,FALSE,FALSE,,FALSE,
Cuo0327,,Doc0045,3/12,25/3/2023,2.08,,,,,,,,,FALSE,FALSE,FALSE,,FALSE,
Cuo0328,,Doc0045,4/12,25/4/2023,2.08,,,,,,,,,FALSE,FALSE,FALSE,,FALSE,
Cuo0329,,Doc0045,5/12,25/5/2023,2.08,,,,,,,,,FALSE,FALSE,FALSE,,FALSE,
Cuo0330,,Doc0045,6/12,25/6/2023,2.08,,,,,,,,,FALSE,FALSE,FALSE,,FALSE,
Cuo0331,,Doc0045,7/12,25/7/2023,2.08,,,,,,,,,FALSE,FALSE,FALSE,,FALSE,
Cuo0332,,Doc0045,8/12,25/8/2023,2.08,,,,,,,,,FALSE,FALSE,FALSE,,FALSE,
Cuo0333,,Doc0045,9/12,25/9/2023,2.08,,,,,,,,,FALSE,FALSE,FALSE,,FALSE,
Cuo0334,,Doc0045,10/12,25/10/2023,2.08,,,,,,,,,FALSE,FALSE,FALSE,,FALSE,
Cuo0335,,Doc0045,11/12,25/11/2023,2.08,,,,,,,,,FALSE,FALSE,FALSE,,FALSE,
Cuo0336,,Doc0045,12/12,25/12/2023,2.13,,,,,,,,,FALSE,FALSE,FALSE,,FALSE,
Cuo0337,,Doc0046,1/1,20/1/2024,-25.01,,,,,,,,,FALSE,FALSE,FALSE,,FALSE,
Cuo0338,Directo,Doc0047,1/12,10/1/2023,1.62,,,,,,,,,FALSE,FALSE,FALSE,,FALSE,
Cuo0339,Directo,Doc0047,2/12,10/2/2023,1.62,,,10/2/2023,,,,,,FALSE,FALSE,FALSE,,FALSE,
Cuo0340,Directo,Doc0047,3/12,10/3/2023,1.62,,,27/2/2023,,,,,,FALSE,FALSE,FALSE,,FALSE,
Cuo0341,Directo,Doc0047,4/12,10/4/2023,1.62,,,30/3/2023,,,,,,FALSE,FALSE,FALSE,,FALSE,
Cuo0342,Directo,Doc0047,5/12,10/5/2023,1.62,,,27/4/2023,,,,,,FALSE,FALSE,FALSE,,FALSE,
Cuo0343,Directo,Doc0047,6/12,10/6/2023,1.62,,,26/5/2023,,,,,,FALSE,FALSE,FALSE,,FALSE,
Cuo0344,Directo,Doc0047,7/12,10/7/2023,1.62,,,1/7/2023,,,,,,FALSE,FALSE,FALSE,,FALSE,
Cuo0345,Directo,Doc0047,8/12,10/8/2023,1.62,,,30/7/2023,,,,,,FALSE,FALSE,FALSE,,FALSE,
Cuo0346,Directo,Doc0047,9/12,10/9/2023,1.62,,,29/8/2023,,,,,,FALSE,FALSE,FALSE,,FALSE,
Cuo0347,Directo,Doc0047,10/12,10/10/2023,1.62,,,28/9/2023,,,,,,FALSE,FALSE,FALSE,,FALSE,
Cuo0348,Directo,Doc0047,11/12,10/11/2023,1.62,,,26/10/2023,,,,,,FALSE,FALSE,FALSE,,FALSE,
Cuo0349,Directo,Doc0047,12/12,10/12/2023,1.62,,,,,,,,,FALSE,FALSE,FALSE,,FALSE,
Cuo0350,Transferencia,Doc0048,1/10,5/1/2023,2.37,,,19/1/2023,"$83,518.00",,,OC840186,,TRUE,FALSE,FALSE,,FALSE,
Cuo0351,Transferencia,Doc0048,2/10,5/2/2023,2.37,,,21/2/2023,"$83,966.00",,,OC873128,,TRUE,FALSE,TRUE,,FALSE,
Cuo0352,Directo,Doc0048,3/10,5/3/2023,2.37,,,7/3/2023,"$84,297.00",,,OC892426,,TRUE,FALSE,TRUE,,FALSE,
Cuo0353,Directo,Doc0048,4/10,5/4/2023,2.37,,,20/4/2023,"$84,600.00",,,,,FALSE,FALSE,FALSE,,FALSE,
Cuo0354,Directo,Doc0048,5/10,5/5/2023,2.37,,,24/5/2023,"$85,311.00",,,,,FALSE,FALSE,FALSE,,FALSE,
Cuo0355,Directo,Doc0048,6/10,5/6/2023,2.37,,,16/6/2023,"$85,467.00",,,,,FALSE,FALSE,TRUE,,FALSE,
Cuo0356,Directo,Doc0048,7/10,5/7/2023,2.37,,,11/7/2023,"$85,521.00",,,OC1025423,,FALSE,FALSE,TRUE,,FALSE,
Cuo0357,Directo,Doc0048,8/10,5/8/2023,2.37,,,22/8/2023,"$85,504.00",,,,,FALSE,FALSE,TRUE,,FALSE,
Cuo0358,Directo,Doc0048,9/10,5/9/2023,2.37,,,,,,,,,FALSE,FALSE,TRUE,,FALSE,
Cuo0359,Directo,Doc0048,10/10,5/10/2023,2.37,,,12/10/2023,"$85,850.00",,,,,FALSE,FALSE,TRUE,,FALSE,
Cuo0360,Automático,Doc0049,1/12,29/12/2022,2.34,,,,,,,,,FALSE,FALSE,FALSE,,FALSE,
Cuo0361,Automático,Doc0049,2/12,29/1/2023,2.34,,,,,,,,,FALSE,FALSE,FALSE,,FALSE,
Cuo0362,Automático,Doc0049,3/12,28/2/2023,2.34,,,,,,,,,FALSE,FALSE,FALSE,,FALSE,
Cuo0363,Automático,Doc0049,4/12,29/3/2023,2.34,,,,,,,,,FALSE,FALSE,FALSE,,FALSE,
Cuo0364,Automático,Doc0049,5/12,29/4/2023,2.34,,,,,,,,,FALSE,FALSE,FALSE,,FALSE,
Cuo0365,Automático,Doc0049,6/12,29/5/2023,2.34,,,,,,,,,FALSE,FALSE,FALSE,,FALSE,
Cuo0366,Automático,Doc0049,7/12,29/6/2023,2.34,,,,,,,,,FALSE,FALSE,FALSE,,FALSE,
Cuo0367,Automático,Doc0049,8/12,29/7/2023,2.34,,,,,,,,,FALSE,FALSE,FALSE,,FALSE,
Cuo0368,Automático,Doc0049,9/12,29/8/2023,2.34,,,,,,,,,FALSE,FALSE,FALSE,,FALSE,
Cuo0369,Automático,Doc0049,10/12,29/9/2023,2.34,,,,,,,,,FALSE,FALSE,FALSE,,FALSE,
Cuo0370,Automático,Doc0049,11/12,29/10/2023,2.34,,,,,,,,,FALSE,FALSE,FALSE,,FALSE,
Cuo0371,Automático,Doc0049,12/12,29/11/2023,2.38,,,,,,,,,FALSE,FALSE,FALSE,,FALSE,
Cuo0372,Directo,Doc0050,1/12,10/2/2023,1.68,,,21/1/2023,,,,5091280,,FALSE,FALSE,FALSE,,FALSE,
Cuo0373,Directo,Doc0050,2/12,10/3/2023,1.68,,,27/2/2023,,,,,,FALSE,FALSE,FALSE,,FALSE,
Cuo0374,Directo,Doc0050,3/12,10/4/2023,1.68,,,27/3/2023,,,,,,FALSE,FALSE,FALSE,,FALSE,
Cuo0375,Directo,Doc0050,4/12,10/5/2023,1.68,,,26/4/2023,,,,,,FALSE,FALSE,FALSE,,FALSE,
Cuo0376,Directo,Doc0050,5/12,10/6/2023,1.68,,,26/5/2023,,,,,,FALSE,FALSE,FALSE,,FALSE,
Cuo0377,Directo,Doc0050,6/12,10/7/2023,1.68,,,27/6/2023,,,,,,FALSE,FALSE,FALSE,,FALSE,
Cuo0378,Directo,Doc0050,7/12,10/8/2023,1.68,,,26/7/2023,,,,,,FALSE,FALSE,FALSE,,FALSE,
Cuo0379,Directo,Doc0050,8/12,10/9/2023,1.68,,,28/8/2023,,,,,,FALSE,FALSE,FALSE,,FALSE,
Cuo0380,Directo,Doc0050,9/12,10/10/2023,1.68,,,27/9/2023,,,,,,FALSE,FALSE,FALSE,,FALSE,
Cuo0381,Directo,Doc0050,10/12,10/11/2023,1.68,,,26/10/2023,,,,,,FALSE,FALSE,FALSE,,FALSE,
Cuo0382,Directo,Doc0050,11/12,10/12/2023,1.68,,,27/11/2023,,,,,,FALSE,FALSE,FALSE,,FALSE,
Cuo0383,Directo,Doc0050,12/12,10/1/2024,1.68,,,22/12/2023,,,,,,FALSE,FALSE,FALSE,,FALSE,
Cuo0384,Transferencia,Doc0051,1/10,5/2/2023,21.21,,,14/2/2023,"$749,812.00",,,,711796,TRUE,TRUE,FALSE,,FALSE,
Cuo0385,Transferencia,Doc0051,2/10,5/3/2023,21.20,,,8/3/2023,"$744,520.00",,,,726095,TRUE,TRUE,FALSE,,FALSE,
Cuo0386,Transferencia,Doc0051,3/10,5/4/2023,21.20,,,12/4/2023,"$754,807.00",,,,747045,TRUE,TRUE,FALSE,,FALSE,
Cuo0387,Transferencia,Doc0051,4/10,5/5/2023,21.20,,,11/5/2023,"$761,170.00",,,,803052,TRUE,TRUE,FALSE,,FALSE,
Cuo0388,Transferencia,Doc0051,5/10,5/6/2023,21.20,,,9/6/2023,"$764,562.00",,,,800903,TRUE,TRUE,FALSE,,FALSE,
Cuo0389,Transferencia,Doc0051,6/10,5/7/2023,19.68,,,11/7/2023,"$710,359.00",,,219073001,800904,TRUE,TRUE,FALSE,,FALSE,
Cuo0390,Transferencia,Doc0051,7/10,5/8/2023,19.68,,,10/8/2023,"$709,216.00",,,,,TRUE,FALSE,FALSE,,FALSE,
Cuo0391,Transferencia,Doc0051,8/10,5/9/2023,19.68,,,8/9/2023,"$711,502.00",,,,,TRUE,FALSE,FALSE,,FALSE,
Cuo0392,Transferencia,Doc0051,9/10,5/10/2023,19.68,,,12/10/2023,"$712,902.00",,,,,TRUE,FALSE,FALSE,,FALSE,
Cuo0393,Transferencia,Doc0051,10/10,5/11/2023,19.68,,,13/11/2023,"$716,926.00",,,,,TRUE,FALSE,FALSE,,FALSE,
Cuo0394,Directo,Doc0052,1/1,21/2/2024,-7.51,,,,,,,,,FALSE,FALSE,FALSE,,FALSE,
Cuo0395,Directo,Doc0053,1/10,5/3/2023,0.60,,,19/3/2023,"$21,410.00",,,OC902784,,FALSE,FALSE,TRUE,,FALSE,
Cuo0396,Directo,Doc0053,2/10,5/4/2023,0.60,,,24/4/2023,"$21,503.00",,,,,FALSE,FALSE,TRUE,,FALSE,
Cuo0397,Directo,Doc0053,3/10,5/5/2023,0.60,,,24/5/2023,"$21,641.00",,,,,FALSE,FALSE,TRUE,,FALSE,
Cuo0398,Directo,Doc0053,4/10,5/6/2023,0.60,,,16/6/2023,"$21,662.00",,,OC998978,,FALSE,FALSE,TRUE,,FALSE,
Cuo0399,Directo,Doc0053,5/10,5/7/2023,0.60,,,13/7/2023,"$21,665.00",,,,,FALSE,FALSE,TRUE,,FALSE,
Cuo0400,Directo,Doc0053,6/10,5/8/2023,0.60,,,21/8/2023,"$21,647.00",,,OC1062921,,FALSE,FALSE,TRUE,,FALSE,
Cuo0401,Directo,Doc0053,7/10,5/9/2023,0.60,,,,,,,,,FALSE,FALSE,TRUE,,FALSE,
Cuo0402,Directo,Doc0053,8/10,5/10/2023,0.60,,,,,,,,,FALSE,FALSE,TRUE,,FALSE,
Cuo0403,Directo,Doc0053,9/10,5/11/2023,0.60,,,,,,,,,FALSE,FALSE,TRUE,,FALSE,
Cuo0404,Directo,Doc0053,10/10,5/12/2023,0.60,,,,,,,,,FALSE,FALSE,TRUE,,FALSE,
Cuo0405,Directo,Doc0054,1/10,5/2/2023,2.41,,,6/2/2023,"$85,237.00",,,,,FALSE,FALSE,FALSE,,FALSE,
Cuo0406,Directo,Doc0054,2/10,5/3/2023,2.41,,,5/3/2023,"$85,846.00",,,,,FALSE,FALSE,FALSE,,FALSE,
Cuo0407,Directo,Doc0054,3/10,5/4/2023,2.41,,,4/4/2023,"$85,872.00",,,,,FALSE,FALSE,FALSE,,FALSE,
Cuo0408,Directo,Doc0054,4/10,5/5/2023,2.41,,,5/5/2023,"$86,676.00",,,,,FALSE,FALSE,FALSE,,FALSE,
Cuo0409,Directo,Doc0054,5/10,5/6/2023,2.41,,,,,,,,,FALSE,FALSE,FALSE,,FALSE,
Cuo0410,Directo,Doc0054,6/10,5/7/2023,2.41,,,4/7/2023,"$87,135.00",,,,,FALSE,FALSE,FALSE,,FALSE,
Cuo0411,Directo,Doc0054,7/10,5/8/2023,2.41,,,3/8/2023,"$87,009.00",,,,,FALSE,FALSE,FALSE,,FALSE,
Cuo0412,Directo,Doc0054,8/10,5/9/2023,2.41,,,5/9/2023,"$87,278.00",,,,,FALSE,FALSE,FALSE,,FALSE,
Cuo0413,Directo,Doc0054,9/10,5/10/2023,2.41,,,23/10/2023,"$87,686.00",,,,,FALSE,FALSE,TRUE,,FALSE,
Cuo0414,Directo,Doc0054,10/10,5/11/2023,2.41,,,,,,,,,FALSE,FALSE,TRUE,,FALSE,
Cuo0415,Automático,Doc0055,1/10,5/3/2023,1.79,,,,,,,,,FALSE,FALSE,FALSE,,FALSE,
Cuo0416,Automático,Doc0055,2/10,5/4/2023,1.79,,,,,,,,,FALSE,FALSE,FALSE,,FALSE,
Cuo0417,Automático,Doc0055,3/10,5/5/2023,1.79,,,,,,,,,FALSE,FALSE,FALSE,,FALSE,
Cuo0418,Automático,Doc0055,4/10,5/6/2023,1.79,,,,,,,,,FALSE,FALSE,FALSE,,FALSE,
Cuo0419,Automático,Doc0055,5/10,5/7/2023,1.79,,,,,,,,,FALSE,FALSE,FALSE,,FALSE,
Cuo0420,Automático,Doc0055,6/10,5/8/2023,1.79,,,,,,,,,FALSE,FALSE,FALSE,,FALSE,
Cuo0421,Automático,Doc0055,7/10,5/9/2023,1.79,,,,,,,,,FALSE,FALSE,FALSE,,FALSE,
Cuo0422,Automático,Doc0055,8/10,5/10/2023,1.79,,,,,,,,,FALSE,FALSE,FALSE,,FALSE,
Cuo0423,Automático,Doc0055,9/10,5/11/2023,1.79,,,,,,,,,FALSE,FALSE,FALSE,,FALSE,
Cuo0424,Automático,Doc0055,10/10,5/12/2023,1.79,,,,,,,,,FALSE,FALSE,FALSE,,FALSE,
Cuo0425,Automático,Doc0056,1/10,5/3/2023,1.46,,,,,,,,,FALSE,FALSE,FALSE,,FALSE,
Cuo0426,Automático,Doc0056,2/10,5/4/2023,1.46,,,,,,,,,FALSE,FALSE,FALSE,,FALSE,
Cuo0427,Automático,Doc0056,3/10,5/5/2023,1.46,,,,,,,,,FALSE,FALSE,FALSE,,FALSE,
Cuo0428,Automático,Doc0056,4/10,5/6/2023,1.46,,,,,,,,,FALSE,FALSE,FALSE,,FALSE,
Cuo0429,Automático,Doc0056,5/10,5/7/2023,1.46,,,,,,,,,FALSE,FALSE,FALSE,,FALSE,
Cuo0430,Automático,Doc0056,6/10,5/8/2023,1.46,,,,,,,,,FALSE,FALSE,FALSE,,FALSE,
Cuo0431,Automático,Doc0056,7/10,5/9/2023,1.46,,,,,,,,,FALSE,FALSE,FALSE,,FALSE,
Cuo0432,Automático,Doc0056,8/10,5/10/2023,1.46,,,,,,,,,FALSE,FALSE,FALSE,,FALSE,
Cuo0433,Automático,Doc0056,9/10,5/11/2023,1.46,,,,,,,,,FALSE,FALSE,FALSE,,FALSE,
Cuo0434,Automático,Doc0056,10/10,5/12/2023,1.46,,,,,,,,,FALSE,FALSE,FALSE,,FALSE,
Cuo0435,Automático,Doc0057,1/10,5/3/2023,2.34,,,,,,,,,FALSE,FALSE,FALSE,,FALSE,
Cuo0436,Automático,Doc0057,2/10,5/4/2023,2.34,,,,,,,,,FALSE,FALSE,FALSE,,FALSE,
Cuo0437,Automático,Doc0057,3/10,5/5/2023,2.34,,,,,,,,,FALSE,FALSE,FALSE,,FALSE,
Cuo0438,Automático,Doc0057,4/10,5/6/2023,2.34,,,,,,,,,FALSE,FALSE,FALSE,,FALSE,
Cuo0439,Automático,Doc0057,5/10,5/7/2023,2.34,,,,,,,,,FALSE,FALSE,FALSE,,FALSE,
Cuo0440,Automático,Doc0057,6/10,5/8/2023,2.34,,,,,,,,,FALSE,FALSE,FALSE,,FALSE,
Cuo0441,Automático,Doc0057,7/10,5/9/2023,2.34,,,,,,,,,FALSE,FALSE,FALSE,,FALSE,
Cuo0442,Automático,Doc0057,8/10,5/10/2023,2.34,,,,,,,,,FALSE,FALSE,FALSE,,FALSE,
Cuo0443,Automático,Doc0057,9/10,5/11/2023,2.34,,,,,,,,,FALSE,FALSE,FALSE,,FALSE,
Cuo0444,,Doc0057,10/10,5/12/2023,2.34,,,,,,,,,FALSE,FALSE,FALSE,,FALSE,
Cuo0445,Automático,Doc0058,1/10,28/2/2023,1.48,,,,,,,,,FALSE,FALSE,FALSE,,FALSE,
Cuo0446,Automático,Doc0058,2/10,30/3/2023,1.48,,,,,,,,,FALSE,FALSE,FALSE,,FALSE,
Cuo0447,Automático,Doc0058,3/10,30/4/2023,1.48,,,,,,,,,FALSE,FALSE,FALSE,,FALSE,
Cuo0448,Automático,Doc0058,4/10,30/5/2023,1.48,,,,,,,,,FALSE,FALSE,FALSE,,FALSE,
Cuo0449,Automático,Doc0058,5/10,30/6/2023,1.48,,,,,,,,,FALSE,FALSE,FALSE,,FALSE,
Cuo0450,Automático,Doc0058,6/10,30/7/2023,1.48,,,,,,,,,FALSE,FALSE,FALSE,,FALSE,
Cuo0451,Automático,Doc0058,7/10,30/8/2023,1.48,,,,,,,,,FALSE,FALSE,FALSE,,FALSE,
Cuo0452,Automático,Doc0058,8/10,30/9/2023,1.48,,,,,,,,,FALSE,FALSE,FALSE,,FALSE,
Cuo0453,Automático,Doc0058,9/10,30/10/2023,1.48,,,,,,,,,FALSE,FALSE,FALSE,,FALSE,
Cuo0454,Automático,Doc0058,10/10,30/11/2023,1.47,,,,,,,,,FALSE,FALSE,FALSE,,FALSE,
Cuo0455,Automático,Doc0059,1/10,5/3/2023,1.78,,,,,,,,,FALSE,FALSE,FALSE,,FALSE,
Cuo0456,Automático,Doc0059,2/10,5/4/2023,1.78,,,,,,,,,FALSE,FALSE,FALSE,,FALSE,
Cuo0457,Automático,Doc0059,3/10,5/5/2023,1.78,,,,,,,,,FALSE,FALSE,FALSE,,FALSE,
Cuo0458,Automático,Doc0059,4/10,5/6/2023,1.78,,,,,,,,,FALSE,FALSE,FALSE,,FALSE,
Cuo0459,Automático,Doc0059,5/10,5/7/2023,1.78,,,,,,,,,FALSE,FALSE,FALSE,,FALSE,
Cuo0460,Automático,Doc0059,6/10,5/8/2023,1.78,,,,,,,,,FALSE,FALSE,FALSE,,FALSE,
Cuo0461,Automático,Doc0059,7/10,5/9/2023,1.78,,,,,,,,,FALSE,FALSE,FALSE,,FALSE,
Cuo0462,Automático,Doc0059,8/10,5/10/2023,1.78,,,,,,,,,FALSE,FALSE,FALSE,,FALSE,
Cuo0463,Automático,Doc0059,9/10,5/11/2023,1.78,,,,,,,,,FALSE,FALSE,FALSE,,FALSE,
Cuo0464,Automático,Doc0059,10/10,5/12/2023,1.78,,,,,,,,,FALSE,FALSE,FALSE,,FALSE,
Cuo0465,Automático,Doc0060,1/10,5/3/2023,1.85,,,,,,,,,FALSE,FALSE,FALSE,,FALSE,
Cuo0466,Automático,Doc0060,2/10,5/4/2023,1.85,,,,,,,,,FALSE,FALSE,FALSE,,FALSE,
Cuo0467,Automático,Doc0060,3/10,5/5/2023,1.85,,,,,,,,,FALSE,FALSE,FALSE,,FALSE,
Cuo0468,Automático,Doc0060,4/10,5/6/2023,1.85,,,,,,,,,FALSE,FALSE,FALSE,,FALSE,
Cuo0469,Automático,Doc0060,5/10,5/8/2023,1.88,,,,,,,,,FALSE,FALSE,FALSE,,FALSE,
Cuo0470,Automático,Doc0060,6/10,5/9/2023,1.88,,,,,,,,,FALSE,FALSE,FALSE,,FALSE,
Cuo0471,Automático,Doc0060,7/10,5/10/2023,1.88,,,,,,,,,FALSE,FALSE,FALSE,,FALSE,
Cuo0472,Automático,Doc0060,8/10,5/11/2023,1.88,,,,,,,,,FALSE,FALSE,FALSE,,FALSE,
Cuo0473,Automático,Doc0060,9/10,5/12/2023,1.88,,,,,,,,,FALSE,FALSE,FALSE,,FALSE,
Cuo0474,Automático,Doc0060,10/10,5/1/2024,1.87,,,,,,,,,FALSE,FALSE,FALSE,,FALSE,
Cuo0475,,Doc0061,1/10,28/2/2023,1.38,,,,,,,,,FALSE,FALSE,FALSE,,FALSE,
Cuo0476,,Doc0061,2/10,30/3/2023,1.38,,,,,,,,,FALSE,FALSE,FALSE,,FALSE,
Cuo0477,,Doc0061,3/10,30/4/2023,1.38,,,,,,,,,FALSE,FALSE,FALSE,,FALSE,
Cuo0478,,Doc0061,4/10,30/5/2023,1.38,,,,,,,,,FALSE,FALSE,FALSE,,FALSE,
Cuo0479,,Doc0061,5/10,30/6/2023,1.38,,,,,,,,,FALSE,FALSE,FALSE,,FALSE,
Cuo0480,,Doc0061,6/10,30/7/2023,1.38,,,,,,,,,FALSE,FALSE,FALSE,,FALSE,
Cuo0481,,Doc0061,7/10,30/8/2023,1.38,,,,,,,,,FALSE,FALSE,FALSE,,FALSE,
Cuo0482,,Doc0061,8/10,30/9/2023,1.38,,,,,,,,,FALSE,FALSE,FALSE,,FALSE,
Cuo0483,,Doc0061,9/10,30/10/2023,1.38,,,,,,,,,FALSE,FALSE,FALSE,,FALSE,
Cuo0484,,Doc0061,10/10,30/11/2023,1.42,,,,,,,,,FALSE,FALSE,FALSE,,FALSE,
Cuo0485,,Doc0062,1/10,5/2/2023,2.01,,,,,,,,,FALSE,FALSE,FALSE,,FALSE,
Cuo0486,,Doc0062,2/10,5/3/2023,2.01,,,,,,,,,FALSE,FALSE,FALSE,,FALSE,
Cuo0487,,Doc0062,3/10,5/4/2023,2.01,,,,,,,,,FALSE,FALSE,FALSE,,FALSE,
Cuo0488,,Doc0062,4/10,5/5/2023,2.01,,,,,,,,,FALSE,FALSE,FALSE,,FALSE,
Cuo0489,,Doc0062,5/10,5/6/2023,2.01,,,,,,,,,FALSE,FALSE,FALSE,,FALSE,
Cuo0490,,Doc0062,6/10,5/7/2023,2.01,,,,,,,,,FALSE,FALSE,FALSE,,FALSE,
Cuo0491,,Doc0062,7/10,5/8/2023,2.01,,,,,,,,,FALSE,FALSE,FALSE,,FALSE,
Cuo0492,,Doc0062,8/10,5/9/2023,2.01,,,,,,,,,FALSE,FALSE,FALSE,,FALSE,
Cuo0493,,Doc0062,9/10,5/10/2023,2.01,,,,,,,,,FALSE,FALSE,FALSE,,FALSE,
Cuo0494,,Doc0062,10/10,5/11/2023,2.01,,,,,,,,,FALSE,FALSE,FALSE,,FALSE,
Cuo0495,Automático,Doc0063,1/10,28/2/2023,1.40,,,,,,,,,FALSE,FALSE,FALSE,,FALSE,
Cuo0496,Automático,Doc0063,2/10,30/3/2023,1.40,,,,,,,,,FALSE,FALSE,FALSE,,FALSE,
Cuo0497,Automático,Doc0063,3/10,30/4/2023,1.40,,,,,,,,,FALSE,FALSE,FALSE,,FALSE,
Cuo0498,Automático,Doc0063,4/10,30/5/2023,1.40,,,,,,,,,FALSE,FALSE,FALSE,,FALSE,
Cuo0499,,Doc0063,5/10,30/6/2023,1.40,,,,,,,,,FALSE,FALSE,FALSE,,FALSE,
Cuo0500,,Doc0063,6/10,30/7/2023,1.40,,,,,,,,,FALSE,FALSE,FALSE,,FALSE,
Cuo0501,,Doc0063,7/10,30/8/2023,1.40,,,,,,,,,FALSE,FALSE,FALSE,,FALSE,
Cuo0502,,Doc0063,8/10,30/9/2023,1.40,,,,,,,,,FALSE,FALSE,FALSE,,FALSE,
Cuo0503,,Doc0063,9/10,30/10/2023,1.40,,,,,,,,,FALSE,FALSE,FALSE,,FALSE,
Cuo0504,,Doc0063,10/10,30/11/2023,1.44,,,,,,,,,FALSE,FALSE,FALSE,,FALSE,
Cuo0505,Directo,Doc0064,1/10,5/3/2023,3.72,,,17/3/2023,"$132,401.00",,,9762215,3008290,FALSE,TRUE,TRUE,,FALSE,
Cuo0506,Directo,Doc0064,2/10,5/4/2023,3.72,,,13/4/2023,"$132,496.00",,,,3026884,FALSE,TRUE,TRUE,,FALSE,
Cuo0507,Directo,Doc0064,3/10,5/5/2023,3.72,,,9/5/2023,"$133,709.00",,,,3040547,FALSE,TRUE,FALSE,,FALSE,
Cuo0508,Directo,Doc0064,4/10,5/6/2023,3.72,,,13/6/2023,"$134,172.00",,,,3063642,FALSE,TRUE,FALSE,,FALSE,
Cuo0509,Directo,Doc0064,5/10,5/7/2023,3.72,,,18/7/2023,"$134,224.00",,,,,FALSE,FALSE,TRUE,,FALSE,
Cuo0510,Directo,Doc0064,6/10,5/8/2023,3.72,,,18/8/2023,"$134,163.00",,,,3107183,FALSE,FALSE,FALSE,,FALSE,
Cuo0511,Directo,Doc0064,7/10,5/9/2023,3.72,,,22/9/2023,"$134,614.00",,,,3128541,FALSE,FALSE,FALSE,,FALSE,
Cuo0512,Directo,Doc0064,8/10,5/10/2023,3.72,,,20/10/2023,"$134,999.00",,,,,FALSE,FALSE,FALSE,,FALSE,
Cuo0513,Directo,Doc0064,9/10,5/11/2023,3.72,,,,,,,,,FALSE,FALSE,TRUE,,FALSE,
Cuo0514,Directo,Doc0064,10/10,5/12/2023,3.75,,,20/12/2023,"$137,588.00",,,,3189546,FALSE,FALSE,FALSE,,FALSE,
Cuo0515,Directo,Doc0065,1/10,5/3/2023,2.78,,,15/3/2023,"$98,951.00",,,,,FALSE,FALSE,FALSE,,FALSE,
Cuo0516,Directo,Doc0065,2/10,5/4/2023,2.78,,,1/4/2023,"$98,897.00",,,,,FALSE,FALSE,FALSE,,FALSE,
Cuo0517,Directo,Doc0065,3/10,5/5/2023,2.78,,,25/4/2023,"$99,450.00",,,,,FALSE,FALSE,FALSE,,FALSE,
Cuo0518,Directo,Doc0065,4/10,5/6/2023,2.78,,,25/4/2023,"$99,450.00",,,,,FALSE,FALSE,FALSE,,FALSE,
Cuo0519,Directo,Doc0065,5/10,5/7/2023,2.78,,,25/4/2023,"$99,450.00",,,,,FALSE,FALSE,FALSE,,FALSE,
Cuo0520,Directo,Doc0065,6/10,5/8/2023,2.78,,,,,,,,,FALSE,FALSE,FALSE,,FALSE,
Cuo0521,Directo,Doc0065,7/10,5/9/2023,2.78,,,,,,,,,FALSE,FALSE,FALSE,,FALSE,
Cuo0522,Directo,Doc0065,8/10,5/10/2023,2.78,,,,,,,,,FALSE,FALSE,FALSE,,FALSE,
Cuo0523,Directo,Doc0065,9/10,5/11/2023,2.78,,,,,,,,,FALSE,FALSE,FALSE,,FALSE,
Cuo0524,Directo,Doc0065,10/10,5/12/2023,2.79,,,,,,,,,FALSE,FALSE,FALSE,,FALSE,
Cuo0525,Directo,Doc0066,1/10,5/4/2023,3.54,,,12/4/2023,"$126,038.00",,,,,FALSE,FALSE,FALSE,,FALSE,
Cuo0526,Directo,Doc0066,2/10,5/5/2023,3.54,,,17/5/2023,"$127,384.00",,,,,FALSE,FALSE,FALSE,,FALSE,
Cuo0527,Directo,Doc0066,3/10,5/6/2023,3.54,,,20/6/2023,"$127,714.00",,,,,FALSE,FALSE,FALSE,,FALSE,
Cuo0528,Directo,Doc0066,4/10,5/7/2023,3.54,,,19/7/2023,"$127,721.00",,,,,FALSE,FALSE,TRUE,,FALSE,
Cuo0529,Directo,Doc0066,5/10,5/8/2023,3.54,,,7/8/2023,"$127,564.00",,,,,FALSE,FALSE,FALSE,,FALSE,
Cuo0530,Transferencia,Doc0066,6/10,5/10/2023,2.85,,,27/9/2023,"$103,153.00",,,,,TRUE,FALSE,FALSE,,FALSE,
Cuo0531,Directo,Doc0066,7/10,5/10/2023,0.00,,,,,,,,,FALSE,FALSE,FALSE,,FALSE,
Cuo0532,Directo,Doc0066,8/10,5/11/2023,0.00,,,,,,,,,FALSE,FALSE,FALSE,,FALSE,
Cuo0533,Directo,Doc0066,9/10,5/12/2023,0.00,,,,,,,,,FALSE,FALSE,FALSE,,FALSE,
Cuo0534,Directo,Doc0066,10/10,5/1/2024,0.00,,,,,,,,,FALSE,FALSE,FALSE,,FALSE,
Cuo0535,Directo,Doc0067,1/10,5/4/2023,4.24,,,11/4/2023,"$150,906.00",,,,,FALSE,FALSE,FALSE,,FALSE,
Cuo0536,Directo,Doc0067,2/10,5/5/2023,4.24,,,5/5/2023,"$152,177.00",,,,,FALSE,FALSE,FALSE,,FALSE,
Cuo0537,Directo,Doc0067,3/10,5/6/2023,4.24,,,7/6/2023,"$152,868.00",,,,,FALSE,FALSE,FALSE,,FALSE,
Cuo0538,Directo,Doc0067,4/10,5/7/2023,4.24,,,2/7/2023,"$153,030.00",,,,,FALSE,FALSE,FALSE,,FALSE,
Cuo0539,Directo,Doc0067,5/10,5/8/2023,4.24,,,4/8/2023,"$152,818.00",,,,,FALSE,FALSE,FALSE,,FALSE,
Cuo0540,Directo,Doc0067,6/10,5/9/2023,4.24,,,4/9/2023,"$153,271.00",,,,,FALSE,FALSE,FALSE,,FALSE,
Cuo0541,Directo,Doc0067,7/10,5/10/2023,4.24,,,9/10/2023,"$153,518.00",,,,,FALSE,FALSE,FALSE,,FALSE,
Cuo0542,Directo,Doc0067,8/10,5/11/2023,4.24,,,6/11/2023,"$154,459.00",,,,,FALSE,FALSE,FALSE,,FALSE,
Cuo0543,Directo,Doc0067,9/10,5/12/2023,4.24,,,3/12/2023,"$155,075.00",,,,,FALSE,FALSE,FALSE,,FALSE,
Cuo0544,Directo,Doc0067,10/10,5/1/2024,4.23,,,2/1/2024,"$155,864.00",,,,,FALSE,FALSE,FALSE,,FALSE,
Cuo0545,Directo,Doc0068,1/10,5/3/2023,1.79,,,28/2/2023,"$63,708.00",,,,,FALSE,FALSE,FALSE,,FALSE,
Cuo0546,Directo,Doc0068,2/10,5/4/2023,1.79,,,6/4/2023,"$63,814.00",,,,,FALSE,FALSE,FALSE,,FALSE,
Cuo0547,Directo,Doc0068,3/10,5/5/2023,1.79,,,3/5/2023,"$64,368.00",,,,,FALSE,FALSE,FALSE,,FALSE,
Cuo0548,Directo,Doc0068,4/10,5/6/2023,1.79,,,,,,,,,FALSE,FALSE,FALSE,,FALSE,
Cuo0549,Directo,Doc0068,5/10,5/7/2023,1.79,,,29/6/2023,"$64,746.00",,,,,FALSE,FALSE,FALSE,,FALSE,
Cuo0550,Directo,Doc0068,6/10,5/8/2023,1.79,,,28/7/2023,"$64,688.00",,,,,FALSE,FALSE,FALSE,,FALSE,
Cuo0551,Directo,Doc0068,7/10,5/9/2023,1.79,,,30/8/2023,"$64,813.00",,,,,FALSE,FALSE,FALSE,,FALSE,
Cuo0552,Directo,Doc0068,8/10,5/10/2023,1.79,,,28/9/2023,"$64,938.00",,,,,FALSE,FALSE,FALSE,,FALSE,
Cuo0553,Directo,Doc0068,9/10,5/11/2023,1.79,,,26/10/2023,"$665,207.00",,,,,FALSE,FALSE,FALSE,,FALSE,
Cuo0554,Directo,Doc0068,10/10,5/12/2023,1.79,,,29/11/2023,"$65,594.00",,,,,FALSE,FALSE,FALSE,,FALSE,
Cuo0555,Directo,Doc0069,1/10,2/3/2023,2.49,,,3/3/2023,"$88,495.00",,,427175,,FALSE,FALSE,TRUE,,FALSE,
Cuo0556,Directo,Doc0069,2/10,3/4/2023,2.49,,,,,,,,,FALSE,FALSE,TRUE,,FALSE,
Cuo0557,Directo,Doc0069,3/10,2/5/2023,2.49,,,11/5/2023,,,,,,FALSE,FALSE,FALSE,,FALSE,
Cuo0558,Directo,Doc0069,4/10,2/6/2023,2.49,,,30/6/2023,,,,,,FALSE,FALSE,TRUE,,FALSE,
Cuo0559,Directo,Doc0069,5/10,3/7/2023,2.49,,,,,,,,,FALSE,FALSE,FALSE,,FALSE,
Cuo0560,Directo,Doc0069,6/10,2/8/2023,2.49,,,,,,,,,FALSE,FALSE,FALSE,,FALSE,
Cuo0561,Directo,Doc0069,7/10,4/9/2023,2.49,,,,,,,,,FALSE,FALSE,FALSE,,FALSE,
Cuo0562,Directo,Doc0069,8/10,2/10/2023,2.49,,,,,,,,,FALSE,FALSE,FALSE,,FALSE,
Cuo0563,Directo,Doc0069,9/10,2/11/2023,2.49,,,,,,,,,FALSE,FALSE,FALSE,,FALSE,
Cuo0564,Directo,Doc0069,10/10,4/12/2023,2.46,,,,,,,,,FALSE,FALSE,FALSE,,FALSE,
Cuo0565,Automático,Doc0070,1/10,5/3/2023,2.76,,,,,,,,,FALSE,FALSE,FALSE,,FALSE,
Cuo0566,Automático,Doc0070,2/10,5/4/2023,2.19,,,,,,,,,FALSE,FALSE,FALSE,,FALSE,
Cuo0567,Automático,Doc0070,3/10,5/5/2023,2.19,,,,,,,,,FALSE,FALSE,FALSE,,FALSE,
Cuo0568,Automático,Doc0070,4/10,5/6/2023,2.19,,,,,,,,,FALSE,FALSE,FALSE,,FALSE,
Cuo0569,Automático,Doc0070,5/10,5/7/2023,2.19,,,,,,,,,FALSE,FALSE,FALSE,,FALSE,
Cuo0570,Automático,Doc0070,6/10,5/8/2023,2.19,,,,,,,,,FALSE,FALSE,FALSE,,FALSE,
Cuo0571,Automático,Doc0070,7/10,5/9/2023,2.19,,,,,,,,,FALSE,FALSE,FALSE,,FALSE,
Cuo0572,Automático,Doc0070,8/10,5/10/2023,2.19,,,,,,,,,FALSE,FALSE,FALSE,,FALSE,
Cuo0573,Automático,Doc0070,9/10,5/11/2023,2.19,,,,,,,,,FALSE,FALSE,FALSE,,FALSE,
Cuo0574,Automático,Doc0070,10/10,5/12/2023,2.19,,,,,,,,,FALSE,FALSE,FALSE,,FALSE,
Cuo0575,Directo,Doc0071,1/10,5/2/2023,1.81,,,3/2/2023,"$63,899.00",,,OC854948,,FALSE,FALSE,FALSE,,FALSE,
Cuo0576,Directo,Doc0071,2/10,5/3/2023,1.81,,,3/3/2023,"$64,335.00",,,,,FALSE,FALSE,FALSE,,FALSE,
Cuo0577,Directo,Doc0071,3/10,5/4/2023,1.81,,,4/4/2023,"$64,394.00",,,,,FALSE,FALSE,FALSE,,FALSE,
Cuo0578,Directo,Doc0071,4/10,5/5/2023,1.81,,,8/5/2023,"$65,064.00",,,,,FALSE,FALSE,FALSE,,FALSE,
Cuo0579,Directo,Doc0071,5/10,5/6/2023,1.81,,,,,,,,,FALSE,FALSE,FALSE,,FALSE,
Cuo0580,Directo,Doc0071,6/10,5/7/2023,1.81,,,3/7/2023,"$65,343.00",,,,,FALSE,FALSE,FALSE,,FALSE,
Cuo0581,Directo,Doc0071,7/10,5/8/2023,1.81,,,3/8/2023,"$65,247.00",,,,,FALSE,FALSE,FALSE,,FALSE,
Cuo0582,Directo,Doc0071,8/10,5/9/2023,1.81,,,7/9/2023,"$65,466.00",,,,,FALSE,FALSE,FALSE,,FALSE,
Cuo0583,Directo,Doc0071,9/10,5/10/2023,1.81,,,4/10/2023,"$65,537.00",,,,,FALSE,FALSE,FALSE,,FALSE,
Cuo0584,Directo,Doc0071,10/10,5/11/2023,1.81,,,3/11/2023,"$65,911.00",,,,,FALSE,FALSE,FALSE,,FALSE,
Cuo0585,Directo,Doc0072,1/10,5/3/2023,2.80,,,22/3/2023,"$99,469.00",,,,,FALSE,FALSE,TRUE,,FALSE,
Cuo0586,Transferencia,Doc0072,2/10,5/4/2023,2.80,,,2/5/2023,"$100,421.00",,,,,TRUE,FALSE,TRUE,,FALSE,
Cuo0587,Automático,Doc0072,3/10,5/5/2023,2.80,,,,,,,,,FALSE,FALSE,FALSE,,FALSE,
Cuo0588,Automático,Doc0072,4/10,5/6/2023,2.80,,,,,,,,,FALSE,FALSE,FALSE,,FALSE,
Cuo0589,Automático,Doc0072,5/10,5/7/2023,2.80,,,,,,,,,FALSE,FALSE,FALSE,,FALSE,
Cuo0590,Automático,Doc0072,6/10,5/8/2023,2.80,,,,,,,,,FALSE,FALSE,FALSE,,FALSE,
Cuo0591,Automático,Doc0072,7/10,5/9/2023,2.80,,,,,,,,,FALSE,FALSE,FALSE,,FALSE,
Cuo0592,Automático,Doc0072,8/10,5/10/2023,2.80,,,,,,,,,FALSE,FALSE,FALSE,,FALSE,
Cuo0593,Automático,Doc0072,9/10,5/11/2023,2.80,,,,,,,,,FALSE,FALSE,FALSE,,FALSE,
Cuo0594,Automático,Doc0072,10/10,5/12/2023,2.80,,,,,,,,,FALSE,FALSE,FALSE,,FALSE,
Cuo0595,Directo,Doc0073,1/10,25/2/2023,2.95,,,3/3/2023,"$104,843.00",,,,2998528,FALSE,TRUE,TRUE,,FALSE,
Cuo0596,Directo,Doc0073,2/10,25/3/2023,2.95,,,3/3/2023,"$104,843.00",,,,2998528,FALSE,TRUE,FALSE,,FALSE,
Cuo0597,Directo,Doc0073,3/10,25/4/2023,2.95,,,2/5/2023,"$105,762.00",,,,3037433,FALSE,TRUE,TRUE,,FALSE,
Cuo0598,Directo,Doc0073,4/10,25/5/2023,2.95,,,2/5/2023,"$105,762.00",,,,3037433,FALSE,TRUE,FALSE,,FALSE,
Cuo0599,Directo,Doc0073,5/10,25/6/2023,2.95,,,20/6/2023,"$106,425.00",,,,3069492,FALSE,TRUE,FALSE,,FALSE,
Cuo0600,Directo,Doc0073,6/10,25/7/2023,2.95,,,24/7/2023,"$106,400.00",,,,,FALSE,FALSE,FALSE,,FALSE,
Cuo0601,Directo,Doc0073,7/10,25/8/2023,2.95,,,22/8/2023,"$106,447.00",,,,3108773,FALSE,FALSE,FALSE,,FALSE,
Cuo0602,Directo,Doc0073,8/10,25/9/2023,2.95,,,4/10/2023,"$106,793.00",,,,,FALSE,FALSE,TRUE,,FALSE,
Cuo0603,Directo,Doc0073,9/10,25/10/2023,2.95,,,4/10/2023,"$106,793.00",,,,,FALSE,FALSE,FALSE,,FALSE,
Cuo0604,Directo,Doc0073,10/10,25/11/2023,2.95,,,26/10/2023,"$107,200.00",,,,,FALSE,FALSE,FALSE,,FALSE,
Cuo0605,Automático,Doc0074,1/10,28/2/2023,2.14,,,,,,,,,FALSE,FALSE,FALSE,,FALSE,
Cuo0606,Automático,Doc0074,2/10,30/3/2023,2.14,,,,,,,,,FALSE,FALSE,FALSE,,FALSE,
Cuo0607,Automático,Doc0074,3/10,30/4/2023,2.14,,,,,,,,,FALSE,FALSE,FALSE,,FALSE,
Cuo0608,Automático,Doc0074,4/10,30/5/2023,2.14,,,,,,,,,FALSE,FALSE,FALSE,,FALSE,
Cuo0609,Automático,Doc0074,5/10,30/6/2023,2.14,,,,,,,,,FALSE,FALSE,FALSE,,FALSE,
Cuo0610,Automático,Doc0074,6/10,30/7/2023,2.14,,,,,,,,,FALSE,FALSE,FALSE,,FALSE,
Cuo0611,Automático,Doc0074,7/10,30/8/2023,2.14,,,,,,,,,FALSE,FALSE,FALSE,,FALSE,
Cuo0612,Automático,Doc0074,8/10,30/9/2023,2.14,,,,,,,,,FALSE,FALSE,FALSE,,FALSE,
Cuo0613,Automático,Doc0074,9/10,30/10/2023,2.14,,,,,,,,,FALSE,FALSE,FALSE,,FALSE,
Cuo0614,Automático,Doc0074,10/10,30/11/2023,2.11,,,,,,,,,FALSE,FALSE,FALSE,,FALSE,
Cuo0615,Directo,Doc0075,1/10,5/3/2023,1.42,,,11/3/2023,"$50,550.00",,,,,FALSE,FALSE,FALSE,,FALSE,
Cuo0616,Directo,Doc0075,2/10,5/4/2023,1.42,,,10/4/2023,"$50,521.00",,,,,FALSE,FALSE,FALSE,,FALSE,
Cuo0617,Directo,Doc0075,3/10,5/5/2023,1.42,,,10/5/2023,"$51,058.00",,,,,FALSE,FALSE,FALSE,,FALSE,
Cuo0618,Directo,Doc0075,4/10,5/6/2023,1.42,,,9/6/2023,"$51,206.00",,,,,FALSE,FALSE,FALSE,,FALSE,
Cuo0619,Directo,Doc0075,5/10,5/7/2023,1.42,,,8/7/2023,"$51,259.00",,,,,FALSE,FALSE,FALSE,,FALSE,
Cuo0620,Directo,Doc0075,6/10,5/8/2023,1.42,,,8/8/2023,"$51,167.00",,,,,FALSE,FALSE,FALSE,,FALSE,
Cuo0621,Directo,Doc0075,7/10,5/9/2023,1.42,,,7/9/2023,"$51,345.00",,,,,FALSE,FALSE,FALSE,,FALSE,
Cuo0622,Directo,Doc0075,8/10,5/10/2023,1.42,,,10/10/2023,"$51,416.00",,,,,FALSE,FALSE,FALSE,,FALSE,
Cuo0623,Directo,Doc0075,9/10,5/11/2023,1.42,,,8/11/2023,"$51,753.00",,,,,FALSE,FALSE,FALSE,,FALSE,
Cuo0624,Directo,Doc0075,10/10,5/12/2023,1.39,,,10/12/2023,"$50,885.00",,,,,FALSE,FALSE,FALSE,,FALSE,
Cuo0625,Directo,Doc0076,1/10,5/4/2023,1.54,,,5/3/2023,"$54,905.00",,,,,FALSE,FALSE,FALSE,,FALSE,
Cuo0626,Directo,Doc0076,2/10,5/5/2023,1.54,,,30/3/2023,"$54,924.00",,,,,FALSE,FALSE,FALSE,,FALSE,
Cuo0627,Directo,Doc0076,3/10,5/6/2023,1.54,,,30/3/2023,"$54,924.00",,,,,FALSE,FALSE,FALSE,,FALSE,
Cuo0628,Directo,Doc0076,4/10,5/7/2023,1.54,,,30/3/2023,"$54,924.00",,,,,FALSE,FALSE,FALSE,,FALSE,
Cuo0629,Directo,Doc0076,5/10,5/8/2023,1.54,,,30/3/2023,"$54,924.00",,,,,FALSE,FALSE,FALSE,,FALSE,
Cuo0630,Directo,Doc0076,6/10,5/9/2023,1.54,,,30/3/2023,"$54,921.00",,,,,FALSE,FALSE,FALSE,,FALSE,
Cuo0631,Directo,Doc0076,7/10,5/10/2023,1.54,,,5/5/2023,"$55,432.00",,,,,FALSE,FALSE,FALSE,,FALSE,
Cuo0632,Directo,Doc0076,8/10,5/11/2023,1.54,,,5/5/2023,"$55,432.00",,,,,FALSE,FALSE,FALSE,,FALSE,
Cuo0633,Directo,Doc0076,9/10,5/12/2023,1.54,,,,,,,,,FALSE,FALSE,TRUE,,FALSE,
Cuo0634,Directo,Doc0076,10/10,5/1/2024,1.54,,,,,,,,,FALSE,FALSE,FALSE,,FALSE,
Cuo0635,,Doc0077,1/10,5/2/2023,1.49,,,,,,,,,FALSE,FALSE,FALSE,,FALSE,
Cuo0636,,Doc0077,2/10,5/3/2023,1.49,,,,,,,,,FALSE,FALSE,FALSE,,FALSE,
Cuo0637,,Doc0077,3/10,5/4/2023,1.49,,,,,,,,,FALSE,FALSE,FALSE,,FALSE,
Cuo0638,,Doc0077,4/10,5/5/2023,1.49,,,,,,,,,FALSE,FALSE,FALSE,,FALSE,
Cuo0639,,Doc0077,5/10,5/6/2023,1.49,,,,,,,,,FALSE,FALSE,FALSE,,FALSE,
Cuo0640,,Doc0077,6/10,5/7/2023,1.49,,,,,,,,,FALSE,FALSE,FALSE,,FALSE,
Cuo0641,,Doc0077,7/10,5/8/2023,1.49,,,,,,,,,FALSE,FALSE,FALSE,,FALSE,
Cuo0642,,Doc0077,8/10,5/9/2023,1.49,,,,,,,,,FALSE,FALSE,FALSE,,FALSE,
Cuo0643,,Doc0077,9/10,5/10/2023,1.49,,,,,,,,,FALSE,FALSE,FALSE,,FALSE,
Cuo0644,,Doc0077,10/10,5/11/2023,1.49,,,,,,,,,FALSE,FALSE,FALSE,,FALSE,
Cuo0645,,Doc0078,1/10,5/2/2023,1.60,,,,,,,,,FALSE,FALSE,FALSE,,FALSE,
Cuo0646,,Doc0078,2/10,5/3/2023,1.60,,,,,,,,,FALSE,FALSE,FALSE,,FALSE,
Cuo0647,,Doc0078,3/10,5/4/2023,1.60,,,,,,,,,FALSE,FALSE,FALSE,,FALSE,
Cuo0648,,Doc0078,4/10,5/5/2023,1.60,,,,,,,,,FALSE,FALSE,FALSE,,FALSE,
Cuo0649,,Doc0078,5/10,5/6/2023,1.60,,,,,,,,,FALSE,FALSE,FALSE,,FALSE,
Cuo0650,,Doc0078,6/10,5/7/2023,1.60,,,,,,,,,FALSE,FALSE,FALSE,,FALSE,
Cuo0651,,Doc0078,7/10,5/8/2023,1.60,,,,,,,,,FALSE,FALSE,FALSE,,FALSE,
Cuo0652,,Doc0078,8/10,5/9/2023,1.60,,,,,,,,,FALSE,FALSE,FALSE,,FALSE,
Cuo0653,,Doc0078,9/10,5/10/2023,1.60,,,,,,,,,FALSE,FALSE,FALSE,,FALSE,
Cuo0654,,Doc0078,10/10,5/11/2023,1.60,,,,,,,,,FALSE,FALSE,FALSE,,FALSE,
Cuo0655,,Doc0079,1/1,1/3/2023,-14.91,,,,,,,,,FALSE,FALSE,FALSE,,FALSE,
Cuo0656,,Doc0080,1/1,5/2/2023,-15.96,,,,,,,,,FALSE,FALSE,FALSE,,FALSE,
Cuo0657,,Doc0081,1/1,1/3/2024,-13.84,,,,,,,,,FALSE,FALSE,FALSE,,FALSE,
Cuo0658,,Doc0082,1/1,1/3/2024,-20.11,,,,,,,,,FALSE,FALSE,FALSE,,FALSE,
Cuo0659,Directo,Doc0083,1/10,5/3/2023,9.31,,,7/3/2023,"$331,265.00",,,,,FALSE,FALSE,FALSE,,FALSE,
Cuo0660,Directo,Doc0083,2/10,5/4/2023,9.31,,,4/4/2023,"$331,176.00",,,,,FALSE,FALSE,FALSE,,FALSE,
Cuo0661,Directo,Doc0083,3/10,5/5/2023,9.31,,,8/5/2023,"$333,793.00",,,,,FALSE,FALSE,FALSE,,FALSE,
Cuo0662,Directo,Doc0083,4/10,5/6/2023,9.31,,,,,,,,,FALSE,FALSE,FALSE,,FALSE,
Cuo0663,Directo,Doc0083,5/10,5/7/2023,9.31,,,7/7/2023,"$336,026.00",,,,,FALSE,FALSE,FALSE,,FALSE,
Cuo0664,Directo,Doc0083,6/10,5/8/2023,9.31,,,4/8/2023,"$335,544.00",,,,,FALSE,FALSE,FALSE,,FALSE,
Cuo0665,Directo,Doc0083,7/10,5/9/2023,9.31,,,30/8/2023,"$336,344.00",,,,,FALSE,FALSE,FALSE,,FALSE,
Cuo0666,Directo,Doc0083,8/10,5/10/2023,9.31,,,3/10/2023,"$337,043.00",,,,,FALSE,FALSE,FALSE,,FALSE,
Cuo0667,Directo,Doc0083,9/10,5/11/2023,9.31,,,3/11/2023,"$339,013.00",,,,,FALSE,FALSE,FALSE,,FALSE,
Cuo0668,Directo,Doc0083,10/10,5/12/2023,9.31,,,4/12/2023,"$340,602.00",,,,,FALSE,FALSE,FALSE,,FALSE,
Cuo0669,Directo,Doc0084,1/10,5/4/2023,1.65,,,4/4/2023,"$58,788.00",,,,,FALSE,FALSE,TRUE,,FALSE,
Cuo0670,Directo,Doc0084,2/10,5/5/2023,1.65,,,4/4/2023,"$58,760.00",,,,,FALSE,FALSE,FALSE,,FALSE,
Cuo0671,Directo,Doc0084,3/10,5/6/2023,1.65,,,1/6/2023,"$59,557.00",,,,,FALSE,FALSE,FALSE,,FALSE,
Cuo0672,Directo,Doc0084,4/10,5/7/2023,1.65,,,4/7/2023,"$59,657.00",,,,,FALSE,FALSE,FALSE,,FALSE,
Cuo0673,Directo,Doc0084,5/10,5/8/2023,1.65,,,3/8/2023,"$59,570.00",,,,,FALSE,FALSE,FALSE,,FALSE,
Cuo0674,Directo,Doc0084,6/10,5/9/2023,1.65,,,5/9/2023,"$59,751.00",,,,,FALSE,FALSE,FALSE,,FALSE,
Cuo0675,Directo,Doc0084,7/10,5/10/2023,1.65,,,23/10/2023,"$60,030.00",,,,,FALSE,FALSE,TRUE,,FALSE,
Cuo0676,Directo,Doc0084,8/10,5/11/2023,1.65,,,21/11/2023,"$60,357.00",,,,,FALSE,FALSE,TRUE,,FALSE,
Cuo0677,Directo,Doc0084,9/10,5/12/2023,1.65,,,18/12/2023,"$60,621.00",,,,,FALSE,FALSE,FALSE,,FALSE,
Cuo0678,Directo,Doc0084,10/10,5/1/2024,1.65,,,15/1/2024,"$60,862.00",,,,,FALSE,FALSE,TRUE,,FALSE,
Cuo0679,Directo,Doc0085,1/10,5/4/2023,1.99,,,25/4/2023,"$71,189.00",,,,,FALSE,FALSE,TRUE,,FALSE,
Cuo0680,Automático,Doc0085,2/10,5/5/2023,1.99,,,,,,,,,FALSE,FALSE,FALSE,,FALSE,
Cuo0681,Automático,Doc0085,3/10,5/6/2023,1.99,,,,,,,,,FALSE,FALSE,FALSE,,FALSE,
Cuo0682,Automático,Doc0085,4/10,5/7/2023,1.99,,,,,,,,,FALSE,FALSE,FALSE,,FALSE,
Cuo0683,Automático,Doc0085,5/10,5/8/2023,1.99,,,,,,,,,FALSE,FALSE,FALSE,,FALSE,
Cuo0684,Automático,Doc0085,6/10,5/9/2023,1.99,,,,,,,,,FALSE,FALSE,FALSE,,FALSE,
Cuo0685,Automático,Doc0085,7/10,5/10/2023,1.99,,,,,,,,,FALSE,FALSE,FALSE,,FALSE,
Cuo0686,Automático,Doc0085,8/10,5/11/2023,1.99,,,,,,,,,FALSE,FALSE,FALSE,,FALSE,
Cuo0687,Automático,Doc0085,9/10,5/12/2023,1.99,,,,,,,,,FALSE,FALSE,FALSE,,FALSE,
Cuo0688,Automático,Doc0085,10/10,5/1/2024,1.99,,,,,,,,,FALSE,FALSE,TRUE,,FALSE,
Cuo0689,,Doc0086,1/10,5/4/2023,1.43,,,26/4/2023,"$51,235.00",,,,,FALSE,FALSE,TRUE,,FALSE,
Cuo0690,,Doc0086,2/10,5/5/2023,1.43,,,,,,,,,FALSE,FALSE,FALSE,,FALSE,
Cuo0691,,Doc0086,3/10,5/6/2023,1.43,,,,,,,,,FALSE,FALSE,FALSE,,FALSE,
Cuo0692,,Doc0086,4/10,5/7/2023,1.43,,,,,,,,,FALSE,FALSE,FALSE,,FALSE,
Cuo0693,,Doc0086,5/10,5/8/2023,1.43,,,,,,,,,FALSE,FALSE,FALSE,,FALSE,
Cuo0694,,Doc0086,6/10,5/9/2023,1.43,,,,,,,,,FALSE,FALSE,FALSE,,FALSE,
Cuo0695,,Doc0086,7/10,5/10/2023,1.43,,,,,,,,,FALSE,FALSE,FALSE,,FALSE,
Cuo0696,,Doc0086,8/10,5/11/2023,1.43,,,,,,,,,FALSE,FALSE,FALSE,,FALSE,
Cuo0697,,Doc0086,9/10,5/12/2023,1.43,,,,,,,,,FALSE,FALSE,FALSE,,FALSE,
Cuo0698,,Doc0086,10/10,5/1/2024,1.43,,,,,,,,,FALSE,FALSE,FALSE,,FALSE,
Cuo0699,,Doc0087,1/1,1/3/2024,-14.30,,,,,,,,,FALSE,FALSE,FALSE,,FALSE,
Cuo0700,Directo,Doc0088,1/9,5/5/2023,1.26,,,4/5/2023,"$45,090.00",,,,,FALSE,FALSE,TRUE,,FALSE,
Cuo0701,Directo,Doc0088,2/9,5/6/2023,1.26,,,,,,,,,FALSE,FALSE,FALSE,,FALSE,
Cuo0702,Directo,Doc0088,3/9,5/7/2023,1.26,,,10/7/2023,"$45,350.00",,,,,FALSE,FALSE,FALSE,,FALSE,
Cuo0703,Directo,Doc0088,4/9,5/8/2023,1.26,,,2/8/2023,"$45,286.00",,,,,FALSE,FALSE,FALSE,,FALSE,
Cuo0704,Directo,Doc0088,5/9,5/9/2023,1.26,,,4/9/2023,"$45,414.00",,,,,FALSE,FALSE,FALSE,,FALSE,
Cuo0705,Directo,Doc0088,6/9,5/10/2023,1.26,,,1/10/2023,"$45,476.00",,,,,FALSE,FALSE,FALSE,,FALSE,
Cuo0706,Directo,Doc0088,7/9,5/11/2023,1.26,,,4/11/2023,"$45,759.00",,,,,FALSE,FALSE,FALSE,,FALSE,
Cuo0707,Directo,Doc0088,8/9,5/12/2023,1.26,,,7/12/2023,"$45,978.00",,,,,FALSE,FALSE,FALSE,,FALSE,
Cuo0708,Directo,Doc0088,9/9,5/1/2024,1.26,,,3/1/2024,"$46,250.00",,,,,FALSE,FALSE,FALSE,,FALSE,
Cuo0709,,Doc0089,1/1,1/3/2024,-10.24,,,,,,,,,FALSE,FALSE,FALSE,,FALSE,
Cuo0710,Directo,Doc0090,1/1,1/3/2024,14.35,,,5/7/2023,"$517,986.00",,,OC1017654,792290,FALSE,TRUE,TRUE,,FALSE,
Cuo0711,Transferencia,Doc0091,1/1,1/3/2024,18.28,,,,"$646,853.00",,,218057001,,TRUE,FALSE,TRUE,,FALSE,2% Dcto por pago contado
Cuo0712,Directo,Doc0092,1/1,1/3/2024,-14.38,,,,,,,,,FALSE,FALSE,FALSE,,FALSE,
Cuo0713,Directo,Doc0093,1/6,5/8/2023,1.14,,,,,,,,,FALSE,FALSE,TRUE,,FALSE,
Cuo0714,Directo,Doc0093,2/6,5/9/2023,1.14,,,,,,,,,FALSE,FALSE,FALSE,,FALSE,
Cuo0715,Directo,Doc0093,3/6,5/10/2023,1.14,,,,,,,,,FALSE,FALSE,FALSE,,FALSE,
Cuo0716,Directo,Doc0093,4/6,5/11/2023,1.14,,,,,,,,,FALSE,FALSE,FALSE,,FALSE,
Cuo0717,Directo,Doc0093,5/6,5/12/2023,1.14,,,,,,,,,FALSE,FALSE,FALSE,,FALSE,
Cuo0718,Directo,Doc0093,6/6,5/1/2024,1.14,,,,,,,,,FALSE,FALSE,FALSE,,FALSE,
Cuo0719,Directo,Doc0094,1/6,5/8/2023,1.08,,,,,,,,,FALSE,FALSE,TRUE,,FALSE,
Cuo0720,Directo,Doc0094,2/6,5/9/2023,1.08,,,,,,,,,FALSE,FALSE,FALSE,,FALSE,
Cuo0721,Directo,Doc0094,3/6,5/10/2023,1.08,,,,,,,,,FALSE,FALSE,FALSE,,FALSE,
Cuo0722,Directo,Doc0094,4/6,5/11/2023,1.08,,,,,,,,,FALSE,FALSE,FALSE,,FALSE,
Cuo0723,Directo,Doc0094,5/6,5/12/2023,1.08,,,,,,,,,FALSE,FALSE,FALSE,,FALSE,
Cuo0724,Directo,Doc0094,6/6,5/1/2024,1.08,,,,,,,,,FALSE,FALSE,FALSE,,FALSE,
Cuo0725,,Doc0095,1/6,5/8/2023,1.13,,,,,,,,,FALSE,FALSE,TRUE,,FALSE,
Cuo0726,,Doc0095,2/6,5/9/2023,1.13,,,,,,,,,FALSE,FALSE,FALSE,,FALSE,
Cuo0727,,Doc0095,3/6,5/10/2023,1.13,,,,,,,,,FALSE,FALSE,FALSE,,FALSE,
Cuo0728,,Doc0095,4/6,5/11/2023,1.13,,,,,,,,,FALSE,FALSE,FALSE,,FALSE,
Cuo0729,,Doc0095,5/6,5/12/2023,1.13,,,,,,,,,FALSE,FALSE,FALSE,,FALSE,
Cuo0730,,Doc0095,6/6,5/1/2024,1.13,,,,,,,,,FALSE,FALSE,FALSE,,FALSE,
Cuo0731,,Doc0096,1/6,5/8/2023,1.08,,,,,,,,,FALSE,FALSE,TRUE,,FALSE,
Cuo0732,,Doc0096,2/6,5/9/2023,1.08,,,,,,,,,FALSE,FALSE,FALSE,,FALSE,
Cuo0733,,Doc0096,3/6,5/10/2023,1.08,,,,,,,,,FALSE,FALSE,FALSE,,FALSE,
Cuo0734,,Doc0096,4/6,5/11/2023,1.08,,,,,,,,,FALSE,FALSE,FALSE,,FALSE,
Cuo0735,,Doc0096,5/6,5/12/2023,1.08,,,,,,,,,FALSE,FALSE,FALSE,,FALSE,
Cuo0736,,Doc0096,6/6,5/1/2024,1.08,,,,,,,,,FALSE,FALSE,FALSE,,FALSE,
Cuo0737,,Doc0097,1/1,1/3/2024,-6.78,,,,,,,,,FALSE,FALSE,FALSE,,FALSE,
Cuo0738,,Doc0098,1/1,1/3/2024,-6.48,,,,,,,,,FALSE,FALSE,FALSE,,FALSE,
Cuo0739,Directo,Doc0099,1/6,5/8/2023,2.70,,,,,,,,,FALSE,FALSE,TRUE,,FALSE,
Cuo0740,Directo,Doc0099,2/6,5/9/2023,2.70,,,16/9/2023,"$97,825.00",,,,,FALSE,FALSE,FALSE,,FALSE,
Cuo0741,Directo,Doc0099,3/6,5/10/2023,2.70,,,2/10/2023,"$91,877.00",,,,,FALSE,FALSE,FALSE,,FALSE,
Cuo0742,Directo,Doc0099,4/6,5/11/2023,2.70,,,2/10/2023,"$97,881.00",,,,,FALSE,FALSE,FALSE,,FALSE,
Cuo0743,Directo,Doc0099,5/6,5/12/2023,2.70,,,1/12/2023,"$98,878.00",,,,,FALSE,FALSE,FALSE,,FALSE,
Cuo0744,Directo,Doc0099,6/6,5/1/2024,2.70,,,1/12/2023,"$98,878.00",,,,,FALSE,FALSE,FALSE,,FALSE,
Cuo0745,Directo,Doc0100,1/1,1/3/2024,-14.25,,,,,,,,,FALSE,FALSE,FALSE,,FALSE,
Cuo0746,Directo,Doc0101,1/1,1/3/2024,-5.21,,,,,,,,,FALSE,FALSE,FALSE,,FALSE,
Cuo0747,Directo,Doc0102,1/1,1/3/2024,-4.92,,,,,,,,,FALSE,FALSE,FALSE,,FALSE,
Cuo0748,Directo,Doc0103,1/5,5/9/2023,1.57,,,29/8/2023,"$56,804.00",,,OC1068587,,FALSE,FALSE,FALSE,,FALSE,
Cuo0749,Directo,Doc0103,2/5,5/10/2023,1.57,,,29/8/2023,"$56,800.00",,,OC1068587,,FALSE,FALSE,FALSE,,FALSE,
Cuo0750,Directo,Doc0103,3/5,5/11/2023,1.57,,,29/8/2023,"$56,800.00",,,OC1068587,,FALSE,FALSE,FALSE,,FALSE,
Cuo0751,Directo,Doc0103,4/5,5/12/2023,1.57,,,29/8/2023,"$56,797.00",,,OC1068587,,FALSE,FALSE,FALSE,,FALSE,
Cuo0752,Directo,Doc0103,5/5,5/1/2024,1.57,,,29/8/2023,"$56,804.00",,,OC1068587,,FALSE,FALSE,FALSE,,FALSE,
Cuo0753,Directo,Doc0104,1/5,5/10/2023,1.36,,,26/9/2023,"$49,237.00",,,,,FALSE,FALSE,FALSE,,FALSE,
Cuo0754,Directo,Doc0104,2/5,5/11/2023,1.36,,,15/11/2023,"$49,646.00",,,,,FALSE,FALSE,FALSE,,FALSE,
Cuo0755,Directo,Doc0104,3/5,5/12/2023,1.36,,,11/12/2023,"$49,824.00",,,,,FALSE,FALSE,FALSE,,FALSE,
Cuo0756,Directo,Doc0104,4/5,5/1/2024,1.36,,,15/1/2024,"$50,113.00",,,,,FALSE,FALSE,TRUE,,FALSE,
Cuo0757,Directo,Doc0104,5/5,5/2/2024,1.36,,,15/1/2024,"$50,113.00",,,,,FALSE,FALSE,FALSE,,FALSE,
Cuo0758,Directo,Doc0105,1/1,1/3/2024,-14.68,,,,,,,,,FALSE,FALSE,FALSE,,FALSE,
Cuo0759,Directo,Doc0106,1/4,5/10/2023,1.88,,,3/10/2023,"$68,131.00",,,,,FALSE,FALSE,FALSE,,FALSE,
Cuo0760,Directo,Doc0106,2/4,5/11/2023,1.88,,,15/11/2023,"$68,680.00",,,,,FALSE,FALSE,FALSE,,FALSE,
Cuo0761,Directo,Doc0106,3/4,5/12/2023,1.88,,,,,,,,,FALSE,FALSE,FALSE,,FALSE,
Cuo0762,Directo,Doc0106,4/4,5/1/2024,1.88,,,,,,,,,FALSE,FALSE,FALSE,,FALSE,
Cuo0763,Directo,Doc0107,1/4,5/10/2023,2.02,,,30/10/2023,"$73,651.00",,,,,FALSE,FALSE,TRUE,,FALSE,
Cuo0764,Directo,Doc0107,2/4,5/11/2023,2.02,,,14/11/2023,"$73,870.00",,,,,FALSE,FALSE,FALSE,,FALSE,
Cuo0765,Directo,Doc0107,3/4,5/12/2023,2.02,,,1/12/2023,"$74,037.00",,,,,FALSE,FALSE,FALSE,,FALSE,
Cuo0766,Directo,Doc0107,4/4,5/1/2024,2.02,,,2/1/2024,"$74,521.00",,,,,FALSE,FALSE,FALSE,,FALSE,
Cuo0767,Directo,Doc0108,1/3,5/11/2023,2.54,,,16/11/2023,"$92,524.00",,,,,FALSE,FALSE,FALSE,,FALSE,
Cuo0768,Directo,Doc0108,2/3,5/12/2023,2.54,,,12/12/2023,"$92,870.00",,,OC1169271,,FALSE,FALSE,TRUE,,FALSE,
Cuo0769,Directo,Doc0108,3/3,5/1/2024,2.53,,,15/1/2024,"$93,352.00",,,,,FALSE,FALSE,TRUE,,FALSE,
Cuo0770,,Doc0109,1/1,1/3/2024,-6.19,,,,,,,,,FALSE,FALSE,FALSE,,FALSE,
Cuo0771,Directo,Doc0110,1/1,1/3/2024,-1.96,,,,,,,,,FALSE,FALSE,FALSE,,FALSE,
Cuo0772,Directo,Doc0111,1/1,1/3/2024,-0.88,,,,,,,,,FALSE,FALSE,FALSE,,FALSE,
Cuo0773,Directo,Doc0112,1/1,5/2/2024,0.54,,,29/1/2024,,,,,,FALSE,FALSE,FALSE,,FALSE,
Cuo0774,Directo,Doc0113,1/12,10/2/2023,2.05,,,27/2/2023,,,,,,FALSE,FALSE,TRUE,,FALSE,
Cuo0775,Directo,Doc0113,2/12,10/3/2023,2.05,,,10/3/2023,,,,,,FALSE,FALSE,FALSE,,FALSE,
Cuo0776,Directo,Doc0113,3/12,10/4/2023,2.05,,,,,,,,,FALSE,FALSE,FALSE,,FALSE,
Cuo0777,Directo,Doc0113,4/12,10/5/2023,2.05,,,,,,,,,FALSE,FALSE,FALSE,,FALSE,
Cuo0778,Directo,Doc0113,5/12,10/6/2023,2.05,,,,,,,,,FALSE,FALSE,FALSE,,FALSE,
Cuo0779,Directo,Doc0113,6/12,10/7/2023,2.05,,,,,,,,,FALSE,FALSE,FALSE,,FALSE,
Cuo0780,Directo,Doc0113,7/12,10/8/2023,2.05,,,4/10/2023,"$74,000.00",,,,,TRUE,FALSE,FALSE,,FALSE,
Cuo0781,Directo,Doc0113,8/12,10/9/2023,2.05,,,4/10/2023,"$740,023.00",,,,,TRUE,FALSE,FALSE,,FALSE,
Cuo0782,,Doc0113,9/12,10/10/2023,2.05,,,,,,,,,FALSE,FALSE,FALSE,,FALSE,
Cuo0783,,Doc0113,10/12,10/11/2023,2.05,,,,,,,,,FALSE,FALSE,FALSE,,FALSE,
Cuo0784,,Doc0113,11/12,10/12/2023,2.05,,,,,,,,,FALSE,FALSE,FALSE,,FALSE,
Cuo0785,,Doc0113,12/12,10/1/2024,2.05,,,,,,,,,FALSE,FALSE,FALSE,,FALSE,
Cuo0786,,Doc0114,1/10,5/3/2024,1.73,,,,,,,,,FALSE,FALSE,FALSE,,FALSE,
Cuo0787,,Doc0114,2/10,5/4/2024,1.73,,,,,,,,,FALSE,FALSE,FALSE,,FALSE,
Cuo0788,,Doc0114,3/10,5/5/2024,1.73,,,,,,,,,FALSE,FALSE,FALSE,,FALSE,
Cuo0789,,Doc0114,4/10,5/6/2024,1.73,,,,,,,,,FALSE,FALSE,FALSE,,FALSE,
Cuo0790,,Doc0114,5/10,5/7/2024,1.73,,,,,,,,,FALSE,FALSE,FALSE,,FALSE,
Cuo0791,,Doc0114,6/10,5/8/2024,1.73,,,,,,,,,FALSE,FALSE,FALSE,,FALSE,
Cuo0792,,Doc0114,7/10,5/9/2024,1.73,,,,,,,,,FALSE,FALSE,FALSE,,FALSE,
Cuo0793,,Doc0114,8/10,5/10/2024,1.73,,,,,,,,,FALSE,FALSE,FALSE,,FALSE,
Cuo0794,,Doc0114,9/10,5/11/2024,1.73,,,,,,,,,FALSE,FALSE,FALSE,,FALSE,
Cuo0795,,Doc0114,10/10,5/12/2024,1.73,,,,,,,,,FALSE,FALSE,FALSE,,FALSE,
Cuo0796,,Doc0115,1/1,2/3/2024,-17.33,,,,,,,,,FALSE,FALSE,FALSE,,FALSE,
Cuo0797,,Doc0116,1/1,2/3/2024,-9.37,,,,,,,,,FALSE,FALSE,FALSE,,FALSE,
Cuo0798,,Doc0117,1/11,18/4/2023,0.74,,,,,,,,,FALSE,FALSE,FALSE,,FALSE,
Cuo0799,,Doc0117,2/11,18/5/2023,0.74,,,,,,,,,FALSE,FALSE,FALSE,,FALSE,
Cuo0800,,Doc0117,3/11,18/6/2023,0.74,,,,,,,,,FALSE,FALSE,FALSE,,FALSE,
Cuo0801,,Doc0117,4/11,18/7/2023,0.74,,,,,,,,,FALSE,FALSE,FALSE,,FALSE,
Cuo0802,,Doc0117,5/11,18/8/2023,0.74,,,,,,,,,FALSE,FALSE,FALSE,,FALSE,
Cuo0803,,Doc0117,6/11,18/9/2023,0.74,,,,,,,,,FALSE,FALSE,FALSE,,FALSE,
Cuo0804,,Doc0117,7/11,18/10/2023,0.74,,,,,,,,,FALSE,FALSE,FALSE,,FALSE,
Cuo0805,,Doc0117,8/11,18/11/2023,0.74,,,,,,,,,FALSE,FALSE,FALSE,,FALSE,
Cuo0806,,Doc0117,9/11,18/12/2023,0.74,,,,,,,,,FALSE,FALSE,FALSE,,FALSE,
Cuo0807,,Doc0117,10/11,18/1/2024,0.74,,,,,,,,,FALSE,FALSE,FALSE,,FALSE,
Cuo0808,,Doc0117,11/11,18/2/2024,0.74,,,,,,,,,FALSE,FALSE,FALSE,,FALSE,
Cuo0809,,Doc0118,1/1,27/3/2024,-8.14,,,,,,,,,FALSE,FALSE,FALSE,,FALSE,
Cuo0810,Automático,Doc0119,1/12,18/3/2023,0.83,,,,,,,,,FALSE,FALSE,FALSE,,FALSE,
Cuo0811,Automático,Doc0119,2/12,18/4/2023,0.83,,,,,,,,,FALSE,FALSE,FALSE,,FALSE,
Cuo0812,Automático,Doc0119,3/12,18/5/2023,0.83,,,,,,,,,FALSE,FALSE,FALSE,,FALSE,
Cuo0813,Automático,Doc0119,4/12,18/6/2023,0.83,,,,,,,,,FALSE,FALSE,FALSE,,FALSE,
Cuo0814,,Doc0119,5/12,18/7/2023,0.83,,,,,,,,,FALSE,FALSE,FALSE,,FALSE,
Cuo0815,,Doc0119,6/12,18/8/2023,0.83,,,,,,,,,FALSE,FALSE,FALSE,,FALSE,
Cuo0816,,Doc0119,7/12,18/9/2023,0.83,,,,,,,,,FALSE,FALSE,FALSE,,FALSE,
Cuo0817,,Doc0119,8/12,18/10/2023,0.83,,,,,,,,,FALSE,FALSE,FALSE,,FALSE,
Cuo0818,,Doc0119,9/12,18/11/2023,0.83,,,,,,,,,FALSE,FALSE,FALSE,,FALSE,
Cuo0819,,Doc0119,10/12,18/12/2023,0.83,,,,,,,,,FALSE,FALSE,FALSE,,FALSE,
Cuo0820,,Doc0119,11/12,18/1/2024,0.83,,,,,,,,,FALSE,FALSE,FALSE,,FALSE,
Cuo0821,,Doc0119,12/12,18/2/2024,0.83,,,,,,,,,FALSE,FALSE,FALSE,,FALSE,
Cuo0822,,Doc0120,1/1,1/4/2024,-7.14,,,,,,,,,FALSE,FALSE,FALSE,,FALSE,
Cuo0823,Automático,Doc0121,1/12,18/3/2023,5.64,,,,,,,,,FALSE,FALSE,FALSE,,FALSE,
Cuo0824,Automático,Doc0121,2/12,18/4/2023,5.64,,,,,,,,,FALSE,FALSE,FALSE,,FALSE,
Cuo0825,Automático,Doc0121,3/12,18/5/2023,5.64,,,,,,,,,FALSE,FALSE,FALSE,,FALSE,
Cuo0826,,Doc0121,4/12,18/6/2023,5.64,,,,,,,,,FALSE,FALSE,FALSE,,FALSE,
Cuo0827,,Doc0121,5/12,18/7/2023,5.64,,,,,,,,,FALSE,FALSE,FALSE,,FALSE,
Cuo0828,,Doc0121,6/12,18/8/2023,5.64,,,,,,,,,FALSE,FALSE,FALSE,,FALSE,
Cuo0829,,Doc0121,7/12,18/9/2023,5.64,,,,,,,,,FALSE,FALSE,FALSE,,FALSE,
Cuo0830,,Doc0121,8/12,18/10/2023,5.64,,,,,,,,,FALSE,FALSE,FALSE,,FALSE,
Cuo0831,,Doc0121,9/12,18/11/2023,5.64,,,,,,,,,FALSE,FALSE,FALSE,,FALSE,
Cuo0832,,Doc0121,10/12,18/12/2023,5.64,,,,,,,,,FALSE,FALSE,FALSE,,FALSE,
Cuo0833,,Doc0121,11/12,18/1/2024,5.64,,,,,,,,,FALSE,FALSE,FALSE,,FALSE,
Cuo0834,,Doc0121,12/12,18/2/2024,5.64,,,,,,,,,FALSE,FALSE,FALSE,,FALSE,
Cuo0835,,Doc0122,1/1,3/4/2024,-53.19,,,,,,,,,FALSE,FALSE,FALSE,,FALSE,
Cuo0836,Directo,Doc0123,1/12,18/3/2023,1.49,,,21/3/2023,,,,,,FALSE,FALSE,FALSE,,FALSE,
Cuo0837,Directo,Doc0123,2/12,18/4/2023,1.49,,,20/4/2023,,,,,,FALSE,FALSE,FALSE,,FALSE,
Cuo0838,Directo,Doc0123,3/12,18/5/2023,1.49,,,23/5/2023,,,,,,FALSE,FALSE,FALSE,,FALSE,
Cuo0839,Directo,Doc0123,4/12,18/6/2023,1.49,,,20/6/2023,,,,,,FALSE,FALSE,FALSE,,FALSE,
Cuo0840,Directo,Doc0123,5/12,18/7/2023,1.49,,,20/7/2023,,,,,,FALSE,FALSE,FALSE,,FALSE,
Cuo0841,Directo,Doc0123,6/12,18/8/2023,1.49,,,25/8/2023,,,,,,FALSE,FALSE,FALSE,,FALSE,
Cuo0842,Directo,Doc0123,7/12,18/9/2023,1.49,,,26/9/2023,,,,,,FALSE,FALSE,FALSE,,FALSE,
Cuo0843,Directo,Doc0123,8/12,18/10/2023,1.49,,,26/10/2023,,,,,,FALSE,FALSE,FALSE,,FALSE,
Cuo0844,Directo,Doc0123,9/12,18/11/2023,1.49,,,24/11/2023,,,,,,FALSE,FALSE,TRUE,,FALSE,
Cuo0845,Directo,Doc0123,10/12,18/12/2023,1.49,,,22/12/2023,,,,,,FALSE,FALSE,FALSE,,FALSE,
Cuo0846,Directo,Doc0123,11/12,18/1/2024,1.49,,,26/1/2024,,,,,,FALSE,FALSE,FALSE,,FALSE,
Cuo0847,Directo,Doc0123,12/12,18/2/2024,1.49,,,28/2/2024,,,,,,FALSE,FALSE,FALSE,,FALSE,
Cuo0848,Directo,Doc0124,1/12,18/3/2023,1.69,,,,,,,,,FALSE,FALSE,FALSE,,FALSE,
Cuo0849,Directo,Doc0124,2/12,18/4/2023,1.69,,,,,,,,,FALSE,FALSE,FALSE,,FALSE,
Cuo0850,Directo,Doc0124,3/12,18/5/2023,1.69,,,,,,,,,FALSE,FALSE,FALSE,,FALSE,
Cuo0851,Directo,Doc0124,4/12,18/6/2023,1.69,,,,,,,,,FALSE,FALSE,FALSE,,FALSE,
Cuo0852,Directo,Doc0124,5/12,18/7/2023,1.69,,,,,,,,,FALSE,FALSE,FALSE,,FALSE,
Cuo0853,Directo,Doc0124,6/12,18/8/2023,1.69,,,,,,,,,FALSE,FALSE,FALSE,,FALSE,
Cuo0854,Directo,Doc0124,7/12,18/9/2023,1.69,,,,,,,,,FALSE,FALSE,FALSE,,FALSE,
Cuo0855,Directo,Doc0124,8/12,18/10/2023,1.69,,,,,,,,,FALSE,FALSE,FALSE,,FALSE,
Cuo0856,Directo,Doc0124,9/12,18/11/2023,1.69,,,,,,,,,FALSE,FALSE,FALSE,,FALSE,
Cuo0857,Directo,Doc0124,10/12,18/12/2023,1.69,,,,,,,,,FALSE,FALSE,FALSE,,FALSE,
Cuo0858,Directo,Doc0124,11/12,18/1/2024,1.69,,,,,,,,,FALSE,FALSE,FALSE,,FALSE,
Cuo0859,Directo,Doc0124,12/12,18/2/2024,1.69,,,,,,,,,FALSE,FALSE,FALSE,,FALSE,
Cuo0860,Automático,Doc0125,1/10,30/4/2023,1.07,,,,,,,,,FALSE,FALSE,FALSE,,FALSE,
Cuo0861,Automático,Doc0125,2/10,30/5/2023,1.07,,,,,,,,,FALSE,FALSE,FALSE,,FALSE,
Cuo0862,Automático,Doc0125,3/10,30/6/2023,1.07,,,,,,,,,FALSE,FALSE,FALSE,,FALSE,
Cuo0863,Automático,Doc0125,4/10,30/7/2023,1.07,,,,,,,,,FALSE,FALSE,FALSE,,FALSE,
Cuo0864,Automático,Doc0125,5/10,30/8/2023,1.07,,,,,,,,,FALSE,FALSE,FALSE,,FALSE,
Cuo0865,Automático,Doc0125,6/10,30/9/2023,1.07,,,,,,,,,FALSE,FALSE,FALSE,,FALSE,
Cuo0866,Automático,Doc0125,7/10,30/10/2023,1.07,,,,,,,,,FALSE,FALSE,FALSE,,FALSE,
Cuo0867,Automático,Doc0125,8/10,30/11/2023,1.07,,,,,,,,,FALSE,FALSE,FALSE,,FALSE,
Cuo0868,Automático,Doc0125,9/10,30/12/2023,1.07,,,,,,,,,FALSE,FALSE,FALSE,,FALSE,
Cuo0869,Automático,Doc0125,10/10,30/1/2024,1.05,,,,,,,,,FALSE,FALSE,FALSE,,FALSE,
Cuo0870,Directo,Doc0126,1/11,5/4/2023,0.83,,,14/4/2023,"$29,573.00",,,,,FALSE,FALSE,FALSE,,FALSE,
Cuo0871,Directo,Doc0126,2/11,5/5/2023,0.83,,,14/4/2023,"$29,573.00",,,,,FALSE,FALSE,FALSE,,FALSE,
Cuo0872,Directo,Doc0126,3/11,5/6/2023,0.83,,,5/6/2023,"$29,922.00",,,,,FALSE,FALSE,FALSE,,FALSE,
Cuo0873,Automático,Doc0126,4/11,5/7/2023,0.83,,,,,,,,,FALSE,FALSE,FALSE,,FALSE,
Cuo0874,Automático,Doc0126,5/11,5/8/2023,0.83,,,,,,,,,FALSE,FALSE,FALSE,,FALSE,
Cuo0875,Automático,Doc0126,6/11,5/9/2023,0.83,,,,,,,,,FALSE,FALSE,FALSE,,FALSE,
Cuo0876,Automático,Doc0126,7/11,5/10/2023,0.83,,,,,,,,,FALSE,FALSE,FALSE,,FALSE,
Cuo0877,Automático,Doc0126,8/11,5/11/2023,0.83,,,,,,,,,FALSE,FALSE,FALSE,,FALSE,
Cuo0878,Automático,Doc0126,9/11,5/12/2023,0.83,,,,,,,,,FALSE,FALSE,FALSE,,FALSE,
Cuo0879,Automático,Doc0126,10/11,5/1/2024,0.83,,,,,,,,,FALSE,FALSE,FALSE,,FALSE,
Cuo0880,Automático,Doc0126,11/11,5/2/2024,0.85,,,,,,,,,FALSE,FALSE,FALSE,,FALSE,
Cuo0881,Directo,Doc0127,1/10,30/4/2023,3.61,,,10/5/2023,"$128,005.00",,,,,FALSE,FALSE,FALSE,,FALSE,
Cuo0882,Directo,Doc0127,2/10,30/5/2023,3.61,,,10/5/2023,"$128,005.00",,,,,FALSE,FALSE,FALSE,,FALSE,
Cuo0883,Directo,Doc0127,3/10,30/6/2023,3.61,,,,,,,,,FALSE,FALSE,FALSE,,FALSE,
Cuo0884,Directo,Doc0127,4/10,30/7/2023,3.61,,,,,,,,,FALSE,FALSE,FALSE,,FALSE,
Cuo0885,Directo,Doc0127,5/10,30/8/2023,3.61,,,,,,,,,FALSE,FALSE,FALSE,,FALSE,
Cuo0886,Directo,Doc0127,6/10,30/9/2023,3.61,,,,,,,,,FALSE,FALSE,FALSE,,FALSE,
Cuo0887,Directo,Doc0127,7/10,30/10/2023,3.61,,,,,,,,,FALSE,FALSE,FALSE,,FALSE,
Cuo0888,Directo,Doc0127,8/10,30/11/2023,3.61,,,,,,,,,FALSE,FALSE,FALSE,,FALSE,
Cuo0889,Directo,Doc0127,9/10,30/12/2023,3.61,,,,,,,,,FALSE,FALSE,FALSE,,FALSE,
Cuo0890,Directo,Doc0127,10/10,30/1/2024,3.49,,,,,,,,,FALSE,FALSE,FALSE,,FALSE,
Cuo0891,Directo,Doc0128,1/1,8/4/2024,-6.23,,,,,,,,,FALSE,FALSE,FALSE,,FALSE,
Cuo0892,Directo,Doc0129,1/1,14/5/2024,1.54,,,,,,,,,FALSE,FALSE,TRUE,,FALSE,
Cuo0893,Automático,Doc0130,1/10,5/6/2023,0.88,,,,,,,,,FALSE,FALSE,FALSE,,FALSE,
Cuo0894,Automático,Doc0130,2/10,5/7/2023,0.88,,,,,,,,,FALSE,FALSE,FALSE,,FALSE,
Cuo0895,Automático,Doc0130,3/10,5/8/2023,0.88,,,,,,,,,FALSE,FALSE,FALSE,,FALSE,
Cuo0896,Automático,Doc0130,4/10,5/9/2023,0.88,,,,,,,,,FALSE,FALSE,FALSE,,FALSE,
Cuo0897,Automático,Doc0130,5/10,5/10/2023,0.88,,,,,,,,,FALSE,FALSE,FALSE,,FALSE,
Cuo0898,Automático,Doc0130,6/10,5/11/2023,0.88,,,,,,,,,FALSE,FALSE,FALSE,,FALSE,
Cuo0899,Automático,Doc0130,7/10,5/12/2023,0.88,,,,,,,,,FALSE,FALSE,FALSE,,FALSE,
Cuo0900,Automático,Doc0130,8/10,5/1/2024,0.88,,,,,,,,,FALSE,FALSE,FALSE,,FALSE,
Cuo0901,Automático,Doc0130,9/10,5/2/2024,0.88,,,,,,,,,FALSE,FALSE,FALSE,,FALSE,
Cuo0902,Automático,Doc0130,10/10,5/3/2024,0.90,,,,,,,,,FALSE,FALSE,FALSE,,FALSE,
Cuo0903,Directo,Doc0131,1/10,25/5/2023,2.53,,,27/5/2023,"$91,128.00",,,,8002116,FALSE,TRUE,FALSE,,FALSE,
Cuo0904,Directo,Doc0131,2/10,25/6/2023,2.53,,,27/6/2023,"$91,319.00",,,,8049341,FALSE,TRUE,FALSE,,FALSE,
Cuo0905,Directo,Doc0131,3/10,25/7/2023,2.53,,,,,,,,,FALSE,FALSE,FALSE,,FALSE,
Cuo0906,Directo,Doc0131,4/10,25/8/2023,2.53,,,7/9/2023,"$91,492.00",,,,8127130,FALSE,FALSE,FALSE,,FALSE,
Cuo0907,Directo,Doc0131,5/10,25/9/2023,2.53,,,6/10/2023,,,,,8162828,FALSE,FALSE,TRUE,,FALSE,
Cuo0908,Directo,Doc0131,6/10,25/10/2023,2.53,,,6/11/2023,,,,,,FALSE,FALSE,FALSE,,FALSE,
Cuo0909,Directo,Doc0131,7/10,25/11/2023,2.53,,,6/12/2023,"$92,580.00",,,,,FALSE,FALSE,TRUE,,FALSE,
Cuo0910,Directo,Doc0131,8/10,25/12/2023,2.53,,,10/1/2024,,,,,8275770,FALSE,FALSE,TRUE,,FALSE,
Cuo0911,Directo,Doc0131,9/10,25/1/2024,2.53,,,10/1/2024,,,,,,FALSE,FALSE,TRUE,,FALSE,
Cuo0912,,Doc0131,10/10,25/2/2024,2.52,,,,,,,,,FALSE,FALSE,TRUE,,FALSE,
Cuo0913,Automático,Doc0132,1/12,10/5/2023,1.53,,,,,,,,,FALSE,FALSE,TRUE,,FALSE,
Cuo0914,Automático,Doc0132,2/12,10/6/2023,1.53,,,,,,,,,FALSE,FALSE,FALSE,,FALSE,
Cuo0915,Automático,Doc0132,3/12,10/7/2023,1.53,,,,,,,,,FALSE,FALSE,FALSE,,FALSE,
Cuo0916,Automático,Doc0132,4/12,10/8/2023,1.53,,,,,,,,,FALSE,FALSE,FALSE,,FALSE,
Cuo0917,Automático,Doc0132,5/12,10/9/2023,1.53,,,,,,,,,FALSE,FALSE,FALSE,,FALSE,
Cuo0918,Automático,Doc0132,6/12,10/10/2023,1.53,,,,,,,,,FALSE,FALSE,FALSE,,FALSE,
Cuo0919,Automático,Doc0132,7/12,10/11/2023,1.53,,,,,,,,,FALSE,FALSE,FALSE,,FALSE,
Cuo0920,Automático,Doc0132,8/12,10/12/2023,1.53,,,,,,,,,FALSE,FALSE,FALSE,,FALSE,
Cuo0921,Automático,Doc0132,9/12,10/1/2024,1.53,,,,,,,,,FALSE,FALSE,FALSE,,FALSE,
Cuo0922,Automático,Doc0132,10/12,10/2/2024,1.53,,,,,,,,,FALSE,FALSE,FALSE,,FALSE,
Cuo0923,Automático,Doc0132,11/12,10/3/2024,1.53,,,,,,,,,FALSE,FALSE,FALSE,,FALSE,
Cuo0924,Automático,Doc0132,12/12,10/4/2024,1.53,,,,,,,,,FALSE,FALSE,FALSE,,FALSE,
Cuo0925,Directo,Doc0133,1/12,25/5/2023,2.69,,,,,,,,,FALSE,FALSE,TRUE,,FALSE,
Cuo0926,Directo,Doc0133,2/12,25/6/2023,2.69,,,27/6/2023,,,,,,FALSE,FALSE,FALSE,,FALSE,
Cuo0927,Directo,Doc0133,3/12,25/7/2023,2.69,,,25/7/2023,,,,,,FALSE,FALSE,FALSE,,FALSE,
Cuo0928,Directo,Doc0133,4/12,25/8/2023,2.69,,,25/8/2023,,,,,,FALSE,FALSE,FALSE,,FALSE,
Cuo0929,Directo,Doc0133,5/12,25/9/2023,2.69,,,25/9/2023,,,,,,FALSE,FALSE,FALSE,,FALSE,
Cuo0930,Directo,Doc0133,6/12,25/10/2023,2.69,,,25/10/2023,,,,,,FALSE,FALSE,FALSE,,FALSE,
Cuo0931,Directo,Doc0133,7/12,25/11/2023,2.69,,,27/11/2023,,,,,,FALSE,FALSE,FALSE,,FALSE,
Cuo0932,Automático,Doc0133,8/12,25/12/2023,2.69,,,,,,,,,FALSE,FALSE,TRUE,,FALSE,
Cuo0933,Automático,Doc0133,9/12,25/1/2024,2.69,,,,,,,,,FALSE,FALSE,FALSE,,FALSE,
Cuo0934,Automático,Doc0133,10/12,25/2/2024,2.69,,,,,,,,,FALSE,FALSE,FALSE,,FALSE,
Cuo0935,Automático,Doc0133,11/12,25/3/2024,2.69,,,,,,,,,FALSE,FALSE,FALSE,,FALSE,
Cuo0936,Automático,Doc0133,12/12,25/4/2024,2.69,,,,,,,,,FALSE,FALSE,FALSE,,FALSE,
Cuo0937,Directo,Doc0134,1/10,5/6/2023,4.91,,,16/6/2020,"$177,153.00",,,,784072,FALSE,TRUE,TRUE,,FALSE,
Cuo0938,Directo,Doc0134,2/10,5/7/2023,4.91,,,11/7/2023,"$177,262.00",,,OC1025443,,FALSE,FALSE,TRUE,,FALSE,
Cuo0939,Directo,Doc0134,3/10,5/8/2023,4.91,,,22/8/2023,"$177,227.00",,,,,FALSE,FALSE,TRUE,,FALSE,
Cuo0940,Directo,Doc0134,4/10,5/9/2023,4.91,,,22/9/2023,"$177,715.00",,,,,FALSE,FALSE,TRUE,,FALSE,
Cuo0941,Directo,Doc0134,5/10,5/10/2023,4.91,,,12/10/2023,"$177,936.00",,,,,FALSE,FALSE,TRUE,,FALSE,
Cuo0942,Directo,Doc0134,6/10,5/11/2023,4.91,,,16/11/2023,"$179,227.00",,,,,FALSE,FALSE,FALSE,,FALSE,
Cuo0943,Directo,Doc0134,7/10,5/12/2023,4.91,,,12/12/2023,"$179,898.00",,,OC1169279,,FALSE,FALSE,TRUE,,FALSE,
Cuo0944,Directo,Doc0134,8/10,5/1/2024,4.91,,,15/1/2024,"$180,860.00",,,,,FALSE,FALSE,TRUE,,FALSE,
Cuo0945,Directo,Doc0134,9/10,5/2/2024,4.91,,,,,,,,,FALSE,FALSE,TRUE,,FALSE,
Cuo0946,Directo,Doc0134,10/10,5/3/2024,4.91,,,,"$181,570.00",,,,,FALSE,FALSE,TRUE,,FALSE,
Cuo0947,Transferencia,Doc0135,1/11,5/7/2023,0.64,,,7/7/2023,"$23,102.00",,,36,,TRUE,FALSE,FALSE,,FALSE,
Cuo0948,Transferencia,Doc0135,2/11,5/8/2023,0.64,,,28/8/2023,"$23,114.00",,,,,TRUE,FALSE,FALSE,,FALSE,
Cuo0949,Transferencia,Doc0135,3/11,5/9/2023,0.64,,,4/9/2023,"$23,138.00",,,,,TRUE,FALSE,FALSE,,FALSE,
Cuo0950,Automático,Doc0135,4/11,5/10/2023,0.64,,,,,,,,,FALSE,FALSE,FALSE,,FALSE,
Cuo0951,Automático,Doc0135,5/11,5/11/2023,0.64,,,,,,,,,FALSE,FALSE,FALSE,,FALSE,
Cuo0952,Automático,Doc0135,6/11,5/12/2023,0.64,,,,,,,,,FALSE,FALSE,FALSE,,FALSE,
Cuo0953,Automático,Doc0135,7/11,5/1/2024,0.64,,,,,,,,,FALSE,FALSE,FALSE,,FALSE,
Cuo0954,Automático,Doc0135,8/11,5/2/2024,0.64,,,,,,,,,FALSE,FALSE,FALSE,,FALSE,
Cuo0955,Automático,Doc0135,9/11,5/3/2024,0.64,,,,,,,,,FALSE,FALSE,FALSE,,FALSE,
Cuo0956,Automático,Doc0135,10/11,5/4/2024,0.64,,,,,,,,,FALSE,FALSE,FALSE,,FALSE,
Cuo0957,Automático,Doc0135,11/11,5/5/2024,0.61,,,,,,,,,FALSE,FALSE,FALSE,,FALSE,
Cuo0958,Directo,Doc0136,1/10,25/7/2023,3.46,,,,,,,,,FALSE,FALSE,FALSE,,FALSE,
Cuo0959,Directo,Doc0136,2/10,25/8/2023,3.46,,,7/9/2023,"$125,124.00",,,,8127108,FALSE,FALSE,FALSE,,FALSE,
Cuo0960,Directo,Doc0136,3/10,25/9/2023,3.46,,,,,,,,,FALSE,FALSE,TRUE,,FALSE,
Cuo0961,Directo,Doc0136,4/10,25/10/2023,3.46,,,,,,,,,FALSE,FALSE,FALSE,,FALSE,
Cuo0962,Directo,Doc0136,5/10,25/11/2023,3.46,,,,,,,,,FALSE,FALSE,FALSE,,FALSE,
Cuo0963,Directo,Doc0136,6/10,25/12/2023,3.46,,,,,,,,,FALSE,FALSE,FALSE,,FALSE,
Cuo0964,Directo,Doc0136,7/10,25/1/2024,3.46,,,,,,,,,FALSE,FALSE,FALSE,,FALSE,
Cuo0965,Directo,Doc0136,8/10,25/2/2024,3.46,,,,,,,,,FALSE,FALSE,FALSE,,FALSE,
Cuo0966,Directo,Doc0136,9/10,25/3/2024,3.46,,,,,,,,,FALSE,FALSE,FALSE,,FALSE,
Cuo0967,Directo,Doc0136,10/10,25/4/2024,3.53,,,,,,,,,FALSE,FALSE,FALSE,,FALSE,
Cuo0968,Directo,Doc0137,1/1,4/7/2024,-22.64,,,6/12/2023,"$173,817.00",,,,,FALSE,FALSE,TRUE,,FALSE,
Cuo0969,Directo,Doc0138,1/10,25/7/2023,5.53,,,,,,,,,FALSE,FALSE,FALSE,,FALSE,
Cuo0970,Directo,Doc0138,2/10,25/8/2023,5.53,,,,,,,,,FALSE,FALSE,FALSE,,FALSE,
Cuo0971,Directo,Doc0138,3/10,25/9/2023,5.53,,,,,,,,,FALSE,FALSE,FALSE,,FALSE,
Cuo0972,Directo,Doc0138,4/10,25/10/2023,5.53,,,,,,,,,FALSE,FALSE,FALSE,,FALSE,
Cuo0973,Directo,Doc0138,5/10,25/11/2023,5.53,,,,,,,,,FALSE,FALSE,TRUE,,FALSE,
Cuo0974,Directo,Doc0138,6/10,25/12/2023,5.53,,,,,,,,,FALSE,FALSE,FALSE,,FALSE,
Cuo0975,Directo,Doc0138,7/10,25/1/2024,5.53,,,,,,,,,FALSE,FALSE,FALSE,,FALSE,
Cuo0976,Directo,Doc0138,8/10,25/2/2024,5.53,,,,,,,,,FALSE,FALSE,FALSE,,FALSE,
Cuo0977,Directo,Doc0138,9/10,25/3/2024,5.53,,,,,,,,,FALSE,FALSE,FALSE,,FALSE,
Cuo0978,,Doc0138,10/10,25/4/2024,5.50,,,,,,,,,FALSE,FALSE,FALSE,,FALSE,
Cuo0979,,Doc0139,1/1,8/7/2024,-11.49,,,,,,,,,FALSE,FALSE,FALSE,,FALSE,
Cuo0980,Directo,Doc0140,1/10,5/7/2023,5.32,,,,,,,,,FALSE,FALSE,TRUE,,FALSE,
Cuo0981,Directo,Doc0140,2/10,5/8/2023,5.32,,,,,,,,,FALSE,FALSE,TRUE,,FALSE,
Cuo0982,Directo,Doc0140,3/10,5/9/2023,5.32,,,,,,,,,FALSE,FALSE,TRUE,,FALSE,
Cuo0983,Directo,Doc0140,4/10,5/10/2023,5.32,,,,,,,,,FALSE,FALSE,TRUE,,FALSE,
Cuo0984,Directo,Doc0140,5/10,5/11/2023,5.32,,,,,,,,,FALSE,FALSE,FALSE,,FALSE,
Cuo0985,Directo,Doc0140,6/10,5/12/2023,5.32,,,12/12/2023,"$194,884.00",,,12291274,,FALSE,FALSE,TRUE,,FALSE,
Cuo0986,Directo,Doc0140,7/10,5/1/2024,5.32,,,,,,,,,FALSE,FALSE,TRUE,,FALSE,
Cuo0987,Directo,Doc0140,8/10,5/2/2024,5.32,,,,,,,,,FALSE,FALSE,TRUE,,FALSE,
Cuo0988,Directo,Doc0140,9/10,5/3/2024,5.32,,,,"$196,691.00",,,,,FALSE,FALSE,TRUE,,FALSE,
Cuo0989,Directo,Doc0140,10/10,5/4/2024,5.34,,,18/4/2024,"$197,545.00",,,,,FALSE,FALSE,TRUE,,FALSE,
Cuo0990,Directo,Doc0141,1/1,22/7/2024,21.99,,,25/7/2023,"$793,069.00",,,,7943241,FALSE,TRUE,TRUE,,FALSE,
Cuo0991,Automático,Doc0142,1/10,5/8/2023,5.72,,,,,,,,,FALSE,FALSE,FALSE,,FALSE,
Cuo0992,Automático,Doc0142,2/10,5/9/2023,5.72,,,,,,,,,FALSE,FALSE,FALSE,,FALSE,
Cuo0993,Automático,Doc0142,3/10,5/10/2023,5.72,,,,,,,,,FALSE,FALSE,FALSE,,FALSE,
Cuo0994,Automático,Doc0142,4/10,5/11/2023,5.72,,,,,,,,,FALSE,FALSE,FALSE,,FALSE,
Cuo0995,Automático,Doc0142,5/10,5/12/2023,5.72,,,,,,,,,FALSE,FALSE,FALSE,,FALSE,
Cuo0996,Automático,Doc0142,6/10,5/1/2024,5.72,,,,,,,,,FALSE,FALSE,FALSE,,FALSE,
Cuo0997,Automático,Doc0142,7/10,5/2/2024,5.72,,,,,,,,,FALSE,FALSE,FALSE,,FALSE,
Cuo0998,Automático,Doc0142,8/10,5/3/2024,5.72,,,,,,,,,FALSE,FALSE,FALSE,,FALSE,
Cuo0999,Automático,Doc0142,9/10,5/4/2024,5.72,,,,,,,,,FALSE,FALSE,FALSE,,FALSE,
Cuo1000,Automático,Doc0142,10/10,5/5/2024,5.72,,,,,,,,,FALSE,FALSE,FALSE,,FALSE,
Cuo1001,Directo,Doc0143,1/9,25/7/2023,20.92,,,,,,,,,FALSE,FALSE,FALSE,,FALSE,
Cuo1002,Directo,Doc0143,2/9,25/8/2023,20.92,,,,,,,,,FALSE,FALSE,FALSE,,FALSE,
Cuo1003,,Doc0143,3/9,25/9/2023,20.92,,,,,,,,,FALSE,FALSE,FALSE,,FALSE,
Cuo1004,,Doc0143,4/9,25/10/2023,20.92,,,,,,,,,FALSE,FALSE,FALSE,,FALSE,
Cuo1005,,Doc0143,5/9,25/11/2023,20.92,,,,,,,,,FALSE,FALSE,FALSE,,FALSE,
Cuo1006,,Doc0143,6/9,25/12/2023,20.92,,,,,,,,,FALSE,FALSE,FALSE,,FALSE,
Cuo1007,,Doc0143,7/9,25/1/2024,20.92,,,,,,,,,FALSE,FALSE,FALSE,,FALSE,
Cuo1008,,Doc0143,8/9,25/2/2024,20.92,,,,,,,,,FALSE,FALSE,FALSE,,FALSE,
Cuo1009,,Doc0143,9/9,25/3/2024,20.92,,,,,,,,,FALSE,FALSE,FALSE,,FALSE,
Cuo1010,Automático,Doc0144,1/10,25/7/2023,9.07,,,,,,,,,FALSE,FALSE,FALSE,,FALSE,
Cuo1011,Automático,Doc0144,2/10,25/8/2023,9.07,,,,,,,,,FALSE,FALSE,FALSE,,FALSE,
Cuo1012,Automático,Doc0144,3/10,25/9/2023,9.07,,,,,,,,,FALSE,FALSE,FALSE,,FALSE,
Cuo1013,Automático,Doc0144,4/10,25/10/2023,9.07,,,,,,,,,FALSE,FALSE,FALSE,,FALSE,
Cuo1014,Automático,Doc0144,5/10,25/11/2023,9.07,,,,,,,,,FALSE,FALSE,FALSE,,FALSE,
Cuo1015,Automático,Doc0144,6/10,25/12/2023,9.07,,,,,,,,,FALSE,FALSE,FALSE,,FALSE,
Cuo1016,Automático,Doc0144,7/10,25/1/2024,9.07,,,,,,,,,FALSE,FALSE,FALSE,,FALSE,
Cuo1017,Automático,Doc0144,8/10,25/2/2024,9.07,,,,,,,,,FALSE,FALSE,FALSE,,FALSE,
Cuo1018,Automático,Doc0144,9/10,25/3/2024,9.07,,,,,,,,,FALSE,FALSE,FALSE,,FALSE,
Cuo1019,Automático,Doc0144,10/10,25/4/2024,9.00,,,,,,,,,FALSE,FALSE,FALSE,,FALSE,
Cuo1020,Automático,Doc0145,1/10,25/8/2023,1.49,,,,,,,,,FALSE,FALSE,FALSE,,FALSE,
Cuo1021,Automático,Doc0145,2/10,25/9/2023,1.49,,,,,,,,,FALSE,FALSE,FALSE,,FALSE,
Cuo1022,Automático,Doc0145,3/10,25/10/2023,1.49,,,,,,,,,FALSE,FALSE,FALSE,,FALSE,
Cuo1023,Automático,Doc0145,4/10,25/11/2023,1.49,,,,,,,,,FALSE,FALSE,FALSE,,FALSE,
Cuo1024,Automático,Doc0145,5/10,25/12/2023,1.49,,,,,,,,,FALSE,FALSE,FALSE,,FALSE,
Cuo1025,Automático,Doc0145,6/10,25/1/2024,1.49,,,,,,,,,FALSE,FALSE,FALSE,,FALSE,
Cuo1026,Automático,Doc0145,7/10,25/2/2024,1.49,,,,,,,,,FALSE,FALSE,FALSE,,FALSE,
Cuo1027,Automático,Doc0145,8/10,25/3/2024,1.49,,,,,,,,,FALSE,FALSE,FALSE,,FALSE,
Cuo1028,Automático,Doc0145,9/10,25/4/2024,1.49,,,,,,,,,FALSE,FALSE,FALSE,,FALSE,
Cuo1029,Automático,Doc0145,10/10,25/5/2024,1.50,,,,,,,,,FALSE,FALSE,FALSE,,FALSE,
Cuo1030,Directo,Doc0146,1/10,30/6/2024,,,,,,,,,,FALSE,FALSE,FALSE,,FALSE,
Cuo1031,Directo,Doc0146,2/10,30/6/2024,,,,,,,,,,FALSE,FALSE,FALSE,,FALSE,
Cuo1032,Directo,Doc0146,3/10,30/6/2024,,,,,,,,,,FALSE,FALSE,FALSE,,FALSE,
Cuo1033,Directo,Doc0146,4/10,30/6/2024,,,,,,,,,,FALSE,FALSE,FALSE,,FALSE,
Cuo1034,Directo,Doc0146,5/10,30/6/2024,,,,,,,,,,FALSE,FALSE,FALSE,,FALSE,
Cuo1035,Directo,Doc0146,6/10,30/6/2024,,,,,,,,,,FALSE,FALSE,FALSE,,FALSE,
Cuo1036,Directo,Doc0146,7/10,30/6/2024,,,,,,,,,,FALSE,FALSE,FALSE,,FALSE,
Cuo1037,Directo,Doc0146,8/10,30/6/2024,,,,,,,,,,FALSE,FALSE,FALSE,,FALSE,
Cuo1038,Directo,Doc0146,9/10,30/6/2024,,,,,,,,,,FALSE,FALSE,FALSE,,FALSE,
Cuo1039,Directo,Doc0146,10/10,30/6/2024,,,,,,,,,,FALSE,FALSE,FALSE,,FALSE,
Cuo1040,Directo,Doc0147,1/9,30/6/2024,,,,,,,,,,FALSE,FALSE,FALSE,,FALSE,
Cuo1041,Directo,Doc0147,2/9,30/6/2024,,,,,,,,,,FALSE,FALSE,FALSE,,FALSE,
Cuo1042,Directo,Doc0147,3/9,30/6/2024,,,,,,,,,,FALSE,FALSE,FALSE,,FALSE,
Cuo1043,Directo,Doc0147,4/9,30/6/2024,,,,,,,,,,FALSE,FALSE,FALSE,,FALSE,
Cuo1044,Directo,Doc0147,5/9,30/6/2024,,,,,,,,,,FALSE,FALSE,FALSE,,FALSE,
Cuo1045,Directo,Doc0147,6/9,30/6/2024,,,,,,,,,,FALSE,FALSE,FALSE,,FALSE,
Cuo1046,Directo,Doc0147,7/9,30/6/2024,,,,,,,,,,FALSE,FALSE,FALSE,,FALSE,
Cuo1047,Directo,Doc0147,8/9,30/6/2024,,,,,,,,,,FALSE,FALSE,FALSE,,FALSE,
Cuo1048,Directo,Doc0147,9/9,30/6/2024,,,,,,,,,,FALSE,FALSE,FALSE,,FALSE,
Cuo1049,Automático,Doc0148,1/1,30/7/2024,-49.97,,,,,,,,,FALSE,FALSE,FALSE,,FALSE,
Cuo1050,Directo,Doc0149,1/1,30/7/2024,-109.33,,,,,,,,,FALSE,FALSE,FALSE,,FALSE,
Cuo1051,Directo,Doc0150,1/8,30/6/2024,,,,,,,,,,FALSE,FALSE,FALSE,,FALSE,
Cuo1052,Directo,Doc0150,2/8,30/6/2024,,,,,,,,,,FALSE,FALSE,FALSE,,FALSE,
Cuo1053,Directo,Doc0150,3/8,30/6/2024,,,,,,,,,,FALSE,FALSE,FALSE,,FALSE,
Cuo1054,Directo,Doc0150,4/8,30/6/2024,,,,,,,,,,FALSE,FALSE,FALSE,,FALSE,
Cuo1055,Directo,Doc0150,5/8,30/6/2024,,,,,,,,,,FALSE,FALSE,FALSE,,FALSE,
Cuo1056,Directo,Doc0150,6/8,30/6/2024,,,,,,,,,,FALSE,FALSE,FALSE,,FALSE,
Cuo1057,Directo,Doc0150,7/8,30/6/2024,,,,,,,,,,FALSE,FALSE,FALSE,,FALSE,
Cuo1058,Directo,Doc0150,8/8,30/6/2024,,,,,,,,,,FALSE,FALSE,FALSE,,FALSE,
Cuo1059,Automático,Doc0151,1/1,30/7/2024,-167.54,,,,,,,,,FALSE,FALSE,FALSE,,FALSE,
Cuo1060,Directo,Doc0152,1/8,30/6/2024,,,,,,,,,,FALSE,FALSE,FALSE,,FALSE,
Cuo1061,Directo,Doc0152,2/8,30/6/2024,,,,,,,,,,FALSE,FALSE,FALSE,,FALSE,
Cuo1062,Directo,Doc0152,3/8,30/6/2024,,,,,,,,,,FALSE,FALSE,FALSE,,FALSE,
Cuo1063,Directo,Doc0152,4/8,30/6/2024,,,,,,,,,,FALSE,FALSE,FALSE,,FALSE,
Cuo1064,Directo,Doc0152,5/8,30/6/2024,,,,,,,,,,FALSE,FALSE,FALSE,,FALSE,
Cuo1065,Directo,Doc0152,6/8,30/6/2024,,,,,,,,,,FALSE,FALSE,FALSE,,FALSE,
Cuo1066,Directo,Doc0152,7/8,30/6/2024,,,,,,,,,,FALSE,FALSE,FALSE,,FALSE,
Cuo1067,Directo,Doc0152,8/8,30/6/2024,,,,,,,,,,FALSE,FALSE,FALSE,,FALSE,
Cuo1068,Directo,Doc0153,1/1,30/7/2024,-55.29,,,,,,,,,FALSE,FALSE,FALSE,,FALSE,
Cuo1069,Directo,Doc0154,1/1,2/8/2024,10.90,,,,,,,,,FALSE,FALSE,TRUE,,FALSE,
Cuo1070,Directo,Doc0155,1/10,18/7/2023,2.42,,,,,,,,,FALSE,FALSE,FALSE,,FALSE,
Cuo1071,Directo,Doc0155,2/10,18/8/2023,2.42,,,23/8/2023,,,,,,FALSE,FALSE,FALSE,,FALSE,
Cuo1072,Directo,Doc0155,3/10,18/9/2023,2.42,,,6/10/2023,,,,,,FALSE,FALSE,TRUE,,FALSE,
Cuo1073,Directo,Doc0155,4/10,18/10/2023,2.42,,,,"$87,921.00",,,,,FALSE,FALSE,FALSE,,FALSE,
Cuo1074,Directo,Doc0155,5/10,18/11/2023,2.42,,,21/11/2023,,,,,,FALSE,FALSE,TRUE,,FALSE,
Cuo1075,Directo,Doc0155,6/10,18/12/2023,2.42,,,6/12/2023,,,,,,FALSE,FALSE,TRUE,,FALSE,
Cuo1076,Directo,Doc0155,7/10,18/1/2024,2.42,,,30/1/2024,,,,,,FALSE,FALSE,TRUE,,FALSE,
Cuo1077,Directo,Doc0155,8/10,18/2/2024,2.42,,,20/2/2024,,,,,,FALSE,FALSE,FALSE,,FALSE,
Cuo1078,Directo,Doc0155,9/10,18/3/2024,2.42,,,9/4/2024,,,,,,FALSE,FALSE,FALSE,,FALSE,
Cuo1079,Directo,Doc0155,10/10,18/4/2024,2.42,,,18/4/2024,,,,,,FALSE,FALSE,FALSE,,FALSE,
Cuo1080,Automático,Doc0156,1/11,10/8/2023,1.90,,,,,,,,,FALSE,FALSE,FALSE,,FALSE,
Cuo1081,Automático,Doc0156,2/11,10/9/2023,1.90,,,,,,,,,FALSE,FALSE,FALSE,,FALSE,
Cuo1082,Automático,Doc0156,3/11,10/10/2023,1.90,,,,,,,,,FALSE,FALSE,FALSE,,FALSE,
Cuo1083,Automático,Doc0156,4/11,10/11/2023,1.90,,,,,,,,,FALSE,FALSE,FALSE,,FALSE,
Cuo1084,Automático,Doc0156,5/11,10/12/2023,1.90,,,,,,,,,FALSE,FALSE,FALSE,,FALSE,
Cuo1085,Automático,Doc0156,6/11,10/1/2024,1.90,,,,,,,,,FALSE,FALSE,FALSE,,FALSE,
Cuo1086,Automático,Doc0156,7/11,10/2/2024,1.90,,,,,,,,,FALSE,FALSE,FALSE,,FALSE,
Cuo1087,Automático,Doc0156,8/11,10/3/2024,1.90,,,,,,,,,FALSE,FALSE,FALSE,,FALSE,
Cuo1088,Automático,Doc0156,9/11,10/4/2024,1.90,,,,,,,,,FALSE,FALSE,FALSE,,FALSE,
Cuo1089,Automático,Doc0156,10/11,10/5/2024,1.90,,,,,,,,,FALSE,FALSE,FALSE,,FALSE,
Cuo1090,Automático,Doc0156,11/11,10/6/2024,1.91,,,,,,,,,FALSE,FALSE,FALSE,,FALSE,
Cuo1091,Directo,Doc0157,1/12,25/7/2023,1.28,,,,,,,,,FALSE,FALSE,TRUE,,FALSE,
Cuo1092,Directo,Doc0157,2/12,15/8/2023,1.28,,,,,,,,,FALSE,FALSE,TRUE,,FALSE,
Cuo1093,Directo,Doc0157,3/12,15/9/2023,1.28,,,,,,,,,FALSE,FALSE,TRUE,,FALSE,
Cuo1094,Directo,Doc0157,4/12,15/10/2023,1.28,,,,,,,,,FALSE,FALSE,FALSE,,FALSE,
Cuo1095,Directo,Doc0157,5/12,15/11/2023,1.28,,,,,,,,,FALSE,FALSE,FALSE,,FALSE,
Cuo1096,Directo,Doc0157,6/12,15/12/2023,1.28,,,,,,,,,FALSE,FALSE,FALSE,,FALSE,
Cuo1097,Directo,Doc0157,7/12,15/1/2024,1.28,,,,,,,,,FALSE,FALSE,FALSE,,FALSE,
Cuo1098,Directo,Doc0157,8/12,15/2/2024,1.28,,,,,,,,,FALSE,FALSE,FALSE,,FALSE,
Cuo1099,Directo,Doc0157,9/12,15/3/2024,1.28,,,,,,,,,FALSE,FALSE,FALSE,,FALSE,
Cuo1100,Directo,Doc0157,10/12,15/4/2024,1.28,,,,,,,,,FALSE,FALSE,FALSE,,FALSE,
Cuo1101,Directo,Doc0157,11/12,15/5/2024,1.28,,,,,,,,,FALSE,FALSE,FALSE,,FALSE,
Cuo1102,Directo,Doc0157,12/12,15/6/2024,1.33,,,,,,,,,FALSE,FALSE,FALSE,,FALSE,
Cuo1103,Directo,Doc0158,1/1,14/8/2024,-11.73,,,,,,,,,FALSE,FALSE,FALSE,,FALSE,
Cuo1104,,Doc0159,1/1,18/8/2024,19.80,,,,,,,,,FALSE,FALSE,FALSE,,FALSE,
Cuo1105,Directo,Doc0160,1/1,22/8/2024,16.86,,,,,,,,,FALSE,FALSE,FALSE,,FALSE,
Cuo1106,,Doc0161,1/10,2/9/2023,2.37,,,,,,,,,FALSE,FALSE,TRUE,,FALSE,
Cuo1107,,Doc0161,2/10,2/10/2023,2.37,,,,,,,,,FALSE,FALSE,FALSE,,FALSE,
Cuo1108,,Doc0161,3/10,2/11/2023,2.37,,,,,,,,,FALSE,FALSE,FALSE,,FALSE,
Cuo1109,,Doc0161,4/10,2/12/2023,2.37,,,,,,,,,FALSE,FALSE,FALSE,,FALSE,
Cuo1110,,Doc0161,5/10,2/1/2024,2.37,,,,,,,,,FALSE,FALSE,FALSE,,FALSE,
Cuo1111,,Doc0161,6/10,2/2/2024,2.37,,,,,,,,,FALSE,FALSE,FALSE,,FALSE,
Cuo1112,,Doc0161,7/10,2/3/2024,2.37,,,,,,,,,FALSE,FALSE,FALSE,,FALSE,
Cuo1113,,Doc0161,8/10,2/4/2024,2.37,,,,,,,,,FALSE,FALSE,FALSE,,FALSE,
Cuo1114,,Doc0161,9/10,2/5/2024,2.37,,,,,,,,,FALSE,FALSE,FALSE,,FALSE,
Cuo1115,,Doc0161,10/10,2/6/2024,2.37,,,,,,,,,FALSE,FALSE,FALSE,,FALSE,
Cuo1116,,Doc0162,1/1,10/9/2024,-23.70,,,,,,,,,FALSE,FALSE,FALSE,,FALSE,
Cuo1117,Directo,Doc0163,1/10,15/9/2023,10.25,,,13/10/2023,,,,,,FALSE,FALSE,TRUE,,FALSE,
Cuo1118,Directo,Doc0163,2/10,15/10/2023,10.25,,,2/11/2023,,,,,,FALSE,FALSE,TRUE,,FALSE,
Cuo1119,Directo,Doc0163,3/10,15/11/2023,10.25,,,2/11/2023,,,,,,FALSE,FALSE,FALSE,,FALSE,
Cuo1120,Directo,Doc0163,4/10,15/12/2023,10.25,,,29/11/2023,,,,,,FALSE,FALSE,FALSE,,FALSE,
Cuo1121,Directo,Doc0163,5/10,15/1/2024,10.25,,,2/1/2024,,,,,,FALSE,FALSE,FALSE,,FALSE,
Cuo1122,Directo,Doc0163,6/10,15/2/2024,10.25,,,20/2/2024,,,,,,FALSE,FALSE,FALSE,,FALSE,
Cuo1123,Directo,Doc0163,7/10,15/3/2024,10.25,,,15/3/2024,,,,,,FALSE,FALSE,FALSE,,FALSE,
Cuo1124,Directo,Doc0163,8/10,15/4/2024,10.25,,,2/4/2024,,,,,,FALSE,FALSE,FALSE,,FALSE,
Cuo1125,Directo,Doc0163,9/10,15/5/2024,10.25,,,,,,,,,FALSE,FALSE,FALSE,,FALSE,
Cuo1126,Directo,Doc0163,10/10,15/6/2024,10.25,,,,,,,,,FALSE,FALSE,FALSE,,FALSE,
Cuo1127,Automático,Doc0164,1/12,2/9/2023,1.80,,,,,,,,,FALSE,FALSE,FALSE,,FALSE,
Cuo1128,Automático,Doc0164,2/12,2/10/2023,1.80,,,,,,,,,FALSE,FALSE,FALSE,,FALSE,
Cuo1129,Automático,Doc0164,3/12,2/11/2023,1.80,,,,,,,,,FALSE,FALSE,FALSE,,FALSE,
Cuo1130,Automático,Doc0164,4/12,2/12/2023,1.80,,,,,,,,,FALSE,FALSE,FALSE,,FALSE,
Cuo1131,Automático,Doc0164,5/12,2/1/2024,1.80,,,,,,,,,FALSE,FALSE,FALSE,,FALSE,
Cuo1132,Automático,Doc0164,6/12,2/2/2024,1.80,,,,,,,,,FALSE,FALSE,FALSE,,FALSE,
Cuo1133,Automático,Doc0164,7/12,2/3/2024,1.80,,,,,,,,,FALSE,FALSE,FALSE,,FALSE,
Cuo1134,Automático,Doc0164,8/12,2/4/2024,1.80,,,,,,,,,FALSE,FALSE,FALSE,,FALSE,
Cuo1135,Automático,Doc0164,9/12,2/5/2024,1.80,,,,,,,,,FALSE,FALSE,FALSE,,FALSE,
Cuo1136,Automático,Doc0164,10/12,2/6/2024,1.80,,,,,,,,,FALSE,FALSE,FALSE,,FALSE,
Cuo1137,Automático,Doc0164,11/12,2/7/2024,1.80,,,,,,,,,FALSE,FALSE,FALSE,,FALSE,
Cuo1138,Automático,Doc0164,12/12,2/8/2024,1.80,,,,,,,,,FALSE,FALSE,FALSE,,FALSE,
Cuo1139,Automático,Doc0165,1/12,18/9/2023,0.83,,,20/9/2023,,,,,,FALSE,FALSE,FALSE,,FALSE,
Cuo1140,Automático,Doc0165,2/12,18/10/2023,0.83,,,18/10/2023,,,,,,FALSE,FALSE,FALSE,,FALSE,
Cuo1141,Automático,Doc0165,3/12,18/11/2023,0.83,,,20/11/2023,,,,,,FALSE,FALSE,FALSE,,FALSE,
Cuo1142,Automático,Doc0165,4/12,18/12/2023,0.83,,,,,,,,,FALSE,FALSE,FALSE,,FALSE,
Cuo1143,Automático,Doc0165,5/12,18/1/2024,0.83,,,,,,,,,FALSE,FALSE,FALSE,,FALSE,
Cuo1144,Automático,Doc0165,6/12,18/2/2024,0.83,,,,,,,,,FALSE,FALSE,FALSE,,FALSE,
Cuo1145,Automático,Doc0165,7/12,18/3/2024,0.83,,,,,,,,,FALSE,FALSE,FALSE,,FALSE,
Cuo1146,Automático,Doc0165,8/12,18/4/2024,0.83,,,,,,,,,FALSE,FALSE,FALSE,,FALSE,
Cuo1147,Automático,Doc0165,9/12,18/5/2024,0.83,,,,,,,,,FALSE,FALSE,FALSE,,FALSE,
Cuo1148,Automático,Doc0165,10/12,18/6/2024,0.83,,,,,,,,,FALSE,FALSE,FALSE,,FALSE,
Cuo1149,Automático,Doc0165,11/12,18/7/2024,0.83,,,,,,,,,FALSE,FALSE,FALSE,,FALSE,
Cuo1150,Automático,Doc0165,12/12,18/8/2024,0.83,,,,,,,,,FALSE,FALSE,FALSE,,FALSE,
Cuo1151,Directo,Doc0166,1/12,19/6/2023,0.56,,,,,,,,,FALSE,FALSE,FALSE,,FALSE,
Cuo1152,Directo,Doc0166,2/12,18/10/2023,0.57,,,,,,,,,FALSE,FALSE,FALSE,,FALSE,
Cuo1153,Directo,Doc0166,3/12,18/11/2023,0.57,,,,,,,,,FALSE,FALSE,FALSE,,FALSE,
Cuo1154,Directo,Doc0166,4/12,18/12/2023,0.57,,,,,,,,,FALSE,FALSE,FALSE,,FALSE,
Cuo1155,Directo,Doc0166,5/12,18/1/2024,0.57,,,,,,,,,FALSE,FALSE,FALSE,,FALSE,
Cuo1156,Directo,Doc0166,6/12,18/2/2024,0.57,,,,,,,,,FALSE,FALSE,FALSE,,FALSE,
Cuo1157,Directo,Doc0166,7/12,18/3/2024,0.57,,,,,,,,,FALSE,FALSE,FALSE,,FALSE,
Cuo1158,Directo,Doc0166,8/12,18/4/2024,0.57,,,,,,,,,FALSE,FALSE,FALSE,,FALSE,
Cuo1159,Directo,Doc0166,9/12,18/5/2024,0.57,,,,,,,,,FALSE,FALSE,FALSE,,FALSE,
Cuo1160,Directo,Doc0166,10/12,18/6/2024,0.57,,,,,,,,,FALSE,FALSE,FALSE,,FALSE,
Cuo1161,Directo,Doc0166,11/12,18/7/2024,0.57,,,,,,,,,FALSE,FALSE,FALSE,,FALSE,
Cuo1162,Directo,Doc0166,12/12,18/8/2024,0.57,,,,,,,,,FALSE,FALSE,FALSE,,FALSE,
Cuo1163,Directo,Doc0167,1/12,13/9/2023,1.42,,,,,,,,,FALSE,FALSE,FALSE,,FALSE,
Cuo1164,Directo,Doc0167,2/12,5/10/2023,1.42,,,,,,,,,FALSE,FALSE,FALSE,,FALSE,
Cuo1165,Directo,Doc0167,3/12,5/11/2023,1.42,,,,,,,,,FALSE,FALSE,FALSE,,FALSE,
Cuo1166,Directo,Doc0167,4/12,5/12/2023,1.42,,,,,,,,,FALSE,FALSE,FALSE,,FALSE,
Cuo1167,Directo,Doc0167,5/12,5/1/2024,1.42,,,,,,,,,FALSE,FALSE,FALSE,,FALSE,
Cuo1168,Directo,Doc0167,6/12,5/2/2024,1.42,,,,,,,,,FALSE,FALSE,FALSE,,FALSE,
Cuo1169,Directo,Doc0167,7/12,5/3/2024,1.42,,,,,,,,,FALSE,FALSE,FALSE,,FALSE,
Cuo1170,Directo,Doc0167,8/12,5/4/2024,1.42,,,,,,,,,FALSE,FALSE,FALSE,,FALSE,
Cuo1171,Directo,Doc0167,9/12,5/5/2024,1.42,,,,,,,,,FALSE,FALSE,FALSE,,FALSE,
Cuo1172,Directo,Doc0167,10/12,5/6/2024,1.42,,,,,,,,,FALSE,FALSE,FALSE,,FALSE,
Cuo1173,Directo,Doc0167,11/12,5/7/2024,1.42,,,,,,,,,FALSE,FALSE,FALSE,,FALSE,
Cuo1174,Directo,Doc0167,12/12,5/8/2024,1.42,,,,,,,,,FALSE,FALSE,FALSE,,FALSE,
Cuo1175,Directo,Doc0168,1/1,13/10/2024,-4.05,,,,,,,,,FALSE,FALSE,FALSE,,FALSE,
Cuo1176,,Doc0169,1/10,2/10/2023,0.88,,,,,,,,,FALSE,FALSE,FALSE,,FALSE,
Cuo1177,,Doc0169,2/10,2/11/2023,0.88,,,,,,,,,FALSE,FALSE,FALSE,,FALSE,
Cuo1178,,Doc0169,3/10,2/12/2023,0.88,,,,,,,,,FALSE,FALSE,FALSE,,FALSE,
Cuo1179,,Doc0169,4/10,2/1/2024,0.88,,,,,,,,,FALSE,FALSE,FALSE,,FALSE,
Cuo1180,,Doc0169,5/10,2/2/2024,0.88,,,,,,,,,FALSE,FALSE,FALSE,,FALSE,
Cuo1181,,Doc0169,6/10,2/3/2024,0.88,,,,,,,,,FALSE,FALSE,FALSE,,FALSE,
Cuo1182,,Doc0169,7/10,2/4/2024,0.88,,,,,,,,,FALSE,FALSE,FALSE,,FALSE,
Cuo1183,,Doc0169,8/10,2/5/2024,0.88,,,,,,,,,FALSE,FALSE,FALSE,,FALSE,
Cuo1184,,Doc0169,9/10,2/6/2024,0.88,,,,,,,,,FALSE,FALSE,FALSE,,FALSE,
Cuo1185,,Doc0169,10/10,2/7/2024,0.88,,,,,,,,,FALSE,FALSE,FALSE,,FALSE,
Cuo1186,,Doc0170,1/1,15/10/2024,-8.80,,,,,,,,,FALSE,FALSE,FALSE,,FALSE,
Cuo1187,Directo,Doc0171,1/6,25/10/2023,3.27,,,6/11/2023,"$119,123.00",,,,,FALSE,FALSE,FALSE,,FALSE,
Cuo1188,Directo,Doc0171,2/6,25/11/2023,3.27,,,6/12/2023,"$119,643.00",,,,,FALSE,FALSE,TRUE,,FALSE,
Cuo1189,Directo,Doc0171,3/6,25/12/2023,3.27,,,10/1/2024,"$120,545.00",,,,,FALSE,FALSE,TRUE,,FALSE,
Cuo1190,Directo,Doc0171,4/6,25/1/2024,3.27,,,9/2/2024,"$119,962.00",,,,,FALSE,FALSE,TRUE,,FALSE,
Cuo1191,Directo,Doc0171,5/6,25/2/2024,3.27,,,9/4/2024,"$121,507.00",,,,,FALSE,FALSE,TRUE,,FALSE,
Cuo1192,Directo,Doc0171,6/6,25/3/2024,3.28,,,9/4/2024,"$121,878.00",,,,,FALSE,FALSE,FALSE,,FALSE,
Cuo1193,Directo,Doc0172,1/3,25/10/2023,0.68,,,,,,,,,FALSE,FALSE,FALSE,,FALSE,
Cuo1194,Directo,Doc0172,2/3,25/11/2023,1.34,,,,,,,,,FALSE,FALSE,FALSE,,FALSE,
Cuo1195,Directo,Doc0172,3/3,25/12/2023,1.35,,,,"$49,621.00",,,,,FALSE,FALSE,FALSE,,FALSE,
Cuo1196,Directo,Doc0173,1/12,4/10/2023,1.50,,,30/10/2023,"$54,570.00",,,,,FALSE,FALSE,TRUE,,FALSE,
Cuo1197,Automático,Doc0173,2/12,30/11/2023,1.50,,,,,,,,,FALSE,FALSE,FALSE,,FALSE,
Cuo1198,Automático,Doc0173,3/12,30/12/2023,1.50,,,,,,,,,FALSE,FALSE,FALSE,,FALSE,
Cuo1199,Automático,Doc0173,4/12,30/1/2024,1.50,,,,,,,,,FALSE,FALSE,FALSE,,FALSE,
Cuo1200,Automático,Doc0173,5/12,29/2/2024,1.50,,,,,,,,,FALSE,FALSE,FALSE,,FALSE,
Cuo1201,Automático,Doc0173,6/12,30/3/2024,1.50,,,,,,,,,FALSE,FALSE,FALSE,,FALSE,
Cuo1202,Automático,Doc0173,7/12,30/4/2024,1.50,,,,,,,,,FALSE,FALSE,FALSE,,FALSE,
Cuo1203,Automático,Doc0173,8/12,30/5/2024,1.50,,,,,,,,,FALSE,FALSE,FALSE,,FALSE,
Cuo1204,Automático,Doc0173,9/12,30/6/2024,1.50,,,,,,,,,FALSE,FALSE,FALSE,,FALSE,
Cuo1205,Automático,Doc0173,10/12,30/7/2024,1.50,,,,,,,,,FALSE,FALSE,FALSE,,FALSE,
Cuo1206,Automático,Doc0173,11/12,30/8/2024,1.50,,,,,,,,,FALSE,FALSE,FALSE,,FALSE,
Cuo1207,Automático,Doc0173,12/12,30/9/2024,1.53,,,,,,,,,FALSE,FALSE,FALSE,,FALSE,
Cuo1208,Directo,Doc0174,1/10,5/11/2023,2.74,,,16/11/2023,,,,,,FALSE,FALSE,TRUE,,FALSE,
Cuo1209,Directo,Doc0174,2/10,5/12/2023,2.74,,,6/12/2023,,,,,,FALSE,FALSE,FALSE,,FALSE,
Cuo1210,Directo,Doc0174,3/10,5/1/2024,2.74,,,10/1/2024,,,,,,FALSE,FALSE,FALSE,,FALSE,
Cuo1211,Directo,Doc0174,4/10,5/2/2024,2.74,,,9/2/2024,,,,,,FALSE,FALSE,TRUE,,FALSE,
Cuo1212,Directo,Doc0174,5/10,5/3/2024,2.74,,,9/4/2024,,,,,,FALSE,FALSE,FALSE,,FALSE,
Cuo1213,Directo,Doc0174,6/10,5/4/2024,2.74,,,,,,,,,FALSE,FALSE,FALSE,,FALSE,
Cuo1214,Directo,Doc0174,7/10,5/5/2024,2.74,,,,,,,,,FALSE,FALSE,FALSE,,FALSE,
Cuo1215,Directo,Doc0174,8/10,5/6/2024,2.74,,,,,,,,,FALSE,FALSE,FALSE,,FALSE,
Cuo1216,Directo,Doc0174,9/10,5/7/2024,2.74,,,,,,,,,FALSE,FALSE,FALSE,,FALSE,
Cuo1217,Directo,Doc0174,10/10,5/8/2024,2.74,,,,,,,,,FALSE,FALSE,FALSE,,FALSE,
Cuo1218,Directo,Doc0175,1/1,4/11/2024,-10.78,,,,,,,,,FALSE,FALSE,FALSE,,FALSE,
Cuo1219,Automático,Doc0176,1/10,10/11/2023,2.29,,,,,,,,,FALSE,FALSE,FALSE,,FALSE,
Cuo1220,Automático,Doc0176,2/10,10/12/2023,2.29,,,,,,,,,FALSE,FALSE,FALSE,,FALSE,
Cuo1221,Automático,Doc0176,3/10,10/1/2024,2.29,,,,,,,,,FALSE,FALSE,FALSE,,FALSE,
Cuo1222,Automático,Doc0176,4/10,10/2/2024,2.29,,,,,,,,,FALSE,FALSE,FALSE,,FALSE,
Cuo1223,Automático,Doc0176,5/10,10/3/2024,2.29,,,,,,,,,FALSE,FALSE,FALSE,,FALSE,
Cuo1224,Automático,Doc0176,6/10,10/4/2024,2.29,,,,,,,,,FALSE,FALSE,FALSE,,FALSE,
Cuo1225,Automático,Doc0176,7/10,10/5/2024,2.29,,,,,,,,,FALSE,FALSE,FALSE,,FALSE,
Cuo1226,Automático,Doc0176,8/10,10/6/2024,2.29,,,,,,,,,FALSE,FALSE,FALSE,,FALSE,
Cuo1227,Automático,Doc0176,9/10,10/7/2024,2.29,,,,,,,,,FALSE,FALSE,FALSE,,FALSE,
Cuo1228,Automático,Doc0176,10/10,10/8/2024,2.29,,,,,,,,,FALSE,FALSE,FALSE,,FALSE,
Cuo1229,Directo,Doc0177,1/10,5/12/2023,3.62,,,12/12/2023,"$132,642.00",,,OC1169306,,FALSE,FALSE,TRUE,,FALSE,
Cuo1230,Directo,Doc0177,2/10,5/1/2024,3.62,,,15/1/2024,"$133,351.00",,,,,FALSE,FALSE,TRUE,,FALSE,
Cuo1231,Directo,Doc0177,3/10,5/2/2024,3.62,,,,,,,,,FALSE,FALSE,TRUE,,FALSE,
Cuo1232,Directo,Doc0177,4/10,5/3/2024,3.62,,,,"$133,876.00",,,,,FALSE,FALSE,TRUE,,FALSE,
Cuo1233,Directo,Doc0177,5/10,5/4/2024,3.62,,,,,,,,,FALSE,FALSE,FALSE,,FALSE,
Cuo1234,Directo,Doc0177,6/10,5/5/2024,3.62,,,,,,,,,FALSE,FALSE,FALSE,,FALSE,
Cuo1235,Directo,Doc0177,7/10,5/6/2024,3.62,,,,,,,,,FALSE,FALSE,FALSE,,FALSE,
Cuo1236,Directo,Doc0177,8/10,5/7/2024,3.62,,,,,,,,,FALSE,FALSE,FALSE,,FALSE,
Cuo1237,Directo,Doc0177,9/10,5/8/2024,3.62,,,,,,,,,FALSE,FALSE,FALSE,,FALSE,
Cuo1238,Directo,Doc0177,10/10,5/9/2024,3.62,,,,,,,,,FALSE,FALSE,FALSE,,FALSE,
Cuo1239,Directo,Doc0178,1/10,5/12/2023,3.62,,,12/12/2023,"$132,642.00",,,OC1169295,,FALSE,FALSE,TRUE,,FALSE,
Cuo1240,Directo,Doc0178,2/10,5/1/2024,3.62,,,15/1/2024,"$133,351.00",,,,,FALSE,FALSE,TRUE,,FALSE,
Cuo1241,Directo,Doc0178,3/10,5/2/2024,3.62,,,,,,,,,FALSE,FALSE,TRUE,,FALSE,
Cuo1242,Directo,Doc0178,4/10,5/3/2024,3.62,,,,"$133,876.00",,,,,FALSE,FALSE,TRUE,,FALSE,
Cuo1243,Directo,Doc0178,5/10,5/4/2024,3.62,,,18/4/2024,"$134,707.00",,,,,FALSE,FALSE,TRUE,,FALSE,
Cuo1244,Directo,Doc0178,6/10,5/5/2024,3.62,,,,,,,,,FALSE,FALSE,TRUE,,FALSE,
Cuo1245,Directo,Doc0178,7/10,5/6/2024,3.62,,,,,,,,,FALSE,FALSE,FALSE,,FALSE,
Cuo1246,Directo,Doc0178,8/10,5/7/2024,3.62,,,,,,,,,FALSE,FALSE,TRUE,,FALSE,
Cuo1247,Directo,Doc0178,9/10,5/8/2024,3.62,,,13/8/2024,"$136,153.00",,,,,FALSE,FALSE,TRUE,,FALSE,
Cuo1248,Directo,Doc0178,10/10,5/9/2024,3.62,,,,,,,,,FALSE,FALSE,FALSE,,FALSE,
Cuo1249,Directo,Doc0179,1/1,24/11/2024,-18.77,,,,,,,,,FALSE,FALSE,FALSE,,FALSE,
Cuo1250,Automático,Doc0180,1/11,25/12/2023,1.82,,,,,,,,,FALSE,FALSE,FALSE,,FALSE,
Cuo1251,Automático,Doc0180,2/11,25/1/2024,1.82,,,,,,,,,FALSE,FALSE,FALSE,,FALSE,
Cuo1252,Automático,Doc0180,3/11,25/2/2024,1.82,,,,,,,,,FALSE,FALSE,FALSE,,FALSE,
Cuo1253,Automático,Doc0180,4/11,25/3/2024,1.82,,,,,,,,,FALSE,FALSE,FALSE,,FALSE,
Cuo1254,Automático,Doc0180,5/11,25/4/2024,1.82,,,,,,,,,FALSE,FALSE,FALSE,,FALSE,
Cuo1255,Automático,Doc0180,6/11,25/5/2024,1.82,,,,,,,,,FALSE,FALSE,FALSE,,FALSE,
Cuo1256,Automático,Doc0180,7/11,25/6/2024,1.82,,,,,,,,,FALSE,FALSE,FALSE,,FALSE,
Cuo1257,Automático,Doc0180,8/11,25/7/2024,1.82,,,,,,,,,FALSE,FALSE,FALSE,,FALSE,
Cuo1258,Automático,Doc0180,9/11,25/8/2024,1.82,,,,,,,,,FALSE,FALSE,FALSE,,FALSE,
Cuo1259,Automático,Doc0180,10/11,25/9/2024,1.82,,,,,,,,,FALSE,FALSE,FALSE,,FALSE,
Cuo1260,Automático,Doc0180,11/11,25/10/2024,1.82,,,,,,,,,FALSE,FALSE,FALSE,,FALSE,
Cuo1261,Directo,Doc0181,1/11,26/12/2023,2.00,,,,,,,,,FALSE,FALSE,FALSE,,FALSE,
Cuo1262,Directo,Doc0181,2/11,25/1/2024,2.00,,,,,,,,,FALSE,FALSE,FALSE,,FALSE,
Cuo1263,Directo,Doc0181,3/11,25/2/2024,2.00,,,,,,,,,FALSE,FALSE,FALSE,,FALSE,
Cuo1264,Directo,Doc0181,4/11,25/3/2024,2.00,,,,,,,,,FALSE,FALSE,FALSE,,FALSE,
Cuo1265,Directo,Doc0181,5/11,25/4/2024,2.00,,,,,,,,,FALSE,FALSE,FALSE,,FALSE,
Cuo1266,Directo,Doc0181,6/11,25/5/2024,2.00,,,,,,,,,FALSE,FALSE,TRUE,,FALSE,
Cuo1267,Directo,Doc0181,7/11,25/6/2024,2.00,,,,,,,,,FALSE,FALSE,FALSE,,FALSE,
Cuo1268,Directo,Doc0181,8/11,25/7/2024,2.00,,,,,,,,,FALSE,FALSE,FALSE,,FALSE,
Cuo1269,Directo,Doc0181,9/11,25/8/2024,2.00,,,,,,,,,FALSE,FALSE,TRUE,,FALSE,
Cuo1270,Directo,Doc0181,10/11,25/9/2024,2.00,,,,,,,,,FALSE,FALSE,FALSE,,FALSE,
Cuo1271,Directo,Doc0181,11/11,25/10/2024,2.02,,,,,,,,,FALSE,FALSE,FALSE,,FALSE,
Cuo1272,Directo,Doc0182,1/5,5/12/2023,1.25,,,,,,,,,FALSE,FALSE,FALSE,,FALSE,
Cuo1273,Directo,Doc0182,2/5,5/1/2024,1.25,,,2/1/2024,,,,,,FALSE,FALSE,FALSE,,FALSE,
Cuo1274,Directo,Doc0182,3/5,5/2/2024,1.25,,,,,,,,,FALSE,FALSE,FALSE,,FALSE,
Cuo1275,Directo,Doc0182,4/5,5/3/2024,1.25,,,,,,,,,FALSE,FALSE,FALSE,,FALSE,
Cuo1276,Directo,Doc0182,5/5,5/4/2024,1.26,,,,,,,,,FALSE,FALSE,FALSE,,FALSE,
Cuo1277,Directo,Doc0183,1/3,5/12/2023,1.19,,,,,,,,,FALSE,FALSE,FALSE,,FALSE,
Cuo1278,Directo,Doc0183,2/3,5/1/2024,1.19,,,2/1/2024,,,,,,FALSE,FALSE,FALSE,,FALSE,
Cuo1279,Directo,Doc0183,3/3,5/2/2024,1.18,,,,,,,,,FALSE,FALSE,FALSE,,FALSE,
Cuo1280,Directo,Doc0184,1/5,5/12/2023,1.03,,,,,,,,,FALSE,FALSE,FALSE,,FALSE,
Cuo1281,Directo,Doc0184,2/5,5/1/2024,1.03,,,2/1/2024,,,,,,FALSE,FALSE,FALSE,,FALSE,
Cuo1282,Directo,Doc0184,3/5,5/2/2024,1.03,,,,,,,,,FALSE,FALSE,FALSE,,FALSE,
Cuo1283,Directo,Doc0184,4/5,5/3/2024,1.03,,,,,,,,,FALSE,FALSE,FALSE,,FALSE,
Cuo1284,Directo,Doc0184,5/5,5/4/2024,1.02,,,,,,,,,FALSE,FALSE,FALSE,,FALSE,
Cuo1285,Automático,Doc0185,1/10,11/12/2023,0.84,,,,,,,,,FALSE,FALSE,FALSE,,FALSE,
Cuo1286,Automático,Doc0185,2/10,10/1/2024,0.84,,,,,,,,,FALSE,FALSE,FALSE,,FALSE,
Cuo1287,Automático,Doc0185,3/10,12/2/2024,0.84,,,,,,,,,FALSE,FALSE,FALSE,,FALSE,
Cuo1288,Automático,Doc0185,4/10,11/3/2024,0.84,,,,,,,,,FALSE,FALSE,FALSE,,FALSE,
Cuo1289,Automático,Doc0185,5/10,10/4/2024,0.84,,,,,,,,,FALSE,FALSE,FALSE,,FALSE,
Cuo1290,Automático,Doc0185,6/10,10/5/2024,0.84,,,,,,,,,FALSE,FALSE,FALSE,,FALSE,
Cuo1291,,Doc0185,7/10,10/6/2024,0.84,,,,,,,,,FALSE,FALSE,FALSE,,FALSE,
Cuo1292,,Doc0185,8/10,10/7/2024,0.84,,,,,,,,,FALSE,FALSE,FALSE,,FALSE,
Cuo1293,,Doc0185,9/10,12/8/2024,0.84,,,,,,,,,FALSE,FALSE,FALSE,,FALSE,
Cuo1294,,Doc0185,10/10,10/9/2024,0.88,,,,,,,,,FALSE,FALSE,FALSE,,FALSE,
Cuo1295,,Doc0186,1/1,10/10/2024,-6.98,,,,,,,,,FALSE,FALSE,FALSE,,FALSE,
Cuo1296,Directo,Doc0187,1/10,10/12/2023,1.61,,,5/12/2023,"$58,907.00",,,,,FALSE,FALSE,FALSE,,FALSE,
Cuo1297,Directo,Doc0187,2/10,10/1/2024,1.61,,,2/1/2024,,,,,,FALSE,FALSE,FALSE,,FALSE,
Cuo1298,Directo,Doc0187,3/10,10/2/2024,1.61,,,5/2/2024,,,,,,FALSE,FALSE,FALSE,,FALSE,
Cuo1299,Directo,Doc0187,4/10,10/3/2024,1.61,,,4/3/2024,,,,,,FALSE,FALSE,FALSE,,FALSE,
Cuo1300,Directo,Doc0187,5/10,10/4/2024,1.61,,,3/4/2024,,,,,,FALSE,FALSE,FALSE,,FALSE,
Cuo1301,Directo,Doc0187,6/10,10/5/2024,1.61,,,,,,,,,FALSE,FALSE,FALSE,,FALSE,
Cuo1302,Directo,Doc0187,7/10,10/6/2024,1.61,,,,,,,,,FALSE,FALSE,FALSE,,FALSE,
Cuo1303,Directo,Doc0187,8/10,10/7/2024,1.61,,,,,,,,,FALSE,FALSE,FALSE,,FALSE,
Cuo1304,Directo,Doc0187,9/10,10/8/2024,1.61,,,,,,,,,FALSE,FALSE,FALSE,,FALSE,
Cuo1305,Directo,Doc0187,10/10,10/9/2024,1.63,,,,,,,,,FALSE,FALSE,FALSE,,FALSE,
Cuo1306,Directo,Doc0188,1/10,2/12/2023,1.45,,,13/11/2023,,,,,,FALSE,FALSE,FALSE,,FALSE,
Cuo1307,Directo,Doc0188,2/10,2/1/2024,1.45,,,12/1/2024,,,,,,FALSE,FALSE,TRUE,,FALSE,
Cuo1308,Directo,Doc0188,3/10,2/2/2024,1.45,,,12/2/2024,,,,,,FALSE,FALSE,FALSE,,FALSE,
Cuo1309,Directo,Doc0188,4/10,2/3/2024,1.45,,,11/3/2024,,,,,,FALSE,FALSE,FALSE,,FALSE,
Cuo1310,Directo,Doc0188,5/10,2/4/2024,1.45,,,16/4/2024,,,,,,FALSE,FALSE,FALSE,,FALSE,
Cuo1311,Directo,Doc0188,6/10,2/5/2024,1.45,,,,,,,,,FALSE,FALSE,TRUE,,FALSE,
Cuo1312,Directo,Doc0188,7/10,2/6/2024,1.45,,,,,,,,,FALSE,FALSE,FALSE,,FALSE,
Cuo1313,Directo,Doc0188,8/10,2/7/2024,1.45,,,,,,,,,FALSE,FALSE,FALSE,,FALSE,
Cuo1314,Directo,Doc0188,9/10,2/8/2024,1.45,,,,,,,,,FALSE,FALSE,FALSE,,FALSE,
Cuo1315,Directo,Doc0188,10/10,2/9/2024,1.45,,,,,,,,,FALSE,FALSE,FALSE,,FALSE,
Cuo1316,Directo,Doc0189,1/12,12/12/2023,3.57,,,,,,,,,FALSE,FALSE,FALSE,,FALSE,
Cuo1317,Directo,Doc0189,2/12,10/1/2024,3.55,,,,,,,,,FALSE,FALSE,FALSE,,FALSE,
Cuo1318,Directo,Doc0189,3/12,10/2/2024,3.55,,,,,,,,,FALSE,FALSE,FALSE,,FALSE,
Cuo1319,Directo,Doc0189,4/12,10/3/2024,3.55,,,,,,,,,FALSE,FALSE,FALSE,,FALSE,
Cuo1320,Directo,Doc0189,5/12,10/4/2024,3.55,,,,,,,,,FALSE,FALSE,FALSE,,FALSE,
Cuo1321,Directo,Doc0189,6/12,10/5/2024,3.55,,,,,,,,,FALSE,FALSE,FALSE,,FALSE,
Cuo1322,Directo,Doc0189,7/12,10/6/2024,3.55,,,,,,,,,FALSE,FALSE,FALSE,,FALSE,
Cuo1323,Directo,Doc0189,8/12,10/7/2024,3.55,,,,,,,,,FALSE,FALSE,FALSE,,FALSE,
Cuo1324,Directo,Doc0189,9/12,10/8/2024,3.55,,,,,,,,,FALSE,FALSE,FALSE,,FALSE,
Cuo1325,Directo,Doc0189,10/12,10/9/2024,3.55,,,,,,,,,FALSE,FALSE,FALSE,,FALSE,
Cuo1326,Directo,Doc0189,11/12,10/10/2024,3.55,,,,,,,,,FALSE,FALSE,FALSE,,FALSE,
Cuo1327,Directo,Doc0189,12/12,10/11/2024,3.55,,,,,,,,,FALSE,FALSE,FALSE,,FALSE,
Cuo1328,Automático,Doc0190,1/12,10/12/2023,2.30,,,,,,,,,FALSE,FALSE,FALSE,,FALSE,
Cuo1329,Automático,Doc0190,2/12,10/1/2024,2.30,,,,,,,,,FALSE,FALSE,FALSE,,FALSE,
Cuo1330,Automático,Doc0190,3/12,10/2/2024,2.30,,,,,,,,,FALSE,FALSE,FALSE,,FALSE,
Cuo1331,Automático,Doc0190,4/12,10/3/2024,2.30,,,,,,,,,FALSE,FALSE,FALSE,,FALSE,
Cuo1332,Automático,Doc0190,5/12,10/4/2024,2.30,,,,,,,,,FALSE,FALSE,FALSE,,FALSE,
Cuo1333,Automático,Doc0190,6/12,10/5/2024,2.30,,,,,,,,,FALSE,FALSE,FALSE,,FALSE,
Cuo1334,Automático,Doc0190,7/12,10/6/2024,2.30,,,,,,,,,FALSE,FALSE,FALSE,,FALSE,
Cuo1335,Automático,Doc0190,8/12,10/7/2024,2.30,,,,,,,,,FALSE,FALSE,FALSE,,FALSE,
Cuo1336,Automático,Doc0190,9/12,10/8/2024,2.30,,,,,,,,,FALSE,FALSE,FALSE,,FALSE,
Cuo1337,Automático,Doc0190,10/12,10/9/2024,2.30,,,,,,,,,FALSE,FALSE,FALSE,,FALSE,
Cuo1338,Automático,Doc0190,11/12,10/10/2024,2.30,,,,,,,,,FALSE,FALSE,FALSE,,FALSE,
Cuo1339,Automático,Doc0190,12/12,10/11/2024,2.30,,,,,,,,,FALSE,FALSE,FALSE,,FALSE,
Cuo1340,Directo,Doc0191,1/12,18/12/2023,1.46,,,19/12/2023,,,,,,FALSE,FALSE,FALSE,,FALSE,
Cuo1341,Directo,Doc0191,2/12,18/1/2024,1.46,,,18/1/2024,,,,,,FALSE,FALSE,FALSE,,FALSE,
Cuo1342,Directo,Doc0191,3/12,18/2/2024,1.46,,,8/2/2024,,,,,,FALSE,FALSE,FALSE,,FALSE,
Cuo1343,Directo,Doc0191,4/12,18/3/2024,1.46,,,18/3/2024,,,,,,FALSE,FALSE,FALSE,,FALSE,
Cuo1344,Directo,Doc0191,5/12,18/4/2024,1.46,,,18/4/2024,,,,,,FALSE,FALSE,FALSE,,FALSE,
Cuo1345,Directo,Doc0191,6/12,18/5/2024,1.46,,,,,,,,,FALSE,FALSE,FALSE,,FALSE,
Cuo1346,Directo,Doc0191,7/12,18/6/2024,1.46,,,,,,,,,FALSE,FALSE,FALSE,,FALSE,
Cuo1347,Directo,Doc0191,8/12,18/7/2024,1.46,,,,,,,,,FALSE,FALSE,FALSE,,FALSE,
Cuo1348,Directo,Doc0191,9/12,18/8/2024,1.46,,,,,,,,,FALSE,FALSE,FALSE,,FALSE,
Cuo1349,Directo,Doc0191,10/12,18/9/2024,1.46,,,,,,,,,FALSE,FALSE,FALSE,,FALSE,
Cuo1350,Directo,Doc0191,11/12,18/10/2024,1.46,,,,,,,,,FALSE,FALSE,TRUE,,FALSE,
Cuo1351,Directo,Doc0191,12/12,18/11/2024,1.46,,,,,,,,,FALSE,FALSE,TRUE,,FALSE,
Cuo1352,Directo,Doc0192,1/1,22/12/2024,7.97,,,27/11/2023,"$291,298.00",,,1944590,,FALSE,FALSE,FALSE,,FALSE,
Cuo1353,Automático,Doc0194,1/11,5/12/2024,2.88,,,,,,,,,FALSE,FALSE,FALSE,,FALSE,
Cuo1354,Automático,Doc0194,2/11,5/1/2024,2.88,,,,,,,,,FALSE,FALSE,FALSE,,FALSE,
Cuo1355,Automático,Doc0194,3/11,5/2/2024,2.88,,,,,,,,,FALSE,FALSE,FALSE,,FALSE,
Cuo1356,Automático,Doc0194,4/11,5/3/2024,2.88,,,,,,,,,FALSE,FALSE,FALSE,,FALSE,
Cuo1357,Automático,Doc0194,5/11,5/4/2024,2.88,,,,,,,,,FALSE,FALSE,FALSE,,FALSE,
Cuo1358,Automático,Doc0194,6/11,5/5/2024,2.88,,,,,,,,,FALSE,FALSE,FALSE,,FALSE,
Cuo1359,Automático,Doc0194,7/11,5/6/2024,2.88,,,,,,,,,FALSE,FALSE,FALSE,,FALSE,
Cuo1360,Automático,Doc0194,8/11,5/7/2024,2.88,,,,,,,,,FALSE,FALSE,FALSE,,FALSE,
Cuo1361,Automático,Doc0194,9/11,5/8/2024,2.88,,,,,,,,,FALSE,FALSE,FALSE,,FALSE,
Cuo1362,,Doc0194,10/11,5/9/2024,2.88,,,,,,,,,FALSE,FALSE,FALSE,,FALSE,
Cuo1363,,Doc0194,11/11,5/10/2024,2.88,,,,,,,,,FALSE,FALSE,FALSE,,FALSE,
Cuo1364,,Doc0195,1/1,23/12/2024,-9.10,,,,,,,,,FALSE,FALSE,FALSE,,FALSE,
Cuo1365,Automático,Doc0196,1/12,5/12/2023,2.05,,,,,,,,,FALSE,FALSE,FALSE,,FALSE,
Cuo1366,Automático,Doc0196,2/12,5/1/2024,2.05,,,,,,,,,FALSE,FALSE,FALSE,,FALSE,
Cuo1367,Automático,Doc0196,3/12,5/2/2024,2.05,,,,,,,,,FALSE,FALSE,FALSE,,FALSE,
Cuo1368,Automático,Doc0196,4/12,5/3/2024,2.05,,,,,,,,,FALSE,FALSE,FALSE,,FALSE,
Cuo1369,Automático,Doc0196,5/12,5/4/2024,2.05,,,,,,,,,FALSE,FALSE,FALSE,,FALSE,
Cuo1370,Automático,Doc0196,6/12,5/5/2024,2.05,,,,,,,,,FALSE,FALSE,FALSE,,FALSE,
Cuo1371,Automático,Doc0196,7/12,5/6/2024,2.05,,,,,,,,,FALSE,FALSE,FALSE,,FALSE,
Cuo1372,Automático,Doc0196,8/12,5/7/2024,2.05,,,,,,,,,FALSE,FALSE,FALSE,,FALSE,
Cuo1373,Automático,Doc0196,9/12,5/8/2024,2.05,,,,,,,,,FALSE,FALSE,FALSE,,FALSE,
Cuo1374,Automático,Doc0196,10/12,5/9/2024,2.05,,,,,,,,,FALSE,FALSE,FALSE,,FALSE,
Cuo1375,Automático,Doc0196,11/12,5/10/2024,2.05,,,,,,,,,FALSE,FALSE,FALSE,,FALSE,
Cuo1376,Automático,Doc0196,12/12,5/11/2024,2.09,,,,,,,,,FALSE,FALSE,FALSE,,FALSE,
Cuo1377,Directo,Doc0197,1/10,16/12/2023,26.91,,,,,,,,,FALSE,FALSE,FALSE,,FALSE,
Cuo1378,Directo,Doc0197,2/10,25/1/2024,26.91,,,,,,,,,FALSE,FALSE,FALSE,,FALSE,
Cuo1379,Directo,Doc0197,3/10,26/2/2024,26.91,,,,,,,,,FALSE,FALSE,FALSE,,FALSE,
Cuo1380,Directo,Doc0197,4/10,25/3/2024,26.91,,,,,,,,,FALSE,FALSE,FALSE,,FALSE,
Cuo1381,Directo,Doc0197,5/10,2/5/2024,26.91,,,,,,,,,FALSE,FALSE,FALSE,,FALSE,
Cuo1382,Directo,Doc0197,6/10,3/6/2024,26.91,,,,,,,,,FALSE,FALSE,FALSE,,FALSE,
Cuo1383,Directo,Doc0197,7/10,2/7/2024,26.91,,,,,,,,,FALSE,FALSE,FALSE,,FALSE,
Cuo1384,Directo,Doc0197,8/10,2/8/2024,26.91,,,,,,,,,FALSE,FALSE,FALSE,,FALSE,
Cuo1385,Directo,Doc0197,9/10,2/9/2024,26.91,,,,,,,,,FALSE,FALSE,FALSE,,FALSE,
Cuo1386,Directo,Doc0197,10/10,2/10/2024,26.92,,,,,,,,,FALSE,FALSE,FALSE,,FALSE,
Cuo1387,Directo,Doc0198,1/10,10/1/2024,0.60,,,15/1/2024,,,,,,FALSE,FALSE,TRUE,,FALSE,
Cuo1388,Directo,Doc0198,2/10,10/2/2024,0.60,,,16/2/2024,,,,,,FALSE,FALSE,FALSE,,FALSE,
Cuo1389,Directo,Doc0198,3/10,10/3/2024,0.60,,,21/3/2024,,,,,,FALSE,FALSE,TRUE,,FALSE,
Cuo1390,Directo,Doc0198,4/10,10/4/2024,0.60,,,19/4/2024,,,,,,FALSE,FALSE,FALSE,,FALSE,
Cuo1391,Directo,Doc0198,5/10,10/5/2024,0.60,,,,,,,,,FALSE,FALSE,FALSE,,FALSE,
Cuo1392,Directo,Doc0198,6/10,10/6/2024,0.60,,,,,,,,,FALSE,FALSE,FALSE,,FALSE,
Cuo1393,Directo,Doc0198,7/10,10/7/2024,0.60,,,,,,,,,FALSE,FALSE,FALSE,,FALSE,
Cuo1394,Directo,Doc0198,8/10,10/8/2024,0.60,,,,,,,,,FALSE,FALSE,FALSE,,FALSE,
Cuo1395,Directo,Doc0198,9/10,10/9/2024,0.60,,,,,,,,,FALSE,FALSE,FALSE,,FALSE,
Cuo1396,Directo,Doc0198,10/10,10/10/2024,0.60,,,,,,,,,FALSE,FALSE,FALSE,,FALSE,
Cuo1397,Directo,Doc0199,1/10,15/1/2024,0.65,,,15/1/2024,,,,,,FALSE,FALSE,FALSE,,FALSE,
Cuo1398,Directo,Doc0199,2/10,15/2/2024,0.65,,,16/2/2024,,,,,,FALSE,FALSE,FALSE,,FALSE,
Cuo1399,Directo,Doc0199,3/10,15/3/2024,0.65,,,15/3/2024,,,,,,FALSE,FALSE,FALSE,,FALSE,
Cuo1400,Directo,Doc0199,4/10,15/4/2024,0.65,,,19/4/2024,,,,,,FALSE,FALSE,FALSE,,FALSE,
Cuo1401,Directo,Doc0199,5/10,15/5/2024,0.65,,,,,,,,,FALSE,FALSE,FALSE,,FALSE,
Cuo1402,Directo,Doc0199,6/10,15/6/2024,0.65,,,,,,,,,FALSE,FALSE,FALSE,,FALSE,
Cuo1403,Directo,Doc0199,7/10,15/7/2024,0.65,,,,,,,,,FALSE,FALSE,FALSE,,FALSE,
Cuo1404,Directo,Doc0199,8/10,15/8/2024,0.65,,,,,,,,,FALSE,FALSE,FALSE,,FALSE,
Cuo1405,Directo,Doc0199,9/10,15/9/2024,0.65,,,,,,,,,FALSE,FALSE,FALSE,,FALSE,
Cuo1406,Directo,Doc0199,10/10,15/10/2024,0.65,,,,,,,,,FALSE,FALSE,FALSE,,FALSE,
Cuo1407,Directo,Doc0200,1/12,10/12/2023,2.13,,,,,,,,,FALSE,FALSE,FALSE,,FALSE,
Cuo1408,Directo,Doc0200,2/12,1/1/2024,2.13,,,,,,,,,FALSE,FALSE,FALSE,,FALSE,
Cuo1409,Directo,Doc0200,3/12,1/2/2024,2.13,,,,,,,,,FALSE,FALSE,FALSE,,FALSE,
Cuo1410,Directo,Doc0200,4/12,1/3/2024,2.13,,,,,,,,,FALSE,FALSE,FALSE,,FALSE,
Cuo1411,Directo,Doc0200,5/12,1/4/2024,2.13,,,,,,,,,FALSE,FALSE,FALSE,,FALSE,
Cuo1412,Directo,Doc0200,6/12,1/5/2024,2.13,,,,,,,,,FALSE,FALSE,FALSE,,FALSE,
Cuo1413,Directo,Doc0200,7/12,1/6/2024,2.13,,,,,,,,,FALSE,FALSE,FALSE,,FALSE,
Cuo1414,Directo,Doc0200,8/12,1/7/2024,2.13,,,,,,,,,FALSE,FALSE,FALSE,,FALSE,
Cuo1415,Directo,Doc0200,9/12,1/8/2024,2.13,,,,,,,,,FALSE,FALSE,FALSE,,FALSE,
Cuo1416,Directo,Doc0200,10/12,1/9/2024,2.13,,,,,,,,,FALSE,FALSE,FALSE,,FALSE,
Cuo1417,Directo,Doc0200,11/12,1/10/2024,2.13,,,,,,,,,FALSE,FALSE,FALSE,,FALSE,
Cuo1418,Directo,Doc0200,12/12,1/11/2024,2.13,,,,,,,,,FALSE,FALSE,FALSE,,FALSE,
Cuo1419,Directo,Doc0201,1/1,27/12/2024,-6.30,,,,,,,,,FALSE,FALSE,FALSE,,FALSE,
Cuo1420,,Doc0202,1/11,2/1/2024,1.84,,,,,,,,,FALSE,FALSE,FALSE,,FALSE,
Cuo1421,,Doc0202,2/11,2/2/2024,1.84,,,,,,,,,FALSE,FALSE,FALSE,,FALSE,
Cuo1422,,Doc0202,3/11,2/3/2024,1.84,,,,,,,,,FALSE,FALSE,FALSE,,FALSE,
Cuo1423,,Doc0202,4/11,2/4/2024,1.84,,,,,,,,,FALSE,FALSE,FALSE,,FALSE,
Cuo1424,,Doc0202,5/11,2/5/2024,1.84,,,,,,,,,FALSE,FALSE,FALSE,,FALSE,
Cuo1425,,Doc0202,6/11,2/6/2024,1.84,,,,,,,,,FALSE,FALSE,FALSE,,FALSE,Debería ser Gratis
Cuo1426,,Doc0202,7/11,2/7/2024,1.84,,,,,,,,,FALSE,FALSE,FALSE,,FALSE,
Cuo1427,,Doc0202,8/11,2/8/2024,1.84,,,,,,,,,FALSE,FALSE,FALSE,,FALSE,
Cuo1428,,Doc0202,9/11,2/9/2024,1.84,,,,,,,,,FALSE,FALSE,FALSE,,FALSE,
Cuo1429,,Doc0202,10/11,2/10/2024,1.84,,,,,,,,,FALSE,FALSE,FALSE,,FALSE,
Cuo1430,,Doc0202,11/11,2/11/2024,1.84,,,,,,,,,FALSE,FALSE,FALSE,,FALSE,Debería ser Gratis
Cuo1431,Directo,Doc0203,1/10,10/1/2024,2.79,,,30/1/2024,,,,,,FALSE,FALSE,TRUE,,FALSE,
Cuo1432,Directo,Doc0203,2/10,12/2/2024,2.79,,,9/2/2024,,,,,,FALSE,FALSE,FALSE,,FALSE,
Cuo1433,Directo,Doc0203,3/10,11/3/2024,2.79,,,8/3/2024,,,,,,FALSE,FALSE,FALSE,,FALSE,
Cuo1434,Directo,Doc0203,4/10,10/4/2024,2.79,,,5/4/2024,,,,,,FALSE,FALSE,FALSE,,FALSE,
Cuo1435,Directo,Doc0203,5/10,10/5/2024,2.79,,,,,,,,,FALSE,FALSE,FALSE,,FALSE,
Cuo1436,Directo,Doc0203,6/10,10/6/2024,2.79,,,,,,,,,FALSE,FALSE,FALSE,,FALSE,
Cuo1437,Directo,Doc0203,7/10,10/7/2024,2.79,,,,,,,,,FALSE,FALSE,FALSE,,FALSE,
Cuo1438,Directo,Doc0203,8/10,12/8/2024,2.79,,,,,,,,,FALSE,FALSE,FALSE,,FALSE,
Cuo1439,Directo,Doc0203,9/10,10/9/2024,2.79,,,,,,,,,FALSE,FALSE,FALSE,,FALSE,
Cuo1440,Directo,Doc0203,10/10,10/10/2024,2.77,,,,,,,,,FALSE,FALSE,FALSE,,FALSE,
Cuo1441,,Doc0204,1/1,11/1/2025,-3.75,,,,,,,,,FALSE,FALSE,FALSE,,FALSE,
Cuo1442,Directo,Doc0205,1/12,15/12/2023,1.07,,,,,,,,,FALSE,FALSE,FALSE,,FALSE,
Cuo1443,Directo,Doc0205,2/12,15/1/2024,1.07,,,,,,,,,FALSE,FALSE,FALSE,,FALSE,
Cuo1444,Directo,Doc0205,3/12,15/2/2024,1.07,,,,,,,,,FALSE,FALSE,FALSE,,FALSE,
Cuo1445,Directo,Doc0205,4/12,15/3/2024,1.07,,,,,,,,,FALSE,FALSE,FALSE,,FALSE,
Cuo1446,Directo,Doc0205,5/12,15/4/2024,1.07,,,,,,,,,FALSE,FALSE,FALSE,,FALSE,
Cuo1447,Directo,Doc0205,6/12,15/5/2024,0.33,,,,,,,,,FALSE,FALSE,FALSE,,FALSE,
Cuo1448,,Doc0205,7/12,15/6/2024,1.07,,,,,,,,,FALSE,FALSE,FALSE,,FALSE,
Cuo1449,,Doc0205,8/12,15/7/2024,1.07,,,,,,,,,FALSE,FALSE,FALSE,,FALSE,
Cuo1450,,Doc0205,9/12,15/8/2024,1.07,,,,,,,,,FALSE,FALSE,FALSE,,FALSE,
Cuo1451,,Doc0205,10/12,15/9/2024,1.07,,,,,,,,,FALSE,FALSE,FALSE,,FALSE,
Cuo1452,,Doc0205,11/12,15/10/2024,1.07,,,,,,,,,FALSE,FALSE,FALSE,,FALSE,
Cuo1453,,Doc0205,12/12,15/11/2024,1.07,,,,,,,,,FALSE,FALSE,FALSE,,FALSE,
Cuo1454,,Doc0206,1/1,12/1/2025,-6.76,,,,,,,,,FALSE,FALSE,FALSE,,FALSE,
Cuo1455,Directo,Doc0207,1/11,10/2/2024,4.14,,,,,,,,,FALSE,FALSE,TRUE,,FALSE,
Cuo1456,Directo,Doc0207,2/11,10/3/2024,4.14,,,,"$153,035.00",,,,,FALSE,FALSE,TRUE,,FALSE,
Cuo1457,Directo,Doc0207,3/11,10/4/2024,4.14,,,18/4/2024,"$154,018.00",,,,,FALSE,FALSE,TRUE,,FALSE,
Cuo1458,Directo,Doc0207,4/11,10/5/2024,4.14,,,,,,,,,FALSE,FALSE,TRUE,,FALSE,
Cuo1459,Directo,Doc0207,5/11,10/6/2024,4.14,,,,,,,,,FALSE,FALSE,FALSE,,FALSE,
Cuo1460,Directo,Doc0207,6/11,10/7/2024,4.14,,,,,,,,,FALSE,FALSE,TRUE,,FALSE,
Cuo1461,Directo,Doc0207,7/11,10/8/2024,4.14,,,13/8/2024,"$155,672.00",,,,,FALSE,FALSE,TRUE,,FALSE,
Cuo1462,Directo,Doc0207,8/11,10/9/2024,4.14,,,,,,,,,FALSE,FALSE,FALSE,,FALSE,
Cuo1463,Directo,Doc0207,9/11,10/10/2024,4.14,,,,,,,,,FALSE,FALSE,TRUE,,FALSE,
Cuo1464,Directo,Doc0207,10/11,10/11/2024,4.14,,,,,,,,,FALSE,FALSE,FALSE,,FALSE,
Cuo1465,Directo,Doc0207,11/11,10/12/2024,4.14,,,,,,,,,FALSE,FALSE,TRUE,,FALSE,
Cuo1466,Directo,Doc0209,1/1,17/1/2025,5.39,,,3/1/2024,,,,,,FALSE,FALSE,FALSE,,FALSE,
Cuo1467,Directo,Doc0210,1/12,10/1/2024,1.62,,,2/1/2024,,,,,,FALSE,FALSE,FALSE,,FALSE,
Cuo1468,Directo,Doc0210,2/12,10/2/2024,1.62,,,31/1/2024,,,,,,FALSE,FALSE,FALSE,,FALSE,
Cuo1469,Directo,Doc0210,3/12,10/3/2024,1.62,,,29/2/2024,,,,,,FALSE,FALSE,FALSE,,FALSE,
Cuo1470,Directo,Doc0210,4/12,10/4/2024,1.62,,,25/3/2024,,,,,,FALSE,FALSE,FALSE,,FALSE,
Cuo1471,Directo,Doc0210,5/12,10/5/2024,1.62,,,,,,,,,FALSE,FALSE,FALSE,,FALSE,
Cuo1472,Directo,Doc0210,6/12,10/6/2024,1.62,,,,,,,,,FALSE,FALSE,FALSE,,FALSE,
Cuo1473,Directo,Doc0210,7/12,10/7/2024,1.62,,,,,,,,,FALSE,FALSE,FALSE,,FALSE,
Cuo1474,Directo,Doc0210,8/12,10/8/2024,1.62,,,,,,,,,FALSE,FALSE,FALSE,,FALSE,
Cuo1475,Directo,Doc0210,9/12,10/9/2024,1.62,,,,,,,,,FALSE,FALSE,FALSE,,FALSE,
Cuo1476,Directo,Doc0210,10/12,10/10/2024,1.62,,,,,,,,,FALSE,FALSE,FALSE,,FALSE,
Cuo1477,Directo,Doc0210,11/12,10/11/2024,1.62,,,,,,,,,FALSE,FALSE,FALSE,,FALSE,
Cuo1478,,Doc0210,12/12,10/12/2024,1.62,,,,,,,,,FALSE,FALSE,FALSE,,FALSE,
Cuo1479,Automático,Doc0211,1/12,5/1/2024,1.91,,,,,,,,,FALSE,FALSE,FALSE,,FALSE,
Cuo1480,Automático,Doc0211,2/12,5/2/2024,1.91,,,,,,,,,FALSE,FALSE,FALSE,,FALSE,
Cuo1481,Automático,Doc0211,3/12,5/3/2024,1.91,,,,,,,,,FALSE,FALSE,FALSE,,FALSE,
Cuo1482,Automático,Doc0211,4/12,5/4/2024,1.91,,,,,,,,,FALSE,FALSE,FALSE,,FALSE,
Cuo1483,Automático,Doc0211,5/12,5/5/2024,1.91,,,,,,,,,FALSE,FALSE,FALSE,,FALSE,
Cuo1484,Automático,Doc0211,6/12,5/6/2024,1.91,,,,,,,,,FALSE,FALSE,FALSE,,FALSE,
Cuo1485,Automático,Doc0211,7/12,5/7/2024,1.91,,,,,,,,,FALSE,FALSE,FALSE,,FALSE,
Cuo1486,Automático,Doc0211,8/12,5/8/2024,1.91,,,,,,,,,FALSE,FALSE,FALSE,,FALSE,
Cuo1487,Automático,Doc0211,9/12,5/9/2024,1.91,,,,,,,,,FALSE,FALSE,FALSE,,FALSE,
Cuo1488,Automático,Doc0211,10/12,5/10/2024,1.91,,,,,,,,,FALSE,FALSE,FALSE,,FALSE,
Cuo1489,Automático,Doc0211,11/12,5/11/2024,1.91,,,,,,,,,FALSE,FALSE,FALSE,,FALSE,
Cuo1490,Automático,Doc0211,12/12,5/12/2024,1.91,,,,,,,,,FALSE,FALSE,FALSE,,FALSE,
Cuo1491,Automático,Doc0212,1/12,15/1/2024,1.12,,,,,,,,,FALSE,FALSE,FALSE,,FALSE,
Cuo1492,Automático,Doc0212,2/12,15/2/2024,1.12,,,,,,,,,FALSE,FALSE,FALSE,,FALSE,
Cuo1493,Automático,Doc0212,3/12,15/3/2024,1.12,,,,,,,,,FALSE,FALSE,FALSE,,FALSE,
Cuo1494,Automático,Doc0212,4/12,15/4/2024,1.12,,,,,,,,,FALSE,FALSE,FALSE,,FALSE,
Cuo1495,Automático,Doc0212,5/12,15/5/2024,1.12,,,,,,,,,FALSE,FALSE,FALSE,,FALSE,
Cuo1496,Automático,Doc0212,6/12,15/6/2024,1.12,,,,,,,,,FALSE,FALSE,FALSE,,FALSE,
Cuo1497,Automático,Doc0212,7/12,15/7/2024,1.12,,,,,,,,,FALSE,FALSE,FALSE,,FALSE,
Cuo1498,Automático,Doc0212,8/12,15/8/2024,1.12,,,,,,,,,FALSE,FALSE,FALSE,,FALSE,
Cuo1499,Automático,Doc0212,9/12,15/9/2024,1.12,,,,,,,,,FALSE,FALSE,FALSE,,FALSE,
Cuo1500,Automático,Doc0212,10/12,15/10/2024,1.12,,,,,,,,,FALSE,FALSE,FALSE,,FALSE,
Cuo1501,Automático,Doc0212,11/12,15/11/2024,1.12,,,,,,,,,FALSE,FALSE,FALSE,,FALSE,
Cuo1502,Automático,Doc0212,12/12,15/12/2024,1.12,,,,,,,,,FALSE,FALSE,FALSE,,FALSE,
Cuo1503,Directo,Doc0213,1/12,10/1/2024,1.83,,,,,,,,,FALSE,FALSE,TRUE,,FALSE,
Cuo1504,Directo,Doc0213,2/12,10/2/2024,1.83,,,12/2/2024,,,,,,FALSE,FALSE,FALSE,,FALSE,
Cuo1505,Directo,Doc0213,3/12,10/3/2024,1.83,,,4/3/2024,,,,,,FALSE,FALSE,FALSE,,FALSE,
Cuo1506,Directo,Doc0213,4/12,10/4/2024,1.83,,,4/4/2024,,,,,,FALSE,FALSE,FALSE,,FALSE,
Cuo1507,Directo,Doc0213,5/12,10/5/2024,1.83,,,,,,,,,FALSE,FALSE,FALSE,,FALSE,
Cuo1508,Directo,Doc0213,6/12,10/6/2024,1.83,,,,,,,,,FALSE,FALSE,FALSE,,FALSE,
Cuo1509,Directo,Doc0213,7/12,10/7/2024,1.83,,,,,,,,,FALSE,FALSE,FALSE,,FALSE,
Cuo1510,Directo,Doc0213,8/12,10/8/2024,1.83,,,,,,,,,FALSE,FALSE,FALSE,,FALSE,
Cuo1511,Directo,Doc0213,9/12,10/9/2024,1.83,,,,,,,,,FALSE,FALSE,FALSE,,FALSE,
Cuo1512,Directo,Doc0213,10/12,10/10/2024,1.83,,,,,,,,,FALSE,FALSE,FALSE,,FALSE,
Cuo1513,Directo,Doc0213,11/12,10/11/2024,1.83,,,,,,,,,FALSE,FALSE,FALSE,,FALSE,
Cuo1514,Directo,Doc0213,12/12,10/12/2024,1.83,,,,,,,,,FALSE,FALSE,FALSE,,FALSE,
Cuo1515,Automático,Doc0214,1/12,15/1/2024,1.54,,,,,,,,,FALSE,FALSE,FALSE,,FALSE,
Cuo1516,Automático,Doc0214,2/12,15/2/2024,1.54,,,,,,,,,FALSE,FALSE,FALSE,,FALSE,
Cuo1517,Automático,Doc0214,3/12,15/3/2024,1.54,,,,,,,,,FALSE,FALSE,FALSE,,FALSE,
Cuo1518,Automático,Doc0214,4/12,15/4/2024,1.54,,,,,,,,,FALSE,FALSE,FALSE,,FALSE,
Cuo1519,Automático,Doc0214,5/12,15/5/2024,1.54,,,,,,,,,FALSE,FALSE,FALSE,,FALSE,
Cuo1520,Automático,Doc0214,6/12,15/6/2024,1.54,,,,,,,,,FALSE,FALSE,FALSE,,FALSE,
Cuo1521,Automático,Doc0214,7/12,15/7/2024,1.54,,,,,,,,,FALSE,FALSE,FALSE,,FALSE,
Cuo1522,Automático,Doc0214,8/12,15/8/2024,1.54,,,,,,,,,FALSE,FALSE,FALSE,,FALSE,
Cuo1523,Automático,Doc0214,9/12,15/9/2024,1.54,,,,,,,,,FALSE,FALSE,FALSE,,FALSE,
Cuo1524,Automático,Doc0214,10/12,15/10/2024,1.54,,,,,,,,,FALSE,FALSE,FALSE,,FALSE,
Cuo1525,Automático,Doc0214,11/12,15/11/2024,1.54,,,,,,,,,FALSE,FALSE,FALSE,,FALSE,
Cuo1526,Automático,Doc0214,12/12,15/12/2024,1.54,,,,,,,,,FALSE,FALSE,FALSE,,FALSE,
Cuo1527,Directo,Doc0215,1/3,25/1/2024,1.37,,,,,,,,,FALSE,FALSE,TRUE,,FALSE,
Cuo1528,Directo,Doc0215,2/3,25/2/2024,1.37,,,,,,,,,FALSE,FALSE,FALSE,,FALSE,
Cuo1529,Directo,Doc0215,3/3,25/3/2024,1.37,,,,,,,,,FALSE,FALSE,FALSE,,FALSE,
Cuo1530,Directo,Doc0216,1/3,25/1/2024,1.37,,,,,,,,,FALSE,FALSE,TRUE,,FALSE,
Cuo1531,Directo,Doc0216,2/3,25/2/2024,1.37,,,,,,,,,FALSE,FALSE,FALSE,,FALSE,
Cuo1532,Directo,Doc0216,3/3,25/3/2024,1.37,,,,,,,,,FALSE,FALSE,FALSE,,FALSE,
Cuo1533,Directo,Doc0217,1/10,25/1/2024,1.25,,,,,,,,,FALSE,FALSE,TRUE,,FALSE,
Cuo1534,Directo,Doc0217,2/10,25/2/2024,1.25,,,,,,,,,FALSE,FALSE,FALSE,,FALSE,
Cuo1535,Directo,Doc0217,3/10,25/3/2024,1.25,,,,,,,,,FALSE,FALSE,FALSE,,FALSE,
Cuo1536,Directo,Doc0217,4/10,25/4/2024,1.25,,,,,,,,,FALSE,FALSE,FALSE,,FALSE,
Cuo1537,Directo,Doc0217,5/10,25/5/2024,1.25,,,,,,,,,FALSE,FALSE,FALSE,,FALSE,
Cuo1538,Directo,Doc0217,6/10,25/6/2024,1.25,,,,,,,,,FALSE,FALSE,FALSE,,FALSE,
Cuo1539,Directo,Doc0217,7/10,25/7/2024,1.25,,,,,,,,,FALSE,FALSE,FALSE,,FALSE,
Cuo1540,Directo,Doc0217,8/10,25/8/2024,1.25,,,,,,,,,FALSE,FALSE,TRUE,,FALSE,
Cuo1541,Directo,Doc0217,9/10,25/9/2024,1.25,,,,,,,,,FALSE,FALSE,FALSE,,FALSE,
Cuo1542,Directo,Doc0217,10/10,25/10/2024,1.25,,,,,,,,,FALSE,FALSE,FALSE,,FALSE,
Cuo1543,,Doc0218,1/1,1/2/2025,6.64,,,,,,,,,FALSE,FALSE,FALSE,,FALSE,
Cuo1544,,Doc0219,1/1,1/2/2025,-6.64,,,,,,,,,FALSE,FALSE,FALSE,,FALSE,
Cuo1545,Directo,Doc0220,1/12,15/1/2024,,,,,,,,,,FALSE,FALSE,FALSE,,FALSE,
Cuo1546,Directo,Doc0220,2/12,15/2/2024,,,,,,,,,,FALSE,FALSE,FALSE,,FALSE,
Cuo1547,Directo,Doc0220,3/12,15/3/2024,,,,,,,,,,FALSE,FALSE,FALSE,,FALSE,
Cuo1548,Directo,Doc0220,4/12,15/4/2024,,,,,,,,,,FALSE,FALSE,FALSE,,FALSE,
Cuo1549,Directo,Doc0220,5/12,15/5/2024,,,,,,,,,,FALSE,FALSE,FALSE,,FALSE,
Cuo1550,Directo,Doc0220,6/12,15/6/2024,,,,,,,,,,FALSE,FALSE,FALSE,,FALSE,
Cuo1551,Directo,Doc0220,7/12,15/7/2024,,,,,,,,,,FALSE,FALSE,FALSE,,FALSE,
Cuo1552,Directo,Doc0220,8/12,15/8/2024,,,,,,,,,,FALSE,FALSE,FALSE,,FALSE,
Cuo1553,Directo,Doc0220,9/12,15/9/2024,,,,,,,,,,FALSE,FALSE,FALSE,,FALSE,
Cuo1554,Directo,Doc0220,10/12,15/10/2024,,,,,,,,,,FALSE,FALSE,FALSE,,FALSE,
Cuo1555,Directo,Doc0220,11/12,15/11/2024,,,,,,,,,,FALSE,FALSE,FALSE,,FALSE,
Cuo1556,Directo,Doc0220,12/12,15/12/2024,,,,,,,,,,FALSE,FALSE,FALSE,,FALSE,
Cuo1557,Directo,Doc0221,1/12,10/2/2024,1.68,,,,,,,,,FALSE,FALSE,FALSE,,FALSE,
Cuo1558,Directo,Doc0221,2/12,10/3/2024,1.68,,,,,,,,,FALSE,FALSE,FALSE,,FALSE,
Cuo1559,Directo,Doc0221,3/12,10/4/2024,1.68,,,,,,,,,FALSE,FALSE,FALSE,,FALSE,
Cuo1560,Directo,Doc0221,4/12,10/5/2024,1.68,,,,,,,,,FALSE,FALSE,FALSE,,FALSE,
Cuo1561,Directo,Doc0221,5/12,10/6/2024,1.68,,,,,,,,,FALSE,FALSE,FALSE,,FALSE,
Cuo1562,Directo,Doc0221,6/12,10/7/2024,1.68,,,,,,,,,FALSE,FALSE,FALSE,,FALSE,
Cuo1563,Directo,Doc0221,7/12,10/8/2024,1.68,,,,,,,,,FALSE,FALSE,FALSE,,FALSE,
Cuo1564,Directo,Doc0221,8/12,10/9/2024,1.68,,,,,,,,,FALSE,FALSE,FALSE,,FALSE,
Cuo1565,Directo,Doc0221,9/12,10/11/2024,1.68,,,,,,,,,FALSE,FALSE,FALSE,,FALSE,
Cuo1566,Directo,Doc0221,10/12,10/12/2024,1.68,,,,,,,,,FALSE,FALSE,FALSE,,FALSE,
Cuo1567,Directo,Doc0221,11/12,10/1/2024,1.68,,,,,,,,,FALSE,FALSE,FALSE,,FALSE,
Cuo1568,Directo,Doc0221,12/12,10/2/2025,1.68,,,,,,,,,FALSE,FALSE,FALSE,,FALSE,
Cuo1569,Directo,Doc0222,1/12,25/2/2024,16.20,,,23/2/2024,"$596,214.00",,,,13368067,FALSE,TRUE,FALSE,,FALSE,
Cuo1570,Directo,Doc0222,2/12,25/3/2024,16.20,,,,"$600,220.00",,,,13475288,FALSE,TRUE,TRUE,,FALSE,
Cuo1571,Directo,Doc0222,3/12,25/4/2024,16.20,,,30/4/2024,"$603,323.00",,,,13612065,FALSE,TRUE,FALSE,,FALSE,
Cuo1572,Directo,Doc0222,4/12,25/5/2024,16.20,,,,"$606,494.00",,,,13710988,FALSE,TRUE,TRUE,,FALSE,
Cuo1573,Directo,Doc0222,5/12,25/6/2024,16.20,,,,"$608,360.00",,,,13818539,FALSE,TRUE,FALSE,,FALSE,
Cuo1574,Directo,Doc0222,6/12,25/7/2024,16.20,,,,"$608,877.00",,,,13939277,FALSE,TRUE,TRUE,,FALSE,
Cuo1575,Directo,Doc0222,7/12,25/8/2024,16.20,,,,"$610,522.00",,,,,FALSE,FALSE,TRUE,,FALSE,
Cuo1576,Directo,Doc0222,8/12,25/9/2024,16.20,,,,"$613,842.00",,,,,FALSE,FALSE,FALSE,,FALSE,
Cuo1577,Directo,Doc0222,9/12,25/10/2024,16.20,,,,"$615,018.00",,,,,FALSE,FALSE,FALSE,,FALSE,
Cuo1578,Directo,Doc0222,10/12,25/11/2024,16.20,,,26/11/2024,"$618,795.00",,,18462993,,FALSE,FALSE,FALSE,,FALSE,
Cuo1579,Directo,Doc0222,11/12,25/12/2024,16.20,,,26/12/2025,"$622,300.00",,,,,FALSE,FALSE,FALSE,,FALSE,
Cuo1580,Directo,Doc0222,12/12,25/1/2025,16.20,,,,"$573,385.00",,,,,FALSE,FALSE,FALSE,,FALSE,
Cuo1581,Directo,Doc0223,1/10,5/2/2024,0.73,,,,,,,,,FALSE,FALSE,FALSE,,FALSE,
Cuo1582,Directo,Doc0223,2/10,5/3/2024,0.73,,,,,,,,,FALSE,FALSE,FALSE,,FALSE,
Cuo1583,Directo,Doc0223,3/10,5/4/2024,0.73,,,,,,,,,FALSE,FALSE,FALSE,,FALSE,
Cuo1584,Directo,Doc0223,4/10,5/5/2024,0.73,,,,,,,,,FALSE,FALSE,FALSE,,FALSE,
Cuo1585,Directo,Doc0223,5/10,5/6/2024,0.73,,,,,,,,,FALSE,FALSE,FALSE,,FALSE,
Cuo1586,Directo,Doc0223,6/10,5/7/2024,0.73,,,,,,,,,FALSE,FALSE,FALSE,,FALSE,
Cuo1587,Directo,Doc0223,7/10,5/8/2024,0.73,,,,,,,,,FALSE,FALSE,FALSE,,FALSE,
Cuo1588,Directo,Doc0223,8/10,5/9/2024,0.73,,,,,,,,,FALSE,FALSE,FALSE,,FALSE,
Cuo1589,Directo,Doc0223,9/10,5/10/2024,0.73,,,,,,,,,FALSE,FALSE,FALSE,,FALSE,
Cuo1590,Directo,Doc0223,10/10,5/11/2024,0.73,,,,,,,,,FALSE,FALSE,FALSE,,FALSE,
Cuo1591,,Doc0224,1/1,2/3/2025,138.79,,,,,,,,,FALSE,FALSE,FALSE,,FALSE,
Cuo1592,Automático,Doc0225,1/11,5/3/2024,2.73,,,,,,,,,FALSE,FALSE,FALSE,,FALSE,
Cuo1593,Automático,Doc0225,2/11,5/4/2024,2.73,,,,,,,,,FALSE,FALSE,FALSE,,FALSE,
Cuo1594,Automático,Doc0225,3/11,5/5/2024,2.73,,,,,,,,,FALSE,FALSE,FALSE,,FALSE,
Cuo1595,Automático,Doc0225,4/11,5/6/2024,2.73,,,,,,,,,FALSE,FALSE,FALSE,,FALSE,
Cuo1596,Automático,Doc0225,5/11,5/7/2024,2.73,,,,,,,,,FALSE,FALSE,FALSE,,FALSE,
Cuo1597,,Doc0225,6/11,5/8/2024,2.73,,,,,,,,,FALSE,FALSE,FALSE,,FALSE,
Cuo1598,,Doc0225,7/11,5/9/2024,2.73,,,,,,,,,FALSE,FALSE,FALSE,,FALSE,
Cuo1599,,Doc0225,8/11,5/10/2024,2.73,,,,,,,,,FALSE,FALSE,FALSE,,FALSE,
Cuo1600,,Doc0225,9/11,5/11/2024,2.73,,,,,,,,,FALSE,FALSE,FALSE,,FALSE,
Cuo1601,,Doc0225,10/11,5/12/2024,2.73,,,,,,,,,FALSE,FALSE,FALSE,,FALSE,
Cuo1602,,Doc0225,11/11,5/1/2025,2.76,,,,,,,,,FALSE,FALSE,FALSE,,FALSE,
Cuo1603,Directo,Doc0226,1/10,5/2/2024,2.47,,,,,,,,,FALSE,FALSE,TRUE,,FALSE,
Cuo1604,Directo,Doc0226,2/10,5/3/2024,2.46,,,,"$91,110.00",,,,,FALSE,FALSE,TRUE,,FALSE,
Cuo1605,Directo,Doc0226,3/10,5/4/2024,2.46,,,18/4/2024,"$91,678.00",,,,,FALSE,FALSE,TRUE,,FALSE,
Cuo1606,Directo,Doc0226,4/10,5/5/2024,2.46,,,,,,,,,FALSE,FALSE,TRUE,,FALSE,
Cuo1607,Directo,Doc0226,5/10,5/6/2024,2.46,,,,,,,,,FALSE,FALSE,FALSE,,FALSE,
Cuo1608,Directo,Doc0226,6/10,5/7/2024,2.46,,,,,,,,,FALSE,FALSE,TRUE,,FALSE,
Cuo1609,Directo,Doc0226,7/10,5/8/2024,2.46,,,13/8/2024,"$92,659.00",,,,,FALSE,FALSE,TRUE,,FALSE,
Cuo1610,Directo,Doc0226,8/10,5/9/2024,2.46,,,,,,,,,FALSE,FALSE,FALSE,,FALSE,
Cuo1611,Directo,Doc0226,9/10,5/10/2024,2.46,,,,,,,,,FALSE,FALSE,TRUE,,FALSE,
Cuo1612,Directo,Doc0226,10/10,5/11/2024,2.46,,,,,,,,,FALSE,FALSE,FALSE,,FALSE,
Cuo1613,Directo,Doc0227,1/10,5/2/2024,1.32,,,,,,,,,FALSE,FALSE,FALSE,,FALSE,
Cuo1614,Directo,Doc0227,2/10,5/3/2024,1.32,,,,,,,,,FALSE,FALSE,FALSE,,FALSE,
Cuo1615,Directo,Doc0227,3/10,5/4/2024,1.32,,,,,,,,,FALSE,FALSE,FALSE,,FALSE,
Cuo1616,Directo,Doc0227,4/10,5/5/2024,1.32,,,,,,,,,FALSE,FALSE,FALSE,,FALSE,
Cuo1617,Directo,Doc0227,5/10,5/6/2024,1.32,,,,,,,,,FALSE,FALSE,FALSE,,FALSE,
Cuo1618,Directo,Doc0227,6/10,5/7/2024,1.32,,,,,,,,,FALSE,FALSE,FALSE,,FALSE,
Cuo1619,Directo,Doc0227,7/10,5/8/2024,1.32,,,,,,,,,FALSE,FALSE,FALSE,,FALSE,
Cuo1620,Directo,Doc0227,8/10,5/9/2024,1.32,,,,,,,,,FALSE,FALSE,FALSE,,FALSE,
Cuo1621,Directo,Doc0227,9/10,5/10/2024,1.32,,,,,,,,,FALSE,FALSE,TRUE,,FALSE,
Cuo1622,Directo,Doc0227,10/10,5/11/2024,1.33,,,,,,,,,FALSE,FALSE,FALSE,,FALSE,
Cuo1623,Automático,Doc0228,1/12,5/2/2024,1.45,,,,,,,,,FALSE,FALSE,TRUE,,FALSE,
Cuo1624,Automático,Doc0228,2/12,5/3/2024,1.45,,,,,,,,,FALSE,FALSE,FALSE,,FALSE,
Cuo1625,Automático,Doc0228,3/12,5/4/2024,1.45,,,,,,,,,FALSE,FALSE,FALSE,,FALSE,
Cuo1626,Automático,Doc0228,4/12,5/5/2024,1.45,,,,,,,,,FALSE,FALSE,FALSE,,FALSE,
Cuo1627,Automático,Doc0228,5/12,5/6/2024,1.45,,,,,,,,,FALSE,FALSE,FALSE,,FALSE,
Cuo1628,Automático,Doc0228,6/12,5/7/2024,1.45,,,,,,,,,FALSE,FALSE,FALSE,,FALSE,
Cuo1629,Automático,Doc0228,7/12,5/8/2024,1.45,,,,,,,,,FALSE,FALSE,FALSE,,FALSE,
Cuo1630,,Doc0228,8/12,5/9/2024,1.45,,,,,,,,,FALSE,FALSE,FALSE,,FALSE,
Cuo1631,,Doc0228,9/12,5/10/2024,1.45,,,,,,,,,FALSE,FALSE,FALSE,,FALSE,
Cuo1632,,Doc0228,10/12,5/11/2024,1.45,,,,,,,,,FALSE,FALSE,FALSE,,FALSE,
Cuo1633,,Doc0228,11/12,5/12/2024,1.45,,,,,,,,,FALSE,FALSE,FALSE,,FALSE,
Cuo1634,,Doc0228,12/12,5/1/2025,1.45,,,,,,,,,FALSE,FALSE,FALSE,,FALSE,
Cuo1635,Automático,Doc0229,1/12,5/2/2024,1.32,,,,,,,,,FALSE,FALSE,TRUE,,FALSE,
Cuo1636,Automático,Doc0229,2/12,5/3/2024,1.32,,,,,,,,,FALSE,FALSE,FALSE,,FALSE,
Cuo1637,Automático,Doc0229,3/12,5/4/2024,1.32,,,,,,,,,FALSE,FALSE,FALSE,,FALSE,
Cuo1638,Automático,Doc0229,4/12,5/5/2024,1.32,,,,,,,,,FALSE,FALSE,FALSE,,FALSE,
Cuo1639,Automático,Doc0229,5/12,5/6/2024,1.32,,,,,,,,,FALSE,FALSE,FALSE,,FALSE,
Cuo1640,Automático,Doc0229,6/12,5/7/2024,1.32,,,,,,,,,FALSE,FALSE,FALSE,,FALSE,
Cuo1641,Automático,Doc0229,7/12,5/8/2024,1.32,,,,,,,,,FALSE,FALSE,FALSE,,FALSE,
Cuo1642,,Doc0229,8/12,5/9/2024,1.32,,,,,,,,,FALSE,FALSE,FALSE,,FALSE,
Cuo1643,,Doc0229,9/12,5/10/2024,1.32,,,,,,,,,FALSE,FALSE,FALSE,,FALSE,
Cuo1644,,Doc0229,10/12,5/11/2024,1.32,,,,,,,,,FALSE,FALSE,FALSE,,FALSE,
Cuo1645,,Doc0229,11/12,5/12/2024,1.32,,,,,,,,,FALSE,FALSE,FALSE,,FALSE,
Cuo1646,,Doc0229,12/12,5/1/2025,1.32,,,,,,,,,FALSE,FALSE,FALSE,,FALSE,
Cuo1647,Automático,Doc0230,1/12,5/2/2024,1.22,,,,,,,,,FALSE,FALSE,TRUE,,FALSE,
Cuo1648,Automático,Doc0230,2/12,5/3/2024,1.22,,,,,,,,,FALSE,FALSE,FALSE,,FALSE,
Cuo1649,Automático,Doc0230,3/12,5/4/2024,1.22,,,,,,,,,FALSE,FALSE,FALSE,,FALSE,
Cuo1650,Automático,Doc0230,4/12,5/5/2024,1.22,,,,,,,,,FALSE,FALSE,FALSE,,FALSE,
Cuo1651,Automático,Doc0230,5/12,5/6/2024,1.22,,,,,,,,,FALSE,FALSE,FALSE,,FALSE,
Cuo1652,Automático,Doc0230,6/12,5/7/2024,1.22,,,,,,,,,FALSE,FALSE,FALSE,,FALSE,
Cuo1653,Automático,Doc0230,7/12,5/8/2024,1.22,,,,,,,,,FALSE,FALSE,FALSE,,FALSE,
Cuo1654,,Doc0230,8/12,5/9/2024,1.22,,,,,,,,,FALSE,FALSE,FALSE,,FALSE,
Cuo1655,,Doc0230,9/12,5/10/2024,1.22,,,,,,,,,FALSE,FALSE,FALSE,,FALSE,
Cuo1656,,Doc0230,10/12,5/11/2024,1.22,,,,,,,,,FALSE,FALSE,FALSE,,FALSE,
Cuo1657,,Doc0230,11/12,5/12/2024,1.22,,,,,,,,,FALSE,FALSE,FALSE,,FALSE,
Cuo1658,,Doc0230,12/12,5/1/2025,1.22,,,,,,,,,FALSE,FALSE,FALSE,,FALSE,
Cuo1659,,Doc0231,1/1,2/3/2025,19.47,,,,,,,,,FALSE,FALSE,FALSE,,FALSE,
Cuo1660,,Doc0232,1/1,2/3/2025,17.42,,,,,,,,,FALSE,FALSE,FALSE,,FALSE,
Cuo1661,Transferencia,Doc0233,1/1,2/3/2025,29.50,,,2/2/2024,"$1,083,449.00",,,1550109408,3219588,TRUE,TRUE,TRUE,,FALSE,
Cuo1662,Directo,Doc0234,1/10,5/2/2024,4.09,,,20/2/2024,"$150,417.00",,,,,FALSE,FALSE,TRUE,,FALSE,
Cuo1663,Directo,Doc0234,2/10,5/3/2024,4.09,,,18/3/2024,"$151,303.00",,,,,FALSE,FALSE,TRUE,,FALSE,
Cuo1664,Directo,Doc0234,3/10,5/4/2024,4.09,,,,,,,,,FALSE,FALSE,TRUE,,FALSE,
Cuo1665,Directo,Doc0234,4/10,5/5/2024,4.09,,,24/5/2024,"$152,953.00",,,,,FALSE,FALSE,TRUE,,FALSE,
Cuo1666,Directo,Doc0234,5/10,5/6/2024,4.09,,,,,,,,,FALSE,FALSE,FALSE,,FALSE,
Cuo1667,Directo,Doc0234,6/10,5/7/2024,4.09,,,,,,,,,FALSE,FALSE,FALSE,,FALSE,
Cuo1668,Directo,Doc0234,7/10,5/8/2024,4.09,,,,,,,,,FALSE,FALSE,FALSE,,FALSE,
Cuo1669,Directo,Doc0234,8/10,5/9/2024,4.09,,,,,,,,,FALSE,FALSE,FALSE,,FALSE,
Cuo1670,Directo,Doc0234,9/10,5/10/2024,4.09,,,,,,,,,FALSE,FALSE,FALSE,,FALSE,
Cuo1671,Directo,Doc0234,10/10,5/11/2024,4.09,,,,,,,,,FALSE,FALSE,FALSE,,FALSE,
Cuo1672,Directo,Doc0235,1/10,5/3/2024,1.44,,,6/3/2024,"$53,137.00",,,,,FALSE,FALSE,FALSE,,FALSE,
Cuo1673,Directo,Doc0235,2/10,5/4/2024,1.44,,,3/4/2024,"$53,435.00",,,,,FALSE,FALSE,FALSE,,FALSE,
Cuo1674,Directo,Doc0235,3/10,5/5/2024,1.44,,,,,,,,,FALSE,FALSE,FALSE,,FALSE,
Cuo1675,Directo,Doc0235,4/10,5/6/2024,1.44,,,,,,,,,FALSE,FALSE,FALSE,,FALSE,
Cuo1676,Directo,Doc0235,5/10,5/7/2024,1.44,,,,,,,,,FALSE,FALSE,FALSE,,FALSE,
Cuo1677,Directo,Doc0235,6/10,5/8/2024,1.44,,,,,,,,,FALSE,FALSE,FALSE,,FALSE,
Cuo1678,Directo,Doc0235,7/10,5/9/2024,1.44,,,,,,,,,FALSE,FALSE,FALSE,,FALSE,
Cuo1679,Directo,Doc0235,8/10,5/10/2024,1.44,,,,,,,,,FALSE,FALSE,FALSE,,FALSE,
Cuo1680,Directo,Doc0235,9/10,5/11/2024,1.44,,,,,,,,,FALSE,FALSE,FALSE,,FALSE,
Cuo1681,Directo,Doc0235,10/10,5/12/2024,1.46,,,,,,,,,FALSE,FALSE,FALSE,,FALSE,
Cuo1682,,Doc0236,1/1,2/3/2025,17.15,,,,,,,,,FALSE,FALSE,FALSE,,FALSE,
Cuo1683,Directo,Doc0237,1/11,5/2/2024,2.06,,,29/1/2024,,,,,,FALSE,FALSE,FALSE,,FALSE,
Cuo1684,Directo,Doc0237,2/11,5/3/2024,2.06,,,,,,,,,FALSE,FALSE,TRUE,,FALSE,
Cuo1685,Directo,Doc0237,3/11,5/4/2024,2.06,,,16/4/2024,,,,,,FALSE,FALSE,FALSE,,FALSE,
Cuo1686,Directo,Doc0237,4/11,5/5/2024,2.06,,,,,,,,,FALSE,FALSE,FALSE,,FALSE,
Cuo1687,Directo,Doc0237,5/11,5/6/2024,2.06,,,,,,,,,FALSE,FALSE,FALSE,,FALSE,
Cuo1688,Directo,Doc0237,6/11,5/7/2024,2.06,,,,,,,,,FALSE,FALSE,FALSE,,FALSE,
Cuo1689,Directo,Doc0237,7/11,5/8/2024,2.06,,,,,,,,,FALSE,FALSE,FALSE,,FALSE,
Cuo1690,Directo,Doc0237,8/11,5/9/2024,2.06,,,,,,,,,FALSE,FALSE,FALSE,,FALSE,
Cuo1691,Directo,Doc0237,9/11,5/10/2024,2.06,,,,,,,,,FALSE,FALSE,FALSE,,FALSE,
Cuo1692,Directo,Doc0237,10/11,5/11/2024,2.06,,,,,,,,,FALSE,FALSE,FALSE,,FALSE,
Cuo1693,Directo,Doc0237,11/11,5/12/2024,2.06,,,,,,,,,FALSE,FALSE,FALSE,,FALSE,
Cuo1694,Directo,Doc0238,1/11,5/2/2024,1.39,,,29/1/2024,,,,,,FALSE,FALSE,FALSE,,FALSE,
Cuo1695,Directo,Doc0238,2/11,5/3/2024,1.39,,,,,,,,,FALSE,FALSE,TRUE,,FALSE,
Cuo1696,Directo,Doc0238,3/11,5/4/2024,1.39,,,16/4/2024,,,,,,FALSE,FALSE,FALSE,,FALSE,
Cuo1697,Directo,Doc0238,4/11,5/5/2024,1.39,,,,,,,,,FALSE,FALSE,FALSE,,FALSE,
Cuo1698,Directo,Doc0238,5/11,5/6/2024,1.39,,,,,,,,,FALSE,FALSE,FALSE,,FALSE,
Cuo1699,Directo,Doc0238,6/11,5/7/2024,1.39,,,,,,,,,FALSE,FALSE,FALSE,,FALSE,
Cuo1700,Directo,Doc0238,7/11,5/8/2024,1.39,,,,,,,,,FALSE,FALSE,FALSE,,FALSE,
Cuo1701,Directo,Doc0238,8/11,5/9/2024,1.39,,,,,,,,,FALSE,FALSE,FALSE,,FALSE,
Cuo1702,Directo,Doc0238,9/11,5/10/2024,1.39,,,,,,,,,FALSE,FALSE,FALSE,,FALSE,
Cuo1703,Directo,Doc0238,10/11,5/11/2024,1.39,,,,,,,,,FALSE,FALSE,FALSE,,FALSE,
Cuo1704,Directo,Doc0238,11/11,5/12/2024,1.39,,,,,,,,,FALSE,FALSE,FALSE,,FALSE,
Cuo1705,,Doc0239,1/1,2/3/2025,13.05,,,,,,,,,FALSE,FALSE,FALSE,,FALSE,
Cuo1706,Automático,Doc0240,1/10,5/2/2024,1.82,,,,,,,,,FALSE,FALSE,FALSE,,FALSE,
Cuo1707,Automático,Doc0240,2/10,5/3/2024,1.82,,,,,,,,,FALSE,FALSE,FALSE,,FALSE,
Cuo1708,Automático,Doc0240,3/10,5/4/2024,1.82,,,,,,,,,FALSE,FALSE,FALSE,,FALSE,
Cuo1709,Automático,Doc0240,4/10,5/5/2024,1.82,,,,,,,,,FALSE,FALSE,FALSE,,FALSE,
Cuo1710,Automático,Doc0240,5/10,5/6/2024,1.82,,,,,,,,,FALSE,FALSE,FALSE,,FALSE,
Cuo1711,Automático,Doc0240,6/10,5/7/2024,1.82,,,,,,,,,FALSE,FALSE,FALSE,,FALSE,
Cuo1712,Automático,Doc0240,7/10,5/8/2024,1.82,,,,,,,,,FALSE,FALSE,FALSE,,FALSE,
Cuo1713,Automático,Doc0240,8/10,5/9/2024,1.82,,,,,,,,,FALSE,FALSE,FALSE,,FALSE,
Cuo1714,Automático,Doc0240,9/10,5/10/2024,1.82,,,,,,,,,FALSE,FALSE,FALSE,,FALSE,
Cuo1715,Automático,Doc0240,10/10,5/11/2024,1.82,,,,,,,,,FALSE,FALSE,FALSE,,FALSE,
Cuo1716,Directo,Doc0241,1/10,5/2/2024,2.15,,,,,,,,,FALSE,FALSE,FALSE,,FALSE,
Cuo1717,Directo,Doc0241,2/10,5/3/2024,2.15,,,,,,,,,FALSE,FALSE,FALSE,,FALSE,
Cuo1718,Directo,Doc0241,3/10,5/4/2024,2.15,,,,,,,,,FALSE,FALSE,FALSE,,FALSE,
Cuo1719,Directo,Doc0241,4/10,5/5/2024,2.15,,,,,,,,,FALSE,FALSE,FALSE,,FALSE,
Cuo1720,Directo,Doc0241,5/10,5/6/2024,2.15,,,,,,,,,FALSE,FALSE,FALSE,,FALSE,
Cuo1721,Directo,Doc0241,6/10,5/7/2024,2.15,,,,,,,,,FALSE,FALSE,FALSE,,FALSE,
Cuo1722,Directo,Doc0241,7/10,5/8/2024,2.15,,,,,,,,,FALSE,FALSE,FALSE,,FALSE,
Cuo1723,Directo,Doc0241,8/10,5/9/2024,2.15,,,,,,,,,FALSE,FALSE,FALSE,,FALSE,
Cuo1724,Directo,Doc0241,9/10,5/10/2024,2.15,,,,,,,,,FALSE,FALSE,FALSE,,FALSE,
Cuo1725,Directo,Doc0241,10/10,5/11/2024,2.15,,,,,,,,,FALSE,FALSE,TRUE,,FALSE,
Cuo1726,Automático,Doc0242,1/10,5/2/2024,1.76,,,,,,,,,FALSE,FALSE,FALSE,,FALSE,
Cuo1727,Automático,Doc0242,2/10,5/3/2024,1.76,,,,,,,,,FALSE,FALSE,FALSE,,FALSE,
Cuo1728,Automático,Doc0242,3/10,5/4/2024,1.76,,,,,,,,,FALSE,FALSE,FALSE,,FALSE,
Cuo1729,Automático,Doc0242,4/10,5/5/2024,1.76,,,,,,,,,FALSE,FALSE,FALSE,,FALSE,
Cuo1730,Automático,Doc0242,5/10,5/6/2024,1.76,,,,,,,,,FALSE,FALSE,FALSE,,FALSE,
Cuo1731,Automático,Doc0242,6/10,5/7/2024,1.76,,,,,,,,,FALSE,FALSE,FALSE,,FALSE,
Cuo1732,Automático,Doc0242,7/10,5/8/2024,1.76,,,,,,,,,FALSE,FALSE,FALSE,,FALSE,
Cuo1733,Automático,Doc0242,8/10,5/9/2024,1.76,,,,,,,,,FALSE,FALSE,FALSE,,FALSE,
Cuo1734,Automático,Doc0242,9/10,5/10/2024,1.76,,,,,,,,,FALSE,FALSE,FALSE,,FALSE,
Cuo1735,Automático,Doc0242,10/10,5/11/2024,1.76,,,,,,,,,FALSE,FALSE,FALSE,,FALSE,
Cuo1736,Automático,Doc0243,1/10,5/3/2024,1.47,,,,,,,,,FALSE,FALSE,FALSE,,FALSE,
Cuo1737,Automático,Doc0243,2/10,5/4/2024,1.47,,,,,,,,,FALSE,FALSE,FALSE,,FALSE,
Cuo1738,Automático,Doc0243,3/10,5/5/2024,1.47,,,,,,,,,FALSE,FALSE,FALSE,,FALSE,
Cuo1739,Automático,Doc0243,4/10,5/6/2024,1.47,,,,,,,,,FALSE,FALSE,FALSE,,FALSE,
Cuo1740,Automático,Doc0243,5/10,5/7/2024,1.47,,,,,,,,,FALSE,FALSE,FALSE,,FALSE,
Cuo1741,Automático,Doc0243,6/10,5/8/2024,1.47,,,,,,,,,FALSE,FALSE,FALSE,,FALSE,
Cuo1742,Automático,Doc0243,7/10,5/9/2024,1.47,,,,,,,,,FALSE,FALSE,FALSE,,FALSE,
Cuo1743,Automático,Doc0243,8/10,5/10/2024,1.47,,,,,,,,,FALSE,FALSE,FALSE,,FALSE,
Cuo1744,Automático,Doc0243,9/10,5/11/2024,1.47,,,,,,,,,FALSE,FALSE,FALSE,,FALSE,
Cuo1745,Automático,Doc0243,10/10,5/12/2024,1.49,,,,,,,,,FALSE,FALSE,FALSE,,FALSE,
Cuo1746,Automático,Doc0244,1/10,5/3/2024,1.94,,,,,,,,,FALSE,FALSE,FALSE,,FALSE,
Cuo1747,Automático,Doc0244,2/10,5/4/2024,1.94,,,,,,,,,FALSE,FALSE,FALSE,,FALSE,
Cuo1748,Automático,Doc0244,3/10,5/5/2024,1.94,,,,,,,,,FALSE,FALSE,FALSE,,FALSE,
Cuo1749,Automático,Doc0244,4/10,5/6/2024,1.94,,,,,,,,,FALSE,FALSE,FALSE,,FALSE,
Cuo1750,Automático,Doc0244,5/10,5/7/2024,1.94,,,,,,,,,FALSE,FALSE,FALSE,,FALSE,
Cuo1751,Automático,Doc0244,6/10,5/8/2024,1.94,,,,,,,,,FALSE,FALSE,FALSE,,FALSE,
Cuo1752,Automático,Doc0244,7/10,5/9/2024,1.94,,,,,,,,,FALSE,FALSE,FALSE,,FALSE,
Cuo1753,Automático,Doc0244,8/10,5/10/2024,1.94,,,,,,,,,FALSE,FALSE,FALSE,,FALSE,
Cuo1754,Automático,Doc0244,9/10,5/11/2024,1.94,,,,,,,,,FALSE,FALSE,FALSE,,FALSE,
Cuo1755,Automático,Doc0244,10/10,5/12/2024,1.96,,,,,,,,,FALSE,FALSE,FALSE,,FALSE,
Cuo1756,Directo,Doc0245,1/10,5/2/2024,2.30,,,3/2/2024,"$84,445.00",,,,,FALSE,FALSE,FALSE,,FALSE,
Cuo1757,Directo,Doc0245,2/10,5/3/2024,2.30,,,2/3/2024,"$84,689.00",,,,,FALSE,FALSE,FALSE,,FALSE,
Cuo1758,Directo,Doc0245,3/10,5/4/2024,2.30,,,2/4/2024,"$85,226.00",,,,,FALSE,FALSE,FALSE,,FALSE,
Cuo1759,Directo,Doc0245,4/10,5/5/2024,2.30,,,,,,,,,FALSE,FALSE,FALSE,,FALSE,
Cuo1760,Directo,Doc0245,5/10,5/6/2024,2.30,,,,,,,,,FALSE,FALSE,FALSE,,FALSE,
Cuo1761,Directo,Doc0245,6/10,5/7/2024,2.30,,,,,,,,,FALSE,FALSE,FALSE,,FALSE,
Cuo1762,Directo,Doc0245,7/10,5/8/2024,2.30,,,,,,,,,FALSE,FALSE,FALSE,,FALSE,
Cuo1763,Directo,Doc0245,8/10,5/9/2024,2.30,,,,,,,,,FALSE,FALSE,FALSE,,FALSE,
Cuo1764,Directo,Doc0245,9/10,5/10/2024,2.30,,,,,,,,,FALSE,FALSE,FALSE,,FALSE,
Cuo1765,Directo,Doc0245,10/10,5/11/2024,2.30,,,,,,,,,FALSE,FALSE,FALSE,,FALSE,
Cuo1766,Automático,Doc0246,1/10,5/2/2024,2.22,,,,,,,,,FALSE,FALSE,FALSE,,FALSE,
Cuo1767,Automático,Doc0246,2/10,5/3/2024,2.22,,,,,,,,,FALSE,FALSE,FALSE,,FALSE,
Cuo1768,Automático,Doc0246,3/10,5/4/2024,2.22,,,,,,,,,FALSE,FALSE,FALSE,,FALSE,
Cuo1769,Automático,Doc0246,4/10,5/5/2024,2.22,,,,,,,,,FALSE,FALSE,FALSE,,FALSE,
Cuo1770,Automático,Doc0246,5/10,5/6/2024,2.22,,,,,,,,,FALSE,FALSE,FALSE,,FALSE,
Cuo1771,Automático,Doc0246,6/10,5/7/2024,2.22,,,,,,,,,FALSE,FALSE,FALSE,,FALSE,
Cuo1772,Automático,Doc0246,7/10,5/8/2024,2.22,,,,,,,,,FALSE,FALSE,FALSE,,FALSE,
Cuo1773,Automático,Doc0246,8/10,5/9/2024,2.22,,,,,,,,,FALSE,FALSE,FALSE,,FALSE,
Cuo1774,Automático,Doc0246,9/10,5/10/2024,2.22,,,,,,,,,FALSE,FALSE,FALSE,,FALSE,
Cuo1775,Automático,Doc0246,10/10,5/11/2024,2.22,,,,,,,,,FALSE,FALSE,FALSE,,FALSE,
Cuo1776,Directo,Doc0247,1/1,2/3/2025,23.45,,,,,,,,,FALSE,FALSE,TRUE,,FALSE,
Cuo1777,Directo,Doc0248,1/1,2/3/2025,28.15,,,,,,,,,FALSE,FALSE,TRUE,,FALSE,
Cuo1778,Directo,Doc0249,1/11,5/2/2024,1.53,,,30/1/2024,"$56,078.00",,,,,FALSE,FALSE,FALSE,,FALSE,
Cuo1779,Directo,Doc0249,2/11,5/3/2024,1.53,,,,,,,,,FALSE,FALSE,TRUE,,FALSE,
Cuo1780,Directo,Doc0249,3/11,5/4/2024,1.53,,,3/4/2024,,,,,,FALSE,FALSE,FALSE,,FALSE,
Cuo1781,Directo,Doc0249,4/11,5/5/2024,1.53,,,,,,,,,FALSE,FALSE,FALSE,,FALSE,
Cuo1782,Directo,Doc0249,5/11,5/6/2024,1.53,,,,,,,,,FALSE,FALSE,FALSE,,FALSE,
Cuo1783,Directo,Doc0249,6/11,5/7/2024,1.53,,,,,,,,,FALSE,FALSE,FALSE,,FALSE,
Cuo1784,Directo,Doc0249,7/11,5/8/2024,1.53,,,,,,,,,FALSE,FALSE,FALSE,,FALSE,
Cuo1785,Directo,Doc0249,8/11,5/9/2024,1.53,,,,,,,,,FALSE,FALSE,FALSE,,FALSE,
Cuo1786,Directo,Doc0249,9/11,5/10/2024,1.53,,,,,,,,,FALSE,FALSE,FALSE,,FALSE,
Cuo1787,Directo,Doc0249,10/11,5/11/2024,1.53,,,,,,,,,FALSE,FALSE,FALSE,,FALSE,
Cuo1788,Directo,Doc0249,11/11,5/12/2024,1.53,,,,,,,,,FALSE,FALSE,FALSE,,FALSE,
Cuo1789,,Doc0251,1/1,2/3/2025,26.99,,,,,,,,,FALSE,FALSE,FALSE,,FALSE,
Cuo1790,Automático,Doc0252,1/12,15/2/2024,1.72,,,,,,,,,FALSE,FALSE,FALSE,,FALSE,
Cuo1791,Automático,Doc0252,2/12,15/3/2024,1.72,,,,,,,,,FALSE,FALSE,FALSE,,FALSE,
Cuo1792,Automático,Doc0252,3/12,15/4/2024,1.72,,,,,,,,,FALSE,FALSE,FALSE,,FALSE,
Cuo1793,Automático,Doc0252,4/12,15/5/2024,1.72,,,,,,,,,FALSE,FALSE,FALSE,,FALSE,
Cuo1794,Automático,Doc0252,5/12,15/6/2024,1.72,,,,,,,,,FALSE,FALSE,FALSE,,FALSE,
Cuo1795,Automático,Doc0252,6/12,15/7/2024,1.72,,,,,,,,,FALSE,FALSE,FALSE,,FALSE,
Cuo1796,,Doc0252,7/12,15/8/2024,1.72,,,,,,,,,FALSE,FALSE,FALSE,,FALSE,
Cuo1797,,Doc0252,8/12,15/9/2024,1.72,,,,,,,,,FALSE,FALSE,FALSE,,FALSE,
Cuo1798,,Doc0252,9/12,15/10/2024,1.72,,,,,,,,,FALSE,FALSE,FALSE,,FALSE,
Cuo1799,,Doc0252,10/12,15/11/2024,1.72,,,,,,,,,FALSE,FALSE,FALSE,,FALSE,
Cuo1800,,Doc0252,11/12,15/12/2024,1.72,,,,,,,,,FALSE,FALSE,FALSE,,FALSE,
Cuo1801,,Doc0252,12/12,15/1/2025,1.72,,,,,,,,,FALSE,FALSE,FALSE,,FALSE,
Cuo1802,Directo,Doc0253,1/1,2/3/2025,12.60,,,8/2/2024,"$463,780.00",,,,,FALSE,FALSE,FALSE,,FALSE,
Cuo1803,Directo,Doc0254,1/10,5/2/2024,4.24,,,19/2/2024,"$155,859.00",,,,,FALSE,FALSE,TRUE,,FALSE,
Cuo1804,Directo,Doc0254,2/10,5/3/2024,4.24,,,14/3/2024,"$156,731.00",,,,,FALSE,FALSE,TRUE,,FALSE,
Cuo1805,Directo,Doc0254,3/10,5/4/2024,4.24,,,6/4/2024,"$157,459.00",,,,,FALSE,FALSE,FALSE,,FALSE,
Cuo1806,Directo,Doc0254,4/10,5/5/2024,4.24,,,,,,,,,FALSE,FALSE,FALSE,,FALSE,
Cuo1807,Directo,Doc0254,5/10,5/6/2024,4.24,,,,,,,,,FALSE,FALSE,FALSE,,FALSE,
Cuo1808,Directo,Doc0254,6/10,5/7/2024,4.24,,,,,,,,,FALSE,FALSE,FALSE,,FALSE,
Cuo1809,Directo,Doc0254,7/10,5/8/2024,4.24,,,,,,,,,FALSE,FALSE,FALSE,,FALSE,
Cuo1810,Directo,Doc0254,8/10,5/9/2024,4.24,,,,,,,,,FALSE,FALSE,FALSE,,FALSE,
Cuo1811,Directo,Doc0254,9/10,5/10/2024,4.24,,,,,,,,,FALSE,FALSE,FALSE,,FALSE,
Cuo1812,Directo,Doc0254,10/10,5/11/2024,4.23,,,,,,,,,FALSE,FALSE,FALSE,,FALSE,
Cuo1813,Directo,Doc0255,1/10,5/2/2024,1.69,,,14/3/2024,"$62,483.00",,,,,FALSE,FALSE,TRUE,,FALSE,
Cuo1814,Directo,Doc0255,2/10,5/3/2024,1.69,,,14/3/2024,"$62,350.00",,,,,FALSE,FALSE,TRUE,,FALSE,
Cuo1815,Directo,Doc0255,3/10,5/4/2024,1.69,,,15/4/2024,"$62,710.00",,,,,FALSE,FALSE,FALSE,,FALSE,
Cuo1816,Directo,Doc0255,4/10,5/5/2024,1.69,,,,,,,,,FALSE,FALSE,FALSE,,FALSE,
Cuo1817,Directo,Doc0255,5/10,5/6/2024,1.69,,,,,,,,,FALSE,FALSE,FALSE,,FALSE,
Cuo1818,Directo,Doc0255,6/10,5/7/2024,1.69,,,,,,,,,FALSE,FALSE,FALSE,,FALSE,
Cuo1819,Directo,Doc0255,7/10,5/8/2024,1.69,,,,,,,,,FALSE,FALSE,FALSE,,FALSE,
Cuo1820,Directo,Doc0255,8/10,5/9/2024,1.69,,,,,,,,,FALSE,FALSE,FALSE,,FALSE,
Cuo1821,Directo,Doc0255,9/10,5/10/2024,1.69,,,,,,,,,FALSE,FALSE,FALSE,,FALSE,
Cuo1822,Directo,Doc0255,10/10,5/11/2024,1.69,,,,,,,,,FALSE,FALSE,FALSE,,FALSE,
Cuo1823,,Doc0256,1/1,2/3/2025,-138.79,,,,,,,,,FALSE,FALSE,FALSE,,FALSE,
Cuo1824,,Doc0257,1/1,2/3/2025,-19.47,,,,,,,,,FALSE,FALSE,FALSE,,FALSE,
Cuo1825,,Doc0258,1/1,2/3/2025,-17.42,,,,,,,,,FALSE,FALSE,FALSE,,FALSE,
Cuo1826,,Doc0259,1/1,2/3/2025,-17.15,,,,,,,,,FALSE,FALSE,FALSE,,FALSE,
Cuo1827,,Doc0260,1/1,2/3/2025,-13.05,,,,,,,,,FALSE,FALSE,FALSE,,FALSE,
Cuo1828,,Doc0261,1/1,2/3/2025,-26.99,,,,,,,,,FALSE,FALSE,FALSE,,FALSE,
Cuo1829,Directo,Doc0262,1/1,2/3/2025,-12.48,,,,,,,,,FALSE,FALSE,FALSE,,FALSE,
Cuo1830,,Doc0263,1/1,2/3/2025,-18.20,,,,,,,,,FALSE,FALSE,FALSE,,FALSE,
Cuo1831,,Doc0264,1/1,2/3/2025,-10.89,,,,,,,,,FALSE,FALSE,FALSE,,FALSE,
Cuo1832,,Doc0265,1/1,2/3/2025,-8.76,,,,,,,,,FALSE,FALSE,FALSE,,FALSE,
Cuo1833,,Doc0266,1/1,2/3/2025,-7.40,,,,,,,,,FALSE,FALSE,FALSE,,FALSE,
Cuo1834,,Doc0267,1/1,2/3/2025,-7.65,,,,,,,,,FALSE,FALSE,FALSE,,FALSE,
Cuo1835,,Doc0268,1/1,2/3/2025,-8.73,,,,,,,,,FALSE,FALSE,FALSE,,FALSE,
Cuo1836,,Doc0269,1/1,2/3/2025,-0.28,,,,,,,,,FALSE,FALSE,FALSE,,FALSE,
Cuo1837,Directo,Doc0271,1/11,25/3/2024,2.12,,,6/3/2024,"$78,230.00",,,,,FALSE,FALSE,FALSE,,FALSE,
Cuo1838,Directo,Doc0271,2/11,25/4/2024,2.12,,,,,,,,,FALSE,FALSE,FALSE,,FALSE,
Cuo1839,Directo,Doc0271,3/11,25/5/2024,2.12,,,,,,,,,FALSE,FALSE,FALSE,,FALSE,
Cuo1840,Directo,Doc0271,4/11,25/6/2024,2.12,,,,,,,,,FALSE,FALSE,FALSE,,FALSE,
Cuo1841,Directo,Doc0271,5/11,25/7/2024,2.12,,,,,,,,,FALSE,FALSE,FALSE,,FALSE,
Cuo1842,Directo,Doc0271,6/11,25/8/2024,2.12,,,,,,,,,FALSE,FALSE,FALSE,,FALSE,
Cuo1843,Directo,Doc0271,7/11,25/9/2024,2.12,,,,,,,,,FALSE,FALSE,FALSE,,FALSE,
Cuo1844,Directo,Doc0271,8/11,25/10/2024,2.12,,,,,,,,,FALSE,FALSE,FALSE,,FALSE,
Cuo1845,Directo,Doc0271,9/11,25/11/2024,2.12,,,,,,,,,FALSE,FALSE,FALSE,,FALSE,
Cuo1846,Directo,Doc0271,10/11,25/12/2024,2.12,,,,,,,,,FALSE,FALSE,FALSE,,FALSE,
Cuo1847,Directo,Doc0271,11/11,25/1/2025,2.07,,,,,,,,,FALSE,FALSE,FALSE,,FALSE,
Cuo1848,Directo,Doc0272,1/1,1/2/2025,11.39,,,,,,,,,FALSE,FALSE,FALSE,,FALSE,
Cuo1849,Directo,Doc0273,1/8,5/3/2024,1.55,,,21/3/2024,"$57,384.00",,,,,FALSE,FALSE,TRUE,,FALSE,
Cuo1850,Directo,Doc0273,2/8,5/4/2024,1.55,,,24/4/2024,"$57,784.00",,,OC1276935,,FALSE,FALSE,FALSE,,FALSE,
Cuo1851,Directo,Doc0273,3/8,5/5/2024,1.55,,,22/5/2024,"$58,021.00",,,,,FALSE,FALSE,TRUE,,FALSE,
Cuo1852,Directo,Doc0273,4/8,5/6/2024,1.55,,,,"$58,259.00",,,,,FALSE,FALSE,FALSE,,FALSE,
Cuo1853,Directo,Doc0273,5/8,5/7/2024,1.55,,,,"$58,339.00",,,,,FALSE,FALSE,TRUE,,FALSE,
Cuo1854,Directo,Doc0273,6/8,5/8/2024,1.55,,,21/8/2024,"$58,467.00",,,,,FALSE,FALSE,FALSE,,FALSE,
Cuo1855,Directo,Doc0273,7/8,5/9/2024,1.55,,,,"$58,796.00",,,,,FALSE,FALSE,FALSE,,FALSE,
Cuo1856,Directo,Doc0273,8/8,5/10/2024,1.55,,,23/10/2024,"$58,924.00",,,,,FALSE,FALSE,FALSE,,FALSE,
Cuo1857,Directo,Doc0274,1/10,11/3/2024,0.73,,,29/3/2024,,,,,,FALSE,FALSE,TRUE,,FALSE,
Cuo1858,Directo,Doc0274,2/10,10/4/2024,0.73,,,,,,,,,FALSE,FALSE,TRUE,,FALSE,
Cuo1859,Directo,Doc0274,3/10,10/5/2024,0.73,,,,,,,,,FALSE,FALSE,TRUE,,FALSE,
Cuo1860,Directo,Doc0274,4/10,10/6/2024,0.73,,,,,,,,,FALSE,FALSE,FALSE,,FALSE,
Cuo1861,Directo,Doc0274,5/10,10/7/2024,0.73,,,,,,,,,FALSE,FALSE,TRUE,,FALSE,
Cuo1862,Directo,Doc0274,6/10,10/8/2024,0.73,,,,,,,,,FALSE,FALSE,TRUE,,FALSE,
Cuo1863,Directo,Doc0274,7/10,10/9/2024,0.73,,,,,,,,,FALSE,FALSE,FALSE,,FALSE,
Cuo1864,Directo,Doc0274,8/10,10/10/2024,0.73,,,,,,,,,FALSE,FALSE,FALSE,,FALSE,
Cuo1865,Directo,Doc0274,9/10,10/11/2024,0.73,,,,,,,,,FALSE,FALSE,FALSE,,FALSE,
Cuo1866,Directo,Doc0274,10/10,10/12/2024,0.67,,,,,,,,,FALSE,FALSE,FALSE,,FALSE,
Cuo1867,Automático,Doc0275,1/11,25/3/2024,1.19,,,,,,,,,FALSE,FALSE,FALSE,,FALSE,
Cuo1868,Automático,Doc0275,2/11,25/4/2024,1.19,,,,,,,,,FALSE,FALSE,FALSE,,FALSE,
Cuo1869,Automático,Doc0275,3/11,25/5/2024,1.19,,,,,,,,,FALSE,FALSE,FALSE,,FALSE,
Cuo1870,Automático,Doc0275,4/11,25/6/2024,1.19,,,,,,,,,FALSE,FALSE,FALSE,,FALSE,
Cuo1871,Automático,Doc0275,5/11,25/7/2024,1.19,,,,,,,,,FALSE,FALSE,FALSE,,FALSE,
Cuo1872,Automático,Doc0275,6/11,25/8/2024,1.19,,,,,,,,,FALSE,FALSE,FALSE,,FALSE,
Cuo1873,Automático,Doc0275,7/11,25/9/2024,1.19,,,,,,,,,FALSE,FALSE,FALSE,,FALSE,
Cuo1874,Automático,Doc0275,8/11,25/10/2024,1.19,,,,,,,,,FALSE,FALSE,FALSE,,FALSE,
Cuo1875,Automático,Doc0275,9/11,25/11/2024,1.19,,,,,,,,,FALSE,FALSE,FALSE,,FALSE,
Cuo1876,Automático,Doc0275,10/11,25/12/2024,1.19,,,,,,,,,FALSE,FALSE,FALSE,,FALSE,
Cuo1877,Automático,Doc0275,11/11,25/1/2025,1.18,,,,,,,,,FALSE,FALSE,FALSE,,FALSE,
Cuo1878,Automático,Doc0276,1/11,25/3/2024,1.19,,,,,,,,,FALSE,FALSE,FALSE,,FALSE,
Cuo1879,Automático,Doc0276,2/11,25/4/2024,1.19,,,,,,,,,FALSE,FALSE,FALSE,,FALSE,
Cuo1880,Automático,Doc0276,3/11,25/5/2024,1.19,,,,,,,,,FALSE,FALSE,FALSE,,FALSE,
Cuo1881,Automático,Doc0276,4/11,25/6/2024,1.19,,,,,,,,,FALSE,FALSE,FALSE,,FALSE,
Cuo1882,Automático,Doc0276,5/11,25/7/2024,1.19,,,,,,,,,FALSE,FALSE,FALSE,,FALSE,
Cuo1883,Automático,Doc0276,6/11,25/8/2024,1.19,,,,,,,,,FALSE,FALSE,FALSE,,FALSE,
Cuo1884,Automático,Doc0276,7/11,25/9/2024,1.19,,,,,,,,,FALSE,FALSE,FALSE,,FALSE,
Cuo1885,Automático,Doc0276,8/11,25/10/2024,1.19,,,,,,,,,FALSE,FALSE,FALSE,,FALSE,
Cuo1886,Automático,Doc0276,9/11,25/11/2024,1.19,,,,,,,,,FALSE,FALSE,FALSE,,FALSE,
Cuo1887,Automático,Doc0276,10/11,25/12/2024,1.19,,,,,,,,,FALSE,FALSE,FALSE,,FALSE,
Cuo1888,Automático,Doc0276,11/11,25/1/2025,1.15,,,,,,,,,FALSE,FALSE,FALSE,,FALSE,
Cuo1889,Automático,Doc0277,1/11,25/3/2024,2.77,,,,,,,,,FALSE,FALSE,FALSE,,FALSE,
Cuo1890,Automático,Doc0277,2/11,25/4/2024,2.77,,,,,,,,,FALSE,FALSE,FALSE,,FALSE,
Cuo1891,Automático,Doc0277,3/11,25/5/2024,2.77,,,,,,,,,FALSE,FALSE,FALSE,,FALSE,
Cuo1892,Automático,Doc0277,4/11,25/6/2024,2.77,,,,,,,,,FALSE,FALSE,FALSE,,FALSE,
Cuo1893,Automático,Doc0277,5/11,25/7/2024,2.77,,,,,,,,,FALSE,FALSE,FALSE,,FALSE,
Cuo1894,Automático,Doc0277,6/11,25/8/2024,2.77,,,,,,,,,FALSE,FALSE,FALSE,,FALSE,
Cuo1895,Automático,Doc0277,7/11,25/9/2024,2.77,,,,,,,,,FALSE,FALSE,FALSE,,FALSE,
Cuo1896,Automático,Doc0277,8/11,25/10/2024,2.77,,,,,,,,,FALSE,FALSE,FALSE,,FALSE,
Cuo1897,Automático,Doc0277,9/11,25/11/2024,2.77,,,,,,,,,FALSE,FALSE,FALSE,,FALSE,
Cuo1898,Automático,Doc0277,10/11,25/12/2024,2.77,,,,,,,,,FALSE,FALSE,FALSE,,FALSE,
Cuo1899,Automático,Doc0277,11/11,25/1/2025,2.77,,,,,,,,,FALSE,FALSE,FALSE,,FALSE,
Cuo1900,Automático,Doc0278,1/11,5/4/2024,0.98,,,,,,,,,FALSE,FALSE,FALSE,,FALSE,
Cuo1901,Automático,Doc0278,2/11,5/5/2024,,,,,,,,,,FALSE,FALSE,FALSE,,FALSE,
Cuo1902,Automático,Doc0278,3/11,5/6/2024,0.98,,,,,,,,,FALSE,FALSE,FALSE,,FALSE,
Cuo1903,Automático,Doc0278,4/11,5/7/2024,0.98,,,,,,,,,FALSE,FALSE,FALSE,,FALSE,
Cuo1904,Automático,Doc0278,5/11,5/8/2024,0.98,,,,,,,,,FALSE,FALSE,FALSE,,FALSE,
Cuo1905,Automático,Doc0278,6/11,5/9/2024,0.98,,,,,,,,,FALSE,FALSE,FALSE,,FALSE,
Cuo1906,Automático,Doc0278,7/11,5/10/2024,0.98,,,,,,,,,FALSE,FALSE,FALSE,,FALSE,
Cuo1907,Automático,Doc0278,8/11,5/11/2024,0.98,,,,,,,,,FALSE,FALSE,FALSE,,FALSE,
Cuo1908,Automático,Doc0278,9/11,5/12/2024,0.98,,,,,,,,,FALSE,FALSE,FALSE,,FALSE,
Cuo1909,Automático,Doc0278,10/11,5/1/2025,0.98,,,,,,,,,FALSE,FALSE,FALSE,,FALSE,
Cuo1910,Automático,Doc0278,11/11,5/2/2025,1.02,,,,,,,,,FALSE,FALSE,FALSE,,FALSE,
Cuo1911,Directo,Doc0279,1/12,21/3/2024,2.40,,,,,,,,,FALSE,FALSE,FALSE,,FALSE,
Cuo1912,Directo,Doc0279,2/12,10/4/2024,2.45,,,,,,,,,FALSE,FALSE,FALSE,,FALSE,
Cuo1913,Directo,Doc0279,3/12,10/5/2024,2.45,,,,,,,,,FALSE,FALSE,FALSE,,FALSE,
Cuo1914,Directo,Doc0279,4/12,10/6/2024,2.45,,,,,,,,,FALSE,FALSE,FALSE,,FALSE,
Cuo1915,Directo,Doc0279,5/12,10/7/2024,2.45,,,,,,,,,FALSE,FALSE,FALSE,,FALSE,
Cuo1916,Directo,Doc0279,6/12,10/8/2024,2.45,,,,,,,,,FALSE,FALSE,FALSE,,FALSE,
Cuo1917,Directo,Doc0279,7/12,10/9/2024,2.45,,,,,,,,,FALSE,FALSE,FALSE,,FALSE,
Cuo1918,Directo,Doc0279,8/12,10/10/2024,2.45,,,,,,,,,FALSE,FALSE,FALSE,,FALSE,
Cuo1919,Directo,Doc0279,9/12,10/11/2024,2.45,,,,,,,,,FALSE,FALSE,FALSE,,FALSE,
Cuo1920,Directo,Doc0279,10/12,10/12/2024,2.45,,,,,,,,,FALSE,FALSE,FALSE,,FALSE,
Cuo1921,Directo,Doc0279,11/12,10/1/2025,2.45,,,,,,,,,FALSE,FALSE,FALSE,,FALSE,
Cuo1922,Directo,Doc0279,12/12,10/2/2025,2.45,,,,,,,,,FALSE,FALSE,FALSE,,FALSE,
Cuo1923,Directo,Doc0280,1/12,25/3/2024,1.49,,,27/3/2024,,,,,,FALSE,FALSE,FALSE,,FALSE,
Cuo1924,Directo,Doc0280,2/12,25/4/2024,1.49,,,,,,,,,FALSE,FALSE,FALSE,,FALSE,
Cuo1925,Directo,Doc0280,3/12,25/5/2024,1.49,,,,,,,,,FALSE,FALSE,FALSE,,FALSE,
Cuo1926,Directo,Doc0280,4/12,25/6/2024,1.49,,,,,,,,,FALSE,FALSE,FALSE,,FALSE,
Cuo1927,Directo,Doc0280,5/12,25/7/2024,1.49,,,,,,,,,FALSE,FALSE,FALSE,,FALSE,
Cuo1928,Directo,Doc0280,6/12,25/8/2024,1.49,,,,,,,,,FALSE,FALSE,FALSE,,FALSE,
Cuo1929,Directo,Doc0280,7/12,25/9/2024,1.49,,,,,,,,,FALSE,FALSE,FALSE,,FALSE,
Cuo1930,Directo,Doc0280,8/12,25/10/2024,1.49,,,,,,,,,FALSE,FALSE,FALSE,,FALSE,
Cuo1931,Directo,Doc0280,9/12,25/11/2024,1.49,,,,,,,,,FALSE,FALSE,FALSE,,FALSE,
Cuo1932,Directo,Doc0280,10/12,25/12/2024,1.49,,,,,,,,,FALSE,FALSE,FALSE,,FALSE,
Cuo1933,Directo,Doc0280,11/12,25/1/2025,1.49,,,,,,,,,FALSE,FALSE,FALSE,,FALSE,
Cuo1934,Directo,Doc0280,12/12,25/2/2025,1.49,,,,,,,,,FALSE,FALSE,FALSE,,FALSE,
Cuo1935,Directo,Doc0281,1/12,25/3/2024,1.69,,,,,,,,,FALSE,FALSE,TRUE,,FALSE,
Cuo1936,Directo,Doc0281,2/12,25/4/2024,1.69,,,,,,,,,FALSE,FALSE,FALSE,,FALSE,
Cuo1937,Directo,Doc0281,3/12,25/5/2024,1.69,,,,,,,,,FALSE,FALSE,FALSE,,FALSE,
Cuo1938,Directo,Doc0281,4/12,25/6/2024,1.69,,,,,,,,,FALSE,FALSE,FALSE,,FALSE,
Cuo1939,Directo,Doc0281,5/12,25/7/2024,1.69,,,,,,,,,FALSE,FALSE,FALSE,,FALSE,
Cuo1940,Directo,Doc0281,6/12,25/8/2024,1.69,,,,,,,,,FALSE,FALSE,FALSE,,FALSE,
Cuo1941,Directo,Doc0281,7/12,25/9/2024,1.69,,,,,,,,,FALSE,FALSE,FALSE,,FALSE,
Cuo1942,Directo,Doc0281,8/12,25/10/2024,1.69,,,,,,,,,FALSE,FALSE,TRUE,,FALSE,
Cuo1943,Directo,Doc0281,9/12,25/11/2024,1.69,,,,,,,,,FALSE,FALSE,TRUE,,FALSE,
Cuo1944,Directo,Doc0281,10/12,25/12/2024,1.69,,,,,,,,,FALSE,FALSE,FALSE,,FALSE,
Cuo1945,Directo,Doc0281,11/12,25/1/2025,1.69,,,,,,,,,FALSE,FALSE,FALSE,,FALSE,
Cuo1946,Directo,Doc0281,12/12,25/2/2025,1.69,,,,,,,,,FALSE,FALSE,TRUE,,FALSE,
Cuo1947,Automático,Doc0282,1/10,30/4/2024,1.14,,,,,,,,,FALSE,FALSE,FALSE,,FALSE,
Cuo1948,Automático,Doc0282,2/10,30/5/2024,1.14,,,,,,,,,FALSE,FALSE,FALSE,,FALSE,
Cuo1949,Automático,Doc0282,3/10,30/6/2024,1.14,,,,,,,,,FALSE,FALSE,FALSE,,FALSE,
Cuo1950,Automático,Doc0282,4/10,30/7/2024,1.14,,,,,,,,,FALSE,FALSE,FALSE,,FALSE,
Cuo1951,Automático,Doc0282,5/10,30/8/2024,1.14,,,,,,,,,FALSE,FALSE,TRUE,,FALSE,
Cuo1952,Automático,Doc0282,6/10,30/9/2024,1.14,,,,,,,,,FALSE,FALSE,FALSE,,FALSE,
Cuo1953,Automático,Doc0282,7/10,30/10/2024,1.14,,,,,,,,,FALSE,FALSE,FALSE,,FALSE,
Cuo1954,Automático,Doc0282,8/10,30/11/2024,1.14,,,,,,,,,FALSE,FALSE,FALSE,,FALSE,
Cuo1955,Automático,Doc0282,9/10,30/12/2024,1.14,,,,,,,,,FALSE,FALSE,FALSE,,FALSE,
Cuo1956,Automático,Doc0282,10/10,30/1/2025,1.14,,,,,,,,,FALSE,FALSE,FALSE,,FALSE,
Cuo1957,Directo,Doc0283,1/11,5/4/2024,0.89,,,,,,,,,FALSE,FALSE,FALSE,,FALSE,
Cuo1958,Directo,Doc0283,2/11,5/5/2024,0.89,,,,,,,,,FALSE,FALSE,FALSE,,FALSE,
Cuo1959,Directo,Doc0283,3/11,5/6/2024,0.89,,,,,,,,,FALSE,FALSE,FALSE,,FALSE,
Cuo1960,Directo,Doc0283,4/11,5/7/2024,0.89,,,,,,,,,FALSE,FALSE,FALSE,,FALSE,
Cuo1961,Directo,Doc0283,5/11,5/8/2024,0.89,,,,,,,,,FALSE,FALSE,FALSE,,FALSE,
Cuo1962,Directo,Doc0283,6/11,5/9/2024,0.89,,,,,,,,,FALSE,FALSE,FALSE,,FALSE,
Cuo1963,Directo,Doc0283,7/11,5/10/2024,0.89,,,,,,,,,FALSE,FALSE,FALSE,,FALSE,
Cuo1964,Directo,Doc0283,8/11,5/11/2024,0.89,,,,,,,,,FALSE,FALSE,FALSE,,FALSE,
Cuo1965,Directo,Doc0283,9/11,5/12/2024,0.89,,,,,,,,,FALSE,FALSE,FALSE,,FALSE,
Cuo1966,Directo,Doc0283,10/11,5/1/2024,0.89,,,,,,,,,FALSE,FALSE,FALSE,,FALSE,
Cuo1967,Directo,Doc0283,11/11,5/2/2025,0.89,,,,,,,,,FALSE,FALSE,FALSE,,FALSE,
Cuo1968,Directo,Doc0284,1/1,1/3/2025,11.39,,,,,,,,,FALSE,FALSE,FALSE,,FALSE,
Cuo1969,Automático,Doc0285,1/6,5/4/2024,1.79,,,,,,,,,FALSE,FALSE,FALSE,,FALSE,
Cuo1970,Automático,Doc0285,2/6,5/5/2024,1.79,,,,,,,,,FALSE,FALSE,FALSE,,FALSE,
Cuo1971,Automático,Doc0285,3/6,5/6/2024,1.79,,,,,,,,,FALSE,FALSE,FALSE,,FALSE,
Cuo1972,Automático,Doc0285,4/6,5/7/2024,1.79,,,,,,,,,FALSE,FALSE,FALSE,,FALSE,
Cuo1973,Automático,Doc0285,5/6,5/8/2024,1.79,,,,,,,,,FALSE,FALSE,FALSE,,FALSE,
Cuo1974,Automático,Doc0285,6/6,5/9/2024,1.79,,,,,,,,,FALSE,FALSE,FALSE,,FALSE,
Cuo1975,Directo,Doc0286,1/6,18/4/2024,0.90,,,,,,,,,FALSE,FALSE,FALSE,,FALSE,
Cuo1976,Directo,Doc0286,2/6,18/5/2024,0.90,,,,,,,,,FALSE,FALSE,FALSE,,FALSE,
Cuo1977,Directo,Doc0286,3/6,5/7/2024,0.90,,,,,,,,,FALSE,FALSE,FALSE,,FALSE,
Cuo1978,Directo,Doc0286,4/6,5/8/2024,0.90,,,,,,,,,FALSE,FALSE,FALSE,,FALSE,
Cuo1979,Directo,Doc0286,5/6,5/9/2024,0.90,,,,,,,,,FALSE,FALSE,FALSE,,FALSE,
Cuo1980,Directo,Doc0286,6/6,5/10/2024,0.89,,,,,,,,,FALSE,FALSE,FALSE,,FALSE,
Cuo1981,Automático,Doc0287,1/12,5/4/2024,1.67,,,,,,,,,FALSE,FALSE,FALSE,,FALSE,
Cuo1982,Automático,Doc0287,2/12,5/5/2024,1.67,,,,,,,,,FALSE,FALSE,FALSE,,FALSE,
Cuo1983,Automático,Doc0287,3/12,5/6/2024,1.67,,,,,,,,,FALSE,FALSE,FALSE,,FALSE,
Cuo1984,Automático,Doc0287,4/12,5/7/2024,1.67,,,,,,,,,FALSE,FALSE,FALSE,,FALSE,
Cuo1985,Automático,Doc0287,5/12,5/8/2024,1.67,,,,,,,,,FALSE,FALSE,FALSE,,FALSE,
Cuo1986,Automático,Doc0287,6/12,5/9/2024,1.67,,,,,,,,,FALSE,FALSE,FALSE,,FALSE,
Cuo1987,Automático,Doc0287,7/12,5/10/2024,1.67,,,,,,,,,FALSE,FALSE,FALSE,,FALSE,
Cuo1988,Automático,Doc0287,8/12,5/11/2024,1.67,,,,,,,,,FALSE,FALSE,TRUE,,FALSE,
Cuo1989,Automático,Doc0287,9/12,5/12/2024,1.67,,,,,,,,,FALSE,FALSE,FALSE,,FALSE,
Cuo1990,Automático,Doc0287,10/12,5/1/2025,1.67,,,,,,,,,FALSE,FALSE,FALSE,,FALSE,
Cuo1991,Automático,Doc0287,11/12,5/2/2025,1.67,,,,,,,,,FALSE,FALSE,FALSE,,FALSE,
Cuo1992,Automático,Doc0287,12/12,5/3/2025,1.67,,,,,,,,,FALSE,FALSE,FALSE,,FALSE,
Cuo1993,Directo,Doc0288,1/10,5/5/2024,1.95,,,,,,,,,FALSE,FALSE,TRUE,,FALSE,
Cuo1994,Directo,Doc0288,2/10,5/6/2024,1.95,,,,,,,,,FALSE,FALSE,FALSE,,FALSE,
Cuo1995,Directo,Doc0288,3/10,5/7/2024,1.95,,,,,,,,,FALSE,FALSE,TRUE,,FALSE,
Cuo1996,Directo,Doc0288,4/10,5/8/2024,1.95,,,13/8/2024,"$73,324.00",,,,,FALSE,FALSE,TRUE,,FALSE,
Cuo1997,Directo,Doc0288,5/10,5/9/2024,1.95,,,,,,,,,FALSE,FALSE,FALSE,,FALSE,
Cuo1998,Directo,Doc0288,6/10,5/10/2024,1.95,,,,,,,,,FALSE,FALSE,TRUE,,FALSE,
Cuo1999,Directo,Doc0288,7/10,5/11/2024,1.95,,,,,,,,,FALSE,FALSE,FALSE,,FALSE,
Cuo2000,Directo,Doc0288,8/10,5/12/2024,1.95,,,,,,,,,FALSE,FALSE,TRUE,,FALSE,
Cuo2001,Directo,Doc0288,9/10,5/1/2025,1.95,,,,,,,,,FALSE,FALSE,TRUE,,FALSE,
Cuo2002,Directo,Doc0288,10/10,5/2/2025,1.95,,,,,,,,,FALSE,FALSE,TRUE,,FALSE,
Cuo2003,,Doc0289,1/10,5/5/2024,1.65,,,,,,,,,FALSE,FALSE,FALSE,,FALSE,
Cuo2004,,Doc0289,2/10,5/6/2024,1.65,,,,,,,,,FALSE,FALSE,FALSE,,FALSE,
Cuo2005,,Doc0289,3/10,5/7/2024,1.65,,,,,,,,,FALSE,FALSE,FALSE,,FALSE,
Cuo2006,,Doc0289,4/10,5/8/2024,1.65,,,,,,,,,FALSE,FALSE,FALSE,,FALSE,
Cuo2007,,Doc0289,5/10,5/9/2024,1.65,,,,,,,,,FALSE,FALSE,FALSE,,FALSE,
Cuo2008,,Doc0289,6/10,5/10/2024,1.65,,,,,,,,,FALSE,FALSE,FALSE,,FALSE,
Cuo2009,,Doc0289,7/10,5/11/2024,1.65,,,,,,,,,FALSE,FALSE,FALSE,,FALSE,
Cuo2010,,Doc0289,8/10,5/12/2024,1.65,,,,,,,,,FALSE,FALSE,FALSE,,FALSE,
Cuo2011,,Doc0289,9/10,5/1/2025,1.65,,,,,,,,,FALSE,FALSE,FALSE,,FALSE,
Cuo2012,,Doc0289,10/10,5/2/2025,1.65,,,,,,,,,FALSE,FALSE,FALSE,,FALSE,
Cuo2013,Directo,Doc0290,1/10,5/5/2024,1.55,,,6/5/2024,"$63,323.00",,,,,FALSE,FALSE,FALSE,,FALSE,
Cuo2014,Directo,Doc0290,2/10,5/6/2024,1.55,,,,,,,,,FALSE,FALSE,FALSE,,FALSE,
Cuo2015,Directo,Doc0290,3/10,5/7/2024,1.55,,,,,,,,,FALSE,FALSE,TRUE,,FALSE,
Cuo2016,Directo,Doc0290,4/10,5/8/2024,1.55,,,13/8/2024,"$58,283.00",,,,,FALSE,FALSE,TRUE,,FALSE,
Cuo2017,Directo,Doc0290,5/10,5/9/2024,1.55,,,,,,,,,FALSE,FALSE,FALSE,,FALSE,
Cuo2018,Directo,Doc0290,6/10,5/10/2024,1.55,,,,,,,,,FALSE,FALSE,TRUE,,FALSE,
Cuo2019,Directo,Doc0290,7/10,5/11/2024,1.55,,,,,,,,,FALSE,FALSE,FALSE,,FALSE,
Cuo2020,Directo,Doc0290,8/10,5/12/2024,1.55,,,,,,,,,FALSE,FALSE,TRUE,,FALSE,
Cuo2021,Directo,Doc0290,9/10,5/1/2025,1.55,,,,,,,,,FALSE,FALSE,TRUE,,FALSE,
Cuo2022,Directo,Doc0290,10/10,5/2/2025,1.55,,,,,,,,,FALSE,FALSE,TRUE,,FALSE,
Cuo2023,,Doc0291,1/10,5/5/2024,1.55,,,,,,,,,FALSE,FALSE,FALSE,,FALSE,
Cuo2024,,Doc0291,2/10,5/6/2024,1.55,,,,,,,,,FALSE,FALSE,FALSE,,FALSE,
Cuo2025,,Doc0291,3/10,5/7/2024,1.55,,,,,,,,,FALSE,FALSE,FALSE,,FALSE,
Cuo2026,,Doc0291,4/10,5/8/2024,1.55,,,,,,,,,FALSE,FALSE,FALSE,,FALSE,
Cuo2027,,Doc0291,5/10,5/9/2024,1.55,,,,,,,,,FALSE,FALSE,FALSE,,FALSE,
Cuo2028,,Doc0291,6/10,5/10/2024,1.55,,,,,,,,,FALSE,FALSE,FALSE,,FALSE,
Cuo2029,,Doc0291,7/10,5/11/2024,1.55,,,,,,,,,FALSE,FALSE,FALSE,,FALSE,
Cuo2030,,Doc0291,8/10,5/12/2024,1.55,,,,,,,,,FALSE,FALSE,FALSE,,FALSE,
Cuo2031,,Doc0291,9/10,5/1/2025,1.55,,,,,,,,,FALSE,FALSE,FALSE,,FALSE,
Cuo2032,,Doc0291,10/10,5/2/2025,1.55,,,,,,,,,FALSE,FALSE,FALSE,,FALSE,
Cuo2033,Directo,Doc0292,1/10,5/5/2024,1.03,,,,,,,,,FALSE,FALSE,TRUE,,FALSE,
Cuo2034,Directo,Doc0292,2/10,5/6/2024,1.03,,,,,,,,,FALSE,FALSE,FALSE,,FALSE,
Cuo2035,Directo,Doc0292,3/10,5/7/2024,1.03,,,,,,,,,FALSE,FALSE,TRUE,,FALSE,
Cuo2036,Directo,Doc0292,4/10,5/8/2024,1.03,,,13/8/2024,"$38,730.00",,,,,FALSE,FALSE,TRUE,,FALSE,
Cuo2037,Directo,Doc0292,5/10,5/9/2024,1.03,,,,,,,,,FALSE,FALSE,FALSE,,FALSE,
Cuo2038,Directo,Doc0292,6/10,5/10/2024,1.03,,,,,,,,,FALSE,FALSE,TRUE,,FALSE,
Cuo2039,Directo,Doc0292,7/10,5/11/2024,1.03,,,,,,,,,FALSE,FALSE,FALSE,,FALSE,
Cuo2040,Directo,Doc0292,8/10,5/12/2024,1.03,,,,,,,,,FALSE,FALSE,TRUE,,FALSE,
Cuo2041,Directo,Doc0292,9/10,5/1/2025,1.03,,,,,,,,,FALSE,FALSE,TRUE,,FALSE,
Cuo2042,Directo,Doc0292,10/10,5/2/2025,1.03,,,,,,,,,FALSE,FALSE,TRUE,,FALSE,
Cuo2043,Directo,Doc0293,1/1,4/5/2024,29.18,,,,,,,,8392990,FALSE,TRUE,FALSE,,FALSE,
Cuo2044,Directo,Doc0294,1/1,1/4/2025,11.39,,,,,,,,,FALSE,FALSE,TRUE,,FALSE,
Cuo2045,Directo,Doc0295,1/1,14/5/2025,1.55,,,,,,,,,FALSE,FALSE,FALSE,,FALSE,
Cuo2046,Directo,Doc0296,1/1,15/5/2025,2.38,,,,,,,,,FALSE,FALSE,FALSE,,FALSE,
Cuo2047,Automático,Doc0297,1/10,15/5/2024,0.87,,,,,,,,,FALSE,FALSE,FALSE,,FALSE,
Cuo2048,Automático,Doc0297,2/10,15/6/2024,0.87,,,,,,,,,FALSE,FALSE,FALSE,,FALSE,
Cuo2049,Automático,Doc0297,3/10,15/7/2024,0.87,,,,,,,,,FALSE,FALSE,FALSE,,FALSE,
Cuo2050,Automático,Doc0297,4/10,15/8/2024,0.87,,,,,,,,,FALSE,FALSE,FALSE,,FALSE,
Cuo2051,Automático,Doc0297,5/10,15/9/2024,0.87,,,,,,,,,FALSE,FALSE,FALSE,,FALSE,
Cuo2052,Automático,Doc0297,6/10,15/10/2024,0.87,,,,,,,,,FALSE,FALSE,FALSE,,FALSE,
Cuo2053,Automático,Doc0297,7/10,15/11/2024,0.87,,,,,,,,,FALSE,FALSE,FALSE,,FALSE,
Cuo2054,Automático,Doc0297,8/10,15/12/2024,0.87,,,,,,,,,FALSE,FALSE,FALSE,,FALSE,
Cuo2055,Automático,Doc0297,9/10,15/1/2025,0.87,,,,,,,,,FALSE,FALSE,FALSE,,FALSE,
Cuo2056,Automático,Doc0297,10/10,15/2/2025,0.90,,,,,,,,,FALSE,FALSE,FALSE,,FALSE,
Cuo2057,Directo,Doc0299,1/11,25/4/2024,2.26,,,,,,,,,FALSE,FALSE,FALSE,,FALSE,
Cuo2058,Directo,Doc0299,2/11,25/5/2024,2.26,,,,,,,,,FALSE,FALSE,FALSE,,FALSE,
Cuo2059,Directo,Doc0299,3/11,25/6/2024,2.26,,,,,,,,,FALSE,FALSE,FALSE,,FALSE,
Cuo2060,Directo,Doc0299,4/11,25/7/2024,2.26,,,,,,,,,FALSE,FALSE,FALSE,,FALSE,
Cuo2061,Directo,Doc0299,5/11,25/8/2024,2.26,,,,,,,,,FALSE,FALSE,FALSE,,FALSE,
Cuo2062,Directo,Doc0299,6/11,25/9/2024,2.26,,,,,,,,,FALSE,FALSE,FALSE,,FALSE,
Cuo2063,Directo,Doc0299,7/11,25/10/2024,2.26,,,,,,,,,FALSE,FALSE,FALSE,,FALSE,
Cuo2064,Directo,Doc0299,8/11,25/11/2024,2.26,,,,,,,,,FALSE,FALSE,FALSE,,FALSE,
Cuo2065,Directo,Doc0299,9/11,25/12/2024,2.26,,,,,,,,,FALSE,FALSE,FALSE,,FALSE,
Cuo2066,Directo,Doc0299,10/11,25/1/2025,2.26,,,,,,,,,FALSE,FALSE,FALSE,,FALSE,
Cuo2067,Directo,Doc0299,11/11,25/2/2025,2.26,,,,,,,,,FALSE,FALSE,FALSE,,FALSE,
Cuo2068,Automático,Doc0300,1/12,10/5/2024,1.50,,,,,,,,,FALSE,FALSE,TRUE,,FALSE,
Cuo2069,Automático,Doc0300,2/12,10/6/2024,1.50,,,,,,,,,FALSE,FALSE,FALSE,,FALSE,
Cuo2070,Automático,Doc0300,3/12,10/7/2024,1.50,,,,,,,,,FALSE,FALSE,FALSE,,FALSE,
Cuo2071,Automático,Doc0300,4/12,10/8/2024,1.50,,,,,,,,,FALSE,FALSE,FALSE,,FALSE,
Cuo2072,Automático,Doc0300,5/12,10/9/2024,1.50,,,,,,,,,FALSE,FALSE,FALSE,,FALSE,
Cuo2073,Automático,Doc0300,6/12,10/10/2024,1.50,,,,,,,,,FALSE,FALSE,FALSE,,FALSE,
Cuo2074,Automático,Doc0300,7/12,10/11/2024,1.50,,,,,,,,,FALSE,FALSE,FALSE,,FALSE,
Cuo2075,Automático,Doc0300,8/12,10/12/2024,1.50,,,,,,,,,FALSE,FALSE,FALSE,,FALSE,
Cuo2076,Automático,Doc0300,9/12,10/1/2025,1.50,,,,,,,,,FALSE,FALSE,FALSE,,FALSE,
Cuo2077,Automático,Doc0300,10/12,10/2/2025,1.50,,,,,,,,,FALSE,FALSE,FALSE,,FALSE,
Cuo2078,Automático,Doc0300,11/12,10/3/2025,1.50,,,,,,,,,FALSE,FALSE,FALSE,,FALSE,
Cuo2079,Automático,Doc0300,12/12,10/4/2025,1.53,,,,,,,,,FALSE,FALSE,FALSE,,FALSE,
Cuo2080,Directo,Doc0301,1/12,5/5/2024,1.71,,,,,,,,,FALSE,FALSE,FALSE,,FALSE,
Cuo2081,Directo,Doc0301,2/12,5/6/2024,1.71,,,,,,,,,FALSE,FALSE,FALSE,,FALSE,
Cuo2082,Directo,Doc0301,3/12,5/7/2024,1.71,,,,,,,,,FALSE,FALSE,FALSE,,FALSE,
Cuo2083,Directo,Doc0301,4/12,5/8/2024,1.71,,,,,,,,,FALSE,FALSE,FALSE,,FALSE,
Cuo2084,Directo,Doc0301,5/12,5/9/2024,1.71,,,,,,,,,FALSE,FALSE,FALSE,,FALSE,
Cuo2085,Directo,Doc0301,6/12,5/10/2024,1.71,,,,,,,,,FALSE,FALSE,FALSE,,FALSE,
Cuo2086,Directo,Doc0301,7/12,5/11/2024,1.71,,,,,,,,,FALSE,FALSE,FALSE,,FALSE,
Cuo2087,Directo,Doc0301,8/12,5/12/2024,1.71,,,,,,,,,FALSE,FALSE,FALSE,,FALSE,
Cuo2088,Directo,Doc0301,9/12,5/1/2025,1.71,,,,,,,,,FALSE,FALSE,FALSE,,FALSE,
Cuo2089,Directo,Doc0301,10/12,5/2/2025,1.71,,,,,,,,,FALSE,FALSE,FALSE,,FALSE,
Cuo2090,Directo,Doc0301,11/12,5/3/2025,1.71,,,,,,,,,FALSE,FALSE,FALSE,,FALSE,
Cuo2091,Directo,Doc0301,12/12,5/4/2025,1.71,,,,,,,,,FALSE,FALSE,FALSE,,FALSE,
Cuo2092,Automático,Doc0302,1/11,27/5/2024,2.32,,,,,,,,,FALSE,FALSE,FALSE,,FALSE,
Cuo2093,Automático,Doc0302,2/11,25/6/2024,2.32,,,,,,,,,FALSE,FALSE,FALSE,,FALSE,
Cuo2094,Automático,Doc0302,3/11,25/7/2024,2.32,,,,,,,,,FALSE,FALSE,FALSE,,FALSE,
Cuo2095,Automático,Doc0302,4/11,25/8/2024,2.32,,,,,,,,,FALSE,FALSE,FALSE,,FALSE,
Cuo2096,Automático,Doc0302,5/11,25/9/2024,2.32,,,,,,,,,FALSE,FALSE,FALSE,,FALSE,
Cuo2097,Automático,Doc0302,6/11,25/10/2024,2.32,,,,,,,,,FALSE,FALSE,FALSE,,FALSE,
Cuo2098,Automático,Doc0302,7/11,25/11/2024,2.32,,,,,,,,,FALSE,FALSE,FALSE,,FALSE,
Cuo2099,Automático,Doc0302,8/11,25/12/2024,2.32,,,,,,,,,FALSE,FALSE,FALSE,,FALSE,
Cuo2100,Automático,Doc0302,9/11,25/1/2025,2.32,,,,,,,,,FALSE,FALSE,FALSE,,FALSE,
Cuo2101,Automático,Doc0302,10/11,25/2/2025,2.32,,,,,,,,,FALSE,FALSE,FALSE,,FALSE,
Cuo2102,Automático,Doc0302,11/11,25/3/2025,2.32,,,,,,,,,FALSE,FALSE,FALSE,,FALSE,
Cuo2103,Directo,Doc0303,1/1,13/3/2025,-5.91,,,,,,,,,FALSE,FALSE,FALSE,,FALSE,
Cuo2104,Directo,Doc0304,1/10,5/6/2024,4.85,,,,,,,,,FALSE,FALSE,FALSE,,FALSE,
Cuo2105,Directo,Doc0304,2/10,5/7/2024,4.85,,,,,,,,,FALSE,FALSE,TRUE,,FALSE,
Cuo2106,Directo,Doc0304,3/10,5/8/2024,4.85,,,13/8/2024,"$182,283.00",,,,,FALSE,FALSE,TRUE,,FALSE,
Cuo2107,Directo,Doc0304,4/10,5/9/2024,4.85,,,,,,,,,FALSE,FALSE,FALSE,,FALSE,
Cuo2108,Directo,Doc0304,5/10,5/10/2024,4.85,,,,,,,,,FALSE,FALSE,TRUE,,FALSE,
Cuo2109,Directo,Doc0304,6/10,5/11/2024,4.85,,,,,,,,,FALSE,FALSE,FALSE,,FALSE,
Cuo2110,Directo,Doc0304,7/10,5/12/2024,4.85,,,,,,,,,FALSE,FALSE,TRUE,,FALSE,
Cuo2111,Directo,Doc0304,8/10,5/1/2025,4.85,,,,,,,,,FALSE,FALSE,TRUE,,FALSE,
Cuo2112,Directo,Doc0304,9/10,5/2/2025,4.85,,,,,,,,,FALSE,FALSE,TRUE,,FALSE,
Cuo2113,Directo,Doc0304,10/10,5/3/2025,4.85,,,,,,,,,FALSE,FALSE,FALSE,,FALSE,
Cuo2114,Automático,Doc0305,1/11,2/7/2024,2.12,,,,,,,,,FALSE,FALSE,FALSE,,FALSE,
Cuo2115,Automático,Doc0305,2/11,2/8/2024,2.12,,,,,,,,,FALSE,FALSE,FALSE,,FALSE,
Cuo2116,Automático,Doc0305,3/11,2/9/2024,2.12,,,,,,,,,FALSE,FALSE,FALSE,,FALSE,
Cuo2117,Gratis,Doc0305,4/11,2/10/2024,2.12,,,,,,,,,FALSE,FALSE,FALSE,,FALSE,
Cuo2118,Automático,Doc0305,5/11,2/11/2024,2.12,,,,,,,,,FALSE,FALSE,FALSE,,FALSE,
Cuo2119,Automático,Doc0305,6/11,2/12/2024,2.12,,,,,,,,,FALSE,FALSE,FALSE,,FALSE,
Cuo2120,Automático,Doc0305,7/11,2/1/2025,2.12,,,,,,,,,FALSE,FALSE,FALSE,,FALSE,
Cuo2121,Automático,Doc0305,8/11,2/2/2025,2.12,,,,,,,,,FALSE,FALSE,FALSE,,FALSE,
Cuo2122,Automático,Doc0305,9/11,2/3/2025,2.12,,,,,,,,,FALSE,FALSE,FALSE,,FALSE,
Cuo2123,Automático,Doc0305,10/11,2/4/2025,2.12,,,,,,,,,FALSE,FALSE,FALSE,,FALSE,
Cuo2124,Gratis,Doc0305,11/11,2/5/2025,2.12,,,,,,,,,FALSE,FALSE,FALSE,,FALSE,
Cuo2125,,Doc0306,1/1,1/7/2025,11.89,,,,,,,,,FALSE,FALSE,FALSE,,FALSE,
Cuo2126,,Doc0307,1/1,1/7/2025,-11.89,,,,,,,,,FALSE,FALSE,FALSE,,FALSE,
Cuo2127,Automático,Doc0308,1/11,5/7/2024,0.64,,,,,,,,,FALSE,FALSE,FALSE,,FALSE,
Cuo2128,Automático,Doc0308,2/11,5/8/2024,0.64,,,,,,,,,FALSE,FALSE,FALSE,,FALSE,
Cuo2129,Automático,Doc0308,3/11,5/9/2024,0.64,,,,,,,,,FALSE,FALSE,FALSE,,FALSE,
Cuo2130,Automático,Doc0308,4/11,5/10/2024,0.64,,,,,,,,,FALSE,FALSE,FALSE,,FALSE,
Cuo2131,Automático,Doc0308,5/11,5/11/2024,0.64,,,,,,,,,FALSE,FALSE,FALSE,,FALSE,
Cuo2132,Automático,Doc0308,6/11,5/12/2024,0.64,,,,,,,,,FALSE,FALSE,FALSE,,FALSE,
Cuo2133,Automático,Doc0308,7/11,5/1/2025,0.64,,,,,,,,,FALSE,FALSE,FALSE,,FALSE,
Cuo2134,Automático,Doc0308,8/11,5/2/2025,0.64,,,,,,,,,FALSE,FALSE,FALSE,,FALSE,
Cuo2135,Automático,Doc0308,9/11,5/3/2025,0.64,,,,,,,,,FALSE,FALSE,FALSE,,FALSE,
Cuo2136,Automático,Doc0308,10/11,5/4/2025,0.64,,,,,,,,,FALSE,FALSE,FALSE,,FALSE,
Cuo2137,Automático,Doc0308,11/11,5/5/2025,0.64,,,,,,,,,FALSE,FALSE,FALSE,,FALSE,
Cuo2138,Automático,Doc0309,1/11,10/6/2024,0.80,,,,,,,,,FALSE,FALSE,FALSE,,FALSE,
Cuo2139,Automático,Doc0309,2/11,10/7/2024,0.80,,,,,,,,,FALSE,FALSE,FALSE,,FALSE,
Cuo2140,Automático,Doc0309,3/11,10/8/2024,0.80,,,,,,,,,FALSE,FALSE,FALSE,,FALSE,
Cuo2141,Automático,Doc0309,4/11,10/9/2024,0.80,,,,,,,,,FALSE,FALSE,FALSE,,FALSE,
Cuo2142,Automático,Doc0309,5/11,10/10/2024,0.80,,,,,,,,,FALSE,FALSE,FALSE,,FALSE,
Cuo2143,Automático,Doc0309,6/11,10/11/2024,0.80,,,,,,,,,FALSE,FALSE,FALSE,,FALSE,
Cuo2144,Automático,Doc0309,7/11,10/12/2024,0.80,,,,,,,,,FALSE,FALSE,FALSE,,FALSE,
Cuo2145,Automático,Doc0309,8/11,10/1/2025,0.80,,,,,,,,,FALSE,FALSE,FALSE,,FALSE,
Cuo2146,Automático,Doc0309,9/11,10/2/2025,0.80,,,,,,,,,FALSE,FALSE,FALSE,,FALSE,
Cuo2147,Automático,Doc0309,10/11,10/3/2025,0.80,,,,,,,,,FALSE,FALSE,FALSE,,FALSE,
Cuo2148,Automático,Doc0309,11/11,10/4/2025,0.75,,,,,,,,,FALSE,FALSE,FALSE,,FALSE,
Cuo2149,Automático,Doc0310,1/12,20/6/2024,1.51,,,,,,,,,FALSE,FALSE,FALSE,,FALSE,
Cuo2150,Automático,Doc0310,2/12,10/7/2024,1.54,,,,,,,,,FALSE,FALSE,FALSE,,FALSE,
Cuo2151,Automático,Doc0310,3/12,10/8/2024,1.54,,,,,,,,,FALSE,FALSE,FALSE,,FALSE,
Cuo2152,Automático,Doc0310,4/12,10/9/2024,1.54,,,,,,,,,FALSE,FALSE,FALSE,,FALSE,
Cuo2153,Automático,Doc0310,5/12,10/10/2024,1.54,,,,,,,,,FALSE,FALSE,FALSE,,FALSE,
Cuo2154,Automático,Doc0310,6/12,10/11/2024,1.54,,,,,,,,,FALSE,FALSE,FALSE,,FALSE,
Cuo2155,Automático,Doc0310,7/12,10/12/2024,1.54,,,,,,,,,FALSE,FALSE,FALSE,,FALSE,
Cuo2156,Automático,Doc0310,8/12,10/1/2025,1.54,,,,,,,,,FALSE,FALSE,FALSE,,FALSE,
Cuo2157,Automático,Doc0310,9/12,10/2/2025,1.54,,,,,,,,,FALSE,FALSE,FALSE,,FALSE,
Cuo2158,Automático,Doc0310,10/12,10/3/2025,1.54,,,,,,,,,FALSE,FALSE,FALSE,,FALSE,
Cuo2159,Automático,Doc0310,11/12,10/4/2025,1.54,,,,,,,,,FALSE,FALSE,FALSE,,FALSE,
Cuo2160,Automático,Doc0310,12/12,10/5/2025,1.54,,,,,,,,,FALSE,FALSE,FALSE,,FALSE,
Cuo2161,Automático,Doc0311,1/11,15/7/2024,1.27,,,,,,,,,FALSE,FALSE,FALSE,,FALSE,
Cuo2162,Automático,Doc0311,2/11,15/8/2024,1.27,,,,,,,,,FALSE,FALSE,FALSE,,FALSE,
Cuo2163,Automático,Doc0311,3/11,15/9/2024,1.27,,,,,,,,,FALSE,FALSE,FALSE,,FALSE,
Cuo2164,Automático,Doc0311,4/11,15/10/2024,1.27,,,,,,,,,FALSE,FALSE,FALSE,,FALSE,
Cuo2165,Automático,Doc0311,5/11,15/11/2024,1.27,,,,,,,,,FALSE,FALSE,FALSE,,FALSE,
Cuo2166,Automático,Doc0311,6/11,15/12/2024,1.27,,,,,,,,,FALSE,FALSE,FALSE,,FALSE,
Cuo2167,Automático,Doc0311,7/11,15/1/2025,1.27,,,,,,,,,FALSE,FALSE,FALSE,,FALSE,
Cuo2168,Automático,Doc0311,8/11,15/2/2025,1.27,,,,,,,,,FALSE,FALSE,FALSE,,FALSE,
Cuo2169,Automático,Doc0311,9/11,15/3/2025,1.27,,,,,,,,,FALSE,FALSE,FALSE,,FALSE,
Cuo2170,Automático,Doc0311,10/11,15/4/2025,1.27,,,,,,,,,FALSE,FALSE,FALSE,,FALSE,
Cuo2171,Automático,Doc0311,11/11,15/5/2025,1.30,,,,,,,,,FALSE,FALSE,FALSE,,FALSE,
Cuo2172,Directo,Doc0312,1/1,6/7/2025,6.87,,,,,,,,,FALSE,FALSE,FALSE,,FALSE,
Cuo2173,Directo,Doc0313,1/10,25/7/2024,5.70,,,,,,,,,FALSE,FALSE,TRUE,,FALSE,
Cuo2174,Directo,Doc0313,2/10,25/8/2024,5.89,,,13/8/2024,"$221,475.00",,,,,FALSE,FALSE,TRUE,,FALSE,
Cuo2175,Directo,Doc0313,3/10,25/9/2024,5.88,,,,,,,,,FALSE,FALSE,FALSE,,FALSE,
Cuo2176,Directo,Doc0313,4/10,25/10/2024,5.88,,,,,,,,,FALSE,FALSE,TRUE,,FALSE,
Cuo2177,Directo,Doc0313,5/10,25/11/2024,5.88,,,,,,,,,FALSE,FALSE,FALSE,,FALSE,
Cuo2178,Directo,Doc0313,6/10,25/12/2024,5.89,,,,,,,,,FALSE,FALSE,TRUE,,FALSE,
Cuo2179,Directo,Doc0313,7/10,25/1/2025,5.89,,,,,,,,,FALSE,FALSE,TRUE,,FALSE,
Cuo2180,Directo,Doc0313,8/10,25/2/2025,5.89,,,,,,,,,FALSE,FALSE,TRUE,,FALSE,
Cuo2181,Transferencia,Doc0313,9/10,25/3/2025,5.89,,,,,,,,,TRUE,FALSE,TRUE,,FALSE,
Cuo2182,Directo,Doc0313,10/10,25/4/2025,5.89,,,,,,,,,FALSE,FALSE,TRUE,,FALSE,
Cuo2183,,Doc0314,1/1,22/7/2025,13.69,,,,,,,,,FALSE,FALSE,TRUE,,FALSE,
Cuo2184,,Doc0315,1/1,22/7/2025,-11.21,,,,,,,,,FALSE,FALSE,FALSE,,FALSE,
Cuo2185,Automático,Doc0316,1/11,5/8/2024,2.24,,,,,,,,,FALSE,FALSE,FALSE,,FALSE,
Cuo2186,Automático,Doc0316,2/11,5/9/2024,2.24,,,,,,,,,FALSE,FALSE,FALSE,,FALSE,
Cuo2187,Automático,Doc0316,3/11,5/10/2024,2.24,,,,,,,,,FALSE,FALSE,FALSE,,FALSE,
Cuo2188,Automático,Doc0316,4/11,5/11/2024,2.24,,,,,,,,,FALSE,FALSE,FALSE,,FALSE,
Cuo2189,Automático,Doc0316,5/11,5/12/2024,2.24,,,,,,,,,FALSE,FALSE,FALSE,,FALSE,Gratis
Cuo2190,Automático,Doc0316,6/11,5/1/2025,2.24,,,,,,,,,FALSE,FALSE,FALSE,,FALSE,
Cuo2191,Automático,Doc0316,7/11,5/2/2025,2.24,,,,,,,,,FALSE,FALSE,FALSE,,FALSE,
Cuo2192,Automático,Doc0316,8/11,5/3/2025,2.24,,,,,,,,,FALSE,FALSE,FALSE,,FALSE,
Cuo2193,Automático,Doc0316,9/11,5/4/2025,2.24,,,,,,,,,FALSE,FALSE,FALSE,,FALSE,
Cuo2194,Automático,Doc0316,10/11,5/5/2025,2.24,,,,,,,,,FALSE,FALSE,FALSE,,FALSE,
Cuo2195,Automático,Doc0316,11/11,5/6/2025,2.26,,,,,,,,,FALSE,FALSE,FALSE,,FALSE,
Cuo2196,Automático,Doc0317,1/10,5/8/2024,5.80,,,,,,,,,FALSE,FALSE,FALSE,,FALSE,
Cuo2197,Automático,Doc0317,2/10,5/9/2024,5.80,,,,,,,,,FALSE,FALSE,FALSE,,FALSE,
Cuo2198,Automático,Doc0317,3/10,5/10/2024,5.80,,,,,,,,,FALSE,FALSE,FALSE,,FALSE,
Cuo2199,Automático,Doc0317,4/10,5/11/2024,5.80,,,,,,,,,FALSE,FALSE,FALSE,,FALSE,
Cuo2200,Automático,Doc0317,5/10,5/12/2024,5.80,,,,,,,,,FALSE,FALSE,FALSE,,FALSE,
Cuo2201,Automático,Doc0317,6/10,5/1/2025,5.80,,,,,,,,,FALSE,FALSE,FALSE,,FALSE,
Cuo2202,Automático,Doc0317,7/10,5/2/2025,5.80,,,,,,,,,FALSE,FALSE,FALSE,,FALSE,
Cuo2203,Automático,Doc0317,8/10,5/3/2025,5.80,,,,,,,,,FALSE,FALSE,FALSE,,FALSE,
Cuo2204,Automático,Doc0317,9/10,5/4/2025,5.80,,,,,,,,,FALSE,FALSE,FALSE,,FALSE,
Cuo2205,Automático,Doc0317,10/10,5/5/2025,5.80,,,,,,,,,FALSE,FALSE,FALSE,,FALSE,
Cuo2206,Automático,Doc0318,1/10,25/7/2024,9.07,,,,,,,,,FALSE,FALSE,FALSE,,FALSE,
Cuo2207,Automático,Doc0318,2/10,25/8/2024,9.07,,,,,,,,,FALSE,FALSE,FALSE,,FALSE,
Cuo2208,Automático,Doc0318,3/10,25/9/2024,9.07,,,,,,,,,FALSE,FALSE,FALSE,,FALSE,
Cuo2209,Automático,Doc0318,4/10,25/10/2024,9.07,,,,,,,,,FALSE,FALSE,FALSE,,FALSE,
Cuo2210,Automático,Doc0318,5/10,25/11/2024,9.07,,,,,,,,,FALSE,FALSE,FALSE,,FALSE,
Cuo2211,Automático,Doc0318,6/10,25/12/2024,9.07,,,,,,,,,FALSE,FALSE,FALSE,,FALSE,
Cuo2212,Automático,Doc0318,7/10,25/1/2025,9.07,,,,,,,,,FALSE,FALSE,FALSE,,FALSE,
Cuo2213,Automático,Doc0318,8/10,25/2/2025,9.07,,,,,,,,,FALSE,FALSE,FALSE,,FALSE,
Cuo2214,Automático,Doc0318,9/10,25/3/2025,9.07,,,,,,,,,FALSE,FALSE,FALSE,,FALSE,
Cuo2215,Automático,Doc0318,10/10,25/4/2025,9.00,,,,,,,,,FALSE,FALSE,FALSE,,FALSE,
Cuo2216,Automático,Doc0319,1/10,25/7/2024,1.45,,,,,,,,,FALSE,FALSE,FALSE,,FALSE,
Cuo2217,Automático,Doc0319,2/10,25/8/2024,1.45,,,,,,,,,FALSE,FALSE,FALSE,,FALSE,
Cuo2218,Automático,Doc0319,3/10,25/9/2024,1.45,,,,,,,,,FALSE,FALSE,FALSE,,FALSE,
Cuo2219,Automático,Doc0319,4/10,25/10/2024,1.45,,,,,,,,,FALSE,FALSE,FALSE,,FALSE,
Cuo2220,Automático,Doc0319,5/10,25/11/2024,1.45,,,,,,,,,FALSE,FALSE,FALSE,,FALSE,
Cuo2221,Automático,Doc0319,6/10,25/12/2024,1.45,,,,,,,,,FALSE,FALSE,FALSE,,FALSE,
Cuo2222,Automático,Doc0319,7/10,25/1/2025,1.45,,,,,,,,,FALSE,FALSE,FALSE,,FALSE,
Cuo2223,Automático,Doc0319,8/10,25/2/2025,1.45,,,,,,,,,FALSE,FALSE,FALSE,,FALSE,
Cuo2224,Automático,Doc0319,9/10,25/3/2025,1.45,,,,,,,,,FALSE,FALSE,FALSE,,FALSE,
Cuo2225,Automático,Doc0319,10/10,25/4/2025,1.44,,,,,,,,,FALSE,FALSE,FALSE,,FALSE,
Cuo2226,Automático,Doc0320,1/10,25/7/2024,48.04,,,,,,,,,FALSE,FALSE,FALSE,,FALSE,
Cuo2227,Automático,Doc0320,2/10,25/8/2024,48.04,,,,,,,,,FALSE,FALSE,FALSE,,FALSE,
Cuo2228,Automático,Doc0320,3/10,25/9/2024,48.04,,,,,,,,,FALSE,FALSE,FALSE,,FALSE,
Cuo2229,Automático,Doc0320,4/10,25/10/2024,48.04,,,,,,,,,FALSE,FALSE,FALSE,,FALSE,
Cuo2230,Automático,Doc0320,5/10,25/11/2024,48.04,,,,,,,,,FALSE,FALSE,FALSE,,FALSE,
Cuo2231,Automático,Doc0320,6/10,25/12/2024,48.04,,,,,,,,,FALSE,FALSE,FALSE,,FALSE,
Cuo2232,Automático,Doc0320,7/10,25/1/2025,48.04,,,,,,,,,FALSE,FALSE,FALSE,,FALSE,
Cuo2233,Automático,Doc0320,8/10,25/2/2025,48.04,,,,,,,,,FALSE,FALSE,FALSE,,FALSE,
Cuo2234,Automático,Doc0320,9/10,25/3/2025,48.04,,,,,,,,,FALSE,FALSE,FALSE,,FALSE,
Cuo2235,Automático,Doc0320,10/10,25/4/2025,48.06,,,,,,,,,FALSE,FALSE,FALSE,,FALSE,
Cuo2236,Directo,Doc0321,1/1,2/8/2025,10.90,,,13/8/2024,"$409,695.00",,,,,FALSE,FALSE,TRUE,,FALSE,
Cuo2237,Automático,Doc0322,1/11,12/8/2024,1.90,,,,,,,,,FALSE,FALSE,FALSE,,FALSE,
Cuo2238,Automático,Doc0322,2/11,10/9/2024,1.90,,,,,,,,,FALSE,FALSE,FALSE,,FALSE,
Cuo2239,Automático,Doc0322,3/11,10/10/2024,1.90,,,,,,,,,FALSE,FALSE,FALSE,,FALSE,
Cuo2240,Automático,Doc0322,4/11,10/11/2024,1.90,,,,,,,,,FALSE,FALSE,FALSE,,FALSE,
Cuo2241,Automático,Doc0322,5/11,10/12/2024,1.90,,,,,,,,,FALSE,FALSE,FALSE,,FALSE,
Cuo2242,Automático,Doc0322,6/11,10/1/2025,1.90,,,,,,,,,FALSE,FALSE,FALSE,,FALSE,
Cuo2243,Automático,Doc0322,7/11,10/2/2025,1.90,,,,,,,,,FALSE,FALSE,FALSE,,FALSE,
Cuo2244,Automático,Doc0322,8/11,10/3/2025,1.90,,,,,,,,,FALSE,FALSE,FALSE,,FALSE,
Cuo2245,Automático,Doc0322,9/11,10/4/2025,1.90,,,,,,,,,FALSE,FALSE,FALSE,,FALSE,
Cuo2246,Automático,Doc0322,10/11,10/5/2025,1.90,,,,,,,,,FALSE,FALSE,FALSE,,FALSE,
Cuo2247,Automático,Doc0322,11/11,10/6/2025,1.91,,,,,,,,,FALSE,FALSE,FALSE,,FALSE,
Cuo2248,Directo,Doc0323,1/1,22/8/2025,16.86,,,,,,,,,FALSE,FALSE,FALSE,,FALSE,
Cuo2249,Automático,Doc0324,1/12,10/8/2024,1.23,,,,,,,,,FALSE,FALSE,FALSE,,FALSE,
Cuo2250,Automático,Doc0324,2/12,10/9/2024,1.23,,,,,,,,,FALSE,FALSE,FALSE,,FALSE,
Cuo2251,Automático,Doc0324,3/12,10/10/2024,1.23,,,,,,,,,FALSE,FALSE,FALSE,,FALSE,
Cuo2252,Automático,Doc0324,4/12,10/11/2024,1.23,,,,,,,,,FALSE,FALSE,FALSE,,FALSE,
Cuo2253,Automático,Doc0324,5/12,10/12/2024,1.23,,,,,,,,,FALSE,FALSE,FALSE,,FALSE,
Cuo2254,Automático,Doc0324,6/12,10/1/2025,1.23,,,,,,,,,FALSE,FALSE,FALSE,,FALSE,
Cuo2255,Automático,Doc0324,7/12,10/2/2025,1.23,,,,,,,,,FALSE,FALSE,FALSE,,FALSE,
Cuo2256,Automático,Doc0324,8/12,10/3/2025,1.23,,,,,,,,,FALSE,FALSE,FALSE,,FALSE,
Cuo2257,Automático,Doc0324,9/12,10/4/2025,1.23,,,,,,,,,FALSE,FALSE,FALSE,,FALSE,
Cuo2258,Automático,Doc0324,10/12,10/5/2025,1.23,,,,,,,,,FALSE,FALSE,FALSE,,FALSE,
Cuo2259,Automático,Doc0324,11/12,10/6/2025,1.23,,,,,,,,,FALSE,FALSE,FALSE,,FALSE,
Cuo2260,Automático,Doc0324,12/12,10/7/2025,1.23,,,,,,,,,FALSE,FALSE,FALSE,,FALSE,
Cuo2261,Automático,Doc0325,1/11,15/8/2024,1.19,,,,,,,,,FALSE,FALSE,TRUE,,FALSE,
Cuo2262,Automático,Doc0325,2/11,15/9/2024,1.19,,,,,,,,,FALSE,FALSE,FALSE,,FALSE,
Cuo2263,Automático,Doc0325,3/11,15/10/2024,1.19,,,,,,,,,FALSE,FALSE,FALSE,,FALSE,Gratis
Cuo2264,Automático,Doc0325,4/11,15/11/2024,1.19,,,,,,,,,FALSE,FALSE,FALSE,,FALSE,
Cuo2265,Automático,Doc0325,5/11,15/12/2024,1.19,,,,,,,,,FALSE,FALSE,FALSE,,FALSE,
Cuo2266,Automático,Doc0325,6/11,15/1/2025,1.19,,,,,,,,,FALSE,FALSE,FALSE,,FALSE,Gratis
Cuo2267,Automático,Doc0325,7/11,15/2/2025,1.19,,,,,,,,,FALSE,FALSE,FALSE,,FALSE,
Cuo2268,Automático,Doc0325,8/11,15/3/2025,1.19,,,,,,,,,FALSE,FALSE,FALSE,,FALSE,
Cuo2269,Automático,Doc0325,9/11,15/4/2025,1.19,,,,,,,,,FALSE,FALSE,FALSE,,FALSE,
Cuo2270,Automático,Doc0325,10/11,15/5/2025,1.19,,,,,,,,,FALSE,FALSE,FALSE,,FALSE,
Cuo2271,Automático,Doc0325,11/11,15/6/2025,1.23,,,,,,,,,FALSE,FALSE,FALSE,,FALSE,
Cuo2272,Automático,Doc0326,1/11,15/8/2024,1.69,,,,,,,,,FALSE,FALSE,TRUE,,FALSE,
Cuo2273,Automático,Doc0326,2/11,15/9/2024,1.69,,,,,,,,,FALSE,FALSE,FALSE,,FALSE,
Cuo2274,Automático,Doc0326,3/11,15/10/2024,1.69,,,,,,,,,FALSE,FALSE,FALSE,,FALSE,Gratis
Cuo2275,Automático,Doc0326,4/11,15/11/2024,1.69,,,,,,,,,FALSE,FALSE,FALSE,,FALSE,
Cuo2276,Automático,Doc0326,5/11,15/12/2024,1.69,,,,,,,,,FALSE,FALSE,FALSE,,FALSE,
Cuo2277,Automático,Doc0326,6/11,15/1/2025,1.69,,,,,,,,,FALSE,FALSE,FALSE,,FALSE,Gratis
Cuo2278,Automático,Doc0326,7/11,15/2/2025,1.69,,,,,,,,,FALSE,FALSE,FALSE,,FALSE,
Cuo2279,Automático,Doc0326,8/11,15/3/2025,1.69,,,,,,,,,FALSE,FALSE,FALSE,,FALSE,
Cuo2280,Automático,Doc0326,9/11,15/4/2025,1.69,,,,,,,,,FALSE,FALSE,FALSE,,FALSE,
Cuo2281,Automático,Doc0326,10/11,15/5/2025,1.69,,,,,,,,,FALSE,FALSE,FALSE,,FALSE,
Cuo2282,Automático,Doc0326,11/11,15/6/2025,1.65,,,,,,,,,FALSE,FALSE,FALSE,,FALSE,
Cuo2283,Automático,Doc0327,1/11,15/8/2024,2.09,,,,,,,,,FALSE,FALSE,TRUE,,FALSE,
Cuo2284,Automático,Doc0327,2/11,15/9/2024,2.09,,,,,,,,,FALSE,FALSE,FALSE,,FALSE,
Cuo2285,Automático,Doc0327,3/11,15/10/2024,2.09,,,,,,,,,FALSE,FALSE,FALSE,,FALSE,Gratis
Cuo2286,Automático,Doc0327,4/11,15/11/2024,2.09,,,,,,,,,FALSE,FALSE,FALSE,,FALSE,
Cuo2287,Automático,Doc0327,5/11,15/12/2024,2.09,,,,,,,,,FALSE,FALSE,FALSE,,FALSE,
Cuo2288,Automático,Doc0327,6/11,15/1/2025,2.09,,,,,,,,,FALSE,FALSE,FALSE,,FALSE,Gratis
Cuo2289,Automático,Doc0327,7/11,15/2/2025,2.09,,,,,,,,,FALSE,FALSE,FALSE,,FALSE,
Cuo2290,Automático,Doc0327,8/11,15/3/2025,2.09,,,,,,,,,FALSE,FALSE,FALSE,,FALSE,
Cuo2291,Automático,Doc0327,9/11,15/4/2025,2.09,,,,,,,,,FALSE,FALSE,FALSE,,FALSE,
Cuo2292,Automático,Doc0327,10/11,15/5/2025,2.09,,,,,,,,,FALSE,FALSE,FALSE,,FALSE,
Cuo2293,Automático,Doc0327,11/11,15/6/2025,2.08,,,,,,,,,FALSE,FALSE,FALSE,,FALSE,
Cuo2294,Automático,Doc0328,1/11,15/9/2024,2.47,,,,,,,,,FALSE,FALSE,FALSE,,FALSE,
Cuo2295,Automático,Doc0328,2/11,15/10/2024,2.47,,,,,,,,,FALSE,FALSE,FALSE,,FALSE,
Cuo2296,Automático,Doc0328,3/11,15/11/2024,2.47,,,,,,,,,FALSE,FALSE,FALSE,,FALSE,Gratis
Cuo2297,Automático,Doc0328,4/11,15/12/2024,2.47,,,,,,,,,FALSE,FALSE,FALSE,,FALSE,
Cuo2298,Automático,Doc0328,5/11,15/1/2025,2.47,,,,,,,,,FALSE,FALSE,FALSE,,FALSE,
Cuo2299,Automático,Doc0328,6/11,15/2/2025,2.47,,,,,,,,,FALSE,FALSE,FALSE,,FALSE,Gratis
Cuo2300,Automático,Doc0328,7/11,15/3/2025,2.47,,,,,,,,,FALSE,FALSE,FALSE,,FALSE,
Cuo2301,Automático,Doc0328,8/11,15/4/2025,2.47,,,,,,,,,FALSE,FALSE,FALSE,,FALSE,
Cuo2302,Automático,Doc0328,9/11,15/5/2025,2.47,,,,,,,,,FALSE,FALSE,FALSE,,FALSE,
Cuo2303,Automático,Doc0328,10/11,15/6/2025,2.47,,,,,,,,,FALSE,FALSE,FALSE,,FALSE,
Cuo2304,Automático,Doc0328,11/11,15/7/2025,2.50,,,,,,,,,FALSE,FALSE,FALSE,,FALSE,
Cuo2305,Directo,Doc0329,1/1,7/2/2025,-14.75,,,,,,,,,FALSE,FALSE,FALSE,,FALSE,
Cuo2306,Directo,Doc0330,1/10,15/9/2024,10.25,,,,,,,,,FALSE,FALSE,FALSE,,FALSE,
Cuo2307,Directo,Doc0330,2/10,15/10/2024,10.25,,,,,,,,,FALSE,FALSE,FALSE,,FALSE,
Cuo2308,Directo,Doc0330,3/10,15/11/2024,10.25,,,,,,,,,FALSE,FALSE,FALSE,,FALSE,
Cuo2309,Directo,Doc0330,4/10,15/12/2024,10.25,,,,,,,,,FALSE,FALSE,FALSE,,FALSE,
Cuo2310,Directo,Doc0330,5/10,15/1/2025,10.25,,,,,,,,,FALSE,FALSE,FALSE,,FALSE,
Cuo2311,Directo,Doc0330,6/10,15/2/2025,10.25,,,,,,,,,FALSE,FALSE,FALSE,,FALSE,
Cuo2312,Directo,Doc0330,7/10,15/3/2025,10.25,,,,,,,,,FALSE,FALSE,TRUE,,FALSE,
Cuo2313,Directo,Doc0330,8/10,15/4/2025,10.25,,,,,,,,,FALSE,FALSE,FALSE,,FALSE,
Cuo2314,Directo,Doc0330,9/10,15/5/2025,10.25,,,,,,,,,FALSE,FALSE,FALSE,,FALSE,
Cuo2315,Directo,Doc0330,10/10,15/6/2025,10.25,,,,,,,,,FALSE,FALSE,FALSE,,FALSE,
Cuo2316,Automático,Doc0331,1/12,2/9/2024,1.80,,,,,,,,,FALSE,FALSE,FALSE,,FALSE,
Cuo2317,Automático,Doc0331,2/12,2/10/2024,1.80,,,,,,,,,FALSE,FALSE,FALSE,,FALSE,
Cuo2318,Automático,Doc0331,3/12,2/11/2024,1.80,,,,,,,,,FALSE,FALSE,FALSE,,FALSE,
Cuo2319,Automático,Doc0331,4/12,2/12/2024,1.80,,,,,,,,,FALSE,FALSE,FALSE,,FALSE,
Cuo2320,Automático,Doc0331,5/12,2/1/2025,1.80,,,,,,,,,FALSE,FALSE,FALSE,,FALSE,
Cuo2321,Automático,Doc0331,6/12,2/2/2025,1.80,,,,,,,,,FALSE,FALSE,FALSE,,FALSE,
Cuo2322,Automático,Doc0331,7/12,2/3/2025,1.80,,,,,,,,,FALSE,FALSE,FALSE,,FALSE,
Cuo2323,Automático,Doc0331,8/12,2/4/2025,1.80,,,,,,,,,FALSE,FALSE,FALSE,,FALSE,
Cuo2324,Automático,Doc0331,9/12,2/5/2025,1.80,,,,,,,,,FALSE,FALSE,FALSE,,FALSE,
Cuo2325,Automático,Doc0331,10/12,2/6/2025,1.80,,,,,,,,,FALSE,FALSE,FALSE,,FALSE,
Cuo2326,Automático,Doc0331,11/12,2/7/2025,1.80,,,,,,,,,FALSE,FALSE,FALSE,,FALSE,
Cuo2327,Automático,Doc0331,12/12,2/8/2025,1.80,,,,,,,,,FALSE,FALSE,FALSE,,FALSE,
Cuo2328,Directo,Doc0332,1/12,21/9/2024,0.81,,,,,,,,,FALSE,FALSE,FALSE,,FALSE,
Cuo2329,Directo,Doc0332,2/12,5/10/2024,0.81,,,,,,,,,FALSE,FALSE,FALSE,,FALSE,
Cuo2330,Directo,Doc0332,3/12,5/11/2024,0.81,,,,,,,,,FALSE,FALSE,FALSE,,FALSE,
Cuo2331,Directo,Doc0332,4/12,5/12/2024,0.81,,,,,,,,,FALSE,FALSE,FALSE,,FALSE,
Cuo2332,Directo,Doc0332,5/12,5/1/2025,0.81,,,,,,,,,FALSE,FALSE,FALSE,,FALSE,
Cuo2333,Directo,Doc0332,6/12,5/2/2025,0.81,,,,,,,,,FALSE,FALSE,FALSE,,FALSE,
Cuo2334,Directo,Doc0332,7/12,5/3/2025,0.81,,,,,,,,,FALSE,FALSE,FALSE,,FALSE,
Cuo2335,Directo,Doc0332,8/12,5/4/2025,0.81,,,,,,,,,FALSE,FALSE,FALSE,,FALSE,
Cuo2336,Directo,Doc0332,9/12,5/5/2025,0.81,,,,,,,,,FALSE,FALSE,FALSE,,FALSE,
Cuo2337,,Doc0332,10/12,5/6/2025,0.81,,,,,,,,,FALSE,FALSE,FALSE,,FALSE,
Cuo2338,,Doc0332,11/12,5/7/2025,0.81,,,,,,,,,FALSE,FALSE,FALSE,,FALSE,
Cuo2339,,Doc0332,12/12,5/8/2025,0.76,,,,,,,,,FALSE,FALSE,FALSE,,FALSE,
Cuo2340,Directo,Doc0333,1/10,25/9/2024,2.21,,,,,,,,,FALSE,FALSE,FALSE,,FALSE,
Cuo2341,Directo,Doc0333,2/10,25/10/2024,2.21,,,,,,,,,FALSE,FALSE,FALSE,,FALSE,
Cuo2342,Directo,Doc0333,3/10,25/11/2024,2.21,,,,,,,,,FALSE,FALSE,FALSE,,FALSE,
Cuo2343,Directo,Doc0333,4/10,25/12/2024,2.21,,,,,,,,,FALSE,FALSE,FALSE,,FALSE,
Cuo2344,Directo,Doc0333,5/10,25/1/2025,2.21,,,,,,,,,FALSE,FALSE,FALSE,,FALSE,
Cuo2345,Directo,Doc0333,6/10,25/2/2025,2.21,,,,,,,,,FALSE,FALSE,FALSE,,FALSE,
Cuo2346,Directo,Doc0333,7/10,25/3/2025,2.21,,,,,,,,,FALSE,FALSE,FALSE,,FALSE,
Cuo2347,Directo,Doc0333,8/10,25/4/2025,2.21,,,,,,,,,FALSE,FALSE,FALSE,,FALSE,
Cuo2348,Directo,Doc0333,9/10,25/5/2025,2.21,,,,,,,,,FALSE,FALSE,FALSE,,FALSE,
Cuo2349,Directo,Doc0333,10/10,25/6/2025,2.24,,,,,,,,,FALSE,FALSE,FALSE,,FALSE,
Cuo2350,Directo,Doc0334,1/12,25/9/2024,1.34,,,,,,,,,FALSE,FALSE,FALSE,,FALSE,
Cuo2351,Directo,Doc0334,2/12,25/10/2024,1.34,,,,,,,,,FALSE,FALSE,FALSE,,FALSE,
Cuo2352,Directo,Doc0334,3/12,25/11/2024,1.34,,,,,,,,,FALSE,FALSE,FALSE,,FALSE,
Cuo2353,Directo,Doc0334,4/12,25/12/2024,1.34,,,,,,,,,FALSE,FALSE,FALSE,,FALSE,
Cuo2354,Directo,Doc0334,5/12,25/1/2025,1.34,,,,,,,,,FALSE,FALSE,FALSE,,FALSE,
Cuo2355,Directo,Doc0334,6/12,25/2/2025,1.34,,,,,,,,,FALSE,FALSE,FALSE,,FALSE,
Cuo2356,Directo,Doc0334,7/12,25/3/2025,1.34,,,,,,,,,FALSE,FALSE,TRUE,,FALSE,
Cuo2357,Directo,Doc0334,8/12,25/4/2025,1.34,,,,,,,,,FALSE,FALSE,FALSE,,FALSE,
Cuo2358,,Doc0334,9/12,25/5/2025,1.34,,,,,,,,,FALSE,FALSE,FALSE,,FALSE,
Cuo2359,,Doc0334,10/12,25/6/2025,1.34,,,,,,,,,FALSE,FALSE,FALSE,,FALSE,
Cuo2360,,Doc0334,11/12,25/7/2025,1.34,,,,,,,,,FALSE,FALSE,FALSE,,FALSE,
Cuo2361,,Doc0334,12/12,25/8/2025,1.34,,,,,,,,,FALSE,FALSE,FALSE,,FALSE,
Cuo2362,Directo,Doc0335,1/12,25/9/2024,0.56,,,,,,,,,FALSE,FALSE,FALSE,,FALSE,
Cuo2363,Directo,Doc0335,2/12,18/10/2024,0.57,,,,,,,,,FALSE,FALSE,FALSE,,FALSE,
Cuo2364,Directo,Doc0335,3/12,18/11/2024,0.57,,,,,,,,,FALSE,FALSE,FALSE,,FALSE,
Cuo2365,Directo,Doc0335,4/12,18/12/2024,0.57,,,,,,,,,FALSE,FALSE,FALSE,,FALSE,
Cuo2366,Directo,Doc0335,5/12,18/1/2025,0.57,,,,,,,,,FALSE,FALSE,FALSE,,FALSE,
Cuo2367,Directo,Doc0335,6/12,18/2/2025,0.57,,,,,,,,,FALSE,FALSE,FALSE,,FALSE,
Cuo2368,Directo,Doc0335,7/12,18/3/2025,0.57,,,,,,,,,FALSE,FALSE,TRUE,,FALSE,
Cuo2369,Directo,Doc0335,8/12,18/4/2025,0.57,,,,,,,,,FALSE,FALSE,FALSE,,FALSE,
Cuo2370,Directo,Doc0335,9/12,18/5/2025,0.57,,,,,,,,,FALSE,FALSE,FALSE,,FALSE,
Cuo2371,Directo,Doc0335,10/12,18/6/2025,0.57,,,,,,,,,FALSE,FALSE,FALSE,,FALSE,
Cuo2372,Directo,Doc0335,11/12,18/7/2025,0.57,,,,,,,,,FALSE,FALSE,FALSE,,FALSE,
Cuo2373,Directo,Doc0335,12/12,18/8/2025,0.57,,,,,,,,,FALSE,FALSE,FALSE,,FALSE,
Cuo2374,Directo,Doc0336,1/1,11/10/2024,30.42,,,,,,,,,FALSE,FALSE,FALSE,,FALSE,
Cuo2375,Automático,Doc0337,1/11,18/10/2024,3.07,,,,,,,,,FALSE,FALSE,FALSE,,FALSE,
Cuo2376,Automático,Doc0337,2/11,18/11/2024,3.07,,,,,,,,,FALSE,FALSE,FALSE,,FALSE,
Cuo2377,Automático,Doc0337,3/11,18/12/2024,3.07,,,,,,,,,FALSE,FALSE,FALSE,,FALSE,
Cuo2378,Automático,Doc0337,4/11,18/1/2025,3.07,,,,,,,,,FALSE,FALSE,FALSE,,FALSE,
Cuo2379,Automático,Doc0337,5/11,18/2/2025,3.07,,,,,,,,,FALSE,FALSE,FALSE,,FALSE,
Cuo2380,Automático,Doc0337,6/11,18/3/2025,3.07,,,,,,,,,FALSE,FALSE,FALSE,,FALSE,Gratis
Cuo2381,Automático,Doc0337,7/11,18/4/2025,3.07,,,,,,,,,FALSE,FALSE,FALSE,,FALSE,
Cuo2382,Automático,Doc0337,8/11,18/5/2025,3.07,,,,,,,,,FALSE,FALSE,FALSE,,FALSE,
Cuo2383,Automático,Doc0337,9/11,18/6/2025,3.07,,,,,,,,,FALSE,FALSE,FALSE,,FALSE,
Cuo2384,Automático,Doc0337,10/11,18/7/2025,3.07,,,,,,,,,FALSE,FALSE,FALSE,,FALSE,
Cuo2385,Automático,Doc0337,11/11,18/8/2025,3.07,,,,,,,,,FALSE,FALSE,FALSE,,FALSE,Gratis
Cuo2386,Directo,Doc0338,1/11,2/11/2024,1.81,,,,,,,,,FALSE,FALSE,TRUE,,FALSE,
Cuo2387,Directo,Doc0338,2/11,2/12/2024,1.81,,,,,,,,,FALSE,FALSE,FALSE,,FALSE,
Cuo2388,,Doc0338,3/11,2/1/2025,1.81,,,,,,,,,FALSE,FALSE,TRUE,,FALSE,
Cuo2389,,Doc0338,4/11,2/2/2025,1.81,,,,,,,,,FALSE,FALSE,FALSE,,FALSE,
Cuo2390,,Doc0338,5/11,2/3/2025,1.81,,,,,,,,,FALSE,FALSE,FALSE,,FALSE,
Cuo2391,,Doc0338,6/11,2/4/2025,1.81,,,,,,,,,FALSE,FALSE,FALSE,,FALSE,Gratis
Cuo2392,,Doc0338,7/11,2/5/2025,1.81,,,,,,,,,FALSE,FALSE,FALSE,,FALSE,
Cuo2393,,Doc0338,8/11,2/6/2025,1.81,,,,,,,,,FALSE,FALSE,FALSE,,FALSE,
Cuo2394,,Doc0338,9/11,2/7/2025,1.81,,,,,,,,,FALSE,FALSE,FALSE,,FALSE,
Cuo2395,,Doc0338,10/11,2/8/2025,1.81,,,,,,,,,FALSE,FALSE,FALSE,,FALSE,
Cuo2396,,Doc0338,11/11,2/9/2025,1.81,,,,,,,,,FALSE,FALSE,FALSE,,FALSE,Gratis
Cuo2397,,Doc0339,1/1,24/10/2025,-12.46,,,,,,,,,FALSE,FALSE,FALSE,,FALSE,
Cuo2398,Directo,Doc0340,1/1,26/10/2025,4.08,,,,,,,,,FALSE,FALSE,FALSE,,FALSE,
Cuo2399,Automático,Doc0341,1/12,4/10/2024,1.50,,,,,,,,,FALSE,FALSE,FALSE,,FALSE,
Cuo2400,Automático,Doc0341,2/12,30/11/2024,1.50,,,,,,,,,FALSE,FALSE,FALSE,,FALSE,
Cuo2401,Automático,Doc0341,3/12,30/12/2024,1.50,,,,,,,,,FALSE,FALSE,FALSE,,FALSE,
Cuo2402,Automático,Doc0341,4/12,30/1/2025,1.50,,,,,,,,,FALSE,FALSE,FALSE,,FALSE,
Cuo2403,Automático,Doc0341,5/12,28/2/2025,1.50,,,,,,,,,FALSE,FALSE,FALSE,,FALSE,
Cuo2404,Automático,Doc0341,6/12,30/3/2025,1.50,,,,,,,,,FALSE,FALSE,FALSE,,FALSE,
Cuo2405,Automático,Doc0341,7/12,30/4/2025,1.50,,,,,,,,,FALSE,FALSE,FALSE,,FALSE,
Cuo2406,Automático,Doc0341,8/12,30/5/2025,1.50,,,,,,,,,FALSE,FALSE,FALSE,,FALSE,
Cuo2407,,Doc0341,9/12,30/6/2025,1.50,,,,,,,,,FALSE,FALSE,FALSE,,FALSE,
Cuo2408,,Doc0341,10/12,30/7/2025,1.50,,,,,,,,,FALSE,FALSE,FALSE,,FALSE,
Cuo2409,,Doc0341,11/12,30/8/2025,1.50,,,,,,,,,FALSE,FALSE,FALSE,,FALSE,
Cuo2410,,Doc0341,12/12,30/9/2025,1.48,,,,,,,,,FALSE,FALSE,FALSE,,FALSE,
Cuo2411,Automático,Doc0342,1/10,10/12/2024,2.30,,,,,,,,,FALSE,FALSE,FALSE,,FALSE,
Cuo2412,Automático,Doc0342,2/10,10/1/2025,2.30,,,,,,,,,FALSE,FALSE,FALSE,,FALSE,
Cuo2413,,Doc0342,3/10,10/2/2025,2.30,,,,,,,,,FALSE,FALSE,FALSE,,FALSE,
Cuo2414,,Doc0342,4/10,10/3/2025,2.30,,,,,,,,,FALSE,FALSE,FALSE,,FALSE,
Cuo2415,,Doc0342,5/10,10/4/2025,2.30,,,,,,,,,FALSE,FALSE,FALSE,,FALSE,
Cuo2416,,Doc0342,6/10,10/5/2025,2.30,,,,,,,,,FALSE,FALSE,FALSE,,FALSE,
Cuo2417,,Doc0342,7/10,10/6/2025,2.30,,,,,,,,,FALSE,FALSE,FALSE,,FALSE,
Cuo2418,,Doc0342,8/10,10/7/2025,2.30,,,,,,,,,FALSE,FALSE,FALSE,,FALSE,
Cuo2419,,Doc0342,9/10,10/8/2025,2.30,,,,,,,,,FALSE,FALSE,FALSE,,FALSE,
Cuo2420,,Doc0342,10/10,10/9/2025,2.30,,,,,,,,,FALSE,FALSE,FALSE,,FALSE,
Cuo2421,Directo,Doc0343,1/1,24/2/2025,-15.84,,,,,,,,,FALSE,FALSE,FALSE,,FALSE,
Cuo2422,Automático,Doc0344,1/12,2/11/2024,1.42,,,,,,,,,FALSE,FALSE,FALSE,,FALSE,
Cuo2423,Automático,Doc0344,2/12,2/12/2024,1.45,,,,,,,,,FALSE,FALSE,FALSE,,FALSE,
Cuo2424,Automático,Doc0344,3/12,2/1/2025,1.45,,,,,,,,,FALSE,FALSE,FALSE,,FALSE,
Cuo2425,,Doc0344,4/12,2/2/2025,1.45,,,,,,,,,FALSE,FALSE,FALSE,,FALSE,
Cuo2426,,Doc0344,5/12,2/3/2025,1.45,,,,,,,,,FALSE,FALSE,FALSE,,FALSE,
Cuo2427,,Doc0344,6/12,2/4/2025,1.45,,,,,,,,,FALSE,FALSE,FALSE,,FALSE,
Cuo2428,,Doc0344,7/12,2/5/2025,1.45,,,,,,,,,FALSE,FALSE,FALSE,,FALSE,
Cuo2429,,Doc0344,8/12,2/6/2025,1.45,,,,,,,,,FALSE,FALSE,FALSE,,FALSE,
Cuo2430,,Doc0344,9/12,2/7/2025,1.45,,,,,,,,,FALSE,FALSE,FALSE,,FALSE,
Cuo2431,,Doc0344,10/12,2/8/2025,1.45,,,,,,,,,FALSE,FALSE,FALSE,,FALSE,
Cuo2432,,Doc0344,11/12,2/9/2025,1.45,,,,,,,,,FALSE,FALSE,FALSE,,FALSE,
Cuo2433,,Doc0344,12/12,2/10/2025,1.45,,,,,,,,,FALSE,FALSE,FALSE,,FALSE,
Cuo2434,Directo,Doc0345,1/10,5/11/2024,3.53,,,,,,,,,FALSE,FALSE,FALSE,,FALSE,
Cuo2435,Directo,Doc0345,2/10,5/12/2024,3.53,,,,,,,,,FALSE,FALSE,TRUE,,FALSE,
Cuo2436,Directo,Doc0345,3/10,5/1/2025,3.53,,,,,,,,,FALSE,FALSE,TRUE,,FALSE,
Cuo2437,Directo,Doc0345,4/10,5/2/2025,3.53,,,,,,,,,FALSE,FALSE,TRUE,,FALSE,
Cuo2438,Directo,Doc0345,5/10,5/3/2025,3.53,,,,,,,,,FALSE,FALSE,FALSE,,FALSE,
Cuo2439,Transferencia,Doc0345,6/10,5/4/2025,3.53,,,,,,,,,TRUE,FALSE,TRUE,,FALSE,
Cuo2440,Directo,Doc0345,7/10,5/5/2025,3.53,,,7/5/2025,"$137,952.00",,,OC1551226,,FALSE,FALSE,TRUE,,FALSE,
Cuo2441,Directo,Doc0345,8/10,5/6/2025,3.53,,,,,,,,,FALSE,FALSE,FALSE,,FALSE,
Cuo2442,Directo,Doc0345,9/10,5/7/2025,3.53,,,4/7/2025,"$138,504.00",,,,,FALSE,FALSE,TRUE,,FALSE,
Cuo2443,Directo,Doc0345,10/10,5/8/2025,3.53,,,,,,,,,FALSE,FALSE,TRUE,,FALSE,
Cuo2444,Automático,Doc0346,1/11,25/12/2024,1.82,,,,,,,,,FALSE,FALSE,FALSE,,FALSE,
Cuo2445,Automático,Doc0346,2/11,25/1/2025,1.82,,,,,,,,,FALSE,FALSE,FALSE,,FALSE,
Cuo2446,Automático,Doc0346,3/11,25/2/2025,1.82,,,,,,,,,FALSE,FALSE,FALSE,,FALSE,
Cuo2447,Automático,Doc0346,4/11,25/3/2025,1.82,,,,,,,,,FALSE,FALSE,FALSE,,FALSE,
Cuo2448,Automático,Doc0346,5/11,25/4/2025,1.82,,,,,,,,,FALSE,FALSE,FALSE,,FALSE,
Cuo2449,Automático,Doc0346,6/11,25/5/2025,1.82,,,,,,,,,FALSE,FALSE,FALSE,,FALSE,
Cuo2450,Automático,Doc0346,7/11,25/6/2025,1.82,,,,,,,,,FALSE,FALSE,FALSE,,FALSE,
Cuo2451,Automático,Doc0346,8/11,25/7/2025,1.82,,,,,,,,,FALSE,FALSE,FALSE,,FALSE,
Cuo2452,Automático,Doc0346,9/11,25/8/2025,1.82,,,,,,,,,FALSE,FALSE,FALSE,,FALSE,
Cuo2453,Automático,Doc0346,10/11,25/9/2025,1.82,,,,,,,,,FALSE,FALSE,FALSE,,FALSE,
Cuo2454,Automático,Doc0346,11/11,25/10/2025,1.77,,,,,,,,,FALSE,FALSE,FALSE,Pagada,FALSE,
Cuo2455,Directo,Doc0347,1/5,5/12/2024,1.25,,,,,,,,,FALSE,FALSE,FALSE,,FALSE,
Cuo2456,Directo,Doc0347,2/5,5/1/2025,1.25,,,,,,,,,FALSE,FALSE,FALSE,,FALSE,
Cuo2457,Directo,Doc0347,3/5,5/2/2025,1.25,,,,,,,,,FALSE,FALSE,FALSE,,FALSE,
Cuo2458,Directo,Doc0347,4/5,5/3/2025,1.25,,,,,,,,,FALSE,FALSE,FALSE,,FALSE,
Cuo2459,Directo,Doc0347,5/5,5/4/2025,1.26,,,,,,,,,FALSE,FALSE,FALSE,,FALSE,
Cuo2460,Directo,Doc0348,1/3,5/12/2024,1.19,,,,,,,,,FALSE,FALSE,FALSE,,FALSE,
Cuo2461,Directo,Doc0348,2/3,5/1/2025,1.19,,,,,,,,,FALSE,FALSE,FALSE,,FALSE,
Cuo2462,Directo,Doc0348,3/3,5/2/2025,1.18,,,,,,,,,FALSE,FALSE,FALSE,,FALSE,
Cuo2463,Directo,Doc0349,1/5,5/12/2024,1.03,,,,,,,,,FALSE,FALSE,FALSE,,FALSE,
Cuo2464,Directo,Doc0349,2/5,5/1/2025,1.03,,,,,,,,,FALSE,FALSE,FALSE,,FALSE,
Cuo2465,Directo,Doc0349,3/5,5/2/2025,1.03,,,,,,,,,FALSE,FALSE,FALSE,,FALSE,
Cuo2466,Directo,Doc0349,4/5,5/3/2025,1.03,,,,,,,,,FALSE,FALSE,FALSE,,FALSE,
Cuo2467,Directo,Doc0349,5/5,5/4/2025,1.02,,,,,,,,,FALSE,FALSE,FALSE,,FALSE,
Cuo2468,Automático,Doc0350,1/12,10/12/2024,1.81,,,,,,,,,FALSE,FALSE,FALSE,,FALSE,
Cuo2469,Automático,Doc0350,2/12,10/1/2025,1.81,,,,,,,,,FALSE,FALSE,FALSE,,FALSE,
Cuo2470,Automático,Doc0350,3/12,10/2/2025,1.81,,,,,,,,,FALSE,FALSE,FALSE,,FALSE,
Cuo2471,Automático,Doc0350,4/12,10/3/2025,1.81,,,,,,,,,FALSE,FALSE,FALSE,,FALSE,
Cuo2472,Automático,Doc0350,5/12,10/4/2025,1.81,,,,,,,,,FALSE,FALSE,FALSE,,FALSE,
Cuo2473,,Doc0350,6/12,10/5/2025,1.81,,,,,,,,,FALSE,FALSE,FALSE,,FALSE,
Cuo2474,,Doc0350,7/12,10/6/2025,1.81,,,,,,,,,FALSE,FALSE,FALSE,,FALSE,
Cuo2475,,Doc0350,8/12,10/7/2025,1.81,,,,,,,,,FALSE,FALSE,FALSE,,FALSE,
Cuo2476,,Doc0350,9/12,10/8/2025,1.81,,,,,,,,,FALSE,FALSE,FALSE,,FALSE,
Cuo2477,,Doc0350,10/12,10/9/2025,1.81,,,,,,,,,FALSE,FALSE,FALSE,,FALSE,
Cuo2478,,Doc0350,11/12,10/10/2025,1.81,,,,,,,,,FALSE,FALSE,FALSE,,FALSE,
Cuo2479,,Doc0350,12/12,10/11/2025,1.81,,,,,,,,,FALSE,FALSE,FALSE,,FALSE,
Cuo2480,Directo,Doc0351,1/10,10/12/2024,1.61,,,,,,,,,FALSE,FALSE,FALSE,,FALSE,
Cuo2481,Directo,Doc0351,2/10,10/1/2025,0.47,,,,,,,,,FALSE,FALSE,TRUE,,FALSE,
Cuo2482,,Doc0351,3/10,10/2/2025,1.61,,,,,,,,,FALSE,FALSE,FALSE,,FALSE,
Cuo2483,,Doc0351,4/10,10/3/2025,1.61,,,,,,,,,FALSE,FALSE,FALSE,,FALSE,
Cuo2484,,Doc0351,5/10,10/4/2025,1.61,,,,,,,,,FALSE,FALSE,FALSE,,FALSE,
Cuo2485,,Doc0351,6/10,10/5/2025,1.61,,,,,,,,,FALSE,FALSE,FALSE,,FALSE,
Cuo2486,,Doc0351,7/10,10/6/2025,1.61,,,,,,,,,FALSE,FALSE,FALSE,,FALSE,
Cuo2487,,Doc0351,8/10,10/7/2025,1.61,,,,,,,,,FALSE,FALSE,FALSE,,FALSE,
Cuo2488,,Doc0351,9/10,10/8/2025,1.61,,,,,,,,,FALSE,FALSE,FALSE,,FALSE,
Cuo2489,,Doc0351,10/10,10/9/2025,1.63,,,,,,,,,FALSE,FALSE,FALSE,,FALSE,
Cuo2490,,Doc0352,1/1,11/12/2025,-13.82,,,,,,,,,FALSE,FALSE,FALSE,,FALSE,
Cuo2491,Directo,Doc0353,1/10,2/12/2024,1.45,,,,,,,,,FALSE,FALSE,FALSE,,FALSE,
Cuo2492,Directo,Doc0353,2/10,2/1/2025,1.45,,,,,,,,,FALSE,FALSE,FALSE,,FALSE,
Cuo2493,Directo,Doc0353,3/10,2/2/2025,1.45,,,,,,,,,FALSE,FALSE,FALSE,,FALSE,
Cuo2494,Directo,Doc0353,4/10,2/3/2025,1.45,,,,,,,,,FALSE,FALSE,FALSE,,FALSE,
Cuo2495,Directo,Doc0353,5/10,2/4/2025,1.45,,,,,,,,,FALSE,FALSE,TRUE,,FALSE,
Cuo2496,Directo,Doc0353,6/10,2/5/2025,1.45,,,,,,,,,FALSE,FALSE,FALSE,,FALSE,
Cuo2497,Directo,Doc0353,7/10,2/6/2025,1.45,,,,,,,,,FALSE,FALSE,FALSE,,FALSE,
Cuo2498,Directo,Doc0353,8/10,2/7/2025,1.45,,,,,,,,,FALSE,FALSE,FALSE,,FALSE,
Cuo2499,Directo,Doc0353,9/10,2/8/2025,1.45,,,1/9/2025,$1.00,,,,,FALSE,FALSE,TRUE,,FALSE,
Cuo2500,Directo,Doc0353,10/10,2/9/2025,1.45,,,,,,,,,FALSE,FALSE,FALSE,,FALSE,
Cuo2501,Directo,Doc0354,1/12,2/1/2025,3.03,,,,,,,,,FALSE,FALSE,TRUE,,FALSE,
Cuo2502,Directo,Doc0354,2/12,2/1/2025,3.03,,,,,,,,,FALSE,FALSE,TRUE,,FALSE,
Cuo2503,Directo,Doc0354,3/12,2/2/2025,3.03,,,,,,,,,FALSE,FALSE,FALSE,,FALSE,
Cuo2504,Directo,Doc0354,4/12,2/3/2025,3.03,,,,,,,,,FALSE,FALSE,FALSE,,FALSE,
Cuo2505,Directo,Doc0354,5/12,2/4/2025,3.03,,,,,,,,,FALSE,FALSE,FALSE,,FALSE,
Cuo2506,Directo,Doc0354,6/12,2/5/2025,3.03,,,,,,,,,FALSE,FALSE,FALSE,,FALSE,
Cuo2507,Directo,Doc0354,7/12,2/6/2025,3.03,,,,,,,,,FALSE,FALSE,FALSE,,FALSE,
Cuo2508,Directo,Doc0354,8/12,2/7/2025,3.03,,,,,,,,,FALSE,FALSE,FALSE,,FALSE,
Cuo2509,Directo,Doc0354,9/12,2/8/2025,3.03,,,,,,,,,FALSE,FALSE,FALSE,,FALSE,
Cuo2510,Directo,Doc0354,10/12,2/9/2025,3.03,,,,,,,,,FALSE,FALSE,FALSE,,FALSE,
Cuo2511,Directo,Doc0354,11/12,2/10/2025,3.03,,,29/9/2025,,,,,,FALSE,FALSE,FALSE,,FALSE,
Cuo2512,Directo,Doc0354,12/12,2/11/2025,3.03,,,3/11/2025,,,,,,FALSE,FALSE,FALSE,Pagada,FALSE,
Cuo2513,,Doc0355,1/1,15/12/2025,41.88,,,,,,,,,FALSE,FALSE,FALSE,,FALSE,
Cuo2514,,Doc0356,1/1,15/12/2025,-41.88,,,,,,,,,FALSE,FALSE,FALSE,,FALSE,
Cuo2515,,Doc0357,1/12,10/12/2024,2.30,,,,,,,,,FALSE,FALSE,FALSE,,FALSE,
Cuo2516,,Doc0357,2/12,10/1/2025,2.30,,,,,,,,,FALSE,FALSE,FALSE,,FALSE,
Cuo2517,,Doc0357,3/12,10/2/2025,2.30,,,,,,,,,FALSE,FALSE,FALSE,,FALSE,
Cuo2518,,Doc0357,4/12,10/3/2025,2.30,,,,,,,,,FALSE,FALSE,FALSE,,FALSE,
Cuo2519,,Doc0357,5/12,10/4/2025,2.30,,,,,,,,,FALSE,FALSE,FALSE,,FALSE,
Cuo2520,,Doc0357,6/12,10/5/2025,2.30,,,,,,,,,FALSE,FALSE,FALSE,,FALSE,
Cuo2521,,Doc0357,7/12,10/6/2025,2.30,,,,,,,,,FALSE,FALSE,FALSE,,FALSE,
Cuo2522,,Doc0357,8/12,10/7/2025,2.30,,,,,,,,,FALSE,FALSE,FALSE,,FALSE,
Cuo2523,,Doc0357,9/12,10/8/2025,2.30,,,,,,,,,FALSE,FALSE,FALSE,,FALSE,
Cuo2524,,Doc0357,10/12,10/9/2025,2.30,,,,,,,,,FALSE,FALSE,FALSE,,FALSE,
Cuo2525,,Doc0357,11/12,10/10/2025,2.30,,,,,,,,,FALSE,FALSE,FALSE,,FALSE,
Cuo2526,,Doc0357,12/12,10/11/2025,2.30,,,,,,,,,FALSE,FALSE,FALSE,,FALSE,
Cuo2527,,Doc0358,1/1,10/12/2024,-27.60,,,,,,,,,FALSE,FALSE,FALSE,,FALSE,
Cuo2528,Directo,Doc0359,1/12,2/1/2025,1.33,,,,,,,,,FALSE,FALSE,FALSE,,FALSE,
Cuo2529,Directo,Doc0359,2/12,2/1/2025,1.36,,,,,,,,,FALSE,FALSE,FALSE,,FALSE,
Cuo2530,Directo,Doc0359,3/12,2/2/2025,1.36,,,,,,,,,FALSE,FALSE,FALSE,,FALSE,
Cuo2531,Directo,Doc0359,4/12,2/3/2025,1.36,,,,,,,,,FALSE,FALSE,FALSE,,FALSE,
Cuo2532,Directo,Doc0359,5/12,2/4/2025,1.36,,,,,,,,,FALSE,FALSE,FALSE,,FALSE,
Cuo2533,Directo,Doc0359,6/12,2/5/2025,1.36,,,,,,,,,FALSE,FALSE,FALSE,,FALSE,
Cuo2534,Directo,Doc0359,7/12,2/6/2025,1.36,,,,,,,,,FALSE,FALSE,FALSE,,FALSE,
Cuo2535,Directo,Doc0359,8/12,2/7/2025,1.36,,,,,,,,,FALSE,FALSE,FALSE,,FALSE,
Cuo2536,Directo,Doc0359,9/12,2/8/2025,1.36,,,,,,,,,FALSE,FALSE,FALSE,,FALSE,
Cuo2537,Directo,Doc0359,10/12,2/9/2025,1.36,,,,,,,,,FALSE,FALSE,FALSE,,FALSE,
Cuo2538,Directo,Doc0359,11/12,2/10/2025,1.36,,,2/10/2025,,,,,,FALSE,FALSE,FALSE,,FALSE,
Cuo2539,Directo,Doc0359,12/12,2/11/2025,1.36,,,4/11/2025,,,,,,FALSE,FALSE,FALSE,Pagada,FALSE,
Cuo2540,Directo,Doc0360,1/1,22/12/2025,7.97,,,,,,,,,FALSE,FALSE,FALSE,,FALSE,
Cuo2541,Directo,Doc0361,1/12,2/1/2025,1.26,,,,,,,,,FALSE,FALSE,FALSE,,FALSE,
Cuo2542,Directo,Doc0361,2/12,2/1/2025,1.28,,,,,,,,,FALSE,FALSE,TRUE,,FALSE,
Cuo2543,Directo,Doc0361,3/12,2/2/2025,1.28,,,,,,,,,FALSE,FALSE,FALSE,,FALSE,
Cuo2544,Directo,Doc0361,4/12,2/3/2025,1.28,,,,,,,,,FALSE,FALSE,FALSE,,FALSE,
Cuo2545,Directo,Doc0361,5/12,2/4/2025,1.28,,,,,,,,,FALSE,FALSE,TRUE,,FALSE,
Cuo2546,Directo,Doc0361,6/12,25/5/2025,1.28,,,,,,,,,FALSE,FALSE,FALSE,,FALSE,
Cuo2547,,Doc0361,7/12,25/6/2025,1.28,,,,,,,,,FALSE,FALSE,TRUE,,FALSE,
Cuo2548,,Doc0361,8/12,25/7/2025,1.28,,,,,,,,,FALSE,FALSE,TRUE,,FALSE,
Cuo2549,,Doc0361,9/12,25/8/2025,1.28,,,,,,,,,FALSE,FALSE,FALSE,,FALSE,
Cuo2550,,Doc0361,10/12,25/9/2025,1.28,,,,,,,,,FALSE,FALSE,FALSE,,FALSE,
Cuo2551,,Doc0361,11/12,25/10/2025,1.28,,,,,,,,,FALSE,FALSE,FALSE,,FALSE,
Cuo2552,,Doc0361,12/12,25/11/2025,1.28,,,,,,,,,FALSE,FALSE,FALSE,,FALSE,
Cuo2553,,Doc0362,1/12,18/12/2024,1.46,,,,,,,,,FALSE,FALSE,FALSE,,FALSE,
Cuo2554,,Doc0362,2/12,18/1/2025,1.46,,,,,,,,,FALSE,FALSE,FALSE,,FALSE,
Cuo2555,,Doc0362,3/12,18/2/2025,1.46,,,,,,,,,FALSE,FALSE,FALSE,,FALSE,
Cuo2556,,Doc0362,4/12,18/3/2025,1.46,,,,,,,,,FALSE,FALSE,FALSE,,FALSE,
Cuo2557,,Doc0362,5/12,18/4/2025,1.46,,,,,,,,,FALSE,FALSE,FALSE,,FALSE,
Cuo2558,,Doc0362,6/12,18/5/2025,1.46,,,,,,,,,FALSE,FALSE,FALSE,,FALSE,
Cuo2559,,Doc0362,7/12,18/6/2025,1.46,,,,,,,,,FALSE,FALSE,FALSE,,FALSE,
Cuo2560,,Doc0362,8/12,18/7/2025,1.46,,,,,,,,,FALSE,FALSE,FALSE,,FALSE,
Cuo2561,,Doc0362,9/12,18/8/2025,1.46,,,,,,,,,FALSE,FALSE,FALSE,,FALSE,
Cuo2562,,Doc0362,10/12,18/9/2025,1.46,,,,,,,,,FALSE,FALSE,FALSE,,FALSE,
Cuo2563,,Doc0362,11/12,18/10/2025,1.46,,,,,,,,,FALSE,FALSE,FALSE,,FALSE,
Cuo2564,,Doc0362,12/12,18/11/2025,1.46,,,,,,,,,FALSE,FALSE,FALSE,,FALSE,
Cuo2565,Directo,Doc0363,1/12,6/12/2024,0.97,,,,,,,,,FALSE,FALSE,TRUE,,FALSE,
Cuo2566,Directo,Doc0363,2/12,2/1/2025,0.99,,,,,,,,,FALSE,FALSE,TRUE,,FALSE,
Cuo2567,Directo,Doc0363,3/12,2/2/2025,0.99,,,,,,,,,FALSE,FALSE,FALSE,,FALSE,
Cuo2568,Directo,Doc0363,4/12,2/3/2025,0.99,,,,,,,,,FALSE,FALSE,FALSE,,FALSE,
Cuo2569,Directo,Doc0363,5/12,2/4/2025,0.99,,,,,,,,,FALSE,FALSE,FALSE,,FALSE,
Cuo2570,Directo,Doc0363,6/12,2/5/2025,0.99,,,,,,,,,FALSE,FALSE,FALSE,,FALSE,
Cuo2571,Directo,Doc0363,7/12,2/6/2025,0.99,,,,,,,,,FALSE,FALSE,FALSE,,FALSE,
Cuo2572,Directo,Doc0363,8/12,2/7/2025,0.99,,,,,,,,,FALSE,FALSE,FALSE,,FALSE,
Cuo2573,Directo,Doc0363,9/12,2/8/2025,0.99,,,,,,,,,FALSE,FALSE,FALSE,,FALSE,
Cuo2574,Directo,Doc0363,10/12,2/9/2025,0.99,,,,,,,,,FALSE,FALSE,FALSE,,FALSE,
Cuo2575,Directo,Doc0363,11/12,2/10/2025,0.99,,,,,,,,,FALSE,FALSE,FALSE,,FALSE,
Cuo2576,Directo,Doc0363,12/12,2/11/2025,0.99,,,,,,,,,FALSE,FALSE,FALSE,,FALSE,
Cuo2577,,Doc0364,1/1,18/12/2024,-17.52,,,,,,,,,FALSE,FALSE,FALSE,,FALSE,
Cuo2578,Automático,Doc0365,1/12,5/1/2025,2.05,,,,,,,,,FALSE,FALSE,FALSE,,FALSE,
Cuo2579,Automático,Doc0365,2/12,5/2/2025,2.05,,,,,,,,,FALSE,FALSE,FALSE,,FALSE,
Cuo2580,Automático,Doc0365,3/12,5/3/2025,2.05,,,,,,,,,FALSE,FALSE,FALSE,,FALSE,
Cuo2581,Automático,Doc0365,4/12,5/4/2025,2.05,,,,,,,,,FALSE,FALSE,FALSE,,FALSE,
Cuo2582,Automático,Doc0365,5/12,5/5/2025,2.05,,,,,,,,,FALSE,FALSE,FALSE,,FALSE,
Cuo2583,Automático,Doc0365,6/12,5/6/2025,2.05,,,,,,,,,FALSE,FALSE,FALSE,,FALSE,
Cuo2584,Automático,Doc0365,7/12,5/7/2025,2.05,,,,,,,,,FALSE,FALSE,FALSE,,FALSE,
Cuo2585,Automático,Doc0365,8/12,5/8/2025,2.05,,,,,,,,,FALSE,FALSE,FALSE,,FALSE,
Cuo2586,Automático,Doc0365,9/12,5/9/2025,2.05,,,,,,,,,FALSE,FALSE,FALSE,,FALSE,
Cuo2587,Directo,Doc0365,10/12,5/10/2025,2.05,,,6/10/2025,,,,,,FALSE,FALSE,FALSE,,FALSE,
Cuo2588,Automático,Doc0365,11/12,5/11/2025,2.05,,,,,,,,,FALSE,FALSE,FALSE,Pagada,FALSE,
Cuo2589,Automático,Doc0365,12/12,5/12/2025,2.05,,,,,,,,,FALSE,FALSE,FALSE,Pagada,FALSE,
Cuo2590,Directo,Doc0366,1/10,10/1/2025,26.84,,,,,,,,,FALSE,FALSE,FALSE,,FALSE,
Cuo2591,Directo,Doc0366,2/10,10/2/2025,26.84,,,,,,,,,FALSE,FALSE,FALSE,,FALSE,
Cuo2592,Directo,Doc0366,3/10,10/3/2025,26.84,,,,,,,,,FALSE,FALSE,FALSE,,FALSE,
Cuo2593,Directo,Doc0366,4/10,10/4/2025,26.84,,,,,,,,,FALSE,FALSE,FALSE,,FALSE,
Cuo2594,Directo,Doc0366,5/10,10/5/2025,26.84,,,22/5/2025,"$1,051,235.00",,,2306471,,FALSE,FALSE,FALSE,,FALSE,
Cuo2595,Transferencia,Doc0366,6/10,10/6/2025,26.84,,,26/6/2025,"$1,053,086.00",,,,,TRUE,FALSE,FALSE,,FALSE,recibo ingreso Cía: CL_2025_307399
Cuo2596,Directo,Doc0366,7/10,10/7/2025,26.84,,,22/7/2025,"$1,052,789.00",,,,,FALSE,FALSE,TRUE,,FALSE,CL_2025_314794.
Cuo2597,Directo,Doc0366,8/10,10/8/2025,26.84,,,15/8/2025,"$1,052,165.00",,,,,FALSE,FALSE,FALSE,,FALSE,
Cuo2598,Transferencia,Doc0366,9/10,10/9/2025,26.84,,,22/9/2025,"$1,059,795.00",,/Operaciones5.6/Cuotas/Cuo2598.Pago.180857.795.pdf,,,TRUE,FALSE,FALSE,,FALSE,CL8725
Cuo2599,Directo,Doc0366,10/10,10/10/2025,26.80,,,17/10/2025,"$1,059,306.00",,,,,FALSE,FALSE,FALSE,,FALSE,Solicitud Pago CL20664
Cuo2600,Directo,Doc0367,1/10,10/1/2025,0.60,,,,,,,,,FALSE,FALSE,FALSE,,FALSE,
Cuo2601,Directo,Doc0367,2/10,10/2/2025,0.60,,,,,,,,,FALSE,FALSE,FALSE,,FALSE,
Cuo2602,Directo,Doc0367,3/10,10/3/2025,0.60,,,,,,,,,FALSE,FALSE,FALSE,,FALSE,
Cuo2603,Directo,Doc0367,4/10,10/4/2025,0.60,,,,,,,,,FALSE,FALSE,FALSE,,FALSE,
Cuo2604,Directo,Doc0367,5/10,10/5/2025,0.60,,,22/5/2025,"$23,500.00",,,P_19189449,,FALSE,FALSE,FALSE,,FALSE,
Cuo2605,Directo,Doc0367,6/10,10/6/2025,0.60,,,,,,,,,FALSE,FALSE,FALSE,,FALSE,
Cuo2606,Directo,Doc0367,7/10,10/7/2025,0.60,,,21/7/2025,"$23,538.00",,,,,FALSE,FALSE,TRUE,,FALSE,
Cuo2607,Directo,Doc0367,8/10,10/8/2025,0.60,,,15/8/2025,"$23,521.00",,,,,FALSE,FALSE,FALSE,,FALSE,
Cuo2608,Directo,Doc0367,9/10,10/9/2025,0.60,,,,"$23,650.00",,,,,FALSE,FALSE,FALSE,,FALSE,
Cuo2609,Directo,Doc0367,10/10,10/10/2025,0.60,,,17/10/2025,,,,,,FALSE,FALSE,FALSE,,FALSE,
Cuo2610,Directo,Doc0368,1/10,5/1/2025,0.63,,,,,,,,,FALSE,FALSE,FALSE,,FALSE,
Cuo2611,Directo,Doc0368,2/10,5/2/2025,0.63,,,,,,,,,FALSE,FALSE,FALSE,,FALSE,
Cuo2612,Directo,Doc0368,3/10,5/3/2025,0.63,,,,,,,,,FALSE,FALSE,FALSE,,FALSE,
Cuo2613,Directo,Doc0368,4/10,5/4/2025,0.63,,,,,,,,,FALSE,FALSE,FALSE,,FALSE,
Cuo2614,Directo,Doc0368,5/10,5/5/2025,0.63,,,22/5/2025,"$24,852.00",,,7914156,,FALSE,FALSE,FALSE,,FALSE,
Cuo2615,Directo,Doc0368,6/10,5/6/2025,0.63,,,,,,,,,FALSE,FALSE,FALSE,,FALSE,
Cuo2616,Directo,Doc0368,7/10,5/7/2025,0.63,,,21/7/2025,"$24,891.00",,,,,FALSE,FALSE,TRUE,,FALSE,
Cuo2617,Directo,Doc0368,8/10,5/8/2025,0.63,,,15/8/2025,"$24,874.00",,,,,FALSE,FALSE,FALSE,,FALSE,
Cuo2618,Directo,Doc0368,9/10,5/9/2025,0.63,,,,"$25,010.00",,,,,FALSE,FALSE,FALSE,,FALSE,
Cuo2619,Directo,Doc0368,10/10,5/10/2025,0.63,,,17/10/2025,,,,,,FALSE,FALSE,FALSE,,FALSE,
Cuo2620,Directo,Doc0369,1/10,10/1/2025,2.79,,,,,,,,,FALSE,FALSE,FALSE,,FALSE,
Cuo2621,Directo,Doc0369,2/10,10/2/2025,2.79,,,,,,,,,FALSE,FALSE,FALSE,,FALSE,
Cuo2622,Directo,Doc0369,3/10,10/3/2025,2.79,,,,,,,,,FALSE,FALSE,FALSE,,FALSE,
Cuo2623,Directo,Doc0369,4/10,10/4/2025,2.79,,,,,,,,,FALSE,FALSE,FALSE,,FALSE,
Cuo2624,Directo,Doc0369,5/10,10/5/2025,2.79,,,,,,,,,FALSE,FALSE,FALSE,,FALSE,
Cuo2625,Directo,Doc0369,6/10,10/6/2025,2.79,,,,,,,,,FALSE,FALSE,FALSE,,FALSE,
Cuo2626,Directo,Doc0369,7/10,10/7/2025,2.79,,,,,,,,,FALSE,FALSE,TRUE,,FALSE,
Cuo2627,Directo,Doc0369,8/10,10/8/2025,2.79,,,,,,,,,FALSE,FALSE,FALSE,,FALSE,
Cuo2628,Directo,Doc0369,9/10,10/9/2025,2.79,,,,,,,,,FALSE,FALSE,FALSE,,FALSE,
Cuo2629,Directo,Doc0369,10/10,10/10/2025,2.77,,,6/10/2025,,,,,,FALSE,FALSE,FALSE,,FALSE,
Cuo2630,Directo,Doc0370,1/11,10/2/2025,4.25,,,,,,,,,FALSE,FALSE,TRUE,,FALSE,
Cuo2631,Directo,Doc0370,2/11,10/3/2025,4.25,,,,,,,,,FALSE,FALSE,FALSE,,FALSE,
Cuo2632,Directo,Doc0370,3/11,10/4/2025,4.25,,,,,,,,,FALSE,FALSE,TRUE,,FALSE,
Cuo2633,Directo,Doc0370,4/11,10/5/2025,4.25,,,7/5/2025,"$166,264.00",,,10464842,,FALSE,FALSE,TRUE,,FALSE,
Cuo2634,Directo,Doc0370,5/11,10/6/2025,4.25,,,,,,,,,FALSE,FALSE,FALSE,,FALSE,
Cuo2635,Directo,Doc0370,6/11,10/7/2025,4.25,,,,,,,,,FALSE,FALSE,TRUE,,FALSE,
Cuo2636,Directo,Doc0370,7/11,10/8/2025,4.25,,,,,,,,,FALSE,FALSE,TRUE,,FALSE,
Cuo2637,Directo,Doc0370,8/11,10/9/2025,4.25,,,,,,,,,FALSE,FALSE,FALSE,,FALSE,
Cuo2638,Directo,Doc0370,9/11,10/10/2025,4.25,,,,,,,,,FALSE,FALSE,FALSE,,FALSE,
Cuo2639,Directo,Doc0370,10/11,10/11/2025,4.25,,,14/11/2025,"$168,485.00",,,,,FALSE,FALSE,TRUE,Pagada,FALSE,
Cuo2640,Directo,Doc0370,11/11,10/12/2025,4.25,,,,,,,,,FALSE,FALSE,TRUE,Pagada,FALSE,
Cuo2641,Transferencia,Doc0371,1/1,17/1/2025,6.41,,,,"$207,146.00",,,,,TRUE,FALSE,FALSE,,FALSE,Aplicación de pago 17047714
Cuo2642,Automático,Doc0372,1/12,5/1/2025,1.91,,,,,,,,,FALSE,FALSE,FALSE,,FALSE,
Cuo2643,Automático,Doc0372,2/12,5/2/2025,1.91,,,,,,,,,FALSE,FALSE,FALSE,,FALSE,
Cuo2644,Automático,Doc0372,3/12,5/3/2025,1.91,,,,,,,,,FALSE,FALSE,FALSE,,FALSE,
Cuo2645,Automático,Doc0372,4/12,5/4/2025,1.91,,,,,,,,,FALSE,FALSE,FALSE,,FALSE,
Cuo2646,Automático,Doc0372,5/12,5/5/2025,1.91,,,,,,,,,FALSE,FALSE,FALSE,,FALSE,
Cuo2647,,Doc0372,6/12,5/6/2025,1.91,,,,,,,,,FALSE,FALSE,FALSE,,FALSE,
Cuo2648,,Doc0372,7/12,5/7/2025,1.91,,,,,,,,,FALSE,FALSE,FALSE,,FALSE,
Cuo2649,,Doc0372,8/12,5/8/2025,1.91,,,,,,,,,FALSE,FALSE,FALSE,,FALSE,
Cuo2650,,Doc0372,9/12,5/9/2025,1.91,,,,,,,,,FALSE,FALSE,FALSE,,FALSE,
Cuo2651,,Doc0372,10/12,5/10/2025,1.91,,,,,,,,,FALSE,FALSE,FALSE,,FALSE,
Cuo2652,,Doc0372,11/12,5/11/2025,1.91,,,,,,,,,FALSE,FALSE,FALSE,,FALSE,
Cuo2653,,Doc0372,12/12,5/12/2025,1.91,,,,,,,,,FALSE,FALSE,FALSE,,FALSE,
Cuo2654,Automático,Doc0373,1/12,15/1/2025,1.12,,,,,,,,,FALSE,FALSE,FALSE,,FALSE,
Cuo2655,Automático,Doc0373,2/12,15/2/2025,1.12,,,,,,,,,FALSE,FALSE,FALSE,,FALSE,
Cuo2656,Automático,Doc0373,3/12,15/3/2025,1.12,,,,,,,,,FALSE,FALSE,FALSE,,FALSE,
Cuo2657,Automático,Doc0373,4/12,15/4/2025,1.12,,,,,,,,,FALSE,FALSE,FALSE,,FALSE,
Cuo2658,Automático,Doc0373,5/12,15/5/2025,1.12,,,,,,,,,FALSE,FALSE,FALSE,,FALSE,
Cuo2659,Automático,Doc0373,6/12,15/6/2025,1.12,,,,,,,,,FALSE,FALSE,FALSE,,FALSE,
Cuo2660,Automático,Doc0373,7/12,15/7/2025,1.12,,,,,,,,,FALSE,FALSE,FALSE,,FALSE,
Cuo2661,Automático,Doc0373,8/12,15/8/2025,1.12,,,,,,,,,FALSE,FALSE,FALSE,,FALSE,
Cuo2662,Automático,Doc0373,9/12,15/9/2025,1.12,,,,,,,,,FALSE,FALSE,FALSE,,FALSE,
Cuo2663,Automático,Doc0373,10/12,15/10/2025,1.12,,,,,,,,,FALSE,FALSE,FALSE,,FALSE,
Cuo2664,Automático,Doc0373,11/12,15/11/2025,1.12,,,,,,,,,FALSE,FALSE,FALSE,Pagada,FALSE,
Cuo2665,Automático,Doc0373,12/12,15/12/2025,1.12,,,,,,,,,FALSE,FALSE,FALSE,Pagada,FALSE,
Cuo2666,Directo,Doc0374,1/12,10/1/2025,1.83,,,,,,,,,FALSE,FALSE,FALSE,,FALSE,
Cuo2667,Directo,Doc0374,2/12,10/2/2025,1.83,,,,,,,,,FALSE,FALSE,FALSE,,FALSE,
Cuo2668,Directo,Doc0374,3/12,10/3/2025,1.83,,,,,,,,,FALSE,FALSE,FALSE,,FALSE,
Cuo2669,Directo,Doc0374,4/12,10/4/2025,1.83,,,,,,,,,FALSE,FALSE,FALSE,,FALSE,
Cuo2670,Directo,Doc0374,5/12,10/5/2025,1.83,,,,,,,,,FALSE,FALSE,FALSE,,FALSE,
Cuo2671,Directo,Doc0374,6/12,10/6/2025,1.83,,,,,,,,,FALSE,FALSE,FALSE,,FALSE,
Cuo2672,Directo,Doc0374,7/12,10/7/2025,1.83,,,,,,,,,FALSE,FALSE,FALSE,,FALSE,
Cuo2673,Directo,Doc0374,8/12,10/8/2025,1.83,,,,,,,,,FALSE,FALSE,FALSE,,FALSE,
Cuo2674,Directo,Doc0374,9/12,10/9/2025,1.83,,,,,,,,,FALSE,FALSE,FALSE,,FALSE,
Cuo2675,Directo,Doc0374,10/12,10/10/2025,1.83,,,6/10/2025,,,,,,FALSE,FALSE,FALSE,,FALSE,
Cuo2676,Directo,Doc0374,11/12,10/11/2025,1.83,,,4/11/2025,,,,,,FALSE,FALSE,FALSE,Pagada,FALSE,
Cuo2677,Directo,Doc0374,12/12,10/12/2025,1.83,,,4/12/2025,,,,,,FALSE,FALSE,FALSE,Pagada,FALSE,
Cuo2678,,Doc0375,1/12,10/1/2025,1.45,,,,,,,,,FALSE,FALSE,TRUE,,FALSE,
Cuo2679,,Doc0375,2/12,15/2/2025,1.45,,,,,,,,,FALSE,FALSE,FALSE,,FALSE,
Cuo2680,,Doc0375,3/12,15/3/2025,1.45,,,,,,,,,FALSE,FALSE,FALSE,,FALSE,
Cuo2681,,Doc0375,4/12,15/4/2025,1.45,,,,,,,,,FALSE,FALSE,FALSE,,FALSE,
Cuo2682,,Doc0375,5/12,15/5/2025,1.45,,,,,,,,,FALSE,FALSE,FALSE,,FALSE,
Cuo2683,,Doc0375,6/12,15/6/2025,1.45,,,,,,,,,FALSE,FALSE,FALSE,,FALSE,
Cuo2684,,Doc0375,7/12,15/7/2025,1.45,,,,,,,,,FALSE,FALSE,FALSE,,FALSE,
Cuo2685,,Doc0375,8/12,15/8/2025,1.45,,,,,,,,,FALSE,FALSE,FALSE,,FALSE,
Cuo2686,,Doc0375,9/12,15/9/2025,1.45,,,,,,,,,FALSE,FALSE,FALSE,,FALSE,
Cuo2687,,Doc0375,10/12,15/10/2025,1.45,,,,,,,,,FALSE,FALSE,FALSE,,FALSE,
Cuo2688,,Doc0375,11/12,15/11/2025,1.45,,,,,,,,,FALSE,FALSE,FALSE,,FALSE,
Cuo2689,,Doc0375,12/12,15/12/2025,1.46,,,,,,,,,FALSE,FALSE,FALSE,,FALSE,
Cuo2690,,Doc0376,1/3,25/1/2025,1.37,,,,,,,,,FALSE,FALSE,TRUE,,FALSE,
Cuo2691,,Doc0376,2/3,25/2/2025,1.37,,,,,,,,,FALSE,FALSE,FALSE,,FALSE,
Cuo2692,,Doc0376,3/3,25/3/2025,1.37,,,,,,,,,FALSE,FALSE,FALSE,,FALSE,
Cuo2693,,Doc0377,1/3,25/1/2025,1.37,,,,,,,,,FALSE,FALSE,TRUE,,FALSE,
Cuo2694,,Doc0377,2/3,25/2/2025,1.37,,,,,,,,,FALSE,FALSE,FALSE,,FALSE,
Cuo2695,,Doc0377,3/3,25/3/2025,1.37,,,,,,,,,FALSE,FALSE,FALSE,,FALSE,
Cuo2696,,Doc0378,1/10,25/1/2025,1.25,,,,,,,,,FALSE,FALSE,TRUE,,FALSE,
Cuo2697,,Doc0378,2/10,25/2/2025,1.25,,,,,,,,,FALSE,FALSE,FALSE,,FALSE,
Cuo2698,,Doc0378,3/10,25/3/2025,1.25,,,,,,,,,FALSE,FALSE,FALSE,,FALSE,
Cuo2699,,Doc0378,4/10,25/4/2025,1.25,,,,,,,,,FALSE,FALSE,FALSE,,FALSE,
Cuo2700,,Doc0378,5/10,25/5/2025,1.25,,,,,,,,,FALSE,FALSE,FALSE,,FALSE,
Cuo2701,,Doc0378,6/10,25/6/2025,1.25,,,,,,,,,FALSE,FALSE,FALSE,,FALSE,
Cuo2702,,Doc0378,7/10,25/7/2025,1.25,,,,,,,,,FALSE,FALSE,FALSE,,FALSE,
Cuo2703,,Doc0378,8/10,25/8/2025,1.25,,,,,,,,,FALSE,FALSE,FALSE,,FALSE,
Cuo2704,,Doc0378,9/10,25/9/2025,1.25,,,,,,,,,FALSE,FALSE,FALSE,,FALSE,
Cuo2705,,Doc0378,10/10,25/10/2025,1.26,,,,,,,,,FALSE,FALSE,FALSE,,FALSE,
Cuo2706,,Doc0379,1/1,28/1/2026,-15.93,,,,,,,,,FALSE,FALSE,FALSE,,FALSE,
Cuo2707,,Doc0380,1/1,28/1/2026,-4.05,,,,,,,,,FALSE,FALSE,FALSE,,FALSE,
Cuo2708,,Doc0381,1/1,28/1/2026,-4.05,,,,,,,,,FALSE,FALSE,FALSE,,FALSE,
Cuo2709,,Doc0382,1/1,28/1/2026,-12.46,,,,,,,,,FALSE,FALSE,FALSE,,FALSE,
Cuo2710,,Doc0383,1/12,10/2/2025,1.64,,,,,,,,,FALSE,FALSE,FALSE,,FALSE,
Cuo2711,,Doc0383,2/12,10/3/2025,1.68,,,,,,,,,FALSE,FALSE,FALSE,,FALSE,
Cuo2712,,Doc0383,3/12,10/4/2025,1.68,,,,,,,,,FALSE,FALSE,FALSE,,FALSE,
Cuo2713,,Doc0383,4/12,10/5/2025,1.68,,,,,,,,,FALSE,FALSE,FALSE,,FALSE,
Cuo2714,,Doc0383,5/12,10/6/2025,1.68,,,,,,,,,FALSE,FALSE,FALSE,,FALSE,
Cuo2715,,Doc0383,6/12,10/7/2025,1.68,,,,,,,,,FALSE,FALSE,FALSE,,FALSE,
Cuo2716,,Doc0383,7/12,10/8/2025,1.68,,,,,,,,,FALSE,FALSE,FALSE,,FALSE,
Cuo2717,,Doc0383,8/12,10/9/2025,1.68,,,,,,,,,FALSE,FALSE,FALSE,,FALSE,
Cuo2718,,Doc0383,9/12,10/10/2025,1.68,,,,,,,,,FALSE,FALSE,FALSE,,FALSE,
Cuo2719,,Doc0383,10/12,10/11/2025,1.68,,,,,,,,,FALSE,FALSE,FALSE,,FALSE,
Cuo2720,,Doc0383,11/12,10/12/2025,1.68,,,,,,,,,FALSE,FALSE,FALSE,,FALSE,
Cuo2721,,Doc0383,12/12,10/1/2026,1.68,,,,,,,,,FALSE,FALSE,FALSE,,FALSE,
Cuo2722,Directo,Doc0384,1/12,10/2/2025,1.17,,,,,,,,,FALSE,FALSE,FALSE,,FALSE,
Cuo2723,Directo,Doc0384,2/12,10/3/2025,1.20,,,,,,,,,FALSE,FALSE,FALSE,,FALSE,
Cuo2724,Directo,Doc0384,3/12,10/4/2025,1.20,,,,,,,,,FALSE,FALSE,FALSE,,FALSE,
Cuo2725,Directo,Doc0384,4/12,10/5/2025,1.20,,,,,,,,,FALSE,FALSE,FALSE,,FALSE,
Cuo2726,Directo,Doc0384,5/12,10/6/2025,1.20,,,,,,,,,FALSE,FALSE,FALSE,,FALSE,
Cuo2727,Directo,Doc0384,6/12,10/7/2025,1.20,,,,,,,,,FALSE,FALSE,FALSE,,FALSE,
Cuo2728,Directo,Doc0384,7/12,10/8/2025,1.20,,,,,,,,,FALSE,FALSE,FALSE,,FALSE,
Cuo2729,Directo,Doc0384,8/12,10/9/2025,1.20,,,,,,,,,FALSE,FALSE,FALSE,,FALSE,
Cuo2730,Directo,Doc0384,9/12,10/10/2025,1.20,,,26/9/2025,,,,,,FALSE,FALSE,FALSE,,FALSE,
Cuo2731,Directo,Doc0384,10/12,10/11/2025,1.20,,,27/10/2025,,,,,,FALSE,FALSE,FALSE,Pagada,FALSE,
Cuo2732,Directo,Doc0384,11/12,10/12/2025,1.20,,,26/11/2025,,,,,,FALSE,FALSE,FALSE,Pagada,FALSE,
Cuo2733,Directo,Doc0384,12/12,10/1/2026,1.20,,,26/12/2025,,,,,,FALSE,FALSE,FALSE,Pagada,FALSE,
Cuo2734,,Doc0385,1/1,18/2/2026,-20.12,,,,,,,,,FALSE,FALSE,FALSE,,FALSE,
Cuo2735,Directo,Doc0386,1/12,25/2/2025,15.52,,,,"$602,386.00",,,,,FALSE,FALSE,FALSE,,FALSE,
Cuo2736,Transferencia,Doc0386,2/12,25/3/2025,15.52,,,21/4/2025,"$604,570.00",,,,,FALSE,FALSE,TRUE,,FALSE,
Cuo2737,Transferencia,Doc0386,3/12,25/4/2025,15.52,,,,,,,,,FALSE,FALSE,FALSE,,FALSE,
Cuo2738,,Doc0386,4/12,25/5/2025,15.52,,,,,,,,,FALSE,FALSE,FALSE,,FALSE,
Cuo2739,,Doc0386,5/12,25/6/2025,15.52,,,,,,,,,FALSE,FALSE,FALSE,,FALSE,
Cuo2740,,Doc0386,6/12,25/7/2025,15.52,,,,,,,,,FALSE,FALSE,FALSE,,FALSE,
Cuo2741,,Doc0386,7/12,25/8/2025,15.52,,,,,,,,,FALSE,FALSE,FALSE,,FALSE,
Cuo2742,,Doc0386,8/12,25/9/2025,15.52,,,,,,,,,FALSE,FALSE,FALSE,,FALSE,
Cuo2743,,Doc0386,9/12,25/10/2025,15.52,,,,,,,,,FALSE,FALSE,FALSE,,FALSE,
Cuo2744,,Doc0386,10/12,25/11/2025,15.52,,,,,,,,,FALSE,FALSE,FALSE,,FALSE,
Cuo2745,,Doc0386,11/12,25/12/2025,15.52,,,,,,,,,FALSE,FALSE,FALSE,,FALSE,
Cuo2746,,Doc0386,12/12,25/1/2026,15.52,,,,,,,,,FALSE,FALSE,FALSE,,FALSE,
Cuo2747,Transferencia,Doc0387,1/11,25/3/2025,1.08,,,21/4/2025,"$42,016.00",,,,,FALSE,FALSE,TRUE,,FALSE,
Cuo2748,Transferencia,Doc0387,2/11,25/4/2025,1.08,,,,,,,,,FALSE,FALSE,FALSE,,FALSE,
Cuo2749,,Doc0387,3/11,25/5/2025,1.08,,,,,,,,,FALSE,FALSE,FALSE,,FALSE,
Cuo2750,,Doc0387,4/11,25/6/2025,1.08,,,,,,,,,FALSE,FALSE,FALSE,,FALSE,
Cuo2751,,Doc0387,5/11,25/7/2025,1.08,,,,,,,,,FALSE,FALSE,FALSE,,FALSE,
Cuo2752,,Doc0387,6/11,25/8/2025,1.08,,,,,,,,,FALSE,FALSE,FALSE,,FALSE,
Cuo2753,,Doc0387,7/11,25/9/2025,1.08,,,,,,,,,FALSE,FALSE,FALSE,,FALSE,
Cuo2754,,Doc0387,8/11,25/10/2025,1.08,,,,,,,,,FALSE,FALSE,FALSE,,FALSE,
Cuo2755,,Doc0387,9/11,25/11/2025,1.08,,,,,,,,,FALSE,FALSE,FALSE,,FALSE,
Cuo2756,,Doc0387,10/11,25/12/2025,1.08,,,,,,,,,FALSE,FALSE,FALSE,,FALSE,
Cuo2757,,Doc0387,11/11,25/1/2026,1.08,,,,,,,,,FALSE,FALSE,FALSE,,FALSE,
Cuo2758,Directo,Doc0388,1/10,10/3/2025,0.65,,,,,,,,,FALSE,FALSE,FALSE,,FALSE,
Cuo2759,Directo,Doc0388,2/10,10/4/2025,0.65,,,,,,,,,FALSE,FALSE,FALSE,,FALSE,
Cuo2760,Automático,Doc0388,3/10,10/5/2025,0.65,,,,,,,,,FALSE,FALSE,FALSE,,FALSE,
Cuo2761,Automático,Doc0388,4/10,10/6/2025,0.65,,,,,,,,,FALSE,FALSE,FALSE,,FALSE,
Cuo2762,Automático,Doc0388,5/10,10/7/2025,0.65,,,,,,,,,FALSE,FALSE,FALSE,,FALSE,
Cuo2763,Automático,Doc0388,6/10,10/8/2025,0.65,,,,,,,,,FALSE,FALSE,FALSE,,FALSE,
Cuo2764,Automático,Doc0388,7/10,10/9/2025,0.65,,,,,,,,,FALSE,FALSE,FALSE,,FALSE,
Cuo2765,Automático,Doc0388,8/10,10/10/2025,0.65,,,,,,,,,FALSE,FALSE,FALSE,Pagada,FALSE,
Cuo2766,Automático,Doc0388,9/10,10/11/2025,0.65,,,,,,,,,FALSE,FALSE,FALSE,Pagada,FALSE,
Cuo2767,,Doc0388,10/10,10/12/2025,0.65,,,,,,,,,FALSE,FALSE,FALSE,,FALSE,
Cuo2768,Automático,Doc0389,1/10,10/3/2025,0.65,,,,,,,,,FALSE,FALSE,TRUE,,FALSE,
Cuo2769,Automático,Doc0389,2/10,10/4/2025,0.65,,,,,,,,,FALSE,FALSE,TRUE,,FALSE,
Cuo2770,Automático,Doc0389,3/10,10/5/2025,0.65,,,,,,,,,FALSE,FALSE,FALSE,,FALSE,
Cuo2771,Automático,Doc0389,4/10,10/6/2025,0.65,,,,,,,,,FALSE,FALSE,FALSE,,FALSE,
Cuo2772,Automático,Doc0389,5/10,10/7/2025,0.65,,,,,,,,,FALSE,FALSE,FALSE,,FALSE,
Cuo2773,Automático,Doc0389,6/10,10/8/2025,0.65,,,,,,,,,FALSE,FALSE,FALSE,,FALSE,
Cuo2774,Automático,Doc0389,7/10,10/9/2025,0.65,,,,,,,,,FALSE,FALSE,FALSE,,FALSE,
Cuo2775,Directo,Doc0389,8/10,10/10/2025,0.65,,,,,,,,,FALSE,FALSE,FALSE,,FALSE,
Cuo2776,Directo,Doc0389,9/10,10/11/2025,0.65,,,,,,,,,FALSE,FALSE,FALSE,Pagada,FALSE,
Cuo2777,Automático,Doc0389,10/10,10/12/2025,0.65,,,,,,,,,FALSE,FALSE,FALSE,Pagada,FALSE,
Cuo2778,Directo,Doc0390,1/10,5/2/2025,0.73,,,,,,,,,FALSE,FALSE,TRUE,,FALSE,
Cuo2779,Directo,Doc0390,2/10,5/3/2025,0.73,,,,,,,,,FALSE,FALSE,TRUE,,FALSE,
Cuo2780,Directo,Doc0390,3/10,5/4/2025,0.73,,,,,,,,,FALSE,FALSE,TRUE,,FALSE,
Cuo2781,Directo,Doc0390,4/10,5/5/2025,0.73,,,,,,,,,FALSE,FALSE,FALSE,,FALSE,
Cuo2782,Directo,Doc0390,5/10,5/6/2025,0.73,,,,,,,,,FALSE,FALSE,FALSE,,FALSE,
Cuo2783,Directo,Doc0390,6/10,5/7/2025,0.73,,,,,,,,,FALSE,FALSE,TRUE,,FALSE,
Cuo2784,Directo,Doc0390,7/10,5/8/2025,0.73,,,,,,,,,FALSE,FALSE,TRUE,,FALSE,
Cuo2785,Directo,Doc0390,8/10,5/9/2025,0.73,,,,,,,,,FALSE,FALSE,TRUE,,FALSE,
Cuo2786,Directo,Doc0390,9/10,5/10/2025,0.73,,,,,,,,,FALSE,FALSE,TRUE,Pagada,FALSE,
Cuo2787,Directo,Doc0390,10/10,5/11/2025,0.73,,,27/11/2025,,,,,,FALSE,FALSE,TRUE,Pagada,FALSE,
Cuo2788,Directo,Doc0391,1/12,15/2/2025,1.01,,,,,,,,,FALSE,FALSE,FALSE,,FALSE,
Cuo2789,Directo,Doc0391,2/12,15/3/2025,1.01,,,,,,,,,FALSE,FALSE,FALSE,,FALSE,
Cuo2790,Directo,Doc0391,3/12,15/4/2025,1.01,,,,,,,,,FALSE,FALSE,TRUE,,FALSE,
Cuo2791,Directo,Doc0391,4/12,15/5/2025,1.01,,,,,,,,,FALSE,FALSE,FALSE,,FALSE,
Cuo2792,Automático,Doc0391,5/12,15/6/2025,1.01,,,,,,,,,FALSE,FALSE,FALSE,,FALSE,
Cuo2793,Automático,Doc0391,6/12,15/7/2025,1.01,,,,,,,,,FALSE,FALSE,FALSE,,FALSE,
Cuo2794,Automático,Doc0391,7/12,15/8/2025,1.01,,,,,,,,,FALSE,FALSE,FALSE,,FALSE,
Cuo2795,Automático,Doc0391,8/12,15/9/2025,1.01,,,,,,,,,FALSE,FALSE,FALSE,,FALSE,
Cuo2796,Automático,Doc0391,9/12,15/10/2025,1.01,,,,,,,,,FALSE,FALSE,FALSE,,FALSE,
Cuo2797,Automático,Doc0391,10/12,15/11/2025,1.01,,,,,,,,,FALSE,FALSE,FALSE,Pagada,FALSE,
Cuo2798,Automático,Doc0391,11/12,15/12/2025,1.01,,,,,,,,,FALSE,FALSE,FALSE,Pagada,FALSE,
Cuo2799,Automático,Doc0391,12/12,15/1/2026,1.01,,,,,,,,,FALSE,FALSE,FALSE,Pagada,FALSE,
Cuo2800,Automático,Doc0392,1/12,15/2/2025,1.79,,,,,,,,,FALSE,FALSE,FALSE,,FALSE,
Cuo2801,Automático,Doc0392,2/12,15/3/2025,1.79,,,,,,,,,FALSE,FALSE,FALSE,,FALSE,
Cuo2802,Automático,Doc0392,3/12,15/4/2025,1.79,,,,,,,,,FALSE,FALSE,FALSE,,FALSE,
Cuo2803,Automático,Doc0392,4/12,15/5/2025,1.79,,,,,,,,,FALSE,FALSE,FALSE,,FALSE,
Cuo2804,Automático,Doc0392,5/12,15/6/2025,1.79,,,,,,,,,FALSE,FALSE,FALSE,,FALSE,
Cuo2805,Automático,Doc0392,6/12,15/7/2025,1.79,,,,,,,,,FALSE,FALSE,FALSE,,FALSE,
Cuo2806,Automático,Doc0392,7/12,15/8/2025,1.79,,,,,,,,,FALSE,FALSE,FALSE,,FALSE,
Cuo2807,Automático,Doc0392,8/12,15/9/2025,1.79,,,,,,,,,FALSE,FALSE,FALSE,,FALSE,
Cuo2808,Automático,Doc0392,9/12,15/10/2025,1.79,,,,,,,,,FALSE,FALSE,FALSE,,FALSE,
Cuo2809,Automático,Doc0392,10/12,15/11/2025,1.79,,,,,,,,,FALSE,FALSE,FALSE,Pagada,FALSE,
Cuo2810,Automático,Doc0392,11/12,15/12/2025,1.79,,,,,,,,,FALSE,FALSE,FALSE,Pagada,FALSE,
Cuo2811,Automático,Doc0392,12/12,15/1/2026,1.75,,,,,,,,,FALSE,FALSE,FALSE,Pagada,FALSE,
Cuo2812,Directo,Doc0393,1/10,5/2/2025,2.40,,,,,,,,,FALSE,FALSE,TRUE,,FALSE,
Cuo2813,Directo,Doc0393,2/10,5/3/2025,2.40,,,,,,,,,FALSE,FALSE,FALSE,,FALSE,
Cuo2814,Transferencia,Doc0393,3/10,5/4/2025,2.40,,,,,,,,,FALSE,FALSE,TRUE,,FALSE,
Cuo2815,Directo,Doc0393,4/10,5/5/2025,2.40,,,7/5/2025,"$93,808.00",,,OC1551229,,FALSE,FALSE,TRUE,,FALSE,
Cuo2816,,Doc0393,5/10,5/6/2025,2.40,,,,,,,,,FALSE,FALSE,FALSE,,FALSE,
Cuo2817,,Doc0393,6/10,5/7/2025,2.40,,,,,,,,,FALSE,FALSE,FALSE,,FALSE,
Cuo2818,,Doc0393,7/10,5/8/2025,2.40,,,,,,,,,FALSE,FALSE,FALSE,,FALSE,
Cuo2819,,Doc0393,8/10,5/9/2025,2.40,,,,,,,,,FALSE,FALSE,FALSE,,FALSE,
Cuo2820,,Doc0393,9/10,5/10/2025,2.40,,,,,,,,,FALSE,FALSE,FALSE,,FALSE,
Cuo2821,,Doc0393,10/10,5/11/2025,2.40,,,,,,,,,FALSE,FALSE,FALSE,,FALSE,
Cuo2822,,Doc0394,1/10,5/2/2025,1.10,,,,,,,,,FALSE,FALSE,FALSE,,FALSE,
Cuo2823,,Doc0394,2/10,5/3/2025,1.10,,,,,,,,,FALSE,FALSE,FALSE,,FALSE,
Cuo2824,,Doc0394,3/10,5/4/2025,1.10,,,,,,,,,FALSE,FALSE,FALSE,,FALSE,
Cuo2825,,Doc0394,4/10,5/5/2025,1.10,,,,,,,,,FALSE,FALSE,FALSE,,FALSE,
Cuo2826,,Doc0394,5/10,5/6/2025,1.10,,,,,,,,,FALSE,FALSE,FALSE,,FALSE,
Cuo2827,,Doc0394,6/10,5/7/2025,1.10,,,,,,,,,FALSE,FALSE,FALSE,,FALSE,
Cuo2828,,Doc0394,7/10,5/8/2025,1.10,,,,,,,,,FALSE,FALSE,FALSE,,FALSE,
Cuo2829,,Doc0394,8/10,5/9/2025,1.10,,,,,,,,,FALSE,FALSE,FALSE,,FALSE,
Cuo2830,,Doc0394,9/10,5/10/2025,1.10,,,,,,,,,FALSE,FALSE,FALSE,,FALSE,
Cuo2831,,Doc0394,10/10,5/11/2025,1.10,,,,,,,,,FALSE,FALSE,FALSE,,FALSE,
Cuo2832,Directo,Doc0395,1/10,5/2/2025,4.48,,,,,,,,,FALSE,FALSE,FALSE,,FALSE,
Cuo2833,Directo,Doc0395,2/10,5/3/2025,4.48,,,,,,,,,FALSE,FALSE,FALSE,,FALSE,
Cuo2834,Directo,Doc0395,3/10,5/4/2025,4.48,,,,,,,,,FALSE,FALSE,FALSE,,FALSE,
Cuo2835,Directo,Doc0395,4/10,5/5/2025,4.48,,,,,,,,,FALSE,FALSE,FALSE,,FALSE,
Cuo2836,Directo,Doc0395,5/10,5/6/2025,4.48,,,,,,,,,FALSE,FALSE,FALSE,,FALSE,
Cuo2837,Directo,Doc0395,6/10,5/7/2025,4.48,,,,,,,,,FALSE,FALSE,FALSE,,FALSE,
Cuo2838,,Doc0395,7/10,5/8/2025,4.48,,,,,,,,,FALSE,FALSE,FALSE,,FALSE,
Cuo2839,,Doc0395,8/10,5/9/2025,4.48,,,,,,,,,FALSE,FALSE,FALSE,,FALSE,
Cuo2840,,Doc0395,9/10,5/10/2025,4.48,,,,,,,,,FALSE,FALSE,FALSE,,FALSE,
Cuo2841,,Doc0395,10/10,5/11/2025,4.47,,,,,,,,,FALSE,FALSE,FALSE,,FALSE,
Cuo2842,Directo,Doc0396,1/10,5/2/2025,1.43,,,,,,,,,FALSE,FALSE,FALSE,,FALSE,
Cuo2843,Directo,Doc0396,2/10,5/3/2025,1.43,,,,,,,,,FALSE,FALSE,FALSE,,FALSE,
Cuo2844,Directo,Doc0396,3/10,5/4/2025,1.43,,,,,,,,,FALSE,FALSE,FALSE,,FALSE,
Cuo2845,Directo,Doc0396,4/10,5/5/2025,1.43,,,,,,,,,FALSE,FALSE,FALSE,,FALSE,
Cuo2846,Directo,Doc0396,5/10,5/6/2025,1.43,,,,,,,,,FALSE,FALSE,FALSE,,FALSE,
Cuo2847,Directo,Doc0396,6/10,5/7/2025,1.43,,,,,,,,,FALSE,FALSE,FALSE,,FALSE,
Cuo2848,Directo,Doc0396,7/10,5/8/2025,1.43,,,,,,,,,FALSE,FALSE,FALSE,,FALSE,
Cuo2849,Directo,Doc0396,8/10,5/9/2025,1.43,,,,,,,,,FALSE,FALSE,FALSE,,FALSE,
Cuo2850,Directo,Doc0396,9/10,5/10/2025,1.43,,,,,,,,,FALSE,FALSE,FALSE,,FALSE,
Cuo2851,Directo,Doc0396,10/10,5/11/2025,1.42,,,,,,,,,FALSE,FALSE,FALSE,Pagada,FALSE,
Cuo2852,,Doc0397,1/11,5/2/2025,2.06,,,,,,,,,FALSE,FALSE,FALSE,,FALSE,
Cuo2853,,Doc0397,2/11,5/3/2025,2.06,,,,,,,,,FALSE,FALSE,FALSE,,FALSE,
Cuo2854,,Doc0397,3/11,5/4/2025,2.06,,,,,,,,,FALSE,FALSE,FALSE,,FALSE,
Cuo2855,,Doc0397,4/11,5/5/2025,2.06,,,,,,,,,FALSE,FALSE,FALSE,,FALSE,
Cuo2856,,Doc0397,5/11,5/6/2025,2.06,,,,,,,,,FALSE,FALSE,FALSE,,FALSE,
Cuo2857,,Doc0397,6/11,5/7/2025,2.06,,,,,,,,,FALSE,FALSE,FALSE,,FALSE,
Cuo2858,,Doc0397,7/11,5/8/2025,2.06,,,,,,,,,FALSE,FALSE,FALSE,,FALSE,
Cuo2859,,Doc0397,8/11,5/9/2025,2.06,,,,,,,,,FALSE,FALSE,FALSE,,FALSE,
Cuo2860,,Doc0397,9/11,5/10/2025,2.06,,,,,,,,,FALSE,FALSE,FALSE,,FALSE,
Cuo2861,,Doc0397,10/11,5/11/2025,2.06,,,,,,,,,FALSE,FALSE,FALSE,,FALSE,
Cuo2862,,Doc0397,11/11,5/12/2025,2.06,,,,,,,,,FALSE,FALSE,FALSE,,FALSE,
Cuo2863,,Doc0398,1/11,5/2/2025,1.39,,,,,,,,,FALSE,FALSE,FALSE,,FALSE,
Cuo2864,,Doc0398,2/11,5/3/2025,1.39,,,,,,,,,FALSE,FALSE,FALSE,,FALSE,
Cuo2865,,Doc0398,3/11,5/4/2025,1.39,,,,,,,,,FALSE,FALSE,FALSE,,FALSE,
Cuo2866,,Doc0398,4/11,5/5/2025,1.39,,,,,,,,,FALSE,FALSE,FALSE,,FALSE,
Cuo2867,,Doc0398,5/11,5/6/2025,1.39,,,,,,,,,FALSE,FALSE,FALSE,,FALSE,
Cuo2868,,Doc0398,6/11,5/7/2025,1.39,,,,,,,,,FALSE,FALSE,FALSE,,FALSE,
Cuo2869,,Doc0398,7/11,5/8/2025,1.39,,,,,,,,,FALSE,FALSE,FALSE,,FALSE,
Cuo2870,,Doc0398,8/11,5/9/2025,1.39,,,,,,,,,FALSE,FALSE,FALSE,,FALSE,
Cuo2871,,Doc0398,9/11,5/10/2025,1.39,,,,,,,,,FALSE,FALSE,FALSE,,FALSE,
Cuo2872,,Doc0398,10/11,5/11/2025,1.39,,,,,,,,,FALSE,FALSE,FALSE,,FALSE,
Cuo2873,,Doc0398,11/11,5/12/2025,1.39,,,,,,,,,FALSE,FALSE,FALSE,,FALSE,
Cuo2874,Directo,Doc0399,1/10,5/2/2025,1.77,,,,,,,,,FALSE,FALSE,TRUE,,FALSE,
Cuo2875,Directo,Doc0399,2/10,5/3/2025,1.77,,,,,,,,,FALSE,FALSE,FALSE,,FALSE,
Cuo2876,Directo,Doc0399,3/10,5/4/2025,1.77,,,,,,,,,FALSE,FALSE,FALSE,,FALSE,
Cuo2877,Directo,Doc0399,4/10,5/5/2025,1.77,,,,,,,,,FALSE,FALSE,FALSE,,FALSE,
Cuo2878,Directo,Doc0399,5/10,5/6/2025,1.77,,,,,,,,,FALSE,FALSE,FALSE,,FALSE,
Cuo2879,Directo,Doc0399,6/10,5/7/2025,1.77,,,,,,,,,FALSE,FALSE,FALSE,,FALSE,
Cuo2880,Directo,Doc0399,7/10,5/8/2025,1.77,,,,,,,,,FALSE,FALSE,TRUE,,FALSE,
Cuo2881,Directo,Doc0399,8/10,5/9/2025,1.77,,,11/9/2025,"$70,067.00",,,,,FALSE,FALSE,FALSE,,FALSE,
Cuo2882,Directo,Doc0399,9/10,5/10/2025,1.77,,,11/9/2025,"$70,063.00",,,,,FALSE,FALSE,FALSE,,FALSE,
Cuo2883,Directo,Doc0399,10/10,5/11/2025,1.77,,,,,,,,,FALSE,FALSE,TRUE,Pagada,FALSE,
Cuo2884,,Doc0400,1/10,5/3/2025,1.56,,,,,,,,,FALSE,FALSE,TRUE,,FALSE,
Cuo2885,,Doc0400,2/10,5/3/2025,0.00,,,,,,,,,FALSE,FALSE,FALSE,,FALSE,
Cuo2886,,Doc0400,3/10,5/4/2025,0.00,,,,,,,,,FALSE,FALSE,FALSE,,FALSE,
Cuo2887,,Doc0400,4/10,5/5/2025,0.00,,,,,,,,,FALSE,FALSE,FALSE,,FALSE,
Cuo2888,,Doc0400,5/10,5/6/2025,0.00,,,,,,,,,FALSE,FALSE,FALSE,,FALSE,
Cuo2889,,Doc0400,6/10,5/7/2025,0.00,,,,,,,,,FALSE,FALSE,FALSE,,FALSE,
Cuo2890,,Doc0400,7/10,5/8/2025,0.00,,,,,,,,,FALSE,FALSE,FALSE,,FALSE,
Cuo2891,,Doc0400,8/10,5/9/2025,0.00,,,,,,,,,FALSE,FALSE,FALSE,,FALSE,
Cuo2892,,Doc0400,9/10,5/10/2025,0.00,,,,,,,,,FALSE,FALSE,FALSE,,FALSE,
Cuo2893,,Doc0400,10/10,5/11/2025,0.00,,,,,,,,,FALSE,FALSE,FALSE,,FALSE,
Cuo2894,Automático,Doc0401,1/10,5/2/2025,1.73,,,,,,,,,FALSE,FALSE,FALSE,,FALSE,
Cuo2895,Automático,Doc0401,2/10,5/3/2025,1.73,,,,,,,,,FALSE,FALSE,FALSE,,FALSE,
Cuo2896,Automático,Doc0401,3/10,5/4/2025,1.73,,,,,,,,,FALSE,FALSE,FALSE,,FALSE,
Cuo2897,Automático,Doc0401,4/10,5/5/2025,1.73,,,,,,,,,FALSE,FALSE,FALSE,,FALSE,
Cuo2898,Automático,Doc0401,5/10,5/6/2025,1.73,,,,,,,,,FALSE,FALSE,FALSE,,FALSE,
Cuo2899,Automático,Doc0401,6/10,5/7/2025,1.73,,,,,,,,,FALSE,FALSE,FALSE,,FALSE,
Cuo2900,Automático,Doc0401,7/10,5/8/2025,1.73,,,,,,,,,FALSE,FALSE,FALSE,,FALSE,
Cuo2901,Automático,Doc0401,8/10,5/9/2025,1.73,,,,,,,,,FALSE,FALSE,FALSE,,FALSE,
Cuo2902,Automático,Doc0401,9/10,5/10/2025,1.73,,,,,,,,,FALSE,FALSE,FALSE,,FALSE,
Cuo2903,Automático,Doc0401,10/10,5/11/2025,1.73,,,,,,,,,FALSE,FALSE,FALSE,Pagada,FALSE,
Cuo2904,,Doc0402,1/10,28/2/2025,1.47,,,,,,,,,FALSE,FALSE,FALSE,,FALSE,
Cuo2905,,Doc0402,2/10,5/3/2025,1.47,,,,,,,,,FALSE,FALSE,FALSE,,FALSE,
Cuo2906,,Doc0402,3/10,5/4/2025,1.47,,,,,,,,,FALSE,FALSE,FALSE,,FALSE,
Cuo2907,,Doc0402,4/10,5/5/2025,1.47,,,,,,,,,FALSE,FALSE,FALSE,,FALSE,
Cuo2908,,Doc0402,5/10,5/6/2025,1.47,,,,,,,,,FALSE,FALSE,FALSE,,FALSE,
Cuo2909,,Doc0402,6/10,5/7/2025,1.47,,,,,,,,,FALSE,FALSE,FALSE,,FALSE,
Cuo2910,,Doc0402,7/10,5/8/2025,1.47,,,,,,,,,FALSE,FALSE,FALSE,,FALSE,
Cuo2911,,Doc0402,8/10,5/9/2025,1.47,,,,,,,,,FALSE,FALSE,FALSE,,FALSE,
Cuo2912,,Doc0402,9/10,5/10/2025,1.47,,,,,,,,,FALSE,FALSE,FALSE,,FALSE,
Cuo2913,,Doc0402,10/10,5/11/2025,1.47,,,,,,,,,FALSE,FALSE,FALSE,,FALSE,
Cuo2914,,Doc0403,1/10,28/2/2025,1.94,,,,,,,,,FALSE,FALSE,FALSE,,FALSE,
Cuo2915,,Doc0403,2/10,5/3/2025,1.94,,,,,,,,,FALSE,FALSE,FALSE,,FALSE,
Cuo2916,,Doc0403,3/10,5/4/2025,1.94,,,,,,,,,FALSE,FALSE,FALSE,,FALSE,
Cuo2917,,Doc0403,4/10,5/5/2025,1.94,,,,,,,,,FALSE,FALSE,FALSE,,FALSE,
Cuo2918,,Doc0403,5/10,5/6/2025,1.94,,,,,,,,,FALSE,FALSE,FALSE,,FALSE,
Cuo2919,,Doc0403,6/10,5/7/2025,1.94,,,,,,,,,FALSE,FALSE,FALSE,,FALSE,
Cuo2920,,Doc0403,7/10,5/8/2025,1.94,,,,,,,,,FALSE,FALSE,FALSE,,FALSE,
Cuo2921,,Doc0403,8/10,5/9/2025,1.94,,,,,,,,,FALSE,FALSE,FALSE,,FALSE,
Cuo2922,,Doc0403,9/10,5/10/2025,1.94,,,,,,,,,FALSE,FALSE,FALSE,,FALSE,
Cuo2923,,Doc0403,10/10,5/11/2025,1.94,,,,,,,,,FALSE,FALSE,FALSE,,FALSE,
Cuo2924,,Doc0404,1/10,5/2/2025,2.17,,,,,,,,,FALSE,FALSE,FALSE,,FALSE,
Cuo2925,,Doc0404,2/10,5/3/2025,2.17,,,,,,,,,FALSE,FALSE,FALSE,,FALSE,
Cuo2926,,Doc0404,3/10,5/4/2025,2.17,,,,,,,,,FALSE,FALSE,FALSE,,FALSE,
Cuo2927,,Doc0404,4/10,5/5/2025,2.17,,,,,,,,,FALSE,FALSE,FALSE,,FALSE,
Cuo2928,,Doc0404,5/10,5/6/2025,2.17,,,,,,,,,FALSE,FALSE,FALSE,,FALSE,
Cuo2929,,Doc0404,6/10,5/7/2025,2.17,,,,,,,,,FALSE,FALSE,FALSE,,FALSE,
Cuo2930,,Doc0404,7/10,5/8/2025,2.17,,,,,,,,,FALSE,FALSE,FALSE,,FALSE,
Cuo2931,,Doc0404,8/10,5/9/2025,2.17,,,,,,,,,FALSE,FALSE,FALSE,,FALSE,
Cuo2932,,Doc0404,9/10,5/10/2025,2.17,,,,,,,,,FALSE,FALSE,FALSE,,FALSE,
Cuo2933,,Doc0404,10/10,5/11/2025,2.17,,,,,,,,,FALSE,FALSE,FALSE,,FALSE,
Cuo2934,,Doc0405,1/1,2/3/2026,23.45,,,,,,,,,FALSE,FALSE,FALSE,,FALSE,
Cuo2935,,Doc0406,1/1,2/3/2026,28.16,,,,,,,,,FALSE,FALSE,FALSE,,FALSE,
Cuo2936,,Doc0407,1/1,2/3/2026,12.60,,,,,,,,,FALSE,FALSE,FALSE,,FALSE,
Cuo2937,Directo,Doc0408,1/12,10/2/2025,1.66,,,,,,,,,FALSE,FALSE,FALSE,,FALSE,
Cuo2938,Directo,Doc0408,2/12,10/3/2025,1.69,,,,,,,,,FALSE,FALSE,FALSE,,FALSE,
Cuo2939,Directo,Doc0408,3/12,10/4/2025,1.69,,,,,,,,,FALSE,FALSE,FALSE,,FALSE,
Cuo2940,Directo,Doc0408,4/12,10/5/2025,1.69,,,,,,,,,FALSE,FALSE,FALSE,,FALSE,
Cuo2941,Directo,Doc0408,5/12,10/6/2025,1.69,,,,,,,,,FALSE,FALSE,FALSE,,FALSE,
Cuo2942,Directo,Doc0408,6/12,10/7/2025,1.69,,,,,,,,,FALSE,FALSE,TRUE,,FALSE,
Cuo2943,Directo,Doc0408,7/12,10/8/2025,1.69,,,,,,,,,FALSE,FALSE,FALSE,,FALSE,
Cuo2944,Directo,Doc0408,8/12,10/9/2025,1.69,,,,,,,,,FALSE,FALSE,FALSE,,FALSE,
Cuo2945,Directo,Doc0408,9/12,10/10/2025,1.69,,,,,,,,,FALSE,FALSE,FALSE,,FALSE,
Cuo2946,Directo,Doc0408,10/12,10/11/2025,1.69,,,2/11/2025,,,,,,FALSE,FALSE,FALSE,Pagada,FALSE,
Cuo2947,Directo,Doc0408,11/12,10/12/2025,1.69,,,6/12/2025,,,,,,FALSE,FALSE,FALSE,Pagada,FALSE,
Cuo2948,Directo,Doc0408,12/12,10/1/2026,1.69,,,4/1/2026,,,,,,FALSE,FALSE,FALSE,Pagada,FALSE,
Cuo2949,Directo,Doc0409,1/10,5/2/2025,1.64,,,,,,,,,FALSE,FALSE,FALSE,,FALSE,
Cuo2950,Directo,Doc0409,2/10,5/3/2025,1.64,,,,,,,,,FALSE,FALSE,FALSE,,FALSE,
Cuo2951,Directo,Doc0409,3/10,5/4/2025,1.64,,,,,,,,,FALSE,FALSE,FALSE,,FALSE,
Cuo2952,Directo,Doc0409,4/10,5/5/2025,1.64,,,,,,,,,FALSE,FALSE,FALSE,,FALSE,
Cuo2953,,Doc0409,5/10,5/6/2025,1.64,,,,,,,,,FALSE,FALSE,TRUE,,FALSE,
Cuo2954,,Doc0409,6/10,5/7/2025,1.64,,,,,,,,,FALSE,FALSE,FALSE,,FALSE,
Cuo2955,,Doc0409,7/10,5/8/2025,1.64,,,,,,,,,FALSE,FALSE,FALSE,,FALSE,
Cuo2956,,Doc0409,8/10,5/9/2025,1.64,,,,,,,,,FALSE,FALSE,FALSE,,FALSE,
Cuo2957,,Doc0409,9/10,5/10/2025,1.64,,,,,,,,,FALSE,FALSE,FALSE,,FALSE,
Cuo2958,,Doc0409,10/10,5/11/2025,1.64,,,,,,,,,FALSE,FALSE,FALSE,,FALSE,
Cuo2959,,Doc0410,1/1,5/2/2025,-10.98,,,,,,,,,FALSE,FALSE,FALSE,,FALSE,
Cuo2960,Directo,Doc0411,1/12,10/2/2025,0.92,,,,,,,,,FALSE,FALSE,FALSE,,FALSE,
Cuo2961,Directo,Doc0411,2/12,10/3/2025,0.93,,,,,,,,,FALSE,FALSE,FALSE,,FALSE,
Cuo2962,Directo,Doc0411,3/12,10/4/2025,0.93,,,,,,,,,FALSE,FALSE,TRUE,,FALSE,
Cuo2963,Directo,Doc0411,4/12,10/5/2025,0.93,,,,,,,,,FALSE,FALSE,FALSE,,FALSE,
Cuo2964,Directo,Doc0411,5/12,10/6/2025,0.93,,,,,,,,,FALSE,FALSE,FALSE,,FALSE,
Cuo2965,Directo,Doc0411,6/12,10/7/2025,0.93,,,,,,,,,FALSE,FALSE,TRUE,,FALSE,
Cuo2966,Directo,Doc0411,7/12,10/8/2025,0.93,,,,,,,,,FALSE,FALSE,TRUE,,FALSE,
Cuo2967,Directo,Doc0411,8/12,10/9/2025,0.93,,,29/9/2025,,,,,,FALSE,FALSE,FALSE,,FALSE,
Cuo2968,Directo,Doc0411,9/12,10/10/2025,0.93,,,27/10/2025,,,,,,FALSE,FALSE,FALSE,Pagada,FALSE,
Cuo2969,Directo,Doc0411,10/12,10/11/2025,0.93,,,25/11/2025,,,,,,FALSE,FALSE,FALSE,Pagada,FALSE,
Cuo2970,Directo,Doc0411,11/12,10/12/2025,0.93,,,,,,,,,FALSE,FALSE,FALSE,Pagada,FALSE,
Cuo2971,Directo,Doc0411,12/12,10/1/2026,0.93,,,26/1/2026,,,,,,FALSE,FALSE,FALSE,Pagada,FALSE,
Cuo2972,Automático,Doc0412,1/12,5/2/2025,1.08,,,,,,,,,FALSE,FALSE,FALSE,,FALSE,
Cuo2973,Automático,Doc0412,2/12,5/3/2025,1.08,,,,,,,,,FALSE,FALSE,FALSE,,FALSE,
Cuo2974,Automático,Doc0412,3/12,5/4/2025,1.08,,,,,,,,,FALSE,FALSE,FALSE,,FALSE,
Cuo2975,Automático,Doc0412,4/12,5/5/2025,1.08,,,,,,,,,FALSE,FALSE,FALSE,,FALSE,
Cuo2976,Automático,Doc0412,5/12,5/6/2025,1.08,,,,,,,,,FALSE,FALSE,FALSE,,FALSE,
Cuo2977,Automático,Doc0412,6/12,5/7/2025,1.08,,,,,,,,,FALSE,FALSE,FALSE,,FALSE,
Cuo2978,Automático,Doc0412,7/12,5/8/2025,1.08,,,,,,,,,FALSE,FALSE,FALSE,,FALSE,
Cuo2979,Automático,Doc0412,8/12,5/9/2025,1.08,,,,,,,,,FALSE,FALSE,FALSE,,FALSE,
Cuo2980,Directo,Doc0412,9/12,5/10/2025,1.08,,,,,,,,,FALSE,FALSE,FALSE,,FALSE,
Cuo2981,Automático,Doc0412,10/12,5/11/2025,1.08,,,,,,,,,FALSE,FALSE,FALSE,Pagada,FALSE,
Cuo2982,Automático,Doc0412,11/12,5/12/2025,1.08,,,,,,,,,FALSE,FALSE,FALSE,Pagada,FALSE,
Cuo2983,Automático,Doc0412,12/12,5/1/2026,1.13,,,,,,,,,FALSE,FALSE,FALSE,Pagada,FALSE,
Cuo2984,Automático,Doc0413,1/12,5/2/2025,1.48,,,,,,,,,FALSE,FALSE,FALSE,,FALSE,
Cuo2985,Automático,Doc0413,2/12,5/3/2025,1.48,,,,,,,,,FALSE,FALSE,FALSE,,FALSE,
Cuo2986,Automático,Doc0413,3/12,5/4/2025,1.48,,,,,,,,,FALSE,FALSE,FALSE,,FALSE,
Cuo2987,Automático,Doc0413,4/12,5/5/2025,1.48,,,,,,,,,FALSE,FALSE,FALSE,,FALSE,
Cuo2988,Automático,Doc0413,5/12,5/6/2025,1.48,,,,,,,,,FALSE,FALSE,FALSE,,FALSE,
Cuo2989,Automático,Doc0413,6/12,5/7/2025,1.48,,,,,,,,,FALSE,FALSE,FALSE,,FALSE,
Cuo2990,Automático,Doc0413,7/12,5/8/2025,1.48,,,,,,,,,FALSE,FALSE,FALSE,,FALSE,
Cuo2991,Automático,Doc0413,8/12,5/9/2025,1.48,,,,,,,,,FALSE,FALSE,FALSE,,FALSE,
Cuo2992,Directo,Doc0413,9/12,5/10/2025,1.48,,,,,,,,,FALSE,FALSE,FALSE,,FALSE,
Cuo2993,Automático,Doc0413,10/12,5/11/2025,1.48,,,,,,,,,FALSE,FALSE,FALSE,Pagada,FALSE,
Cuo2994,Automático,Doc0413,11/12,5/12/2025,1.48,,,,,,,,,FALSE,FALSE,FALSE,Pagada,FALSE,
Cuo2995,Automático,Doc0413,12/12,5/1/2026,1.44,,,,,,,,,FALSE,FALSE,FALSE,Pagada,FALSE,
Cuo2996,,Doc0414,1/1,28/2/2025,-14.72,,,,,,,,,FALSE,FALSE,FALSE,,FALSE,
Cuo2997,,Doc0415,1/1,28/2/2025,-19.42,,,,,,,,,FALSE,FALSE,FALSE,,FALSE,
Cuo2998,Directo,Doc0416,1/1,2/3/2026,15.14,,,,,,,,,FALSE,FALSE,TRUE,,FALSE,
Cuo2999,Directo,Doc0417,1/1,2/3/2026,25.34,,,,,,,,,FALSE,FALSE,TRUE,,FALSE,
Cuo3000,,Doc0418,1/1,2/3/2026,-23.45,,,,,,,,,FALSE,FALSE,FALSE,,FALSE,
Cuo3001,,Doc0419,1/1,2/3/2026,-28.16,,,,,,,,,FALSE,FALSE,FALSE,,FALSE,
Cuo3002,,Doc0420,1/1,2/3/2026,-12.60,,,,,,,,,FALSE,FALSE,FALSE,,FALSE,
Cuo3003,Directo,Doc0421,1/12,10/2/2025,1.16,,,,,,,,,FALSE,FALSE,FALSE,,FALSE,
Cuo3004,Directo,Doc0421,2/12,10/3/2025,1.19,,,,,,,,,FALSE,FALSE,FALSE,,FALSE,
Cuo3005,Directo,Doc0421,3/12,10/4/2025,1.19,,,,,,,,,FALSE,FALSE,FALSE,,FALSE,
Cuo3006,Directo,Doc0421,4/12,10/5/2025,1.19,,,,,,,,,FALSE,FALSE,FALSE,,FALSE,
Cuo3007,Directo,Doc0421,5/12,10/6/2025,1.19,,,,,,,,,FALSE,FALSE,FALSE,,FALSE,
Cuo3008,Directo,Doc0421,6/12,10/7/2025,1.19,,,,,,,,,FALSE,FALSE,FALSE,,FALSE,
Cuo3009,Directo,Doc0421,7/12,10/8/2025,1.19,,,,,,,,,FALSE,FALSE,FALSE,,FALSE,
Cuo3010,Directo,Doc0421,8/12,10/9/2025,1.19,,,,,,,,,FALSE,FALSE,FALSE,,FALSE,
Cuo3011,Directo,Doc0421,9/12,10/10/2025,1.19,,,21/10/2025,,,,,,FALSE,FALSE,FALSE,,FALSE,
Cuo3012,Directo,Doc0421,10/12,10/11/2025,1.19,,,10/11/2025,,,,,,FALSE,FALSE,FALSE,Pagada,FALSE,
Cuo3013,Directo,Doc0421,11/12,10/12/2025,1.19,,,22/12/2025,,,,,,FALSE,FALSE,FALSE,Pagada,FALSE,
Cuo3014,Directo,Doc0421,12/12,10/1/2026,1.19,,,15/1/2026,,,,,,FALSE,FALSE,FALSE,Pagada,FALSE,
Cuo3015,Directo,Doc0422,1/12,10/2/2025,1.00,,,,,,,,,FALSE,FALSE,FALSE,,FALSE,
Cuo3016,Directo,Doc0422,2/12,10/3/2025,1.02,,,,,,,,,FALSE,FALSE,FALSE,,FALSE,
Cuo3017,Directo,Doc0422,3/12,10/4/2025,1.02,,,,,,,,,FALSE,FALSE,FALSE,,FALSE,
Cuo3018,Directo,Doc0422,4/12,10/5/2025,1.02,,,,,,,,,FALSE,FALSE,FALSE,,FALSE,
Cuo3019,Directo,Doc0422,5/12,10/6/2025,1.02,,,,,,,,,FALSE,FALSE,FALSE,,FALSE,
Cuo3020,Directo,Doc0422,6/12,10/7/2025,1.02,,,,,,,,,FALSE,FALSE,FALSE,,FALSE,
Cuo3021,Directo,Doc0422,7/12,10/8/2025,1.02,,,,,,,,,FALSE,FALSE,FALSE,,FALSE,
Cuo3022,Directo,Doc0422,8/12,10/9/2025,1.02,,,,,,,,,FALSE,FALSE,FALSE,,FALSE,
Cuo3023,Directo,Doc0422,9/12,10/10/2025,1.02,,,21/10/2025,,,,,,FALSE,FALSE,FALSE,,FALSE,
Cuo3024,Directo,Doc0422,10/12,10/11/2025,1.02,,,19/11/2025,,,,,,FALSE,FALSE,FALSE,Pagada,FALSE,
Cuo3025,Directo,Doc0422,11/12,10/12/2025,1.02,,,22/12/2025,,,,,,FALSE,FALSE,FALSE,Pagada,FALSE,
Cuo3026,Directo,Doc0422,12/12,10/1/2026,1.02,,,15/1/2026,,,,,,FALSE,FALSE,FALSE,Pagada,FALSE,
Cuo3027,,Doc0423,1/1,2/3/2026,-22.66,,,,,,,,,FALSE,FALSE,FALSE,,FALSE,
Cuo3028,,Doc0424,1/1,2/3/2026,-15.33,,,,,,,,,FALSE,FALSE,FALSE,,FALSE,
Cuo3029,,Doc0425,1/1,31/1/2025,-21.70,,,,,,,,,FALSE,FALSE,FALSE,,FALSE,
Cuo3030,,Doc0426,1/1,2/3/2026,-19.56,,,,,,,,,FALSE,FALSE,FALSE,,FALSE,
Cuo3031,Directo,Doc0427,1/12,17/2/2025,1.56,,,,,,,,,FALSE,FALSE,TRUE,,FALSE,
Cuo3032,Directo,Doc0427,2/12,10/3/2025,1.59,,,,,,,,,FALSE,FALSE,FALSE,,FALSE,
Cuo3033,Directo,Doc0427,3/12,10/4/2025,1.59,,,,,,,,,FALSE,FALSE,FALSE,,FALSE,
Cuo3034,Directo,Doc0427,4/12,10/5/2025,1.59,,,,,,,,,FALSE,FALSE,FALSE,,FALSE,
Cuo3035,Directo,Doc0427,5/12,10/6/2025,1.59,,,,,,,,,FALSE,FALSE,FALSE,,FALSE,
Cuo3036,Directo,Doc0427,6/12,10/7/2025,1.59,,,,,,,,,FALSE,FALSE,FALSE,,FALSE,
Cuo3037,Directo,Doc0427,7/12,10/8/2025,1.59,,,,,,,,,FALSE,FALSE,FALSE,,FALSE,
Cuo3038,Directo,Doc0427,8/12,10/9/2025,1.59,,,,,,,,,FALSE,FALSE,FALSE,,FALSE,
Cuo3039,Directo,Doc0427,9/12,10/10/2025,1.59,,,29/9/2025,,,,,,FALSE,FALSE,FALSE,,FALSE,
Cuo3040,Directo,Doc0427,10/12,10/11/2025,1.59,,,3/11/2025,,,,,,FALSE,FALSE,FALSE,Pagada,FALSE,
Cuo3041,Directo,Doc0427,11/12,10/12/2025,1.59,,,1/12/2025,,,,,,FALSE,FALSE,FALSE,Pagada,FALSE,
Cuo3042,Directo,Doc0427,12/12,10/1/2026,1.59,,,29/12/2025,,,,,,FALSE,FALSE,FALSE,Pagada,FALSE,
Cuo3043,Directo,Doc0428,1/8,5/4/2025,1.52,,,22/4/2025,"$59,206.00",,,,,FALSE,FALSE,FALSE,,FALSE,
Cuo3044,Directo,Doc0428,2/8,5/5/2025,1.52,,,22/4/2025,"$59,203.00",,,,,FALSE,FALSE,FALSE,,FALSE,Ya está pagada. Cobrar a Jorge
Cuo3045,Directo,Doc0428,3/8,5/6/2025,1.52,,,,"$59,501.00",,,,,FALSE,FALSE,TRUE,,FALSE,
Cuo3046,Directo,Doc0428,4/8,5/7/2025,1.52,,,21/7/2025,"$59,519.00",,,,,FALSE,FALSE,FALSE,,FALSE,
Cuo3047,Directo,Doc0428,5/8,5/8/2025,1.52,,,,"$59,558.00",,,,,FALSE,FALSE,TRUE,,FALSE,
Cuo3048,Directo,Doc0428,6/8,5/9/2025,1.52,,,22/9/2025,"$59,908.00",,,,,FALSE,FALSE,FALSE,,FALSE,
Cuo3049,Directo,Doc0428,7/8,5/10/2025,1.52,,,20/10/2025,"$59,985.00",,,,,FALSE,FALSE,FALSE,,FALSE,
Cuo3050,Directo,Doc0428,8/8,5/11/2025,1.52,,,24/11/2025,"$60,143.00",,,,,FALSE,FALSE,FALSE,Pagada,FALSE,
Cuo3051,Directo,Doc0430,1/10,10/3/2025,0.73,,,,,,,,,FALSE,FALSE,TRUE,,FALSE,
Cuo3052,Directo,Doc0430,2/10,10/4/2025,0.73,,,,,,,,,FALSE,FALSE,TRUE,,FALSE,
Cuo3053,Directo,Doc0430,3/10,10/5/2025,0.73,,,,,,,,,FALSE,FALSE,FALSE,,FALSE,
Cuo3054,Directo,Doc0430,4/10,10/6/2025,0.73,,,,,,,,,FALSE,FALSE,FALSE,,FALSE,
Cuo3055,Directo,Doc0430,5/10,10/7/2025,0.73,,,,,,,,,FALSE,FALSE,TRUE,,FALSE,
Cuo3056,Directo,Doc0430,6/10,10/8/2025,0.73,,,,,,,,,FALSE,FALSE,TRUE,,FALSE,
Cuo3057,Directo,Doc0430,7/10,10/9/2025,0.73,,,,,,,,,FALSE,FALSE,TRUE,,FALSE,
Cuo3058,Directo,Doc0430,8/10,10/10/2025,0.73,,,,,,,,,FALSE,FALSE,TRUE,Pagada,FALSE,
Cuo3059,Directo,Doc0430,9/10,10/11/2025,0.73,,,27/11/2025,,,,,,FALSE,FALSE,TRUE,Pagada,FALSE,
Cuo3060,Directo,Doc0430,10/10,10/12/2025,0.67,,,,,,,,,FALSE,FALSE,TRUE,Pagada,FALSE,
Cuo3061,Directo,Doc0431,1/1,28/3/2026,20.62,,,,,,,,,FALSE,FALSE,TRUE,,FALSE,
Cuo3062,Automático,Doc0432,1/11,25/3/2025,1.19,,,,,,,,,FALSE,FALSE,FALSE,,FALSE,
Cuo3063,Automático,Doc0432,2/11,25/4/2025,1.19,,,,,,,,,FALSE,FALSE,FALSE,,FALSE,
Cuo3064,Automático,Doc0432,3/11,25/5/2025,1.19,,,,,,,,,FALSE,FALSE,FALSE,,FALSE,
Cuo3065,Automático,Doc0432,4/11,25/6/2025,1.19,,,,,,,,,FALSE,FALSE,FALSE,,FALSE,
Cuo3066,Automático,Doc0432,5/11,25/7/2025,1.19,,,,,,,,,FALSE,FALSE,FALSE,,FALSE,
Cuo3067,Automático,Doc0432,6/11,25/8/2025,1.19,,,,,,,,,FALSE,FALSE,FALSE,,FALSE,
Cuo3068,Automático,Doc0432,7/11,25/9/2025,1.19,,,,,,,,,FALSE,FALSE,FALSE,,FALSE,
Cuo3069,,Doc0432,8/11,25/10/2025,1.19,,,,,,,,,FALSE,FALSE,FALSE,,FALSE,
Cuo3070,,Doc0432,9/11,25/11/2025,1.19,,,,,,,,,FALSE,FALSE,FALSE,,FALSE,
Cuo3071,,Doc0432,10/11,25/12/2025,1.19,,,,,,,,,FALSE,FALSE,FALSE,,FALSE,
Cuo3072,,Doc0432,11/11,25/1/2026,1.18,,,,,,,,,FALSE,FALSE,FALSE,,FALSE,
Cuo3073,Automático,Doc0433,1/11,25/3/2025,1.19,,,,,,,,,FALSE,FALSE,FALSE,,FALSE,
Cuo3074,Automático,Doc0433,2/11,25/4/2025,1.19,,,,,,,,,FALSE,FALSE,FALSE,,FALSE,
Cuo3075,Automático,Doc0433,3/11,25/5/2025,1.19,,,,,,,,,FALSE,FALSE,FALSE,,FALSE,
Cuo3076,Automático,Doc0433,4/11,25/6/2025,1.19,,,,,,,,,FALSE,FALSE,FALSE,,FALSE,
Cuo3077,Automático,Doc0433,5/11,25/7/2025,1.19,,,,,,,,,FALSE,FALSE,FALSE,,FALSE,
Cuo3078,Automático,Doc0433,6/11,25/8/2025,1.19,,,,,,,,,FALSE,FALSE,FALSE,,FALSE,
Cuo3079,Automático,Doc0433,7/11,25/9/2025,1.19,,,,,,,,,FALSE,FALSE,FALSE,,FALSE,
Cuo3080,,Doc0433,8/11,25/10/2025,1.19,,,,,,,,,FALSE,FALSE,FALSE,,FALSE,
Cuo3081,,Doc0433,9/11,25/11/2025,1.19,,,,,,,,,FALSE,FALSE,FALSE,,FALSE,
Cuo3082,,Doc0433,10/11,25/12/2025,1.19,,,,,,,,,FALSE,FALSE,FALSE,,FALSE,
Cuo3083,,Doc0433,11/11,25/1/2026,1.15,,,,,,,,,FALSE,FALSE,FALSE,,FALSE,
Cuo3084,Directo,Doc0434,1/12,18/3/2025,2.14,,,,,,,,,FALSE,FALSE,TRUE,,FALSE,
Cuo3085,Directo,Doc0434,2/12,18/4/2025,2.18,,,,,,,,,FALSE,FALSE,FALSE,,FALSE,
Cuo3086,Automático,Doc0434,3/12,18/5/2025,2.18,,,,,,,,,FALSE,FALSE,FALSE,,FALSE,
Cuo3087,Automático,Doc0434,4/12,18/6/2025,2.18,,,,,,,,,FALSE,FALSE,FALSE,,FALSE,
Cuo3088,Automático,Doc0434,5/12,18/7/2025,2.18,,,,,,,,,FALSE,FALSE,FALSE,,FALSE,
Cuo3089,Automático,Doc0434,6/12,18/8/2025,2.18,,,,,,,,,FALSE,FALSE,FALSE,,FALSE,
Cuo3090,Automático,Doc0434,7/12,18/9/2025,2.18,,,,,,,,,FALSE,FALSE,FALSE,,FALSE,
Cuo3091,Directo,Doc0434,8/12,18/10/2025,2.18,,,,,,,,,FALSE,FALSE,FALSE,,FALSE,
Cuo3092,Automático,Doc0434,9/12,18/11/2025,2.18,,,,,,,,,FALSE,FALSE,FALSE,Pagada,FALSE,
Cuo3093,Automático,Doc0434,10/12,18/12/2025,2.18,,,,,,,,,FALSE,FALSE,FALSE,Pagada,FALSE,
Cuo3094,Automático,Doc0434,11/12,18/1/2026,2.18,,,,,,,,,FALSE,FALSE,FALSE,Pagada,FALSE,
Cuo3095,Automático,Doc0434,12/12,18/2/2026,2.18,,,,,,,,,FALSE,FALSE,FALSE,Pagada,FALSE,
Cuo3096,Automático,Doc0435,1/11,5/4/2025,0.98,,,,,,,,,FALSE,FALSE,FALSE,,FALSE,
Cuo3097,Automático,Doc0435,2/11,5/5/2025,0.98,,,,,,,,,FALSE,FALSE,FALSE,,FALSE,
Cuo3098,Automático,Doc0435,3/11,5/6/2025,0.98,,,,,,,,,FALSE,FALSE,FALSE,,FALSE,
Cuo3099,Automático,Doc0435,4/11,5/7/2025,0.98,,,,,,,,,FALSE,FALSE,FALSE,,FALSE,
Cuo3100,Automático,Doc0435,5/11,5/8/2025,0.98,,,,,,,,,FALSE,FALSE,FALSE,,FALSE,
Cuo3101,Automático,Doc0435,6/11,5/9/2025,0.98,,,,,,,,,FALSE,FALSE,FALSE,,FALSE,
Cuo3102,Automático,Doc0435,7/11,5/10/2025,0.98,,,,,,,,,FALSE,FALSE,FALSE,,FALSE,
Cuo3103,Automático,Doc0435,8/11,5/11/2025,0.98,,,,,,,,,FALSE,FALSE,FALSE,Pagada,FALSE,
Cuo3104,Automático,Doc0435,9/11,5/12/2025,0.98,,,,,,,,,FALSE,FALSE,FALSE,Pagada,FALSE,
Cuo3105,Automático,Doc0435,10/11,5/1/2026,0.98,,,,,,,,,FALSE,FALSE,FALSE,Pagada,FALSE,
Cuo3106,Automático,Doc0435,11/11,5/2/2026,0.98,,,,,,,,,FALSE,FALSE,FALSE,Pagada,FALSE,
Cuo3107,Automático,Doc0436,1/12,25/3/2025,1.05,,,,,,,,,FALSE,FALSE,FALSE,,FALSE,
Cuo3108,Automático,Doc0436,2/12,25/4/2025,1.05,,,,,,,,,FALSE,FALSE,FALSE,,FALSE,
Cuo3109,Automático,Doc0436,3/12,25/5/2025,1.05,,,,,,,,,FALSE,FALSE,FALSE,,FALSE,
Cuo3110,Automático,Doc0436,4/12,5/6/2025,1.05,,,,,,,,,FALSE,FALSE,FALSE,,FALSE,
Cuo3111,Automático,Doc0436,5/12,5/7/2025,1.05,,,,,,,,,FALSE,FALSE,FALSE,,FALSE,
Cuo3112,Automático,Doc0436,6/12,5/8/2025,1.05,,,,,,,,,FALSE,FALSE,FALSE,,FALSE,
Cuo3113,Automático,Doc0436,7/12,5/9/2025,1.05,,,,,,,,,FALSE,FALSE,FALSE,,FALSE,
Cuo3114,Automático,Doc0436,8/12,5/10/2025,1.05,,,,,,,,,FALSE,FALSE,FALSE,,FALSE,
Cuo3115,Automático,Doc0436,9/12,5/11/2025,1.05,,,,,,,,,FALSE,FALSE,FALSE,Pagada,FALSE,
Cuo3116,Automático,Doc0436,10/12,5/12/2025,1.05,,,,,,,,,FALSE,FALSE,FALSE,Pagada,FALSE,
Cuo3117,Automático,Doc0436,11/12,5/1/2026,1.05,,,,,,,,,FALSE,FALSE,FALSE,Pagada,FALSE,
Cuo3118,Automático,Doc0436,12/12,5/2/2026,1.05,,,,,,,,,FALSE,FALSE,FALSE,Pagada,FALSE,
Cuo3119,Automático,Doc0437,1/12,22/3/2025,2.40,,,,,,,,,FALSE,FALSE,FALSE,,FALSE,
Cuo3120,Automático,Doc0437,2/12,25/4/2025,2.45,,,,,,,,,FALSE,FALSE,FALSE,,FALSE,
Cuo3121,Automático,Doc0437,3/12,25/5/2025,2.45,,,,,,,,,FALSE,FALSE,FALSE,,FALSE,
Cuo3122,Automático,Doc0437,4/12,25/6/2025,2.45,,,,,,,,,FALSE,FALSE,FALSE,,FALSE,
Cuo3123,Automático,Doc0437,5/12,25/7/2025,2.45,,,,,,,,,FALSE,FALSE,FALSE,,FALSE,
Cuo3124,Automático,Doc0437,6/12,25/8/2025,2.45,,,,,,,,,FALSE,FALSE,FALSE,,FALSE,
Cuo3125,Automático,Doc0437,7/12,25/9/2025,2.45,,,,,,,,,FALSE,FALSE,FALSE,,FALSE,
Cuo3126,Directo,Doc0437,8/12,25/10/2025,2.45,,,10/10/2025,,,,,,FALSE,FALSE,FALSE,,FALSE,
Cuo3127,Automático,Doc0437,9/12,25/11/2025,2.45,,,,,,,,,FALSE,FALSE,FALSE,Pagada,FALSE,
Cuo3128,Automático,Doc0437,10/12,25/12/2025,2.45,,,,,,,,,FALSE,FALSE,FALSE,Pagada,FALSE,
Cuo3129,Automático,Doc0437,11/12,25/1/2026,2.45,,,,,,,,,FALSE,FALSE,FALSE,Pagada,FALSE,
Cuo3130,Automático,Doc0437,12/12,25/2/2026,2.45,,,,,,,,,FALSE,FALSE,FALSE,Pagada,FALSE,
Cuo3131,Directo,Doc0438,1/12,25/3/2025,1.49,,,,,,,,,FALSE,FALSE,FALSE,,FALSE,
Cuo3132,Directo,Doc0438,2/12,25/4/2025,1.49,,,,,,,,,FALSE,FALSE,FALSE,,FALSE,
Cuo3133,Directo,Doc0438,3/12,25/5/2025,1.49,,,,,,,,,FALSE,FALSE,FALSE,,FALSE,
Cuo3134,Directo,Doc0438,4/12,25/6/2025,1.49,,,,,,,,,FALSE,FALSE,FALSE,,FALSE,
Cuo3135,Directo,Doc0438,5/12,25/7/2025,1.49,,,,,,,,,FALSE,FALSE,FALSE,,FALSE,
Cuo3136,Directo,Doc0438,6/12,25/8/2025,1.49,,,,,,,,,FALSE,FALSE,FALSE,,FALSE,
Cuo3137,Directo,Doc0438,7/12,25/9/2025,1.49,,,1/10/2025,,,,,,FALSE,FALSE,FALSE,,FALSE,
Cuo3138,Directo,Doc0438,8/12,25/10/2025,1.49,,,30/10/2025,,,,,,FALSE,FALSE,FALSE,Pagada,FALSE,
Cuo3139,Directo,Doc0438,9/12,25/11/2025,1.49,,,1/12/2025,,,,,,FALSE,FALSE,FALSE,Pagada,FALSE,
Cuo3140,Directo,Doc0438,10/12,25/12/2025,1.49,,,,,,,,,FALSE,FALSE,FALSE,Pagada,FALSE,
Cuo3141,Directo,Doc0438,11/12,25/1/2026,1.49,,,28/1/2026,,,,,,FALSE,FALSE,FALSE,Pagada,FALSE,
Cuo3142,Directo,Doc0438,12/12,25/2/2026,1.49,,,,,,,,,FALSE,FALSE,FALSE,Pagada,FALSE,
Cuo3143,,Doc0439,1/1,10/4/2025,19.83,,,,,,,,,FALSE,FALSE,FALSE,,FALSE,
Cuo3144,,Doc0457,1/1,10/4/2025,-19.83,,,,,,,,,FALSE,FALSE,FALSE,,FALSE,
Cuo3145,Directo,Doc0440,1/12,25/3/2025,1.49,,,,,,,,,FALSE,FALSE,FALSE,,FALSE,
Cuo3146,Directo,Doc0440,2/12,10/4/2025,1.52,,,,,,,,,FALSE,FALSE,TRUE,,FALSE,
Cuo3147,Directo,Doc0440,3/12,10/5/2025,1.52,,,,,,,,,FALSE,FALSE,FALSE,,FALSE,
Cuo3148,Directo,Doc0440,4/12,10/6/2025,1.52,,,,,,,,,FALSE,FALSE,FALSE,,FALSE,
Cuo3149,Directo,Doc0440,5/12,10/7/2025,1.52,,,,,,,,,FALSE,FALSE,TRUE,,FALSE,
Cuo3150,Directo,Doc0440,6/12,10/8/2025,1.52,,,,,,,,,FALSE,FALSE,TRUE,,FALSE,
Cuo3151,Directo,Doc0440,7/12,10/9/2025,1.52,,,29/9/2025,,,,,,FALSE,FALSE,FALSE,,FALSE,
Cuo3152,Directo,Doc0440,8/12,10/10/2025,1.52,,,27/10/2025,,,,,,FALSE,FALSE,FALSE,Pagada,FALSE,
Cuo3153,Directo,Doc0440,9/12,10/11/2025,1.52,,,25/11/2025,,,,,,FALSE,FALSE,FALSE,Pagada,FALSE,
Cuo3154,Directo,Doc0440,10/12,10/12/2025,1.52,,,,,,,,,FALSE,FALSE,FALSE,Pagada,FALSE,
Cuo3155,Directo,Doc0440,11/12,10/1/2026,1.52,,,26/1/2026,,,,,,FALSE,FALSE,FALSE,Pagada,FALSE,
Cuo3156,Directo,Doc0440,12/12,10/2/2026,1.52,,,,,,,,,FALSE,FALSE,FALSE,Pagada,FALSE,
Cuo3157,Directo,Doc0444,1/6,25/4/2025,0.84,,,,,,,,,FALSE,FALSE,TRUE,,FALSE,
Cuo3158,Directo,Doc0444,2/6,25/5/2025,0.91,,,,,,,,,FALSE,FALSE,FALSE,,FALSE,
Cuo3159,Directo,Doc0444,3/6,25/6/2025,0.91,,,,,,,,,FALSE,FALSE,FALSE,,FALSE,
Cuo3160,Directo,Doc0444,4/6,25/7/2025,0.91,,,,,,,,,FALSE,FALSE,FALSE,,FALSE,
Cuo3161,Directo,Doc0444,5/6,25/8/2025,0.91,,,,,,,,,FALSE,FALSE,FALSE,,FALSE,
Cuo3162,Directo,Doc0444,6/6,25/9/2025,0.91,,,,,,,,,FALSE,FALSE,FALSE,,FALSE,
Cuo3163,Directo,Doc0451,1/1,15/5/2026,1.43,,,,,,,,,FALSE,FALSE,FALSE,,FALSE,
Cuo3164,Directo,Doc0452,1/1,15/5/2026,2.38,,,,,,,,,FALSE,FALSE,FALSE,,FALSE,
Cuo3165,Directo,Doc0450,1/10,5/5/2025,1.02,,,7/5/2025,"$39,903.00",,,10464842,,FALSE,FALSE,TRUE,,FALSE,
Cuo3166,Directo,Doc0450,2/10,5/6/2025,1.02,,,,,,,,,FALSE,FALSE,FALSE,,FALSE,
Cuo3167,Directo,Doc0450,3/10,5/7/2025,1.02,,,,,,,,,FALSE,FALSE,TRUE,,FALSE,
Cuo3168,Directo,Doc0450,4/10,5/8/2025,1.02,,,,,,,,,FALSE,FALSE,TRUE,,FALSE,
Cuo3169,Directo,Doc0450,5/10,5/9/2025,1.02,,,,,,,,,FALSE,FALSE,FALSE,,FALSE,
Cuo3170,Directo,Doc0450,6/10,5/10/2025,1.02,,,,,,,,,FALSE,FALSE,FALSE,,FALSE,
Cuo3171,Directo,Doc0450,7/10,5/11/2025,1.02,,,14/11/2025,"$40,436.00",,,,,FALSE,FALSE,TRUE,Pagada,FALSE,
Cuo3172,Directo,Doc0450,8/10,5/12/2025,1.02,,,,,,,,,FALSE,FALSE,TRUE,Pagada,FALSE,
Cuo3173,Directo,Doc0450,9/10,5/1/2026,1.02,,,6/1/2026,"$40,546.00",,,,,FALSE,FALSE,TRUE,Pagada,FALSE,
Cuo3174,Directo,Doc0450,10/10,5/2/2026,1.02,,,19/2/2026,"$40,534.00",,,,,FALSE,FALSE,TRUE,Pagada,FALSE,
Cuo3175,Directo,Doc0455,1/1,5/5/2025,18.34,,,,,,,,,FALSE,TRUE,FALSE,,FALSE,
Cuo3176,Automático,Doc0445,1/12,5/4/2025,1.67,,,,,,,,,FALSE,FALSE,FALSE,,FALSE,
Cuo3177,Automático,Doc0445,2/12,5/5/2025,1.67,,,,,,,,,FALSE,FALSE,FALSE,,FALSE,
Cuo3178,Automático,Doc0445,3/12,5/6/2025,1.67,,,,,,,,,FALSE,FALSE,FALSE,,FALSE,
Cuo3179,Automático,Doc0445,4/12,5/7/2025,1.67,,,,,,,,,FALSE,FALSE,FALSE,,FALSE,
Cuo3180,Automático,Doc0445,5/12,5/8/2025,1.67,,,,,,,,,FALSE,FALSE,FALSE,,FALSE,
Cuo3181,Automático,Doc0445,6/12,5/9/2025,1.67,,,,,,,,,FALSE,FALSE,FALSE,,FALSE,
Cuo3182,Automático,Doc0445,7/12,5/10/2025,1.67,,,,,,,,,FALSE,FALSE,FALSE,,FALSE,
Cuo3183,Automático,Doc0445,8/12,5/11/2025,1.67,,,,,,,,,FALSE,FALSE,FALSE,Pagada,FALSE,
Cuo3184,Automático,Doc0445,9/12,5/12/2025,1.67,,,,,,,,,FALSE,FALSE,FALSE,Pagada,FALSE,
Cuo3185,Automático,Doc0445,10/12,5/1/2026,1.67,,,,,,,,,FALSE,FALSE,FALSE,Pagada,FALSE,
Cuo3186,Automático,Doc0445,11/12,5/2/2026,1.67,,,,,,,,,FALSE,FALSE,FALSE,Pagada,FALSE,
Cuo3187,Automático,Doc0445,12/12,5/3/2026,1.67,,,,,,,,,FALSE,FALSE,FALSE,Pagada,FALSE,
Cuo3188,Directo,Doc0453,1/1,10/4/2025,-13.23,,,,,,,,,FALSE,FALSE,FALSE,,FALSE,
Cuo3189,Automático,Doc0441,1/11,30/4/2025,1.01,,,,,,,,,FALSE,FALSE,FALSE,,FALSE,
Cuo3190,Automático,Doc0441,2/11,30/5/2025,1.01,,,,,,,,,FALSE,FALSE,FALSE,,FALSE,
Cuo3191,Automático,Doc0441,3/11,30/6/2025,1.01,,,,,,,,,FALSE,FALSE,FALSE,,FALSE,
Cuo3192,Automático,Doc0441,4/11,30/7/2025,1.01,,,,,,,,,FALSE,FALSE,FALSE,,FALSE,
Cuo3193,Automático,Doc0441,5/11,30/8/2025,1.01,,,,,,,,,FALSE,FALSE,FALSE,,FALSE,
Cuo3194,Directo,Doc0441,6/11,30/9/2025,1.01,,,,,,,,,FALSE,FALSE,FALSE,,FALSE,
Cuo3195,Directo,Doc0441,7/11,30/10/2025,1.01,,,,,,,,,FALSE,FALSE,FALSE,,FALSE,
Cuo3196,Automático,Doc0441,8/11,30/11/2025,1.01,,,,,,,,,FALSE,FALSE,FALSE,Pagada,FALSE,
Cuo3197,Automático,Doc0441,9/11,30/12/2025,1.01,,,,,,,,,FALSE,FALSE,FALSE,Pagada,FALSE,
Cuo3198,Automático,Doc0441,10/11,30/1/2026,1.01,,,,,,,,,FALSE,FALSE,FALSE,Pagada,FALSE,
Cuo3199,Automático,Doc0441,11/11,28/2/2026,1.08,,,,,,,,,FALSE,FALSE,FALSE,Pagada,FALSE,
Cuo3200,Automático,Doc0442,1/11,5/4/2025,0.87,,,,,,,,,FALSE,FALSE,FALSE,,FALSE,
Cuo3201,Automático,Doc0442,2/11,5/5/2025,0.87,,,,,,,,,FALSE,FALSE,FALSE,,FALSE,
Cuo3202,Automático,Doc0442,3/11,5/6/2025,0.87,,,,,,,,,FALSE,FALSE,FALSE,,FALSE,
Cuo3203,Automático,Doc0442,4/11,5/7/2025,0.87,,,,,,,,,FALSE,FALSE,FALSE,,FALSE,
Cuo3204,Automático,Doc0442,5/11,5/8/2025,0.87,,,,,,,,,FALSE,FALSE,FALSE,,FALSE,
Cuo3205,Automático,Doc0442,6/11,5/9/2025,0.87,,,,,,,,,FALSE,FALSE,FALSE,,FALSE,
Cuo3206,Directo,Doc0442,7/11,5/10/2025,0.87,,,,,,,,,FALSE,FALSE,FALSE,,FALSE,
Cuo3207,Automático,Doc0442,8/11,5/11/2025,0.87,,,,,,,,,FALSE,FALSE,FALSE,Pagada,FALSE,
Cuo3208,Automático,Doc0442,9/11,5/12/2025,0.87,,,,,,,,,FALSE,FALSE,FALSE,Pagada,FALSE,
Cuo3209,Automático,Doc0442,10/11,5/1/2026,0.87,,,,,,,,,FALSE,FALSE,FALSE,Pagada,FALSE,
Cuo3210,Automático,Doc0442,11/11,5/2/2026,0.84,,,,,,,,,FALSE,FALSE,FALSE,Pagada,FALSE,
Cuo3211,Directo,Doc0448,1/10,5/5/2025,2.63,,,7/5/2025,"$102,774.00",,,9531760,,FALSE,FALSE,TRUE,,FALSE,
Cuo3212,Directo,Doc0448,2/10,5/6/2025,2.63,,,,,,,,,FALSE,FALSE,FALSE,,FALSE,
Cuo3213,Directo,Doc0448,3/10,5/7/2025,2.63,,,,,,,,,FALSE,FALSE,TRUE,,FALSE,
Cuo3214,Directo,Doc0448,4/10,5/8/2025,2.63,,,,,,,,,FALSE,FALSE,TRUE,,FALSE,
Cuo3215,Directo,Doc0448,5/10,5/9/2025,2.63,,,,,,,,,FALSE,FALSE,FALSE,,FALSE,
Cuo3216,Directo,Doc0448,6/10,5/10/2025,2.63,,,22/9/2025,,,,,,FALSE,FALSE,FALSE,,FALSE,
Cuo3217,Directo,Doc0448,7/10,5/11/2025,2.63,,,3/11/2025,,,,,,FALSE,FALSE,TRUE,Pagada,FALSE,
Cuo3218,Directo,Doc0448,8/10,5/12/2025,2.63,,,14/11/2025,,,,,,FALSE,FALSE,FALSE,Pagada,FALSE,
Cuo3219,Directo,Doc0448,9/10,5/1/2026,2.63,,,,,,,,,FALSE,FALSE,TRUE,Pagada,FALSE,
Cuo3220,Directo,Doc0448,10/10,5/2/2026,2.63,,,2/2/2026,,,,,,FALSE,FALSE,TRUE,Pagada,FALSE,
Cuo3221,Directo,Doc0449,1/10,5/5/2025,2.17,,,7/5/2025,"$84,969.00",,,9531760,,FALSE,FALSE,TRUE,,FALSE,
Cuo3222,Directo,Doc0449,2/10,5/6/2025,2.17,,,,,,,,,FALSE,FALSE,FALSE,,FALSE,
Cuo3223,Directo,Doc0449,3/10,5/7/2025,2.17,,,,,,,,,FALSE,FALSE,TRUE,,FALSE,
Cuo3224,Directo,Doc0449,4/10,5/8/2025,2.17,,,,,,,,,FALSE,FALSE,TRUE,,FALSE,
Cuo3225,Directo,Doc0449,5/10,5/9/2025,2.17,,,,,,,,,FALSE,FALSE,FALSE,,FALSE,
Cuo3226,Directo,Doc0449,6/10,5/10/2025,2.17,,,15/10/2025,,,,,,FALSE,FALSE,FALSE,,FALSE,
Cuo3227,Directo,Doc0449,7/10,5/11/2025,2.17,,,14/11/2025,,,,,,FALSE,FALSE,TRUE,Pagada,FALSE,
Cuo3228,Directo,Doc0449,8/10,5/12/2025,2.17,,,,,,,,,FALSE,FALSE,TRUE,Pagada,FALSE,
Cuo3229,Directo,Doc0449,9/10,5/1/2026,2.17,,,6/1/2026,"$86,338.00",,,,,FALSE,FALSE,TRUE,Pagada,FALSE,
Cuo3230,Directo,Doc0449,10/10,5/2/2026,2.17,,,19/2/2026,"$86,313.00",,/Operaciones5.6/Cuotas/Pagos//Cuo3230.Pago.180548.pdf,,,FALSE,FALSE,TRUE,Pagada,FALSE,
Cuo3231,Automático,Doc0443,1/6,5/4/2025,1.79,,,,,,,,,FALSE,FALSE,FALSE,,FALSE,
Cuo3232,Automático,Doc0443,2/6,5/5/2025,1.79,,,,,,,,,FALSE,FALSE,FALSE,,FALSE,
Cuo3233,Automático,Doc0443,3/6,5/6/2025,1.79,,,,,,,,,FALSE,FALSE,FALSE,,FALSE,
Cuo3234,Automático,Doc0443,4/6,5/7/2025,1.79,,,,,,,,,FALSE,FALSE,FALSE,,FALSE,
Cuo3235,Automático,Doc0443,5/6,5/8/2025,1.79,,,,,,,,,FALSE,FALSE,FALSE,,FALSE,
Cuo3236,Automático,Doc0443,6/6,5/9/2025,1.79,,,,,,,,,FALSE,FALSE,FALSE,,FALSE,
Cuo3237,Directo,Doc0458,1/1,11/12/2023,-3.76,,,,,,,,,FALSE,FALSE,FALSE,,FALSE,
Cuo3238,,Doc0459,1/1,6/3/2024,30.23,,,,,,,,,FALSE,FALSE,FALSE,,FALSE,
Cuo3239,,Doc0460,1/1,6/3/2024,-30.23,,,,,,,,,FALSE,FALSE,FALSE,,FALSE,
Cuo3240,,Doc0462,1/1,25/1/2024,22.40,,,,,,,,,FALSE,FALSE,FALSE,,FALSE,
Cuo3241,,Doc0463,1/1,25/1/2024,-22.40,,,,,,,,,FALSE,FALSE,FALSE,,FALSE,
Cuo3242,,Doc0464,1/1,27/3/2024,-15.50,,,,,,,,,FALSE,FALSE,FALSE,,FALSE,
Cuo3243,,Doc0465,1/1,27/3/2024,-16.50,,,,,,,,,FALSE,FALSE,FALSE,,FALSE,
Cuo3244,,Doc0466,1/1,3/1/2025,-15.62,,,,,,,,,FALSE,FALSE,FALSE,,FALSE,
Cuo3245,Directo,Doc0468,1/9,15/2/2025,0.81,,,,,,,,,FALSE,FALSE,FALSE,,FALSE,
Cuo3246,Directo,Doc0468,2/9,15/3/2025,0.81,,,,,,,,,FALSE,FALSE,FALSE,,FALSE,
Cuo3247,Directo,Doc0468,3/9,15/4/2025,0.81,,,,,,,,,FALSE,FALSE,FALSE,,FALSE,
Cuo3248,Directo,Doc0468,4/9,15/5/2025,0.79,,,22/5/2025,"$30,942.00",,,522120856,,FALSE,FALSE,FALSE,,FALSE,
Cuo3249,Directo,Doc0468,5/9,15/6/2025,0.81,,,,,,,,,FALSE,FALSE,FALSE,,FALSE,
Cuo3250,Directo,Doc0468,6/9,15/7/2025,0.81,,,21/7/2025,"$30,991.00",,,,,FALSE,FALSE,TRUE,,FALSE,
Cuo3251,Directo,Doc0468,7/9,15/8/2025,0.81,,,16/8/2025,"$30,978.00",,,,,FALSE,FALSE,FALSE,,FALSE,
Cuo3252,Directo,Doc0468,8/9,15/9/2025,0.81,,,,"$31,140.00",,,,,FALSE,FALSE,FALSE,,FALSE,
Cuo3253,Directo,Doc0468,9/9,15/10/2025,0.81,,,17/10/2025,,,,,,FALSE,FALSE,FALSE,,FALSE,
Cuo3254,,Doc0469,1/1,15/4/2025,10.71,,,,,,,,,FALSE,FALSE,FALSE,,FALSE,
Cuo3255,,Doc0470,1/1,15/4/2025,-10.71,,,,,,,,,FALSE,FALSE,FALSE,,FALSE,
Cuo3256,,Doc0471,1/1,26/12/2024,13.39,,,,,,,,,FALSE,FALSE,FALSE,,FALSE,
Cuo3257,,Doc0472,1/1,26/12/2024,-13.39,,,,,,,,,FALSE,FALSE,FALSE,,FALSE,
Cuo3258,,Doc0473,1/1,21/11/2024,-1.62,,,,,,,,,FALSE,FALSE,FALSE,,FALSE,
Cuo3259,,Doc0474,1/11,25/5/2025,2.72,,,,,,,,,FALSE,FALSE,FALSE,,FALSE,
Cuo3260,,Doc0474,2/11,25/6/2025,2.71,,,,,,,,,FALSE,FALSE,FALSE,,FALSE,
Cuo3261,,Doc0474,3/11,25/7/2025,2.71,,,,,,,,,FALSE,FALSE,FALSE,,FALSE,
Cuo3262,,Doc0474,4/11,25/8/2025,2.71,,,,,,,,,FALSE,FALSE,FALSE,,FALSE,
Cuo3263,,Doc0474,5/11,25/9/2025,2.71,,,,,,,,,FALSE,FALSE,FALSE,,FALSE,
Cuo3264,,Doc0474,6/11,25/10/2025,2.71,,,,,,,,,FALSE,FALSE,FALSE,,FALSE,
Cuo3265,,Doc0474,7/11,25/11/2025,2.71,,,,,,,,,FALSE,FALSE,FALSE,,FALSE,
Cuo3266,,Doc0474,8/11,25/12/2025,2.71,,,,,,,,,FALSE,FALSE,FALSE,,FALSE,
Cuo3267,,Doc0474,9/11,25/1/2026,2.71,,,,,,,,,FALSE,FALSE,FALSE,,FALSE,
Cuo3268,,Doc0474,10/11,25/2/2026,2.71,,,,,,,,,FALSE,FALSE,FALSE,,FALSE,
Cuo3269,,Doc0474,11/11,25/3/2026,2.71,,,,,,,,,FALSE,FALSE,FALSE,,FALSE,
Cuo3270,,Doc0250,1/1,19/7/2024,-19.80,,,,,,,,,FALSE,FALSE,FALSE,,FALSE,
Cuo3271,Automático,Doc0461,1/12,5/5/2025,0.67,,,,,,,,,FALSE,FALSE,FALSE,,FALSE,
Cuo3272,Automático,Doc0461,2/12,5/6/2025,0.67,,,,,,,,,FALSE,FALSE,FALSE,,FALSE,
Cuo3273,Automático,Doc0461,3/12,5/7/2025,0.67,,,,,,,,,FALSE,FALSE,FALSE,,FALSE,
Cuo3274,Automático,Doc0461,4/12,5/8/2025,0.67,,,,,,,,,FALSE,FALSE,FALSE,,FALSE,
Cuo3275,Automático,Doc0461,5/12,5/9/2025,0.67,,,,,,,,,FALSE,FALSE,FALSE,,FALSE,
Cuo3276,Automático,Doc0461,6/12,5/10/2025,0.67,,,,,,,,,FALSE,FALSE,FALSE,,FALSE,
Cuo3277,Automático,Doc0461,7/12,5/11/2025,0.67,,,,,,,,,FALSE,FALSE,FALSE,Pagada,FALSE,
Cuo3278,Automático,Doc0461,8/12,5/12/2025,0.67,,,,,,,,,FALSE,FALSE,FALSE,Pagada,FALSE,
Cuo3279,Automático,Doc0461,9/12,5/1/2026,0.67,,,,,,,,,FALSE,FALSE,FALSE,Pagada,FALSE,
Cuo3280,Automático,Doc0461,10/12,5/2/2026,0.67,,,,,,,,,FALSE,FALSE,FALSE,Pagada,FALSE,
Cuo3281,Automático,Doc0461,11/12,5/3/2026,0.67,,,,,,,,,FALSE,FALSE,FALSE,Pagada,FALSE,
Cuo3282,Automático,Doc0461,12/12,5/4/2026,0.67,,,,,,,,,FALSE,FALSE,FALSE,Pagada,FALSE,
Cuo3283,Automático,Doc0456,1/10,5/5/2025,0.87,,,,,,,,,FALSE,FALSE,FALSE,,FALSE,
Cuo3284,Automático,Doc0456,2/10,5/6/2025,0.87,,,,,,,,,FALSE,FALSE,FALSE,,FALSE,
Cuo3285,Automático,Doc0456,3/10,5/7/2025,0.87,,,,,,,,,FALSE,FALSE,FALSE,,FALSE,
Cuo3286,Automático,Doc0456,4/10,5/8/2025,0.87,,,,,,,,,FALSE,FALSE,FALSE,,FALSE,
Cuo3287,Automático,Doc0456,5/10,5/9/2025,0.87,,,,,,,,,FALSE,FALSE,FALSE,,FALSE,
Cuo3288,Automático,Doc0456,6/10,5/10/2025,0.87,,,,,,,,,FALSE,FALSE,FALSE,Pagada,FALSE,
Cuo3289,Automático,Doc0456,7/10,5/11/2025,0.87,,,,,,,,,FALSE,FALSE,FALSE,Pagada,FALSE,
Cuo3290,Automático,Doc0456,8/10,5/12/2025,0.87,,,,,,,,,FALSE,FALSE,FALSE,Pagada,FALSE,
Cuo3291,Automático,Doc0456,9/10,5/1/2026,0.87,,,,,,,,,FALSE,FALSE,FALSE,Pagada,FALSE,
Cuo3292,Automático,Doc0456,10/10,5/2/2026,0.83,,,,,,,,,FALSE,FALSE,FALSE,Pagada,FALSE,
Cuo3293,,Doc0476,1/12,10/6/2025,1.53,,,,"$61,293.00",,,,,FALSE,FALSE,FALSE,,FALSE,
Cuo3294,,Doc0476,2/12,10/7/2025,1.56,,,,,,,,,FALSE,FALSE,FALSE,,FALSE,
Cuo3295,,Doc0476,3/12,10/8/2025,1.56,,,,,,,,,FALSE,FALSE,FALSE,,FALSE,
Cuo3296,,Doc0476,4/12,10/9/2025,1.56,,,,,,,,,FALSE,FALSE,FALSE,,FALSE,
Cuo3297,,Doc0476,5/12,10/10/2025,1.56,,,,,,,,,FALSE,FALSE,FALSE,,FALSE,
Cuo3298,,Doc0476,6/12,10/11/2025,1.56,,,,,,,,,FALSE,FALSE,FALSE,,FALSE,
Cuo3299,,Doc0476,7/12,10/12/2025,1.56,,,,,,,,,FALSE,FALSE,FALSE,,FALSE,
Cuo3300,,Doc0476,8/12,10/1/2026,1.56,,,,,,,,,FALSE,FALSE,FALSE,,FALSE,
Cuo3301,,Doc0476,9/12,10/2/2026,1.56,,,,,,,,,FALSE,FALSE,FALSE,,FALSE,
Cuo3302,,Doc0476,10/12,10/3/2026,1.56,,,,,,,,,FALSE,FALSE,FALSE,,FALSE,
Cuo3303,,Doc0476,11/12,10/4/2026,1.56,,,,,,,,,FALSE,FALSE,FALSE,,FALSE,
Cuo3304,,Doc0476,12/12,10/5/2026,1.56,,,,,,,,,FALSE,FALSE,FALSE,,FALSE,
Cuo3305,Automático,Doc0475,1/12,5/5/2025,1.86,,,,,,,,,FALSE,FALSE,FALSE,,FALSE,
Cuo3306,Automático,Doc0475,2/12,5/6/2025,1.86,,,,,,,,,FALSE,FALSE,FALSE,,FALSE,
Cuo3307,Automático,Doc0475,3/12,5/7/2025,1.86,,,,,,,,,FALSE,FALSE,FALSE,,FALSE,
Cuo3308,Automático,Doc0475,4/12,5/8/2025,1.86,,,,,,,,,FALSE,FALSE,FALSE,,FALSE,
Cuo3309,Automático,Doc0475,5/12,5/9/2025,1.86,,,,,,,,,FALSE,FALSE,FALSE,,FALSE,
Cuo3310,Automático,Doc0475,6/12,5/10/2025,1.86,,,,,,,,,FALSE,FALSE,FALSE,,FALSE,
Cuo3311,Directo,Doc0475,7/12,5/11/2025,1.86,,,,,,,,,FALSE,FALSE,FALSE,Pagada,FALSE,
Cuo3312,Automático,Doc0475,8/12,5/12/2025,1.86,,,,,,,,,FALSE,FALSE,FALSE,Pagada,FALSE,
Cuo3313,Automático,Doc0475,9/12,5/1/2026,1.86,,,,,,,,,FALSE,FALSE,FALSE,Pagada,FALSE,
Cuo3314,Automático,Doc0475,10/12,5/2/2026,1.86,,,,,,,,,FALSE,FALSE,FALSE,Pagada,FALSE,
Cuo3315,Automático,Doc0475,11/12,5/3/2026,1.86,,,,,,,,,FALSE,FALSE,FALSE,Pagada,FALSE,
Cuo3316,Automático,Doc0475,12/12,5/4/2026,1.82,,,,,,,,,FALSE,FALSE,FALSE,Pagada,FALSE,
Cuo3317,,Doc0477,1/12,10/5/2025,1.50,,,,,,,,,FALSE,FALSE,FALSE,,FALSE,
Cuo3318,,Doc0477,2/12,10/6/2025,1.50,,,,,,,,,FALSE,FALSE,FALSE,,FALSE,
Cuo3319,,Doc0477,3/12,10/7/2025,1.50,,,,,,,,,FALSE,FALSE,FALSE,,FALSE,
Cuo3320,,Doc0477,4/12,10/8/2025,1.50,,,,,,,,,FALSE,FALSE,FALSE,,FALSE,
Cuo3321,,Doc0477,5/12,10/9/2025,1.50,,,,,,,,,FALSE,FALSE,FALSE,,FALSE,
Cuo3322,,Doc0477,6/12,10/10/2025,1.50,,,,,,,,,FALSE,FALSE,FALSE,,FALSE,
Cuo3323,,Doc0477,7/12,10/11/2025,1.50,,,,,,,,,FALSE,FALSE,FALSE,,FALSE,
Cuo3324,,Doc0477,8/12,10/12/2025,1.50,,,,,,,,,FALSE,FALSE,FALSE,,FALSE,
Cuo3325,,Doc0477,9/12,10/1/2026,1.50,,,,,,,,,FALSE,FALSE,FALSE,,FALSE,
Cuo3326,,Doc0477,10/12,10/2/2026,1.50,,,,,,,,,FALSE,FALSE,FALSE,,FALSE,
Cuo3327,,Doc0477,11/12,10/3/2026,1.50,,,,,,,,,FALSE,FALSE,FALSE,,FALSE,
Cuo3328,,Doc0477,12/12,10/4/2026,1.53,,,,,,,,,FALSE,FALSE,FALSE,,FALSE,
Cuo3329,,Doc0478,1/1,25/4/2025,-28.80,,,,,,,,,FALSE,FALSE,FALSE,,FALSE,
Cuo3330,Automático,Doc0479,1/12,10/5/2025,1.37,,,,,,,,,FALSE,FALSE,FALSE,,FALSE,
Cuo3331,Automático,Doc0479,2/12,10/6/2025,1.40,,,,,,,,,FALSE,FALSE,FALSE,,FALSE,
Cuo3332,Automático,Doc0479,3/12,10/7/2025,1.40,,,,,,,,,FALSE,FALSE,FALSE,,FALSE,
Cuo3333,Automático,Doc0479,4/12,10/8/2025,1.40,,,,,,,,,FALSE,FALSE,FALSE,,FALSE,
Cuo3334,Automático,Doc0479,5/12,10/9/2025,1.40,,,,,,,,,FALSE,FALSE,FALSE,,FALSE,
Cuo3335,Directo,Doc0479,6/12,10/10/2025,1.40,,,13/10/2025,,,,,,FALSE,FALSE,FALSE,,FALSE,
Cuo3336,Directo,Doc0479,7/12,10/11/2025,1.40,,,11/11/2025,,,,,,FALSE,FALSE,FALSE,Pagada,FALSE,
Cuo3337,Directo,Doc0479,8/12,10/12/2025,1.40,,,12/12/2025,,,,,,FALSE,FALSE,FALSE,Pagada,FALSE,
Cuo3338,Automático,Doc0479,9/12,10/1/2026,1.40,,,,,,,,,FALSE,FALSE,FALSE,Pagada,FALSE,
Cuo3339,Automático,Doc0479,10/12,10/2/2026,1.40,,,,,,,,,FALSE,FALSE,FALSE,Pagada,FALSE,
Cuo3340,Automático,Doc0479,11/12,10/3/2026,1.40,,,,,,,,,FALSE,FALSE,FALSE,Pagada,FALSE,
Cuo3341,Automático,Doc0479,12/12,10/4/2026,1.40,,,,,,,,,FALSE,FALSE,FALSE,Pagada,FALSE,
Cuo3342,,Doc0480,1/1,10/5/2025,-18.03,,,,,,,,,FALSE,FALSE,FALSE,,FALSE,
Cuo3343,Directo,Doc0454,1/10,12/5/2025,16.16,,,,,,,,,FALSE,FALSE,FALSE,,FALSE,
Cuo3344,Directo,Doc0454,2/10,10/6/2025,16.16,,,,,,,,,FALSE,FALSE,FALSE,,FALSE,
Cuo3345,Directo,Doc0454,3/10,10/7/2025,16.16,,,,,,,,,FALSE,FALSE,FALSE,,FALSE,
Cuo3346,Directo,Doc0454,4/10,10/8/2025,16.16,,,,,,,,,FALSE,FALSE,TRUE,,FALSE,
Cuo3347,Directo,Doc0454,5/10,10/9/2025,16.16,,,,,,,,,FALSE,FALSE,FALSE,,FALSE,
Cuo3348,Directo,Doc0454,6/10,10/10/2025,16.16,,,,,,,,,FALSE,FALSE,FALSE,,FALSE,
Cuo3349,Directo,Doc0454,7/10,10/11/2025,16.16,,,,,,,,,FALSE,FALSE,FALSE,Pagada,FALSE,
Cuo3350,Directo,Doc0454,8/10,10/12/2025,16.16,,,,,,,,,FALSE,FALSE,FALSE,Pagada,FALSE,
Cuo3351,Directo,Doc0454,9/10,10/1/2026,16.16,,,,,,,,,FALSE,FALSE,FALSE,Pagada,FALSE,
Cuo3352,Directo,Doc0454,10/10,10/2/2026,16.25,,,9/2/2026,,,,,,FALSE,FALSE,FALSE,Pagada,FALSE,
Cuo3353,Directo,Doc0481,1/1,20/10/2022,0.31,,,18/10/2022,"$13,633.00",,,,,FALSE,FALSE,FALSE,Pagada,FALSE,
Cuo3354,Directo,Doc0482,1/1,20/10/2022,0.31,,,18/10/2022,"$13,633.00",,,,,FALSE,FALSE,FALSE,Pagada,FALSE,
Cuo3355,Directo,Doc0483,1/1,23/3/2024,-2.48,,,,,,,,,FALSE,FALSE,FALSE,,FALSE,
Cuo3356,Automático,Doc0484,1/12,5/5/2025,1.71,,,,,,,,,FALSE,FALSE,FALSE,,FALSE,
Cuo3357,Automático,Doc0484,2/12,5/6/2025,1.71,,,,,,,,,FALSE,FALSE,FALSE,,FALSE,
Cuo3358,Automático,Doc0484,3/12,5/7/2025,1.71,,,,,,,,,FALSE,FALSE,FALSE,,FALSE,
Cuo3359,Automático,Doc0484,4/12,5/8/2025,1.71,,,,,,,,,FALSE,FALSE,FALSE,,FALSE,
Cuo3360,Automático,Doc0484,5/12,5/9/2025,1.71,,,,,,,,,FALSE,FALSE,FALSE,,FALSE,
Cuo3361,Automático,Doc0484,6/12,5/10/2025,1.71,,,,,,,,,FALSE,FALSE,FALSE,,FALSE,
Cuo3362,Automático,Doc0484,7/12,5/11/2025,1.71,,,,,,,,,FALSE,FALSE,FALSE,Pagada,FALSE,
Cuo3363,Automático,Doc0484,8/12,5/12/2025,1.71,,,,,,,,,FALSE,FALSE,FALSE,Pagada,FALSE,
Cuo3364,Automático,Doc0484,9/12,5/1/2026,1.71,,,,,,,,,FALSE,FALSE,FALSE,Pagada,FALSE,
Cuo3365,Automático,Doc0484,10/12,5/2/2026,1.71,,,,,,,,,FALSE,FALSE,FALSE,Pagada,FALSE,
Cuo3366,Automático,Doc0484,11/12,5/3/2026,1.71,,,,,,,,,FALSE,FALSE,FALSE,Pagada,FALSE,
Cuo3367,Automático,Doc0484,12/12,5/4/2026,1.71,,,,,,,,,FALSE,FALSE,FALSE,Pagada,FALSE,
Cuo3368,Directo,Doc0488,1/1,22/11/2024,1.08,,,,,,,,,FALSE,FALSE,FALSE,,FALSE,
Cuo3369,Directo,Doc0489,1/12,25/2/2025,15.52,,,,"$602,386.00",,,,,FALSE,FALSE,FALSE,,FALSE,
Cuo3370,Transferencia,Doc0489,2/12,25/3/2025,15.52,,,21/4/2025,"$604,570.00",,,,,TRUE,FALSE,FALSE,,FALSE,
Cuo3371,Transferencia,Doc0489,3/12,25/4/2025,15.52,,,26/5/2025,"$607,476.00",,,,,TRUE,FALSE,FALSE,,FALSE,
Cuo3372,Directo,Doc0489,4/12,25/5/2025,15.52,,,,"$608,735.00",,,,,FALSE,FALSE,TRUE,,FALSE,
Cuo3373,Directo,Doc0489,5/12,25/6/2025,15.52,,,23/7/2025,"$612,217.00",,,,,FALSE,FALSE,FALSE,,FALSE,17794230
Cuo3374,Directo,Doc0489,6/12,25/7/2025,15.52,,,,"$613,350.00",,,,,FALSE,FALSE,TRUE,,FALSE,
Cuo3375,Transferencia,Doc0489,7/12,25/8/2025,15.52,,,24/9/2025,"$616,371.00",18021950,/Operaciones5.6/Cuotas/Cuo3375.Pago.161052.371.pdf,,,TRUE,FALSE,TRUE,,FALSE,
Cuo3376,Directo,Doc0489,8/12,25/9/2025,15.52,,,24/10/2025,"$617,483.00",,,,,FALSE,FALSE,FALSE,,FALSE,
Cuo3377,Directo,Doc0489,9/12,25/10/2025,15.52,,,24/11/2025,"$618,036.00",18247220,,,,FALSE,FALSE,FALSE,Pagada,FALSE,
Cuo3378,Directo,Doc0489,10/12,25/11/2025,15.52,,,23/12/2025,,,,,,FALSE,FALSE,TRUE,Pagada,FALSE,
Cuo3379,Directo,Doc0489,11/12,25/12/2025,15.52,,,,,,,,,FALSE,FALSE,TRUE,Pagada,FALSE,
Cuo3380,Directo,Doc0489,12/12,25/1/2026,15.52,,,24/2/2026,,,,,,FALSE,FALSE,TRUE,Pagada,FALSE,
Cuo3381,Transferencia,Doc0490,1/11,25/3/2025,1.08,,,21/4/2025,"$42,016.00",,,,,TRUE,FALSE,FALSE,,FALSE,
Cuo3382,Transferencia,Doc0490,2/11,25/4/2025,1.08,,,26/5/2025,"$42,273.00",,,,,TRUE,FALSE,FALSE,,FALSE,
Cuo3383,Directo,Doc0490,3/11,25/5/2025,1.08,,,,"$42,360.00",,,,,FALSE,FALSE,TRUE,,FALSE,
Cuo3384,Directo,Doc0490,4/11,25/6/2025,1.08,,,23/7/2025,"$42,749.00",,,,,FALSE,FALSE,FALSE,,FALSE,17794230
Cuo3385,Directo,Doc0490,5/11,25/7/2025,1.08,,,,"$42,791.00",,,,,FALSE,FALSE,TRUE,,FALSE,
Cuo3386,Directo,Doc0490,6/11,25/8/2025,1.08,,,,,,,,,FALSE,FALSE,TRUE,,FALSE,
Cuo3387,Directo,Doc0490,7/11,25/9/2025,1.08,,,24/10/2025,"$43,117.00",,,,,FALSE,FALSE,FALSE,,FALSE,
Cuo3388,Directo,Doc0490,8/11,25/10/2025,1.08,,,24/11/2025,"$43,212.00",,,,,FALSE,FALSE,FALSE,Pagada,FALSE,
Cuo3389,Directo,Doc0490,9/11,25/11/2025,1.08,,,23/12/2025,,,,,,FALSE,FALSE,TRUE,Pagada,FALSE,
Cuo3390,Directo,Doc0490,10/11,25/12/2025,1.08,,,,,,,,,FALSE,FALSE,TRUE,Pagada,FALSE,
Cuo3391,Directo,Doc0490,11/11,25/1/2026,1.08,,,24/2/2026,,,,,,FALSE,FALSE,TRUE,Pagada,FALSE,
Cuo3392,Directo,Doc0486,1/12,16/5/2025,1.15,,,,,,,,,FALSE,FALSE,FALSE,,FALSE,
Cuo3393,Directo,Doc0486,2/12,2/6/2025,1.17,,,,,,,,,FALSE,FALSE,FALSE,,FALSE,
Cuo3394,Directo,Doc0486,3/12,2/7/2025,1.17,,,,,,,,,FALSE,FALSE,FALSE,,FALSE,
Cuo3395,Directo,Doc0486,4/12,2/8/2025,1.17,,,,,,,,,FALSE,FALSE,FALSE,,FALSE,
Cuo3396,Directo,Doc0486,5/12,2/9/2025,1.17,,,,,,,,,FALSE,FALSE,FALSE,,FALSE,
Cuo3397,Directo,Doc0486,6/12,2/10/2025,1.17,,,3/10/2025,,,,,,FALSE,FALSE,FALSE,,FALSE,
Cuo3398,Directo,Doc0486,7/12,2/11/2025,1.17,,,4/11/2025,,,,,,FALSE,FALSE,FALSE,Pagada,FALSE,
Cuo3399,Directo,Doc0486,8/12,2/12/2025,1.17,,,3/12/2025,,,,,,FALSE,FALSE,FALSE,Pagada,FALSE,
Cuo3400,Automático,Doc0486,9/12,2/1/2026,1.17,,,,,,,,,FALSE,FALSE,FALSE,Pagada,FALSE,
Cuo3401,Automático,Doc0486,10/12,2/2/2026,1.17,,,,,,,,,FALSE,FALSE,FALSE,Pagada,FALSE,
Cuo3402,Automático,Doc0486,11/12,2/3/2026,1.17,,,,,,,,,FALSE,FALSE,FALSE,Pagada,FALSE,
Cuo3403,Automático,Doc0486,12/12,2/4/2026,1.17,,,,,,,,,FALSE,FALSE,FALSE,Pagada,FALSE,
Cuo3404,Directo,Doc0487,1/1,2/5/2025,-5.63,,,,,,,,,FALSE,FALSE,FALSE,,FALSE,
Cuo3405,Automático,Doc0485,1/10,5/6/2025,1.02,,,,,,,,,FALSE,FALSE,FALSE,,FALSE,
Cuo3406,Automático,Doc0485,2/10,5/7/2025,1.02,,,,,,,,,FALSE,FALSE,FALSE,,FALSE,
Cuo3407,Automático,Doc0485,3/10,5/8/2025,1.02,,,,,,,,,FALSE,FALSE,FALSE,,FALSE,
Cuo3408,Automático,Doc0485,4/10,5/9/2025,1.02,,,,,,,,,FALSE,FALSE,FALSE,,FALSE,
Cuo3409,Directo,Doc0485,5/10,5/10/2025,1.02,,,,,,,,,FALSE,FALSE,FALSE,,FALSE,
Cuo3410,Directo,Doc0485,6/10,5/11/2025,1.02,,,,,,,,,FALSE,FALSE,FALSE,Pagada,FALSE,
Cuo3411,Automático,Doc0485,7/10,5/12/2025,1.02,,,,,,,,,FALSE,FALSE,FALSE,Pagada,FALSE,
Cuo3412,Automático,Doc0485,8/10,5/1/2026,1.02,,,,,,,,,FALSE,FALSE,FALSE,Pagada,FALSE,
Cuo3413,Automático,Doc0485,9/10,5/2/2026,1.02,,,,,,,,,FALSE,FALSE,FALSE,Pagada,FALSE,
Cuo3414,Automático,Doc0485,10/10,5/3/2026,1.02,,,,,,,,,FALSE,FALSE,FALSE,Pagada,FALSE,
Cuo3415,Automático,Doc0492,1/11,5/7/2025,0.64,,,,,,,,,FALSE,FALSE,FALSE,,FALSE,
Cuo3416,Automático,Doc0492,2/11,5/8/2025,0.64,,,,,,,,,FALSE,FALSE,FALSE,,FALSE,
Cuo3417,Automático,Doc0492,3/11,5/9/2025,0.64,,,,,,,,,FALSE,FALSE,FALSE,,FALSE,
Cuo3418,Directo,Doc0492,4/11,5/10/2025,0.64,,,7/10/2025,,,,,,FALSE,FALSE,FALSE,,FALSE,
Cuo3419,Automático,Doc0492,5/11,5/11/2025,0.64,,,,,,,,,FALSE,FALSE,FALSE,Pagada,FALSE,
Cuo3420,Automático,Doc0492,6/11,5/12/2025,0.64,,,,,,,,,FALSE,FALSE,FALSE,Pagada,FALSE,
Cuo3421,Automático,Doc0492,7/11,5/1/2026,0.64,,,,,,,,,FALSE,FALSE,FALSE,Pagada,FALSE,
Cuo3422,Automático,Doc0492,8/11,5/2/2026,0.64,,,,,,,,,FALSE,FALSE,FALSE,Pagada,FALSE,
Cuo3423,Automático,Doc0492,9/11,5/3/2026,0.64,,,,,,,,,FALSE,FALSE,FALSE,Pagada,FALSE,
Cuo3424,Automático,Doc0492,10/11,5/4/2026,0.64,,,,,,,,,FALSE,FALSE,FALSE,Pagada,FALSE,
Cuo3425,Automático,Doc0492,11/11,5/5/2026,0.64,,,,,,,,,FALSE,FALSE,FALSE,Pagada,FALSE,
Cuo3426,Directo,Doc0491,1/10,25/6/2025,10.44,,,,,,,,,FALSE,FALSE,FALSE,,FALSE,
Cuo3427,Directo,Doc0491,2/10,25/7/2025,10.44,,,,,,,,,FALSE,FALSE,TRUE,,FALSE,
Cuo3428,Directo,Doc0491,3/10,25/8/2025,10.44,,,,,,,,,FALSE,FALSE,TRUE,,FALSE,
Cuo3429,Directo,Doc0491,4/10,25/9/2025,10.44,,,,,,,,,FALSE,FALSE,FALSE,,FALSE,
Cuo3430,Directo,Doc0491,5/10,25/10/2025,10.44,,,,,,,,,FALSE,FALSE,FALSE,,FALSE,
Cuo3431,Directo,Doc0491,6/10,25/11/2025,10.44,,,14/11/2025,,,,,,FALSE,FALSE,TRUE,Pagada,FALSE,
Cuo3432,Directo,Doc0491,7/10,25/12/2025,10.44,,,,,,,,,FALSE,FALSE,TRUE,Pagada,FALSE,
Cuo3433,Directo,Doc0491,8/10,25/1/2026,10.44,,,,,,,,,FALSE,FALSE,TRUE,Pagada,FALSE,
Cuo3434,Directo,Doc0491,9/10,25/2/2026,10.44,,,19/2/2026,"$414,828.00",,,,,FALSE,FALSE,TRUE,Pagada,FALSE,
Cuo3435,Directo,Doc0491,10/10,25/3/2026,10.44,,,11/3/2026,"$415,948.00",,,,,FALSE,FALSE,TRUE,Pagada,FALSE,
Cuo3436,,Doc0493,1/10,5/6/2025,4.68,,,,,,,,,FALSE,FALSE,FALSE,,FALSE,
Cuo3437,,Doc0493,2/10,5/7/2025,4.68,,,,,,,,,FALSE,FALSE,FALSE,,FALSE,
Cuo3438,,Doc0493,3/10,5/8/2025,4.68,,,,,,,,,FALSE,FALSE,FALSE,,FALSE,
Cuo3439,,Doc0493,4/10,5/9/2025,4.68,,,,,,,,,FALSE,FALSE,FALSE,,FALSE,
Cuo3440,,Doc0493,5/10,5/10/2025,4.68,,,,,,,,,FALSE,FALSE,FALSE,,FALSE,
Cuo3441,,Doc0493,6/10,5/11/2025,4.68,,,,,,,,,FALSE,FALSE,FALSE,,FALSE,
Cuo3442,,Doc0493,7/10,5/12/2025,4.68,,,,,,,,,FALSE,FALSE,FALSE,,FALSE,
Cuo3443,,Doc0493,8/10,5/1/2026,4.68,,,,,,,,,FALSE,FALSE,FALSE,,FALSE,
Cuo3444,,Doc0493,9/10,5/2/2026,4.68,,,,,,,,,FALSE,FALSE,FALSE,,FALSE,
Cuo3445,,Doc0493,10/10,5/3/2026,4.68,,,,,,,,,FALSE,FALSE,FALSE,,FALSE,
Cuo3446,,Doc0494,1/1,5/6/2025,-46.77,,,,,,,,,FALSE,FALSE,FALSE,,FALSE,
Cuo3447,,Doc0495,1/1,16/5/2025,-13.83,,,,,,,,,FALSE,FALSE,FALSE,,FALSE,
Cuo3448,,Doc0496,1/1,16/5/2025,-16.67,,,,,,,,,FALSE,FALSE,FALSE,,FALSE,
Cuo3449,,Doc0498,1/12,18/6/2025,1.24,,,,,,,,,FALSE,FALSE,TRUE,,FALSE,
Cuo3450,,Doc0498,2/12,5/7/2025,1.27,,,,,,,,,FALSE,FALSE,FALSE,,FALSE,
Cuo3451,,Doc0498,3/12,5/8/2025,1.27,,,,,,,,,FALSE,FALSE,FALSE,,FALSE,
Cuo3452,,Doc0498,4/12,5/9/2025,1.27,,,,,,,,,FALSE,FALSE,FALSE,,FALSE,
Cuo3453,,Doc0498,5/12,5/10/2025,1.27,,,,,,,,,FALSE,FALSE,FALSE,,FALSE,
Cuo3454,,Doc0498,6/12,5/11/2025,1.27,,,,,,,,,FALSE,FALSE,FALSE,,FALSE,
Cuo3455,,Doc0498,7/12,5/12/2025,1.27,,,,,,,,,FALSE,FALSE,FALSE,,FALSE,
Cuo3456,,Doc0498,8/12,5/1/2026,1.27,,,,,,,,,FALSE,FALSE,FALSE,,FALSE,
Cuo3457,,Doc0498,9/12,5/2/2026,1.27,,,,,,,,,FALSE,FALSE,FALSE,,FALSE,
Cuo3458,,Doc0498,10/12,5/3/2026,1.27,,,,,,,,,FALSE,FALSE,FALSE,,FALSE,
Cuo3459,,Doc0498,11/12,5/4/2026,1.27,,,,,,,,,FALSE,FALSE,FALSE,,FALSE,
Cuo3460,,Doc0498,12/12,5/5/2026,1.27,,,,,,,,,FALSE,FALSE,FALSE,,FALSE,
Cuo3461,Automático,Doc0499,1/12,10/6/2025,1.54,,,,,,,,,FALSE,FALSE,FALSE,,FALSE,
Cuo3462,Automático,Doc0499,2/12,10/7/2025,1.54,,,,,,,,,FALSE,FALSE,FALSE,,FALSE,
Cuo3463,Automático,Doc0499,3/12,10/8/2025,1.54,,,,,,,,,FALSE,FALSE,FALSE,,FALSE,
Cuo3464,Automático,Doc0499,4/12,10/9/2025,1.54,,,,,,,,,FALSE,FALSE,FALSE,,FALSE,
Cuo3465,Directo,Doc0499,5/12,10/10/2025,1.54,,,10/10/2025,,,,,,FALSE,FALSE,FALSE,,FALSE,
Cuo3466,Automático,Doc0499,6/12,10/11/2025,1.54,,,,,,,,,FALSE,FALSE,FALSE,Pagada,FALSE,
Cuo3467,Automático,Doc0499,7/12,10/12/2025,1.54,,,,,,,,,FALSE,FALSE,FALSE,Pagada,FALSE,
Cuo3468,Automático,Doc0499,8/12,10/1/2026,1.54,,,,,,,,,FALSE,FALSE,FALSE,Pagada,FALSE,
Cuo3469,Automático,Doc0499,9/12,10/2/2026,1.54,,,,,,,,,FALSE,FALSE,FALSE,Pagada,FALSE,
Cuo3470,Automático,Doc0499,10/12,10/3/2026,1.54,,,,,,,,,FALSE,FALSE,FALSE,Pagada,FALSE,
Cuo3471,Automático,Doc0499,11/12,10/4/2026,1.54,,,,,,,,,FALSE,FALSE,FALSE,Pagada,FALSE,
Cuo3472,Directo,Doc0499,12/12,10/5/2026,1.54,,,,,,,,,FALSE,FALSE,FALSE,Pagada,FALSE,
Cuo3473,Automático,Doc0497,1/11,2/7/2025,0.80,,,,,,,,,FALSE,FALSE,FALSE,,FALSE,
Cuo3474,Automático,Doc0497,2/11,2/8/2025,0.80,,,,,,,,,FALSE,FALSE,FALSE,,FALSE,
Cuo3475,Automático,Doc0497,3/11,2/9/2025,0.80,,,,,,,,,FALSE,FALSE,FALSE,,FALSE,
Cuo3476,Automático,Doc0497,4/11,2/10/2025,0.80,,,,,,,,,FALSE,FALSE,FALSE,,FALSE,
Cuo3477,Automático,Doc0497,5/11,2/11/2025,0.80,,,,,,,,,FALSE,FALSE,FALSE,Pagada,FALSE,
Cuo3478,Automático,Doc0497,6/11,2/12/2025,0.80,,,,,,,,,FALSE,FALSE,FALSE,Pagada,FALSE,
Cuo3479,Automático,Doc0497,7/11,2/1/2026,0.80,,,,,,,,,FALSE,FALSE,FALSE,Pagada,FALSE,
Cuo3480,Automático,Doc0497,8/11,2/2/2026,0.80,,,,,,,,,FALSE,FALSE,FALSE,Pagada,FALSE,
Cuo3481,Automático,Doc0497,9/11,2/3/2026,0.80,,,,,,,,,FALSE,FALSE,FALSE,Pagada,FALSE,
Cuo3482,Automático,Doc0497,10/11,2/4/2026,0.80,,,,,,,,,FALSE,FALSE,FALSE,Pagada,FALSE,
Cuo3483,,Doc0497,11/11,2/5/2026,0.75,,,,,,,,,FALSE,FALSE,FALSE,,FALSE,
Cuo3484,,Doc0500,1/1,25/6/2025,6.87,,,,,,,,,FALSE,FALSE,TRUE,,FALSE,
Cuo3485,Automático,Doc0501,1/12,20/6/2025,1.60,,,,,,,,,FALSE,FALSE,FALSE,Pagada,FALSE,
Cuo3486,Automático,Doc0501,2/12,20/7/2025,1.60,,,,,,,,,FALSE,FALSE,FALSE,Pagada,FALSE,
Cuo3487,Automático,Doc0501,3/12,20/8/2025,1.60,,,,,,,,,FALSE,FALSE,FALSE,Pagada,FALSE,
Cuo3488,Automático,Doc0501,4/12,20/9/2025,1.60,,,,,,,,,FALSE,FALSE,FALSE,Pagada,FALSE,
Cuo3489,Directo,Doc0501,5/12,20/10/2025,1.60,,,3/10/2025,"$63,299.00",,,,,FALSE,FALSE,FALSE,Pagada,FALSE,
Cuo3490,Automático,Doc0501,6/12,20/11/2025,1.60,,,,,,,,,FALSE,FALSE,FALSE,Pagada,FALSE,
Cuo3491,Automático,Doc0501,7/12,20/12/2025,1.60,,,,,,,,,FALSE,FALSE,TRUE,Pagada,FALSE,
Cuo3492,Automático,Doc0501,8/12,20/1/2026,1.60,,,,,,,,,FALSE,FALSE,FALSE,Pagada,FALSE,
Cuo3493,Automático,Doc0501,9/12,20/2/2026,1.60,,,,,,,,,FALSE,FALSE,TRUE,Pagada,FALSE,
Cuo3494,Automático,Doc0501,10/12,20/3/2026,1.60,,,,,,,,,FALSE,FALSE,FALSE,Pagada,FALSE,
Cuo3495,Directo,Doc0501,11/12,20/4/2026,1.60,,,,,,,,,FALSE,FALSE,FALSE,Pagada,FALSE,
Cuo3496,,Doc0501,12/12,20/5/2026,1.60,,,,,,,,,FALSE,FALSE,FALSE,Vigente,FALSE,
Cuo3497,,Doc0502,1/10,5/8/2025,5.51,,,,,,,,,FALSE,FALSE,FALSE,,FALSE,
Cuo3498,,Doc0502,2/10,5/9/2025,5.51,,,,,,,,,FALSE,FALSE,FALSE,,FALSE,
Cuo3499,,Doc0502,3/10,5/10/2025,5.51,,,,,,,,,FALSE,FALSE,FALSE,,FALSE,
Cuo3500,,Doc0502,4/10,5/11/2025,5.51,,,,,,,,,FALSE,FALSE,FALSE,,FALSE,
Cuo3501,,Doc0502,5/10,5/12/2025,5.51,,,,,,,,,FALSE,FALSE,FALSE,,FALSE,
Cuo3502,,Doc0502,6/10,5/1/2026,5.51,,,,,,,,,FALSE,FALSE,FALSE,,FALSE,
Cuo3503,,Doc0502,7/10,5/2/2026,5.51,,,,,,,,,FALSE,FALSE,FALSE,,FALSE,
Cuo3504,,Doc0502,8/10,5/3/2026,5.51,,,,,,,,,FALSE,FALSE,FALSE,,FALSE,
Cuo3505,,Doc0502,9/10,5/4/2026,5.51,,,,,,,,,FALSE,FALSE,FALSE,,FALSE,
Cuo3506,,Doc0502,10/10,5/5/2026,5.51,,,,,,,,,FALSE,FALSE,FALSE,,FALSE,
Cuo3507,Directo,Doc0503,1/10,25/7/2025,7.50,,,,,,,,,FALSE,FALSE,TRUE,,FALSE,
Cuo3508,Transferencia,Doc0503,2/10,25/8/2025,7.72,,,,,,,,,TRUE,FALSE,TRUE,,FALSE,
Cuo3509,Directo,Doc0503,3/10,25/9/2025,7.73,,,,,,,,,FALSE,FALSE,FALSE,,FALSE,
Cuo3510,Directo,Doc0503,4/10,25/10/2025,7.72,,,,,,,,,FALSE,FALSE,FALSE,,FALSE,
Cuo3511,Directo,Doc0503,5/10,25/11/2025,7.72,,,17/11/2025,,,,,,FALSE,FALSE,TRUE,Pagada,FALSE,
Cuo3512,Directo,Doc0503,6/10,25/12/2025,7.73,,,,,,,,,FALSE,FALSE,TRUE,Pagada,FALSE,
Cuo3513,Directo,Doc0503,7/10,25/1/2026,7.72,,,9/1/2026,"$307,364.00",,,,,FALSE,FALSE,TRUE,Pagada,FALSE,
Cuo3514,Directo,Doc0503,8/10,25/2/2026,7.73,,,19/2/2026,"$307,187.00",,,,,FALSE,FALSE,TRUE,Pagada,FALSE,
Cuo3515,Directo,Doc0503,9/10,25/3/2026,7.72,,,11/3/2026,"$307,578.00",,,,,FALSE,FALSE,TRUE,Pagada,FALSE,
Cuo3516,Directo,Doc0503,10/10,25/4/2026,7.73,,,,"$308,079.00",,,,,FALSE,FALSE,TRUE,Pagada,FALSE,
Cuo3517,Directo,Doc0504,1/1,18/6/2025,17404.00,,,,,,,,,FALSE,FALSE,FALSE,,FALSE,
Cuo3518,Directo,Doc0505,1/1,18/6/2025,84649.00,,,,,,,,,FALSE,FALSE,FALSE,,FALSE,
Cuo3519,Directo,Doc0506,1/1,17/6/2025,-1.75,,,,,,,,,FALSE,FALSE,FALSE,,FALSE,
Cuo3520,Automático,Doc0507,1/11,25/7/2025,3.68,,,,,,,,,FALSE,FALSE,FALSE,,FALSE,
Cuo3521,Automático,Doc0507,2/11,25/8/2025,3.68,,,,,,,,,FALSE,FALSE,FALSE,,FALSE,
Cuo3522,Automático,Doc0507,3/11,25/9/2025,3.68,,,,,,,,,FALSE,FALSE,FALSE,,FALSE,
Cuo3523,Automático,Doc0507,4/11,25/10/2025,3.68,,,,,,,,,FALSE,FALSE,FALSE,Pagada,FALSE,
Cuo3524,Automático,Doc0507,5/11,25/11/2025,3.68,,,,,,,,,FALSE,FALSE,FALSE,Pagada,FALSE,
Cuo3525,Automático,Doc0507,6/11,25/12/2025,3.68,,,,,,,,,FALSE,FALSE,FALSE,Pagada,FALSE,
Cuo3526,Automático,Doc0507,7/11,25/1/2026,3.68,,,,,,,,,FALSE,FALSE,FALSE,Pagada,FALSE,
Cuo3527,Automático,Doc0507,8/11,25/2/2026,3.68,,,,,,,,,FALSE,FALSE,FALSE,Pagada,FALSE,
Cuo3528,Automático,Doc0507,9/11,25/3/2026,3.68,,,,,,,,,FALSE,FALSE,FALSE,Pagada,FALSE,
Cuo3529,Automático,Doc0507,10/11,25/4/2026,3.68,,,,,,,,,FALSE,FALSE,FALSE,Pagada,FALSE,
Cuo3530,,Doc0507,11/11,25/5/2026,3.70,,,,,,,,,FALSE,FALSE,FALSE,,FALSE,
Cuo3531,,Doc0508,1/1,28/6/2025,-53.10,,,,,,,,,FALSE,FALSE,FALSE,,FALSE,
Cuo3532,,Doc0512,1/1,22/1/2025,-194.07,,,,,,,,,FALSE,FALSE,FALSE,,FALSE,
Cuo3533,Automático,Doc0513,1/11,5/8/2025,2.24,,,,,,,,,FALSE,FALSE,FALSE,,FALSE,
Cuo3534,,Doc0513,2/11,5/9/2025,2.24,,,,,,,,,FALSE,FALSE,FALSE,,FALSE,
Cuo3535,,Doc0513,3/11,5/10/2025,2.24,,,,,,,,,FALSE,FALSE,FALSE,,FALSE,
Cuo3536,,Doc0513,4/11,5/11/2025,2.24,,,,,,,,,FALSE,FALSE,FALSE,,FALSE,
Cuo3537,,Doc0513,5/11,5/12/2025,2.24,,,,,,,,,FALSE,FALSE,FALSE,,FALSE,
Cuo3538,,Doc0513,6/11,5/1/2026,2.24,,,,,,,,,FALSE,FALSE,FALSE,,FALSE,
Cuo3539,,Doc0513,7/11,5/2/2026,2.24,,,,,,,,,FALSE,FALSE,FALSE,,FALSE,
Cuo3540,,Doc0513,8/11,5/3/2026,2.24,,,,,,,,,FALSE,FALSE,FALSE,,FALSE,
Cuo3541,,Doc0513,9/11,5/4/2026,2.24,,,,,,,,,FALSE,FALSE,FALSE,,FALSE,
Cuo3542,,Doc0513,10/11,5/5/2026,2.24,,,,,,,,,FALSE,FALSE,FALSE,,FALSE,
Cuo3543,,Doc0513,11/11,5/6/2026,2.26,,,,,,,,,FALSE,FALSE,FALSE,,FALSE,
Cuo3544,Automático,Doc0514,1/11,11/8/2025,1.90,,,,,,,,,FALSE,FALSE,FALSE,,FALSE,
Cuo3545,Automático,Doc0514,2/11,10/9/2025,1.90,,,,,,,,,FALSE,FALSE,FALSE,,FALSE,
Cuo3546,Automático,Doc0514,3/11,10/10/2025,1.90,,,,,,,,,FALSE,FALSE,FALSE,,FALSE,
Cuo3547,Automático,Doc0514,4/11,10/11/2025,1.90,,,,,,,,,FALSE,FALSE,FALSE,Pagada,FALSE,
Cuo3548,Automático,Doc0514,5/11,10/12/2025,1.90,,,,,,,,,FALSE,FALSE,FALSE,Pagada,FALSE,
Cuo3549,Automático,Doc0514,6/11,10/1/2026,1.90,,,,,,,,,FALSE,FALSE,FALSE,Pagada,FALSE,
Cuo3550,Automático,Doc0514,7/11,10/2/2026,1.90,,,,,,,,,FALSE,FALSE,FALSE,Pagada,FALSE,
Cuo3551,Automático,Doc0514,8/11,10/3/2026,1.90,,,,,,,,,FALSE,FALSE,FALSE,Pagada,FALSE,
Cuo3552,,Doc0514,9/11,10/4/2026,1.90,,,,,,,,,FALSE,FALSE,TRUE,Pendiente,FALSE,
Cuo3553,,Doc0514,10/11,10/5/2026,1.90,,,,,,,,,FALSE,FALSE,FALSE,,FALSE,
Cuo3554,,Doc0514,11/11,10/6/2026,1.91,,,,,,,,,FALSE,FALSE,FALSE,,FALSE,
Cuo3555,Directo,Doc0515,1/1,8/5/2025,-7.50,,,,,,,,,FALSE,FALSE,FALSE,,FALSE,
Cuo3556,Directo,Doc0516,1/1,26/6/2025,10328.01,,,,,,,,,FALSE,FALSE,FALSE,,FALSE,
Cuo3557,Directo,Doc0517,1/1,26/6/2025,17584.00,,,,,,,,,FALSE,FALSE,FALSE,,FALSE,
Cuo3558,Automático,Doc0510,1/10,25/7/2025,1.45,,,,,,,,,FALSE,FALSE,FALSE,,FALSE,
Cuo3559,Automático,Doc0510,2/10,25/8/2025,1.45,,,,,,,,,FALSE,FALSE,FALSE,,FALSE,
Cuo3560,Automático,Doc0510,3/10,25/9/2025,1.45,,,,,,,,,FALSE,FALSE,FALSE,,FALSE,
Cuo3561,Automático,Doc0510,4/10,25/10/2025,1.45,,,,,,,,,FALSE,FALSE,FALSE,Pagada,FALSE,
Cuo3562,Directo,Doc0510,5/10,25/11/2025,1.45,,,,,,,,,FALSE,FALSE,FALSE,Pagada,FALSE,
Cuo3563,Automático,Doc0510,6/10,25/12/2025,1.45,,,,,,,,,FALSE,FALSE,FALSE,Pagada,FALSE,
Cuo3564,Automático,Doc0510,7/10,25/1/2026,1.45,,,,,,,,,FALSE,FALSE,FALSE,Pagada,FALSE,
Cuo3565,Automático,Doc0510,8/10,25/2/2026,1.45,,,,,,,,,FALSE,FALSE,FALSE,Pagada,FALSE,
Cuo3566,Automático,Doc0510,9/10,25/3/2026,1.45,,,,,,,,,FALSE,FALSE,FALSE,Pagada,FALSE,
Cuo3567,Automático,Doc0510,10/10,25/4/2026,1.45,,,,,,,,,FALSE,FALSE,FALSE,Pagada,FALSE,
Cuo3568,Automático,Doc0509,1/10,25/7/2025,9.07,,,,,,,,,FALSE,FALSE,FALSE,,FALSE,
Cuo3569,Automático,Doc0509,2/10,25/8/2025,9.07,,,,,,,,,FALSE,FALSE,FALSE,,FALSE,
Cuo3570,Automático,Doc0509,3/10,25/9/2025,9.07,,,,,,,,,FALSE,FALSE,FALSE,,FALSE,
Cuo3571,Automático,Doc0509,4/10,25/10/2025,9.07,,,,,,,,,FALSE,FALSE,FALSE,Pagada,FALSE,
Cuo3572,Directo,Doc0509,5/10,25/11/2025,9.07,,,,,,,,,FALSE,FALSE,FALSE,Pagada,FALSE,
Cuo3573,Automático,Doc0509,6/10,25/12/2025,9.07,,,,,,,,,FALSE,FALSE,FALSE,Pagada,FALSE,
Cuo3574,Automático,Doc0509,7/10,25/1/2026,9.07,,,,,,,,,FALSE,FALSE,FALSE,Pagada,FALSE,
Cuo3575,Automático,Doc0509,8/10,25/2/2026,9.07,,,,,,,,,FALSE,FALSE,FALSE,Pagada,FALSE,
Cuo3576,Automático,Doc0509,9/10,25/3/2026,9.07,,,,,,,,,FALSE,FALSE,FALSE,Pagada,FALSE,
Cuo3577,Automático,Doc0509,10/10,25/4/2026,9.00,,,,,,,,,FALSE,FALSE,FALSE,Pagada,FALSE,
Cuo3578,,Doc0519,1/1,25/5/2025,-14.08,,,,,,,,,FALSE,FALSE,FALSE,,FALSE,
Cuo3579,Directo,Doc0518,1/10,5/8/2025,1.00,,,,,,,,,FALSE,FALSE,TRUE,,FALSE,
Cuo3580,Directo,Doc0518,2/10,5/9/2025,1.12,,,10/9/2025,"$40,070.00",,,,,FALSE,FALSE,FALSE,,FALSE,
Cuo3581,Directo,Doc0518,3/10,5/10/2025,1.12,,,15/10/2025,"$44,108.00",,,,,FALSE,FALSE,FALSE,,FALSE,
Cuo3582,Directo,Doc0518,4/10,5/11/2025,1.12,,,14/11/2025,"$44,246.00",,,,,FALSE,FALSE,TRUE,Pagada,FALSE,
Cuo3583,Directo,Doc0518,5/10,5/12/2025,1.12,,,,,,,,,FALSE,FALSE,TRUE,Pagada,FALSE,
Cuo3584,Directo,Doc0518,6/10,5/1/2026,1.12,,,6/1/2026,"$44,366.00",,,,,FALSE,FALSE,TRUE,Pagada,FALSE,
Cuo3585,Directo,Doc0518,7/10,5/2/2026,1.12,,,19/2/2026,"$44,353.00",,/Operaciones5.6/Cuotas/Pagos//Cuo3585.Pago.175237.pdf,,,FALSE,FALSE,TRUE,Pagada,FALSE,
Cuo3586,Directo,Doc0518,8/10,5/3/2026,1.12,,,11/3/2026,"$44,467.00",,,,,FALSE,FALSE,TRUE,Pagada,FALSE,
Cuo3587,Directo,Doc0518,9/10,5/4/2026,1.12,,,,"$44,482.00",,,,,FALSE,FALSE,TRUE,Pagada,FALSE,
Cuo3588,Directo,Doc0518,10/10,5/5/2026,1.12,,,11/5/2026,"$44,953.00",,,/Gestión/Pólizas/Documentos/Cuotas/Cuo3588.Recibo.163123.pdf,,FALSE,FALSE,TRUE,Pagada,FALSE,
Cuo3589,,Doc0521,1/1,24/6/2025,-9.70,,,,,,,,,FALSE,FALSE,FALSE,,FALSE,
Cuo3590,Transferencia,Doc0522,1/1,4/8/2025,16.86,,,,,,,,,TRUE,FALSE,FALSE,,FALSE,Comprobante CL_2025_311682
Cuo3591,Automático,Doc0511,1/10,25/7/2025,48.11,,,,,,,,,FALSE,FALSE,FALSE,,FALSE,
Cuo3592,Automático,Doc0511,2/10,25/8/2025,48.11,,,,,,,,,FALSE,FALSE,FALSE,,FALSE,
Cuo3593,Automático,Doc0511,3/10,25/9/2025,48.11,,,,,,,,,FALSE,FALSE,FALSE,,FALSE,
Cuo3594,Automático,Doc0511,4/10,25/10/2025,48.11,,,,,,,,,FALSE,FALSE,FALSE,Pagada,FALSE,
Cuo3595,Directo,Doc0511,5/10,25/11/2025,48.11,,,,,,,,,FALSE,FALSE,FALSE,Pagada,FALSE,
Cuo3596,Automático,Doc0511,6/10,25/12/2025,48.11,,,,,,,,,FALSE,FALSE,FALSE,Pagada,FALSE,
Cuo3597,Automático,Doc0511,7/10,25/1/2026,48.11,,,,,,,,,FALSE,FALSE,FALSE,Pagada,FALSE,
Cuo3598,Automático,Doc0511,8/10,25/2/2026,48.11,,,,,,,,,FALSE,FALSE,FALSE,Pagada,FALSE,
Cuo3599,Automático,Doc0511,9/10,25/3/2026,48.11,,,,,,,,,FALSE,FALSE,FALSE,Pagada,FALSE,
Cuo3600,Automático,Doc0511,10/10,25/4/2026,48.17,,,,,,,,,FALSE,FALSE,FALSE,Pagada,FALSE,
Cuo3601,Directo,Doc0520,1/12,20/7/2025,2.75,,,,,,,,,FALSE,FALSE,FALSE,,FALSE,
Cuo3602,Directo,Doc0520,2/12,5/9/2025,2.75,,,,,,,,,FALSE,FALSE,FALSE,,FALSE,
Cuo3603,Directo,Doc0520,3/12,5/10/2025,2.75,,,,,,,,,FALSE,FALSE,FALSE,,FALSE,
Cuo3604,Gratis,Doc0520,4/12,5/11/2025,2.75,,,,,,,,,FALSE,FALSE,FALSE,Pagada,FALSE,
Cuo3605,Directo,Doc0520,5/12,5/12/2025,2.75,,,11/11/2025,,,,,,FALSE,FALSE,FALSE,Pagada,FALSE,
Cuo3606,Automático,Doc0520,6/12,5/1/2026,2.75,,,,,,,,,FALSE,FALSE,FALSE,Pagada,FALSE,
Cuo3607,Gratis,Doc0520,7/12,5/2/2026,2.75,,,,,,,,,FALSE,FALSE,FALSE,Pagada,FALSE,
Cuo3608,Automático,Doc0520,8/12,5/3/2026,2.75,,,,,,,,,FALSE,FALSE,FALSE,Pagada,FALSE,
Cuo3609,Automático,Doc0520,9/12,5/4/2026,2.75,,,,,,,,,FALSE,FALSE,TRUE,Pagada,FALSE,
Cuo3610,,Doc0520,10/12,5/5/2026,2.75,,,,,,,,,FALSE,FALSE,FALSE,,FALSE,
Cuo3611,,Doc0520,11/12,5/6/2026,2.75,,,,,,,,,FALSE,FALSE,FALSE,,FALSE,
Cuo3612,,Doc0520,12/12,5/7/2026,2.77,,,,,,,,,FALSE,FALSE,FALSE,,FALSE,
Cuo3613,,Doc0524,1/1,7/7/2025,-16.64,,,,,,,,,FALSE,FALSE,FALSE,,FALSE,
Cuo3614,,Doc0523,1/12,23/7/2025,1.27,,,,,,,,,FALSE,FALSE,FALSE,,FALSE,
Cuo3615,,Doc0523,2/12,2/9/2025,1.29,,,,,,,,,FALSE,FALSE,FALSE,,FALSE,
Cuo3616,,Doc0523,3/12,2/10/2025,1.29,,,,,,,,,FALSE,FALSE,FALSE,,FALSE,
Cuo3617,,Doc0523,4/12,2/11/2025,1.29,,,,,,,,,FALSE,FALSE,FALSE,,FALSE,
Cuo3618,,Doc0523,5/12,2/12/2025,1.29,,,,,,,,,FALSE,FALSE,FALSE,,FALSE,
Cuo3619,,Doc0523,6/12,2/1/2026,1.29,,,,,,,,,FALSE,FALSE,FALSE,,FALSE,
Cuo3620,,Doc0523,7/12,2/2/2026,1.29,,,,,,,,,FALSE,FALSE,FALSE,,FALSE,
Cuo3621,,Doc0523,8/12,2/3/2026,1.29,,,,,,,,,FALSE,FALSE,FALSE,,FALSE,
Cuo3622,,Doc0523,9/12,2/4/2026,1.29,,,,,,,,,FALSE,FALSE,FALSE,,FALSE,
Cuo3623,,Doc0523,10/12,2/5/2026,1.29,,,,,,,,,FALSE,FALSE,FALSE,,FALSE,
Cuo3624,,Doc0523,11/12,2/6/2026,1.29,,,,,,,,,FALSE,FALSE,FALSE,,FALSE,
Cuo3625,,Doc0523,12/12,2/7/2026,1.29,,,,,,,,,FALSE,FALSE,FALSE,,FALSE,
Cuo3626,Automático,Doc0525,1/12,10/8/2025,1.23,,,,,,,,,FALSE,FALSE,FALSE,,FALSE,
Cuo3627,Automático,Doc0525,2/12,10/9/2025,1.23,,,,,,,,,FALSE,FALSE,FALSE,,FALSE,
Cuo3628,Directo,Doc0525,3/12,10/10/2025,1.23,,,,,,,,,FALSE,FALSE,FALSE,,FALSE,
Cuo3629,Automático,Doc0525,4/12,10/11/2025,1.23,,,,,,,,,FALSE,FALSE,FALSE,Pagada,FALSE,
Cuo3630,Automático,Doc0525,5/12,10/12/2025,1.23,,,,,,,,,FALSE,FALSE,FALSE,Pagada,FALSE,
Cuo3631,Automático,Doc0525,6/12,10/1/2026,1.23,,,,,,,,,FALSE,FALSE,FALSE,Pagada,FALSE,
Cuo3632,Automático,Doc0525,7/12,10/2/2026,1.23,,,,,,,,,FALSE,FALSE,FALSE,Pagada,FALSE,
Cuo3633,Automático,Doc0525,8/12,10/3/2026,1.23,,,,,,,,,FALSE,FALSE,FALSE,Pagada,FALSE,
Cuo3634,Automático,Doc0525,9/12,10/4/2026,1.23,,,,,,,,,FALSE,FALSE,FALSE,Pagada,FALSE,
Cuo3635,Directo,Doc0525,10/12,10/5/2026,1.23,,,,,,,,,FALSE,FALSE,FALSE,Pagada,FALSE,
Cuo3636,,Doc0525,11/12,10/6/2026,1.23,,,,,,,,,FALSE,FALSE,FALSE,,FALSE,
Cuo3637,,Doc0525,12/12,10/7/2026,1.23,,,,,,,,,FALSE,FALSE,FALSE,,FALSE,
Cuo3638,,Doc0526,1/11,15/8/2025,1.19,,,,,,,,,FALSE,FALSE,FALSE,,FALSE,
Cuo3639,,Doc0526,2/11,15/9/2025,1.19,,,,,,,,,FALSE,FALSE,FALSE,,FALSE,
Cuo3640,,Doc0526,3/11,15/10/2025,1.19,,,,,,,,,FALSE,FALSE,FALSE,,FALSE,
Cuo3641,,Doc0526,4/11,15/11/2025,1.19,,,,,,,,,FALSE,FALSE,FALSE,,FALSE,
Cuo3642,,Doc0526,5/11,15/12/2025,1.19,,,,,,,,,FALSE,FALSE,FALSE,,FALSE,
Cuo3643,,Doc0526,6/11,15/1/2026,1.19,,,,,,,,,FALSE,FALSE,FALSE,,FALSE,
Cuo3644,,Doc0526,7/11,15/2/2026,1.19,,,,,,,,,FALSE,FALSE,FALSE,,FALSE,
Cuo3645,,Doc0526,8/11,15/3/2026,1.19,,,,,,,,,FALSE,FALSE,FALSE,,FALSE,
Cuo3646,,Doc0526,9/11,15/4/2026,1.19,,,,,,,,,FALSE,FALSE,FALSE,,FALSE,
Cuo3647,,Doc0526,10/11,15/5/2026,1.19,,,,,,,,,FALSE,FALSE,FALSE,,FALSE,
Cuo3648,,Doc0526,11/11,15/6/2026,1.23,,,,,,,,,FALSE,FALSE,FALSE,,FALSE,
Cuo3649,Automático,Doc0527,1/11,15/8/2025,1.69,,,,,,,,,FALSE,FALSE,FALSE,,FALSE,
Cuo3650,Automático,Doc0527,2/11,15/9/2025,1.69,,,,,,,,,FALSE,FALSE,FALSE,,FALSE,
Cuo3651,Automático,Doc0527,3/11,15/10/2025,1.69,,,,,,,,,FALSE,FALSE,FALSE,,FALSE,
Cuo3652,Automático,Doc0527,4/11,15/11/2025,1.69,,,,,,,,,FALSE,FALSE,FALSE,Pagada,FALSE,
Cuo3653,Automático,Doc0527,5/11,15/12/2025,1.69,,,,,,,,,FALSE,FALSE,FALSE,Pagada,FALSE,
Cuo3654,Automático,Doc0527,6/11,15/1/2026,1.69,,,,,,,,,FALSE,FALSE,FALSE,Pagada,FALSE,
Cuo3655,Automático,Doc0527,7/11,15/2/2026,1.69,,,,,,,,,FALSE,FALSE,FALSE,Pagada,FALSE,
Cuo3656,,Doc0527,8/11,15/3/2026,1.69,,,,,,,,,FALSE,FALSE,FALSE,,FALSE,
Cuo3657,,Doc0527,9/11,15/4/2026,1.69,,,,,,,,,FALSE,FALSE,FALSE,,FALSE,
Cuo3658,,Doc0527,10/11,15/5/2026,1.69,,,,,,,,,FALSE,FALSE,FALSE,,FALSE,
Cuo3659,,Doc0527,11/11,15/6/2026,1.65,,,,,,,,,FALSE,FALSE,FALSE,,FALSE,
Cuo3660,Automático,Doc0528,1/11,15/8/2025,2.09,,,,,,,,,FALSE,FALSE,FALSE,,FALSE,
Cuo3661,Automático,Doc0528,2/11,15/9/2025,2.09,,,,,,,,,FALSE,FALSE,FALSE,,FALSE,
Cuo3662,Automático,Doc0528,3/11,15/10/2025,2.09,,,,,,,,,FALSE,FALSE,FALSE,,FALSE,
Cuo3663,Automático,Doc0528,4/11,15/11/2025,2.09,,,,,,,,,FALSE,FALSE,FALSE,Pagada,FALSE,
Cuo3664,Automático,Doc0528,5/11,15/12/2025,2.09,,,,,,,,,FALSE,FALSE,FALSE,Pagada,FALSE,
Cuo3665,Automático,Doc0528,6/11,15/1/2026,2.09,,,,,,,,,FALSE,FALSE,FALSE,Pagada,FALSE,
Cuo3666,Automático,Doc0528,7/11,15/2/2026,2.09,,,,,,,,,FALSE,FALSE,FALSE,Pagada,FALSE,
Cuo3667,Automático,Doc0528,8/11,15/3/2026,2.09,,,,,,,,,FALSE,FALSE,FALSE,Pagada,FALSE,
Cuo3668,Automático,Doc0528,9/11,15/4/2026,2.09,,,,,,,,,FALSE,FALSE,FALSE,Pagada,FALSE,
Cuo3669,,Doc0528,10/11,15/5/2026,2.09,,,,,,,,,FALSE,FALSE,FALSE,,FALSE,
Cuo3670,,Doc0528,11/11,15/6/2026,2.08,,,,,,,,,FALSE,FALSE,FALSE,,FALSE,
Cuo3671,,Doc0529,1/1,25/7/2025,-2.26,,,,,,,,,FALSE,FALSE,FALSE,,FALSE,
Cuo3672,,Doc0532,1/1,25/7/2025,-5.94,,,,,,,,,FALSE,FALSE,FALSE,,FALSE,
Cuo3673,Directo,Doc0531,1/1,28/7/2025,-22.36,,,,,,,,,FALSE,FALSE,FALSE,,FALSE,
Cuo3674,Directo,Doc0533,1/1,29/7/2025,-0.07,,,,,,,,,FALSE,FALSE,FALSE,,FALSE,
Cuo3675,,Doc0534,1/1,31/7/2025,-13.13,,,,,,,,,FALSE,FALSE,FALSE,,FALSE,
Cuo3676,Directo,Doc0530,1/10,15/9/2025,10.19,,,,,,,,,FALSE,FALSE,FALSE,,FALSE,Item 4 no incluido en la cuota vía web. se pagó aparte el 27/10
Cuo3677,Directo,Doc0530,2/10,15/10/2025,10.19,,,,,,,,,FALSE,FALSE,FALSE,,FALSE,Item 4 no incluido en la cuota vía web. se pagó aparte el 27/10
Cuo3678,Directo,Doc0530,3/10,15/11/2025,10.19,,,,,,,,,FALSE,FALSE,FALSE,Pagada,FALSE,
Cuo3679,Directo,Doc0530,4/10,15/12/2025,10.19,,,,,,,,,FALSE,FALSE,FALSE,Pagada,FALSE,
Cuo3680,Directo,Doc0530,5/10,15/1/2026,10.19,,,,,,,,,FALSE,FALSE,FALSE,Pagada,FALSE,
Cuo3681,Directo,Doc0530,6/10,15/2/2026,10.19,,,,,,,,,FALSE,FALSE,FALSE,Pagada,FALSE,
Cuo3682,Directo,Doc0530,7/10,15/3/2026,10.19,,,,,,,,,FALSE,FALSE,FALSE,Pagada,FALSE,
Cuo3683,Directo,Doc0530,8/10,15/4/2026,10.19,,,,,,,,,FALSE,FALSE,FALSE,Pagada,FALSE,
Cuo3684,Directo,Doc0530,9/10,15/5/2026,10.19,,,,,,,,,FALSE,FALSE,FALSE,Pagada,FALSE,
Cuo3685,,Doc0530,10/10,15/6/2026,10.19,,,,,,,,,FALSE,FALSE,FALSE,,FALSE,
Cuo3686,Directo,Doc0535,1/11,30/9/2025,1.47,,,,,,,,,FALSE,FALSE,FALSE,,FALSE,
Cuo3687,Automático,Doc0535,2/11,30/10/2025,2.47,,,,,,,,,FALSE,FALSE,FALSE,,FALSE,
Cuo3688,Directo,Doc0535,3/11,30/11/2025,3.47,,,,,,,,,FALSE,FALSE,FALSE,Pagada,FALSE,
Cuo3689,Automático,Doc0535,4/11,30/12/2025,4.47,,,,,,,,,FALSE,FALSE,FALSE,Pagada,FALSE,
Cuo3690,Automático,Doc0535,5/11,30/1/2025,5.47,,,,,,,,,FALSE,FALSE,FALSE,,FALSE,
Cuo3691,Automático,Doc0535,6/11,28/2/2026,6.47,,,,,,,,,FALSE,FALSE,FALSE,Pagada,FALSE,
Cuo3692,Automático,Doc0535,7/11,30/3/2026,7.47,,,,,,,,,FALSE,FALSE,FALSE,Pagada,FALSE,
Cuo3693,,Doc0535,8/11,30/4/2026,8.47,,,,,,,,,FALSE,FALSE,FALSE,,FALSE,
Cuo3694,,Doc0535,9/11,30/5/2026,9.47,,,,,,,,,FALSE,FALSE,FALSE,,FALSE,
Cuo3695,,Doc0535,10/11,30/6/2026,10.47,,,,,,,,,FALSE,FALSE,FALSE,,FALSE,
Cuo3696,,Doc0535,11/11,30/7/2026,11.49,,,,,,,,,FALSE,FALSE,FALSE,,FALSE,
Cuo3697,Automático,Doc0536,1/12,2/9/2025,1.80,,,,,,,,,FALSE,FALSE,FALSE,,FALSE,
Cuo3698,Directo,Doc0536,2/12,2/10/2025,1.80,,,2/10/2025,,,,,,FALSE,FALSE,FALSE,,FALSE,
Cuo3699,Automático,Doc0536,3/12,2/11/2025,1.80,,,,,,,,,FALSE,FALSE,FALSE,Pagada,FALSE,
Cuo3700,,Doc0536,4/12,2/12/2025,1.80,,,,,,,,,FALSE,FALSE,FALSE,,FALSE,
Cuo3701,,Doc0536,5/12,2/1/2026,1.80,,,,,,,,,FALSE,FALSE,FALSE,,FALSE,
Cuo3702,,Doc0536,6/12,2/2/2026,1.80,,,,,,,,,FALSE,FALSE,FALSE,,FALSE,
Cuo3703,,Doc0536,7/12,2/3/2026,1.80,,,,,,,,,FALSE,FALSE,FALSE,,FALSE,
Cuo3704,,Doc0536,8/12,2/4/2026,1.80,,,,,,,,,FALSE,FALSE,FALSE,,FALSE,
Cuo3705,,Doc0536,9/12,2/5/2026,1.80,,,,,,,,,FALSE,FALSE,FALSE,,FALSE,
Cuo3706,,Doc0536,10/12,2/6/2026,1.80,,,,,,,,,FALSE,FALSE,FALSE,,FALSE,
Cuo3707,,Doc0536,11/12,2/7/2026,1.80,,,,,,,,,FALSE,FALSE,FALSE,,FALSE,
Cuo3708,,Doc0536,12/12,2/8/2026,1.80,,,,,,,,,FALSE,FALSE,FALSE,,FALSE,
Cuo3709,Directo,Doc0537,1/1,25/8/2025,-6.74,,,,,,,,,FALSE,FALSE,FALSE,,FALSE,
Cuo3710,Directo,Doc0538,1/1,25/8/2025,-6.72,,,,,,,,,FALSE,FALSE,FALSE,,FALSE,
Cuo3711,,Doc0539,1/1,25/8/2025,-15.21,,,,,,,,,FALSE,FALSE,FALSE,,FALSE,
9cf84079,Directo,8d83795e,1/11,18/10/2025,3.07,,,18/10/2025,,,,,,FALSE,FALSE,FALSE,Pagada,FALSE,
c84584b2,Directo,8d83795e,2/11,15/11/2025,3.07,,,18/11/2025,,,,,,FALSE,FALSE,FALSE,Pagada,FALSE,
0e6b5690,,8d83795e,3/11,15/12/2025,3.07,,,,,,,,,FALSE,FALSE,FALSE,,FALSE,
f925e1c8,,8d83795e,4/11,15/1/2026,3.07,,,,,,,,,FALSE,FALSE,FALSE,,FALSE,
213d843f,,8d83795e,5/11,15/2/2026,3.07,,,,,,,,,FALSE,FALSE,FALSE,,FALSE,
4b7563b5,,8d83795e,6/11,15/3/2026,3.07,,,,,,,,,FALSE,FALSE,FALSE,,FALSE,
2b23df75,,8d83795e,7/11,15/4/2026,3.07,,,,,,,,,FALSE,FALSE,FALSE,,FALSE,
ac78d13a,,8d83795e,8/11,15/5/2026,3.07,,,,,,,,,FALSE,FALSE,FALSE,,FALSE,
2e44e7fb,,8d83795e,9/11,15/6/2026,3.07,,,,,,,,,FALSE,FALSE,FALSE,,FALSE,
19d08fbd,,8d83795e,10/11,15/7/2026,3.07,,,,,,,,,FALSE,FALSE,FALSE,,FALSE,
a320e515,,8d83795e,11/11,15/8/2026,3.07,,,,,,,,,FALSE,FALSE,FALSE,,FALSE,
6f7d0a78,Directo,Doc0540,1/12,25/9/2025,0.56,,,,,,,,,FALSE,FALSE,FALSE,Pagada,FALSE,
5ed32c17,Directo,Doc0540,2/12,18/10/2025,0.57,,,,,,,,,FALSE,FALSE,FALSE,Pagada,FALSE,
Cuo3712,Directo,Doc0540,3/12,18/11/2025,0.57,,,11/11/2025,,,,,,FALSE,FALSE,FALSE,Pagada,FALSE,
Cuo3713,Directo,Doc0540,4/12,18/12/2025,0.57,,,21/12/2025,,,,,,FALSE,FALSE,FALSE,Pagada,FALSE,
Cuo3714,Directo,Doc0540,5/12,18/1/2026,0.57,,,19/1/2026,,,,,,FALSE,FALSE,FALSE,Pagada,FALSE,
Cuo3715,Directo,Doc0540,6/12,18/2/2026,0.57,,,,,,,,,FALSE,FALSE,FALSE,Pagada,FALSE,
Cuo3716,Directo,Doc0540,7/12,18/3/2026,0.57,,,,,,,,,FALSE,FALSE,FALSE,Pagada,FALSE,
Cuo3717,Directo,Doc0540,8/12,18/4/2026,0.57,,,,,,,,,FALSE,FALSE,FALSE,Pagada,FALSE,
Cuo3718,,Doc0540,9/12,18/5/2026,0.57,,,,,,,,,FALSE,FALSE,FALSE,Vigente,FALSE,
Cuo3719,,Doc0540,10/12,18/6/2026,0.57,,,,,,,,,FALSE,FALSE,FALSE,Vigente,FALSE,
Cuo3720,,Doc0540,11/12,18/7/2026,0.57,,,,,,,,,FALSE,FALSE,FALSE,Vigente,FALSE,
Cuo3721,,Doc0540,12/12,18/8/2026,0.57,,,,,,,,,FALSE,FALSE,FALSE,Vigente,FALSE,
Cuo3723,Directo,e0aa559d,1/1,25/10/2025,4.08,,,,,,,,,FALSE,FALSE,TRUE,,FALSE,
Cuo3724,Automático,497e0c55,1/1,8/10/2025,-1.94,,,,,,,,,FALSE,FALSE,FALSE,,FALSE,
Cuo3725,Automático,e1f06246,1/12,28/10/2025,1.28,,,,,,,,,FALSE,FALSE,TRUE,Pagada,FALSE,
Cuo3726,Directo,e1f06246,2/12,2/12/2025,1.31,,,3/12/2025,,,,,,FALSE,FALSE,FALSE,Pagada,FALSE,
Cuo3727,Automático,e1f06246,3/12,2/1/2026,1.31,,,,,,,,,FALSE,FALSE,FALSE,Pagada,FALSE,
Cuo3728,Automático,e1f06246,4/12,2/2/2026,1.31,,,,,,,,,FALSE,FALSE,FALSE,Pagada,FALSE,
Cuo3729,Automático,e1f06246,5/12,2/3/2026,1.31,,,,,,,,,FALSE,FALSE,FALSE,Pagada,FALSE,
Cuo3730,Automático,e1f06246,6/12,2/4/2026,1.31,,,,,,,,,FALSE,FALSE,FALSE,Pagada,FALSE,
Cuo3731,Directo,e1f06246,7/12,2/5/2026,1.31,,,,,,,,,FALSE,FALSE,FALSE,Pagada,FALSE,
Cuo3732,,e1f06246,8/12,2/6/2026,1.31,,,,,,,,,FALSE,FALSE,FALSE,Vigente,FALSE,
Cuo3733,,e1f06246,9/12,2/7/2026,1.31,,,,,,,,,FALSE,FALSE,FALSE,Vigente,FALSE,
Cuo3734,,e1f06246,10/12,2/8/2026,1.31,,,,,,,,,FALSE,FALSE,FALSE,Vigente,FALSE,
Cuo3735,,e1f06246,11/12,2/9/2026,1.31,,,,,,,,,FALSE,FALSE,FALSE,Vigente,FALSE,
Cuo3736,,e1f06246,12/12,2/10/2026,1.31,,,,,,,,,FALSE,FALSE,FALSE,Vigente,FALSE,
10a244f8,,0b926cad,1/1,25/10/2025,-33.39,,,,,,,,,FALSE,FALSE,FALSE,,FALSE,
f3512ffa,Directo,6d2be205,1/5,25/11/2025,1.57,,,14/11/2025,,,,,,FALSE,FALSE,TRUE,Pagada,FALSE,
90483f2b,Directo,6d2be205,2/5,25/12/2025,1.57,,,,,,,,,FALSE,FALSE,TRUE,Pagada,FALSE,
46c6e589,Directo,6d2be205,3/5,25/1/2026,1.57,,,,,,,,,FALSE,FALSE,TRUE,Pagada,FALSE,
17b0be2a,Directo,6d2be205,4/5,25/2/2026,1.57,,,19/2/2026,"$62,445.00",,,,,FALSE,FALSE,TRUE,Pagada,FALSE,
f008059e,Directo,6d2be205,5/5,25/3/2026,1.55,,,11/3/2026,"$61,755.00",,,,,FALSE,FALSE,TRUE,Pagada,FALSE,
ac6cb487,Directo,85e4e92b,1/10,25/1/2026,0.63,,,28/1/2026,"$25,050.00",,,,,FALSE,FALSE,TRUE,Pagada,FALSE,
80fdf0ff,Directo,85e4e92b,2/10,25/2/2026,0.63,,,19/2/2026,"$25,067.00",,/Operaciones5.6/Cuotas/Pagos//80fdf0ff.Pago.190130.pdf,,,FALSE,FALSE,TRUE,Pagada,FALSE,
888b6444,Directo,85e4e92b,3/10,25/3/2026,0.63,,,19/3/2026,"$25,131.00",,/Operaciones5.6/Cuotas/Pagos//888b6444.Pago.173903.pdf,,,FALSE,FALSE,TRUE,Pagada,FALSE,
af0b6fab,Directo,85e4e92b,4/10,25/4/2026,0.63,,,24/4/2026,"$25,256.00",,,,,FALSE,FALSE,FALSE,Pagada,FALSE,
2d67da8f,,85e4e92b,5/10,25/5/2026,0.63,,,,,,,,,FALSE,FALSE,FALSE,Vigente,FALSE,
3ab9d761,,85e4e92b,6/10,25/6/2026,0.63,,,,,,,,,FALSE,FALSE,FALSE,Vigente,FALSE,
9de5b78d,,85e4e92b,7/10,25/7/2026,0.63,,,,,,,,,FALSE,FALSE,FALSE,Vigente,FALSE,
eda5e679,,85e4e92b,8/10,25/8/2026,0.63,,,,,,,,,FALSE,FALSE,FALSE,Vigente,FALSE,
dd1fa609,,85e4e92b,9/10,25/9/2026,0.63,,,,,,,,,FALSE,FALSE,FALSE,Vigente,FALSE,
e010b4df,,85e4e92b,10/10,25/10/2026,0.63,,,,,,,,,FALSE,FALSE,FALSE,Vigente,FALSE,
46c174b7,Directo,c7748d8a,1/5,5/12/2025,1.25,,,,,,,,,FALSE,FALSE,FALSE,Pagada,FALSE,
b6df5d06,Directo,c7748d8a,2/5,5/1/2026,1.25,,,,,,,,,FALSE,FALSE,FALSE,Pagada,FALSE,
19f9311f,Directo,c7748d8a,3/5,5/2/2026,1.25,,,,,,,,,FALSE,FALSE,FALSE,Pagada,FALSE,
2c8c164b,Directo,c7748d8a,4/5,5/3/2026,1.25,,,,,,,,,FALSE,FALSE,FALSE,Pagada,FALSE,
53a7fdec,Directo,c7748d8a,5/5,5/4/2026,1.26,,,,,,,,,FALSE,FALSE,FALSE,Pagada,FALSE,
6bb793fc,,4ef9c53a,1/10,5/12/2025,3.42,,,,,,,,,FALSE,FALSE,FALSE,,FALSE,
d3424cd0,,4ef9c53a,2/10,5/1/2026,3.42,,,,,,,,,FALSE,FALSE,FALSE,,FALSE,
d90a484d,,4ef9c53a,3/10,5/2/2026,3.42,,,,,,,,,FALSE,FALSE,FALSE,,FALSE,
44fc2c89,,4ef9c53a,4/10,5/3/2026,3.42,,,,,,,,,FALSE,FALSE,FALSE,,FALSE,
ac6022f2,,4ef9c53a,5/10,5/4/2026,3.42,,,,,,,,,FALSE,FALSE,FALSE,,FALSE,
908172f2,,4ef9c53a,6/10,5/5/2026,3.42,,,,,,,,,FALSE,FALSE,FALSE,,FALSE,
4e9a92ac,,4ef9c53a,7/10,5/6/2026,3.42,,,,,,,,,FALSE,FALSE,FALSE,,FALSE,
1d46f669,,4ef9c53a,8/10,5/7/2026,3.42,,,,,,,,,FALSE,FALSE,FALSE,,FALSE,
2926788d,,4ef9c53a,9/10,5/8/2026,3.42,,,,,,,,,FALSE,FALSE,FALSE,,FALSE,
0bc1b5e1,,4ef9c53a,10/10,5/9/2026,3.42,,,,,,,,,FALSE,FALSE,FALSE,,FALSE,
dd9e8b91,Directo,b0f1c8ea,1/3,5/12/2025,1.19,,,,,,,,,FALSE,FALSE,FALSE,Pagada,FALSE,
60ce37b0,Directo,b0f1c8ea,2/3,5/1/2026,1.19,,,,,,,,,FALSE,FALSE,FALSE,Pagada,FALSE,
b5ab716f,Directo,b0f1c8ea,3/3,5/2/2026,1.18,,,,,,,,,FALSE,FALSE,FALSE,Pagada,FALSE,
d649ebb6,,293463d0,1/1,28/10/2025,-29.55,,,,,,,,,FALSE,FALSE,FALSE,,FALSE,
b20dbf94,Directo,8fe77dff,1/5,5/12/2025,1.03,,,,,,,,,FALSE,FALSE,FALSE,Pagada,FALSE,
103be29c,Directo,8fe77dff,2/5,5/1/2026,1.03,,,,,,,,,FALSE,FALSE,FALSE,Pagada,FALSE,
0fa7cab8,Directo,8fe77dff,3/5,5/2/2026,1.03,,,,,,,,,FALSE,FALSE,FALSE,Pagada,FALSE,
e2640815,Directo,8fe77dff,4/5,5/3/2026,1.03,,,,,,,,,FALSE,FALSE,FALSE,Pagada,FALSE,
6d326432,Directo,8fe77dff,5/5,5/4/2026,1.03,,,,,,,,,FALSE,FALSE,FALSE,Pagada,FALSE,
0f6a4820,Directo,32965d00,1/10,2/12/2025,1.45,,,22/12/2025,,,,,,FALSE,FALSE,FALSE,Pagada,FALSE,
29ee31cb,Directo,32965d00,2/10,2/1/2026,1.45,,,19/1/2026,,,,,,FALSE,FALSE,FALSE,Pagada,FALSE,
11b1f076,,32965d00,3/10,2/2/2026,1.45,,,,,,,,,FALSE,FALSE,TRUE,Pendiente,FALSE,
ec6a2016,,32965d00,4/10,2/3/2026,1.45,,,,,,,,,FALSE,FALSE,FALSE,Vigente,FALSE,
ff54bf69,,32965d00,5/10,2/4/2026,1.45,,,,,,,,,FALSE,FALSE,FALSE,Vigente,FALSE,
faa8f3f6,,32965d00,6/10,2/5/2026,1.45,,,,,,,,,FALSE,FALSE,FALSE,Vigente,FALSE,
00dffb2c,,32965d00,7/10,2/6/2026,1.45,,,,,,,,,FALSE,FALSE,FALSE,Vigente,FALSE,
f8e6e22b,,32965d00,8/10,2/7/2026,1.45,,,,,,,,,FALSE,FALSE,FALSE,Vigente,FALSE,
c6dd40df,,32965d00,9/10,2/8/2026,1.45,,,,,,,,,FALSE,FALSE,FALSE,Vigente,FALSE,
a20181ed,,32965d00,10/10,2/9/2026,1.45,,,,,,,,,FALSE,FALSE,FALSE,Vigente,FALSE,
3f378a0f,,6d8d59a2,1/12,1/12/2025,3.03,,,,,,,,,FALSE,FALSE,FALSE,,FALSE,
9a716a9f,,6d8d59a2,2/12,5/1/2026,3.09,,,,,,,,,FALSE,FALSE,FALSE,,FALSE,
b002424c,,6d8d59a2,3/12,5/2/2026,3.09,,,,,,,,,FALSE,FALSE,FALSE,,FALSE,
03f6cb9c,,6d8d59a2,4/12,5/3/2026,3.09,,,,,,,,,FALSE,FALSE,FALSE,,FALSE,
a7382750,,6d8d59a2,5/12,5/4/2026,3.09,,,,,,,,,FALSE,FALSE,FALSE,,FALSE,
199d425a,,6d8d59a2,6/12,5/5/2026,3.09,,,,,,,,,FALSE,FALSE,FALSE,,FALSE,
8a02e7ba,,6d8d59a2,7/12,5/6/2026,3.09,,,,,,,,,FALSE,FALSE,FALSE,,FALSE,
63b1e2eb,,6d8d59a2,8/12,5/7/2026,3.09,,,,,,,,,FALSE,FALSE,FALSE,,FALSE,
27a6d997,,6d8d59a2,9/12,5/8/2026,3.09,,,,,,,,,FALSE,FALSE,FALSE,,FALSE,
1a64289e,,6d8d59a2,10/12,5/9/2026,3.09,,,,,,,,,FALSE,FALSE,FALSE,,FALSE,
baf979f2,,6d8d59a2,11/12,5/10/2026,3.09,,,,,,,,,FALSE,FALSE,FALSE,,FALSE,
2ba36f9b,,6d8d59a2,12/12,5/11/2026,3.09,,,,,,,,,FALSE,FALSE,FALSE,,FALSE,
4bbb974d,Directo,a0e1eb06,1/12,2/12/2025,1.33,,,2/12/2025,,,,,,FALSE,FALSE,FALSE,Pagada,FALSE,
73123995,Directo,a0e1eb06,2/12,2/1/2026,1.36,,,2/1/2026,,,,,,FALSE,FALSE,FALSE,Pagada,FALSE,
ceb0db03,Directo,a0e1eb06,3/12,2/2/2026,1.36,,,30/1/2026,,,,,,FALSE,FALSE,FALSE,Pagada,FALSE,
af083c82,Directo,a0e1eb06,4/12,2/3/2026,1.36,,,,,,,,,FALSE,FALSE,FALSE,Pagada,FALSE,
94c21bdb,Directo,a0e1eb06,5/12,2/4/2026,1.36,,,,,,,,,FALSE,FALSE,FALSE,Pagada,FALSE,
d0ff3dfe,Directo,a0e1eb06,6/12,2/5/2026,1.36,,,,,,,,,FALSE,FALSE,FALSE,Pagada,FALSE,
76dd8cd3,,a0e1eb06,7/12,2/6/2026,1.36,,,,,,,,,FALSE,FALSE,FALSE,Vigente,FALSE,
982e9f5f,,a0e1eb06,8/12,2/7/2026,1.36,,,,,,,,,FALSE,FALSE,FALSE,Vigente,FALSE,
7a1d2043,,a0e1eb06,9/12,2/8/2026,1.36,,,,,,,,,FALSE,FALSE,FALSE,Vigente,FALSE,
c09d5e88,,a0e1eb06,10/12,2/9/2026,1.36,,,,,,,,,FALSE,FALSE,FALSE,Vigente,FALSE,
c1439eb4,,a0e1eb06,11/12,2/10/2026,1.36,,,,,,,,,FALSE,FALSE,FALSE,Vigente,FALSE,
2fa008ff,,a0e1eb06,12/12,2/11/2026,1.36,,,,,,,,,FALSE,FALSE,FALSE,Vigente,FALSE,
c2e6b07a,Directo,0b1b7cea,1/12,2/12/2025,0.97,,,18/11/2025,,,,,,FALSE,FALSE,FALSE,Pagada,FALSE,
1bcf4f35,Directo,0b1b7cea,2/12,2/1/2026,0.99,,,7/1/2026,,,,,,FALSE,FALSE,FALSE,Pagada,FALSE,
f095efa2,Directo,0b1b7cea,3/12,2/2/2026,0.99,,,18/1/2026,,,,,,FALSE,FALSE,FALSE,Pagada,FALSE,
d3a9468b,Directo,0b1b7cea,4/12,2/3/2026,0.99,,,,,,,,,FALSE,FALSE,FALSE,Pagada,FALSE,
ca338487,Directo,0b1b7cea,5/12,2/4/2026,0.99,,,,,,,,,FALSE,FALSE,FALSE,Pagada,FALSE,
81ee0bb6,Directo,0b1b7cea,6/12,2/5/2026,0.99,,,,,,,,,FALSE,FALSE,FALSE,Pagada,FALSE,
97ffb454,,0b1b7cea,7/12,2/6/2026,0.99,,,,,,,,,FALSE,FALSE,FALSE,Vigente,FALSE,
9549f406,,0b1b7cea,8/12,2/7/2026,0.99,,,,,,,,,FALSE,FALSE,FALSE,Vigente,FALSE,
943ec5b0,,0b1b7cea,9/12,2/8/2026,0.99,,,,,,,,,FALSE,FALSE,FALSE,Vigente,FALSE,
ad7c3dc4,,0b1b7cea,10/12,2/9/2026,0.99,,,,,,,,,FALSE,FALSE,FALSE,Vigente,FALSE,
f872ec6e,,0b1b7cea,11/12,2/10/2026,0.99,,,,,,,,,FALSE,FALSE,FALSE,Vigente,FALSE,
6e494af0,,0b1b7cea,12/12,2/11/2026,0.99,,,,,,,,,FALSE,FALSE,FALSE,Vigente,FALSE,
70535715,,9b02c6ec,1/12,20/11/2024,1.53,,,,,,,,,FALSE,FALSE,FALSE,Pendiente,FALSE,
1babd838,,9b02c6ec,2/12,15/12/2025,1.53,,,,,,,,,FALSE,FALSE,FALSE,Vigente,FALSE,
11cbbdd3,,9b02c6ec,3/12,15/1/2026,1.53,,,,,,,,,FALSE,FALSE,FALSE,Vigente,FALSE,
7369ea60,,9b02c6ec,4/12,15/2/2026,1.53,,,,,,,,,FALSE,FALSE,FALSE,Vigente,FALSE,
80f3c876,,9b02c6ec,5/12,15/3/2026,1.53,,,,,,,,,FALSE,FALSE,FALSE,Vigente,FALSE,
92f24502,,9b02c6ec,6/12,15/4/2026,1.53,,,,,,,,,FALSE,FALSE,FALSE,Vigente,FALSE,
5bef85eb,,9b02c6ec,7/12,15/5/2026,1.53,,,,,,,,,FALSE,FALSE,FALSE,Vigente,FALSE,
9a2f101a,,9b02c6ec,8/12,15/6/2026,1.53,,,,,,,,,FALSE,FALSE,FALSE,Vigente,FALSE,
7889c2b2,,9b02c6ec,9/12,15/7/2026,1.53,,,,,,,,,FALSE,FALSE,FALSE,Vigente,FALSE,
bb7ee9d0,,9b02c6ec,10/12,15/8/2026,1.53,,,,,,,,,FALSE,FALSE,FALSE,Vigente,FALSE,
f8ec65fa,,9b02c6ec,11/12,15/9/2026,1.53,,,,,,,,,FALSE,FALSE,FALSE,Vigente,FALSE,
6ffb2eb6,,9b02c6ec,12/12,15/10/2026,1.48,,,,,,,,,FALSE,FALSE,FALSE,Vigente,FALSE,
08a44980,,938b5ef3,1/1,7/11/2025,-18.31,,,,,,,,,FALSE,FALSE,FALSE,Envío,FALSE,
e18d2bfd,,90c88dd8,1/1,15/11/2025,-37.02,,,,,,,,,FALSE,FALSE,FALSE,Envío,FALSE,
3d39de8e,Directo,813db0fc,1/12,27/11/2025,2.24,,,1/12/2025,,,,,,FALSE,FALSE,FALSE,Pagada,FALSE,
5a93c307,Automático,813db0fc,2/12,10/1/2026,2.29,,,,,,,,,FALSE,FALSE,FALSE,Pagada,FALSE,
2cd20799,Automático,813db0fc,3/12,10/2/2026,2.29,,,,,,,,,FALSE,FALSE,FALSE,Pagada,FALSE,
70a097e4,Automático,813db0fc,4/12,10/3/2026,2.29,,,,,,,,,FALSE,FALSE,FALSE,Pagada,FALSE,
826d74b0,Automático,813db0fc,5/12,10/4/2026,2.29,,,,,,,,,FALSE,FALSE,FALSE,Pagada,FALSE,
f5ce0da2,Automático,813db0fc,6/12,10/4/2026,2.29,,,,,,,,,FALSE,FALSE,FALSE,Pagada,FALSE,
230bbd11,Directo,813db0fc,7/12,10/5/2026,2.29,,,,,,,,,FALSE,FALSE,FALSE,Pagada,FALSE,
89959137,,813db0fc,8/12,10/6/2026,2.29,,,,,,,,,FALSE,FALSE,FALSE,Vigente,FALSE,
38ee907b,,813db0fc,9/12,10/7/2026,2.29,,,,,,,,,FALSE,FALSE,FALSE,Vigente,FALSE,
0a7fec54,,813db0fc,10/12,10/8/2026,2.29,,,,,,,,,FALSE,FALSE,FALSE,Vigente,FALSE,
26637748,,813db0fc,11/12,10/9/2026,2.29,,,,,,,,,FALSE,FALSE,FALSE,Vigente,FALSE,
b7bbb167,,813db0fc,12/12,10/10/2026,2.29,,,,,,,,,FALSE,FALSE,FALSE,Vigente,FALSE,
4478f42f,Directo,21f69bec,1/12,25/11/2025,1.64,,,14/11/2025,,,,,,FALSE,FALSE,TRUE,Pagada,FALSE,
b16bbeb8,Directo,21f69bec,2/12,10/12/2025,1.65,,,,,,,,,FALSE,FALSE,TRUE,Pagada,FALSE,
b0767fa2,Directo,21f69bec,3/12,10/1/2026,1.65,,,9/1/2026,"$65,608.00",,,,,FALSE,FALSE,TRUE,Pagada,FALSE,
e8d38b66,Directo,21f69bec,4/12,10/2/2026,1.65,,,19/2/2026,"$65,570.00",,,,,FALSE,FALSE,TRUE,Pagada,FALSE,
4e3faa42,Directo,21f69bec,5/12,10/3/2026,1.65,,,11/3/2026,"$65,739.00",,,,,FALSE,FALSE,TRUE,Pagada,FALSE,
cbe10f78,Directo,21f69bec,6/12,10/4/2026,1.65,,,,"$65,761.00",,,,,FALSE,FALSE,TRUE,Pagada,FALSE,
c47785ad,Directo,21f69bec,7/12,10/5/2026,1.65,,,11/5/2026,"$66,452.00",,,/Gestión/Pólizas/Documentos/Cuotas/c47785ad.Recibo.164951.pdf,,FALSE,FALSE,FALSE,Pagada,FALSE,
07c2f078,,21f69bec,8/12,10/6/2026,1.65,,,,,,,,,FALSE,FALSE,FALSE,Vigente,FALSE,
a60b2dec,,21f69bec,9/12,10/7/2026,1.65,,,,,,,,,FALSE,FALSE,FALSE,Vigente,FALSE,
c98f6872,,21f69bec,10/12,10/8/2026,1.65,,,,,,,,,FALSE,FALSE,FALSE,Vigente,FALSE,
f966eaea,,21f69bec,11/12,10/9/2026,1.65,,,,,,,,,FALSE,FALSE,FALSE,Vigente,FALSE,
cb6c4377,,21f69bec,12/12,10/10/2026,1.65,,,,,,,,,FALSE,FALSE,FALSE,Vigente,FALSE,
6a6ed0ef,Directo,30b808cd,1/1,15/12/2025,7.97,,,22/1/2026,"$316,641.00",,,,,FALSE,FALSE,TRUE,Pagada,FALSE,
7cc9367b,,dcc36496,1/12,10/12/2026,1.74,,,,,,,,,FALSE,FALSE,FALSE,Vigente,FALSE,
7808a0ab,,dcc36496,2/12,10/1/2026,1.70,,,,,,,,,FALSE,FALSE,FALSE,Vigente,FALSE,
0c904e53,,dcc36496,3/12,10/2/2026,1.70,,,,,,,,,FALSE,FALSE,FALSE,Vigente,FALSE,
aa47daba,,dcc36496,4/12,10/3/2026,1.70,,,,,,,,,FALSE,FALSE,FALSE,Vigente,FALSE,
9db36414,,dcc36496,5/12,10/4/2026,1.70,,,,,,,,,FALSE,FALSE,FALSE,Vigente,FALSE,
a3d190b6,,dcc36496,6/12,10/5/2026,1.70,,,,,,,,,FALSE,FALSE,FALSE,Vigente,FALSE,
cd24546b,,dcc36496,7/12,10/6/2026,1.70,,,,,,,,,FALSE,FALSE,FALSE,Vigente,FALSE,
19a28765,,dcc36496,8/12,10/7/2026,1.70,,,,,,,,,FALSE,FALSE,FALSE,Vigente,FALSE,
6aa99f81,,dcc36496,9/12,10/8/2026,1.70,,,,,,,,,FALSE,FALSE,FALSE,Vigente,FALSE,
1b743806,,dcc36496,10/12,10/9/2026,1.70,,,,,,,,,FALSE,FALSE,FALSE,Vigente,FALSE,
4b0325c6,,dcc36496,11/12,10/10/2026,1.70,,,,,,,,,FALSE,FALSE,FALSE,Vigente,FALSE,
d0a22179,,dcc36496,12/12,10/11/2026,1.70,,,,,,,,,FALSE,FALSE,FALSE,Vigente,FALSE,
c90972e5,Directo,fc5ced12,1/10,25/1/2026,0.60,,,25/1/2026,,18475526,/Operaciones5.6/Cuotas/Pagos//c90972e5.Pago.193453.309.pdf,,,FALSE,FALSE,TRUE,Pagada,FALSE,
8fe0bb43,Directo,fc5ced12,2/10,25/2/2026,0.60,,,19/2/2026,"$23,830.00",,,,,FALSE,FALSE,TRUE,Pagada,FALSE,
cd822111,Directo,fc5ced12,3/10,25/3/2026,0.60,,,19/3/2026,"$23,905.00",,/Operaciones5.6/Cuotas/Pagos//cd822111.Pago.154951.pdf,,,FALSE,FALSE,TRUE,Pagada,FALSE,
0f1600dc,Directo,fc5ced12,4/10,25/4/2026,0.60,,,24/4/2026,"$24,024.00",,,,,FALSE,FALSE,FALSE,Pagada,FALSE,
ed37a030,,fc5ced12,5/10,25/5/2026,0.60,,,,,,,,,FALSE,FALSE,FALSE,Vigente,FALSE,
1e863e37,,fc5ced12,6/10,25/6/2026,0.60,,,,,,,,,FALSE,FALSE,FALSE,Vigente,FALSE,
5447a5fc,,fc5ced12,7/10,25/7/2026,0.60,,,,,,,,,FALSE,FALSE,FALSE,Vigente,FALSE,
be041599,,fc5ced12,8/10,25/8/2026,0.60,,,,,,,,,FALSE,FALSE,FALSE,Vigente,FALSE,
ee9eb8af,,fc5ced12,9/10,25/9/2026,0.60,,,,,,,,,FALSE,FALSE,FALSE,Vigente,FALSE,
322bbab9,,fc5ced12,10/10,25/10/2026,0.60,,,,,,,,,FALSE,FALSE,FALSE,Vigente,FALSE,
19dfa22c,Directo,eed524b8,1/10,25/1/2026,11.10,,,25/1/2026,,18475559,/Operaciones5.6/Cuotas/Pagos//19dfa22c.Pago.193817.309.pdf,,,FALSE,FALSE,TRUE,Pagada,FALSE,
d4282605,Directo,eed524b8,2/10,25/2/2026,11.10,,,19/2/2026,"$440,461.00",,/Operaciones5.6/Cuotas/Pagos//d4282605.Pago.154039.pdf,,,FALSE,FALSE,TRUE,Pagada,FALSE,
4b8c4156,Directo,eed524b8,3/10,25/3/2026,11.10,,,23/3/2026,"$441,845.00",,/Operaciones5.6/Cuotas/Pagos//4b8c4156.Pago.174046.pdf,,,FALSE,FALSE,TRUE,Pagada,FALSE,ingreso consulta cutoa 2 18682252
e1c49697,Directo,eed524b8,4/10,25/4/2026,11.10,,,24/4/2026,"$444,048.00",,,,,FALSE,FALSE,FALSE,Pagada,FALSE,
0eac04f3,,eed524b8,5/10,25/5/2026,11.10,,,,,,,,,FALSE,FALSE,FALSE,Vigente,FALSE,
c9c5f918,,eed524b8,6/10,25/6/2026,11.10,,,,,,,,,FALSE,FALSE,FALSE,Vigente,FALSE,
54bc4842,,eed524b8,7/10,25/7/2026,11.10,,,,,,,,,FALSE,FALSE,FALSE,Vigente,FALSE,
39911f43,,eed524b8,8/10,25/8/2026,11.10,,,,,,,,,FALSE,FALSE,FALSE,Vigente,FALSE,
d36fe1ce,,eed524b8,9/10,25/9/2026,11.10,,,,,,,,,FALSE,FALSE,FALSE,Vigente,FALSE,
018ae460,,eed524b8,10/10,25/10/2026,11.10,,,,,,,,,FALSE,FALSE,FALSE,Vigente,FALSE,
a23db305,Directo,0980ba0c,1/10,25/1/2026,16.64,,,25/1/2026,,18475587,/Operaciones5.6/Cuotas/Pagos//a23db305.Pago.194041.309.pdf,,,FALSE,FALSE,TRUE,Pagada,FALSE,
f8e200cf,Directo,0980ba0c,2/10,25/2/2026,16.64,,,19/2/2026,"$660,890.00",,,,,FALSE,FALSE,TRUE,Pagada,FALSE,
eb7a67e1,Directo,0980ba0c,3/10,25/3/2026,16.64,,,23/3/2026,"$662,966.00",,/Operaciones5.6/Cuotas/Pagos//eb7a67e1.Pago.174121.pdf,,,FALSE,FALSE,TRUE,Pagada,FALSE,
cdc15fb0,Directo,0980ba0c,4/10,25/4/2026,16.64,,,24/4/2026,"$666,273.00",,,,,FALSE,FALSE,FALSE,Pagada,FALSE,
be2966ba,,0980ba0c,5/10,25/5/2026,16.64,,,,,,,,,FALSE,FALSE,FALSE,Vigente,FALSE,
103e9ffa,,0980ba0c,6/10,25/6/2026,16.64,,,,,,,,,FALSE,FALSE,FALSE,Vigente,FALSE,
aa8745c5,,0980ba0c,7/10,25/7/2026,16.64,,,,,,,,,FALSE,FALSE,FALSE,Vigente,FALSE,
78b10c2d,,0980ba0c,8/10,25/8/2026,16.64,,,,,,,,,FALSE,FALSE,FALSE,Vigente,FALSE,
ebf4e824,,0980ba0c,9/10,25/9/2026,16.64,,,,,,,,,FALSE,FALSE,FALSE,Vigente,FALSE,
4d3d950c,,0980ba0c,10/10,25/10/2026,16.64,,,,,,,,,FALSE,FALSE,FALSE,Vigente,FALSE,
c1827c2d,,8327a4af,1/10,25/12/2025,26.33,,,,,,,,,FALSE,FALSE,FALSE,Vigente,FALSE,
882ac3a4,,8327a4af,2/10,25/1/2026,26.33,,,,,,,,,FALSE,FALSE,FALSE,Vigente,FALSE,
624fa61c,,8327a4af,3/10,25/2/2026,26.33,,,,,,,,,FALSE,FALSE,FALSE,Vigente,FALSE,
16b06119,,8327a4af,4/10,25/3/2026,26.33,,,,,,,,,FALSE,FALSE,FALSE,Vigente,FALSE,
ae6cd6f1,,8327a4af,5/10,25/4/2026,26.33,,,,,,,,,FALSE,FALSE,FALSE,Vigente,FALSE,
1c234548,,8327a4af,6/10,25/5/2026,26.33,,,,,,,,,FALSE,FALSE,FALSE,Vigente,FALSE,
0baeba3c,,8327a4af,7/10,25/6/2026,26.33,,,,,,,,,FALSE,FALSE,FALSE,Vigente,FALSE,
bfe26cf2,,8327a4af,8/10,25/7/2026,26.33,,,,,,,,,FALSE,FALSE,FALSE,Vigente,FALSE,
cd82a69e,,8327a4af,9/10,25/8/2026,26.33,,,,,,,,,FALSE,FALSE,FALSE,Vigente,FALSE,
83e9a68e,,8327a4af,10/10,25/9/2026,26.33,,,,,,,,,FALSE,FALSE,FALSE,Vigente,FALSE,
8fb9eecf,,ea7a8d52,1/1,26/11/2025,-263.30,,,,,,,,,FALSE,FALSE,FALSE,Anulada,FALSE,
74f8fd71,Directo,5757f9b8,1/10,15/1/2026,2.80,,,,,,,,,FALSE,FALSE,FALSE,Pagada,FALSE,
8bb76f48,Directo,5757f9b8,2/10,15/2/2026,2.80,,,2/2/2026,,,,,,FALSE,FALSE,FALSE,Pagada,FALSE,
d5706418,Directo,5757f9b8,3/10,15/3/2026,2.80,,,,,,,,,FALSE,FALSE,FALSE,Pagada,FALSE,
b9ff5a7e,Directo,5757f9b8,4/10,15/4/2026,2.80,,,,,,,,,FALSE,FALSE,FALSE,Pagada,FALSE,
14487ae4,Directo,5757f9b8,5/10,15/5/2026,2.80,,,,,,,,,FALSE,FALSE,FALSE,Pagada,FALSE,
e70ad28b,,5757f9b8,6/10,15/6/2026,2.80,,,,,,,,,FALSE,FALSE,FALSE,Vigente,FALSE,
d3ffedaa,,5757f9b8,7/10,15/7/2026,2.80,,,,,,,,,FALSE,FALSE,FALSE,Vigente,FALSE,
15537377,,5757f9b8,8/10,15/8/2026,2.80,,,,,,,,,FALSE,FALSE,FALSE,Vigente,FALSE,
dab1b619,,5757f9b8,9/10,15/9/2026,2.80,,,,,,,,,FALSE,FALSE,FALSE,Vigente,FALSE,
1cb42215,,5757f9b8,10/10,15/10/2026,2.80,,,,,,,,,FALSE,FALSE,FALSE,Vigente,FALSE,
d22b026a,Directo,2f68d388,1/11,10/2/2026,4.25,,,19/2/2026,"$168,893.00",,,,,FALSE,FALSE,TRUE,Pagada,FALSE,
ed9136ee,Directo,2f68d388,2/11,10/3/2026,4.25,,,11/3/2026,"$169,327.00",,,,,FALSE,FALSE,TRUE,Pagada,FALSE,
6cdaf21c,Directo,2f68d388,3/11,10/4/2026,4.25,,,,"$169,383.00",,,,,FALSE,FALSE,TRUE,Pagada,FALSE,
615eb689,Directo,2f68d388,4/11,10/5/2026,4.25,,,11/5/2026,"$171,163.00",,,/Gestión/Pólizas/Documentos/Cuotas/615eb689.Recibo.163842.pdf,,FALSE,FALSE,FALSE,Pagada,FALSE,
a443edd5,,2f68d388,5/11,10/6/2026,4.25,,,,,,,,,FALSE,FALSE,FALSE,Vigente,FALSE,
66a36f03,,2f68d388,6/11,10/7/2026,4.25,,,,,,,,,FALSE,FALSE,FALSE,Vigente,FALSE,
a675cdcb,,2f68d388,7/11,10/8/2026,4.25,,,,,,,,,FALSE,FALSE,FALSE,Vigente,FALSE,
2c74728e,,2f68d388,8/11,10/9/2026,4.25,,,,,,,,,FALSE,FALSE,FALSE,Vigente,FALSE,
8a2cc160,,2f68d388,9/11,10/10/2026,4.25,,,,,,,,,FALSE,FALSE,FALSE,Vigente,FALSE,
49de58f6,,2f68d388,10/11,10/11/2026,4.25,,,,,,,,,FALSE,FALSE,FALSE,Vigente,FALSE,
4c78804b,,2f68d388,11/11,10/12/2026,4.25,,,,,,,,,FALSE,FALSE,FALSE,Vigente,FALSE,
19bce05a,Directo,f51f8dcc,1/1,3/1/2026,5.39,,,1/1/2026,,,,,,FALSE,FALSE,FALSE,Pagada,FALSE,
6a397206,Automático,6ba2a976,1/12,15/1/2026,1.12,,,,,,,,,FALSE,FALSE,FALSE,Pagada,FALSE,
a5d4cf9c,Automático,6ba2a976,2/12,15/2/2026,1.12,,,,,,,,,FALSE,FALSE,FALSE,Pagada,FALSE,
9b26905f,,6ba2a976,3/12,15/3/2026,1.12,,,,,,,,,FALSE,FALSE,FALSE,Vigente,FALSE,
71badf1d,,6ba2a976,4/12,15/4/2026,1.12,,,,,,,,,FALSE,FALSE,FALSE,Vigente,FALSE,
9d2cd402,,6ba2a976,5/12,15/5/2026,1.12,,,,,,,,,FALSE,FALSE,FALSE,Vigente,FALSE,
53e23cc5,,6ba2a976,6/12,15/6/2026,1.12,,,,,,,,,FALSE,FALSE,FALSE,Vigente,FALSE,
a9774621,,6ba2a976,7/12,15/7/2026,1.12,,,,,,,,,FALSE,FALSE,FALSE,Vigente,FALSE,
f3426a2b,,6ba2a976,8/12,15/8/2026,1.12,,,,,,,,,FALSE,FALSE,FALSE,Vigente,FALSE,
5fdcfba9,,6ba2a976,9/12,15/9/2026,1.12,,,,,,,,,FALSE,FALSE,FALSE,Vigente,FALSE,
a4f41d90,,6ba2a976,10/12,15/10/2026,1.12,,,,,,,,,FALSE,FALSE,FALSE,Vigente,FALSE,
d9a3864e,,6ba2a976,11/12,15/11/2026,1.12,,,,,,,,,FALSE,FALSE,FALSE,Vigente,FALSE,
17b50fc1,,6ba2a976,12/12,15/12/2026,1.12,,,,,,,,,FALSE,FALSE,FALSE,Vigente,FALSE,
4941a307,Directo,cd3c9cad,1/12,10/1/2026,1.83,,,5/1/2026,,,,,,FALSE,FALSE,FALSE,Pagada,FALSE,
638705c7,Directo,cd3c9cad,2/12,10/2/2026,1.83,,,4/2/2026,,,,,,FALSE,FALSE,FALSE,Pagada,FALSE,
e0878984,Directo,cd3c9cad,3/12,10/3/2026,1.83,,,,,,,,,FALSE,FALSE,FALSE,Pagada,FALSE,
ec75f84f,Directo,cd3c9cad,4/12,10/4/2026,1.83,,,,,,,,,FALSE,FALSE,FALSE,Pagada,FALSE,
ba688174,Directo,cd3c9cad,5/12,10/5/2026,1.83,,,,,,,,,FALSE,FALSE,FALSE,Pagada,FALSE,
20ca825c,,cd3c9cad,6/12,10/6/2026,1.83,,,,,,,,,FALSE,FALSE,FALSE,Vigente,FALSE,
dcfe4aeb,,cd3c9cad,7/12,10/7/2026,1.83,,,,,,,,,FALSE,FALSE,FALSE,Vigente,FALSE,
e5d55531,,cd3c9cad,8/12,10/8/2026,1.83,,,,,,,,,FALSE,FALSE,FALSE,Vigente,FALSE,
6c08bcae,,cd3c9cad,9/12,10/9/2026,1.83,,,,,,,,,FALSE,FALSE,FALSE,Vigente,FALSE,
a4c07e03,,cd3c9cad,10/12,10/10/2026,1.83,,,,,,,,,FALSE,FALSE,FALSE,Vigente,FALSE,
4acf5223,,cd3c9cad,11/12,10/11/2026,1.83,,,,,,,,,FALSE,FALSE,FALSE,Vigente,FALSE,
9041006c,,cd3c9cad,12/12,10/12/2026,1.83,,,,,,,,,FALSE,FALSE,FALSE,Vigente,FALSE,
de2ee462,Automático,0088d47c,1/11,15/1/2026,1.08,,,,,,,,,FALSE,FALSE,TRUE,Pagada,FALSE,
0f3c0423,Automático,0088d47c,2/11,15/1/2026,1.08,,,,,,,,,FALSE,FALSE,FALSE,Pagada,FALSE,
83f429f0,Gratis,0088d47c,3/11,15/2/2026,1.08,,,,,,,,,FALSE,FALSE,FALSE,Pagada,FALSE,
aca22c01,Automático,0088d47c,4/11,15/3/2026,1.08,,,,,,,,,FALSE,FALSE,FALSE,Pagada,FALSE,
3ec127e7,Automático,0088d47c,5/11,15/4/2026,1.08,,,,,,,,,FALSE,FALSE,FALSE,Pagada,FALSE,
37089807,Gratis,0088d47c,6/11,15/5/2026,1.08,,,,,,,,,FALSE,FALSE,FALSE,Pagada,FALSE,
f33d5adf,,0088d47c,7/11,15/6/2026,1.08,,,,,,,,,FALSE,FALSE,FALSE,Vigente,FALSE,
341765f0,,0088d47c,8/11,15/7/2026,1.08,,,,,,,,,FALSE,FALSE,FALSE,Vigente,FALSE,
d150f5e6,Gratis,0088d47c,9/11,15/8/2026,1.08,,,,,,,,,FALSE,FALSE,FALSE,Pagada,FALSE,
ff94eea3,,0088d47c,10/11,15/9/2026,1.08,,,,,,,,,FALSE,FALSE,FALSE,Vigente,FALSE,
a0dd523a,,0088d47c,11/11,15/10/2026,1.10,,,,,,,,,FALSE,FALSE,FALSE,Vigente,FALSE,
b84e614b,,71e447d1,1/1,4/12/2025,-14.92,,,,,,,,,FALSE,FALSE,FALSE,Cancelada,FALSE,
dc0a40f7,Automático,d8b60874,1/12,5/1/2026,0.28,,,,,,,,,FALSE,FALSE,FALSE,Pagada,FALSE,
c82581a9,Automático,d8b60874,2/12,5/2/2026,0.28,,,,,,,,,FALSE,FALSE,FALSE,Pagada,FALSE,
d83b4773,Automático,d8b60874,3/12,5/3/2026,0.28,,,,,,,,,FALSE,FALSE,FALSE,Pagada,FALSE,
2c11c500,Automático,d8b60874,4/12,5/4/2026,0.28,,,,,,,,,FALSE,FALSE,FALSE,Pagada,FALSE,
6a83e831,Automático,d8b60874,5/12,5/5/2026,0.28,,,,,,,,,FALSE,FALSE,FALSE,Pagada,FALSE,
cf76ce0e,,d8b60874,6/12,5/6/2026,0.28,,,,,,,,,FALSE,FALSE,FALSE,Vigente,FALSE,
20012b3e,,d8b60874,7/12,5/7/2026,0.28,,,,,,,,,FALSE,FALSE,FALSE,Vigente,FALSE,
5ca7f3b9,,d8b60874,8/12,5/8/2026,0.28,,,,,,,,,FALSE,FALSE,FALSE,Vigente,FALSE,
c658843d,,d8b60874,9/12,5/9/2026,0.28,,,,,,,,,FALSE,FALSE,FALSE,Vigente,FALSE,
ef3ba1b3,,d8b60874,10/12,5/10/2026,0.28,,,,,,,,,FALSE,FALSE,FALSE,Vigente,FALSE,
56d65baf,,d8b60874,11/12,5/11/2026,0.28,,,,,,,,,FALSE,FALSE,FALSE,Vigente,FALSE,
ab89533e,,d8b60874,12/12,5/12/2026,0.28,,,,,,,,,FALSE,FALSE,FALSE,Vigente,FALSE,
4de3461c,Directo,bfe14e40,1/11,5/2/2026,0.88,,,,,,,,,FALSE,FALSE,TRUE,Pagada,FALSE,
d6763c51,Directo,bfe14e40,2/11,5/3/2026,0.88,,,,,,,,,FALSE,FALSE,FALSE,Pagada,FALSE,
90a50e6e,Directo,bfe14e40,3/11,5/4/2026,0.88,,,,,,,,,FALSE,FALSE,TRUE,Pagada,FALSE,
872c4006,,bfe14e40,4/11,5/5/2026,0.88,,,,,,,,,FALSE,FALSE,FALSE,Vigente,FALSE,
fcfe4eab,,bfe14e40,5/11,5/6/2026,0.88,,,,,,,,,FALSE,FALSE,FALSE,Vigente,FALSE,
6dcd9b5b,,bfe14e40,6/11,5/7/2026,0.88,,,,,,,,,FALSE,FALSE,FALSE,Vigente,FALSE,
2bfd1607,,bfe14e40,7/11,5/8/2026,0.88,,,,,,,,,FALSE,FALSE,FALSE,Vigente,FALSE,
6a128567,,bfe14e40,8/11,5/9/2026,0.88,,,,,,,,,FALSE,FALSE,FALSE,Vigente,FALSE,
79a511cc,,bfe14e40,9/11,5/10/2026,0.88,,,,,,,,,FALSE,FALSE,FALSE,Vigente,FALSE,
39949edb,,bfe14e40,10/11,5/11/2026,0.88,,,,,,,,,FALSE,FALSE,FALSE,Vigente,FALSE,
c0e7cb92,,bfe14e40,11/11,5/12/2026,0.88,,,,,,,,,FALSE,FALSE,FALSE,Vigente,FALSE,
039c8d40,Automático,ad723b68,1/11,25/1/2026,0.95,,,,,,,,,FALSE,FALSE,FALSE,Pagada,FALSE,
dedab284,Automático,ad723b68,2/11,25/2/2026,0.95,,,,,,,,,FALSE,FALSE,FALSE,Pagada,FALSE,
5eeccf3f,Gratis,ad723b68,3/11,25/3/2026,0.95,,,,,,,,,FALSE,FALSE,FALSE,Pagada,FALSE,
d890d7fb,Directo,ad723b68,4/11,25/4/2026,0.95,,,,,,,,,FALSE,FALSE,FALSE,Pagada,FALSE,
55f756bd,,ad723b68,5/11,25/5/2026,0.95,,,,,,,,,FALSE,FALSE,FALSE,Vigente,FALSE,
9c7624d5,,ad723b68,6/11,25/6/2026,0.95,,,,,,,,,FALSE,FALSE,FALSE,Vigente,FALSE,
4c264482,,ad723b68,7/11,25/7/2026,0.95,,,,,,,,,FALSE,FALSE,FALSE,Vigente,FALSE,
205c603c,,ad723b68,8/11,25/8/2026,0.95,,,,,,,,,FALSE,FALSE,FALSE,Vigente,FALSE,
f9bd7fa3,,ad723b68,9/11,25/9/2026,0.95,,,,,,,,,FALSE,FALSE,FALSE,Vigente,FALSE,
b3d026a1,,ad723b68,10/11,25/10/2026,0.95,,,,,,,,,FALSE,FALSE,FALSE,Vigente,FALSE,
03001ce9,,ad723b68,11/11,25/11/2026,0.90,,,,,,,,,FALSE,FALSE,FALSE,Vigente,FALSE,
f4d58314,Automático,f184944c,1/11,5/2/2026,1.08,,,,,,,,,FALSE,FALSE,TRUE,Pagada,FALSE,
e788be29,Automático,f184944c,2/11,5/3/2026,1.08,,,,,,,,,FALSE,FALSE,FALSE,Pagada,FALSE,
21e4459c,Automático,f184944c,3/11,5/4/2026,1.08,,,,,,,,,FALSE,FALSE,FALSE,Pagada,FALSE,
c80ac2d6,,f184944c,4/11,5/5/2026,1.08,,,,,,,,,FALSE,FALSE,FALSE,Vigente,FALSE,
cd9e9469,,f184944c,5/11,5/6/2026,1.08,,,,,,,,,FALSE,FALSE,FALSE,Vigente,FALSE,
e6158ec9,,f184944c,6/11,5/7/2026,1.08,,,,,,,,,FALSE,FALSE,FALSE,Vigente,FALSE,
b68f4392,,f184944c,7/11,5/8/2026,1.08,,,,,,,,,FALSE,FALSE,FALSE,Vigente,FALSE,
c4bdb9cd,,f184944c,8/11,5/9/2026,1.08,,,,,,,,,FALSE,FALSE,FALSE,Vigente,FALSE,
a6876061,,f184944c,9/11,5/10/2026,1.08,,,,,,,,,FALSE,FALSE,FALSE,Vigente,FALSE,
78626850,,f184944c,10/11,5/11/2026,1.08,,,,,,,,,FALSE,FALSE,FALSE,Vigente,FALSE,
077fba93,,f184944c,11/11,5/12/2026,1.08,,,,,,,,,FALSE,FALSE,FALSE,Vigente,FALSE,
2f2be3ce,Automático,da5ba033,1/11,10/11/2025,1.81,,,,,,,,,FALSE,FALSE,FALSE,Pagada,FALSE,
411f04d8,Automático,da5ba033,2/11,10/12/2025,1.81,,,,,,,,,FALSE,FALSE,FALSE,Pagada,FALSE,
14fe66f9,Automático,da5ba033,3/11,10/1/2026,1.81,,,,,,,,,FALSE,FALSE,FALSE,Pagada,FALSE,
2fe68e6a,Automático,da5ba033,4/11,10/2/2026,1.81,,,,,,,,,FALSE,FALSE,FALSE,Pagada,FALSE,
3c9d1e1e,,da5ba033,5/11,10/3/2026,1.81,,,,,,,,,FALSE,FALSE,FALSE,Vigente,FALSE,
f86ea75a,,da5ba033,6/11,10/4/2026,1.81,,,,,,,,,FALSE,FALSE,FALSE,Vigente,FALSE,
efe1ec94,,da5ba033,7/11,10/5/2026,1.81,,,,,,,,,FALSE,FALSE,FALSE,Vigente,FALSE,
b5d034a8,,da5ba033,8/11,10/6/2026,1.81,,,,,,,,,FALSE,FALSE,FALSE,Vigente,FALSE,
2cd050eb,,da5ba033,9/11,10/7/2026,1.81,,,,,,,,,FALSE,FALSE,FALSE,Vigente,FALSE,
4c8cb302,,da5ba033,10/11,10/8/2026,1.81,,,,,,,,,FALSE,FALSE,FALSE,Vigente,FALSE,
8b8a8238,,da5ba033,11/11,10/9/2026,1.87,,,,,,,,,FALSE,FALSE,FALSE,Vigente,FALSE,
6c918694,Directo,b5990e75,1/3,25/11/2025,-0.69,,,23/12/2025,,,,,,FALSE,FALSE,TRUE,Pagada,FALSE,
cfe0d8b3,Directo,b5990e75,2/3,25/12/2025,-0.69,,,,,,,,,FALSE,FALSE,TRUE,Pagada,FALSE,
b4a19329,Directo,b5990e75,3/3,25/1/2026,-0.69,,,24/2/2026,,,,,,FALSE,FALSE,TRUE,Pagada,FALSE,
0f998ad7,Directo,3648c90d,1/12,25/1/2026,0.96,,,25/2/2026,,,,,,FALSE,FALSE,TRUE,Pagada,FALSE,
9aac2a32,Directo,3648c90d,2/12,25/2/2026,0.96,,,25/2/2026,,,,,,FALSE,FALSE,FALSE,Pagada,FALSE,
5236d486,Directo,3648c90d,3/12,25/3/2026,0.96,,,,,,,,,FALSE,FALSE,TRUE,Pagada,FALSE,
58e75e64,Directo,3648c90d,4/12,25/4/2026,0.96,,,,,,,,,FALSE,FALSE,TRUE,Pagada,FALSE,
44788267,,3648c90d,5/12,25/5/2026,0.96,,,,,,,,,FALSE,FALSE,FALSE,Vigente,FALSE,
bcad6c6f,,3648c90d,6/12,25/6/2026,0.96,,,,,,,,,FALSE,FALSE,FALSE,Vigente,FALSE,
9b6a09a4,,3648c90d,7/12,25/7/2026,0.96,,,,,,,,,FALSE,FALSE,FALSE,Vigente,FALSE,
43ef2255,,3648c90d,8/12,25/8/2026,0.96,,,,,,,,,FALSE,FALSE,FALSE,Vigente,FALSE,
c30b3cdc,,3648c90d,9/12,25/9/2026,0.96,,,,,,,,,FALSE,FALSE,FALSE,Vigente,FALSE,
5b8c73d8,,3648c90d,10/12,25/10/2026,0.96,,,,,,,,,FALSE,FALSE,FALSE,Vigente,FALSE,
ba8be601,,3648c90d,11/12,25/11/2026,0.96,,,,,,,,,FALSE,FALSE,FALSE,Vigente,FALSE,
8e2ec043,,3648c90d,12/12,25/12/2026,0.96,,,,,,,,,FALSE,FALSE,FALSE,Vigente,FALSE,
6c34ba41,Directo,8611fa43,1/7,25/2/2026,1.07,,,19/2/2026,"$41,329.00",,,,,FALSE,FALSE,TRUE,Pagada,FALSE,
c82a4b98,Directo,8611fa43,2/7,5/3/2026,1.07,,,19/3/2026,"$42,631.00",,,,,FALSE,FALSE,TRUE,Pagada,FALSE,
b0fdcae7,Directo,8611fa43,3/7,5/4/2026,1.07,,,24/4/2026,"$42,843.00",,,,,FALSE,FALSE,FALSE,Pagada,FALSE,
95a790ed,,8611fa43,4/7,5/5/2026,1.07,,,,,,,,,FALSE,FALSE,FALSE,Pendiente,FALSE,
f960b836,,8611fa43,5/7,5/6/2026,1.07,,,,,,,,,FALSE,FALSE,FALSE,Vigente,FALSE,
ba94f692,,8611fa43,6/7,5/7/2026,1.07,,,,,,,,,FALSE,FALSE,FALSE,Vigente,FALSE,
c113f1f1,,8611fa43,7/7,5/8/2026,1.07,,,,,,,,,FALSE,FALSE,FALSE,Vigente,FALSE,
7bdc2338,,46733625,1/1,2/1/2026,7.10,,,25/1/2026,,,,,,FALSE,FALSE,FALSE,Pendiente,FALSE,
0ab2990d,,3fc26c10,1/1,2/1/2026,-7.10,,,,,,,,,FALSE,FALSE,FALSE,Anulada,FALSE,
79e8d7c9,Automático,8b98063f,1/12,15/1/2026,0.79,,,,,,,,,FALSE,FALSE,FALSE,Pagada,FALSE,
61240b1f,Automático,8b98063f,2/12,5/2/2026,0.79,,,,,,,,,FALSE,FALSE,FALSE,Pagada,FALSE,
af92d1c9,Automático,8b98063f,3/12,5/3/2026,0.79,,,,,,,,,FALSE,FALSE,FALSE,Pagada,FALSE,
7ed48372,Automático,8b98063f,4/12,5/4/2026,0.79,,,,,,,,,FALSE,FALSE,FALSE,Pagada,FALSE,
01c0b3c6,,8b98063f,5/12,5/5/2026,0.79,,,,,,,,,FALSE,FALSE,FALSE,Vigente,FALSE,
0e4dfd84,,8b98063f,6/12,5/6/2026,0.79,,,,,,,,,FALSE,FALSE,FALSE,Vigente,FALSE,
de904c51,,8b98063f,7/12,5/7/2026,0.79,,,,,,,,,FALSE,FALSE,FALSE,Vigente,FALSE,
66f324dc,,8b98063f,8/12,5/8/2026,0.79,,,,,,,,,FALSE,FALSE,FALSE,Vigente,FALSE,
5715b1c3,,8b98063f,9/12,5/9/2026,0.79,,,,,,,,,FALSE,FALSE,FALSE,Vigente,FALSE,
ed4078b8,,8b98063f,10/12,5/10/2026,0.79,,,,,,,,,FALSE,FALSE,FALSE,Vigente,FALSE,
42342a72,,8b98063f,11/12,5/11/2026,0.79,,,,,,,,,FALSE,FALSE,FALSE,Vigente,FALSE,
d624814c,,8b98063f,12/12,5/12/2026,0.83,,,,,,,,,FALSE,FALSE,FALSE,Vigente,FALSE,
93f1c916,,68946a82,1/1,4/7/2025,-7.60,,,,,,,,,FALSE,FALSE,FALSE,Cancelada,FALSE,
7f6600cf,Automático,fe087795,1/10,10/3/2026,0.65,,,,,,,,,FALSE,FALSE,TRUE,Pagada,FALSE,
237b26e2,,fe087795,2/10,10/4/2026,0.65,,,,,,,,,FALSE,FALSE,FALSE,Vigente,FALSE,
944cdb03,,fe087795,3/10,10/5/2026,0.65,,,,,,,,,FALSE,FALSE,FALSE,Vigente,FALSE,
327e186a,,fe087795,4/10,10/6/2026,0.65,,,,,,,,,FALSE,FALSE,FALSE,Vigente,FALSE,
325ed545,,fe087795,5/10,10/7/2026,0.65,,,,,,,,,FALSE,FALSE,FALSE,Vigente,FALSE,
b3f978bd,,fe087795,6/10,10/8/2026,0.65,,,,,,,,,FALSE,FALSE,FALSE,Vigente,FALSE,
7cbb74f8,,fe087795,7/10,10/9/2026,0.65,,,,,,,,,FALSE,FALSE,FALSE,Vigente,FALSE,
6c10e5cf,,fe087795,8/10,10/11/2026,0.65,,,,,,,,,FALSE,FALSE,FALSE,Vigente,FALSE,
5b377601,,fe087795,9/10,10/12/2026,0.65,,,,,,,,,FALSE,FALSE,FALSE,Vigente,FALSE,
e5ca318b,,fe087795,10/10,10/1/2027,0.65,,,,,,,,,FALSE,FALSE,FALSE,Vigente,FALSE,
5dfc24b0,Automático,b4639c90,1/10,5/3/2026,1.70,,,,,,,,,FALSE,FALSE,FALSE,Pagada,FALSE,
6cdd25d1,Automático,b4639c90,2/10,5/4/2026,1.70,,,,,,,,,FALSE,FALSE,TRUE,Pagada,FALSE,
2897bd20,,b4639c90,3/10,5/5/2026,1.70,,,,,,,,,FALSE,FALSE,FALSE,Vigente,FALSE,
9370c1ef,,b4639c90,4/10,5/6/2026,1.70,,,,,,,,,FALSE,FALSE,FALSE,Vigente,FALSE,
b02295c5,,b4639c90,5/10,5/7/2026,1.70,,,,,,,,,FALSE,FALSE,FALSE,Vigente,FALSE,
5ad368e4,,b4639c90,6/10,5/8/2026,1.70,,,,,,,,,FALSE,FALSE,FALSE,Vigente,FALSE,
74624999,,b4639c90,7/10,5/9/2026,1.70,,,,,,,,,FALSE,FALSE,FALSE,Vigente,FALSE,
573b360d,,b4639c90,8/10,5/10/2026,1.70,,,,,,,,,FALSE,FALSE,FALSE,Vigente,FALSE,
2fdcf828,,b4639c90,9/10,5/11/2026,1.70,,,,,,,,,FALSE,FALSE,FALSE,Vigente,FALSE,
3e7f91ba,,b4639c90,10/10,5/12/2026,1.70,,,,,,,,,FALSE,FALSE,FALSE,Vigente,FALSE,
e30e7b0b,,08e67dea,1/12,5/2/2026,1.17,,,,,,,,,FALSE,FALSE,FALSE,Vigente,FALSE,
e8737551,,08e67dea,2/12,5/3/2026,1.20,,,,,,,,,FALSE,FALSE,FALSE,Vigente,FALSE,
bee8113c,,08e67dea,3/12,5/4/2026,1.20,,,,,,,,,FALSE,FALSE,FALSE,Vigente,FALSE,
11c46911,,08e67dea,4/12,5/5/2026,1.20,,,,,,,,,FALSE,FALSE,FALSE,Vigente,FALSE,
10bf3cce,,08e67dea,5/12,5/6/2026,1.20,,,,,,,,,FALSE,FALSE,FALSE,Vigente,FALSE,
b32ae3f6,,08e67dea,6/12,5/7/2026,1.20,,,,,,,,,FALSE,FALSE,FALSE,Vigente,FALSE,
bf811842,,08e67dea,7/12,5/8/2026,1.20,,,,,,,,,FALSE,FALSE,FALSE,Vigente,FALSE,
dd98da8a,,08e67dea,8/12,5/9/2026,1.20,,,,,,,,,FALSE,FALSE,FALSE,Vigente,FALSE,
057be0b5,,08e67dea,9/12,5/10/2026,1.20,,,,,,,,,FALSE,FALSE,FALSE,Vigente,FALSE,
5e82b4d8,,08e67dea,10/12,5/11/2026,1.20,,,,,,,,,FALSE,FALSE,FALSE,Vigente,FALSE,
84fe83b3,,08e67dea,11/12,5/12/2026,1.20,,,,,,,,,FALSE,FALSE,FALSE,Vigente,FALSE,
a848875a,,08e67dea,12/12,5/1/2027,1.20,,,,,,,,,FALSE,FALSE,FALSE,Vigente,FALSE,
82e20e58,Directo,2506c34a,1/12,10/3/2026,0.93,,,27/2/2026,,,,,,FALSE,FALSE,FALSE,Pagada,FALSE,
394aabaf,Directo,2506c34a,2/12,10/3/2026,0.94,,,27/2/2026,,,,,,FALSE,FALSE,FALSE,Pagada,FALSE,
8a27e0a4,Directo,2506c34a,3/12,10/4/2026,0.94,,,,,,,,,FALSE,FALSE,FALSE,Pagada,FALSE,
d81f9d2f,Directo,2506c34a,4/12,10/5/2026,0.94,,,,,,,,,FALSE,FALSE,FALSE,Pagada,FALSE,
e84f9527,,2506c34a,5/12,10/6/2026,0.94,,,,,,,,,FALSE,FALSE,FALSE,Vigente,FALSE,
ed34c36d,,2506c34a,6/12,10/7/2026,0.94,,,,,,,,,FALSE,FALSE,FALSE,Vigente,FALSE,
ecfb2a6e,,2506c34a,7/12,10/8/2026,0.94,,,,,,,,,FALSE,FALSE,FALSE,Vigente,FALSE,
3de669e9,,2506c34a,8/12,10/9/2026,0.94,,,,,,,,,FALSE,FALSE,FALSE,Vigente,FALSE,
f8c6b82a,,2506c34a,9/12,10/10/2026,0.94,,,,,,,,,FALSE,FALSE,FALSE,Vigente,FALSE,
675fe419,,2506c34a,10/12,10/11/2026,0.94,,,,,,,,,FALSE,FALSE,FALSE,Vigente,FALSE,
4f4f3b73,,2506c34a,11/12,10/12/2026,0.94,,,,,,,,,FALSE,FALSE,FALSE,Vigente,FALSE,
8df6f1e0,,2506c34a,12/12,10/1/2027,0.94,,,,,,,,,FALSE,FALSE,FALSE,Vigente,FALSE,
0c811d82,,e2cda8ba,1/1,19/1/2026,-14.37,,,,,,,,,FALSE,FALSE,FALSE,Anulada,FALSE,
4f209514,,581e420d,1/12,15/2/2026,0.91,,,,,,,,,FALSE,FALSE,FALSE,Vigente,FALSE,
7da6b867,,581e420d,2/12,15/3/2026,0.91,,,,,,,,,FALSE,FALSE,FALSE,Vigente,FALSE,
1445d9b2,,581e420d,3/12,15/4/2026,0.91,,,,,,,,,FALSE,FALSE,FALSE,Vigente,FALSE,
a5a96a99,,581e420d,4/12,15/5/2026,0.91,,,,,,,,,FALSE,FALSE,FALSE,Vigente,FALSE,
ec91b5af,,581e420d,5/12,15/6/2026,0.91,,,,,,,,,FALSE,FALSE,FALSE,Vigente,FALSE,
2e4e8f10,,581e420d,6/12,15/7/2026,0.91,,,,,,,,,FALSE,FALSE,FALSE,Vigente,FALSE,
2b770ce8,,581e420d,7/12,15/8/2026,0.91,,,,,,,,,FALSE,FALSE,FALSE,Vigente,FALSE,
a518a94c,,581e420d,8/12,15/9/2026,0.91,,,,,,,,,FALSE,FALSE,FALSE,Vigente,FALSE,
451bad0b,,581e420d,9/12,15/10/2026,0.91,,,,,,,,,FALSE,FALSE,FALSE,Vigente,FALSE,
bc757133,,581e420d,10/12,15/11/2026,0.91,,,,,,,,,FALSE,FALSE,FALSE,Vigente,FALSE,
9fd21a18,,581e420d,11/12,15/12/2026,0.91,,,,,,,,,FALSE,FALSE,FALSE,Vigente,FALSE,
2093698f,,581e420d,12/12,15/1/2027,0.91,,,,,,,,,FALSE,FALSE,FALSE,Vigente,FALSE,
22de31cf,Automático,44b849be,1/10,5/3/2026,1.73,,,,,,,,,FALSE,FALSE,FALSE,Pagada,FALSE,
4a3c560d,Automático,44b849be,2/10,5/4/2026,1.73,,,,,,,,,FALSE,FALSE,FALSE,Pagada,FALSE,
8fbd39ae,,44b849be,3/10,5/5/2026,1.73,,,,,,,,,FALSE,FALSE,FALSE,Vigente,FALSE,
ddbbdc21,,44b849be,4/10,5/6/2026,1.73,,,,,,,,,FALSE,FALSE,FALSE,Vigente,FALSE,
d2dace94,,44b849be,5/10,5/7/2026,1.73,,,,,,,,,FALSE,FALSE,FALSE,Vigente,FALSE,
53fe9277,,44b849be,6/10,5/8/2026,1.73,,,,,,,,,FALSE,FALSE,FALSE,Vigente,FALSE,
25817eae,,44b849be,7/10,5/9/2026,1.73,,,,,,,,,FALSE,FALSE,FALSE,Vigente,FALSE,
22518f7c,,44b849be,8/10,5/10/2026,1.73,,,,,,,,,FALSE,FALSE,FALSE,Vigente,FALSE,
21cd150d,,44b849be,9/10,5/11/2026,1.73,,,,,,,,,FALSE,FALSE,FALSE,Vigente,FALSE,
7fa9707a,,44b849be,10/10,5/12/2026,1.73,,,,,,,,,FALSE,FALSE,FALSE,Vigente,FALSE,
154c18ca,,86fe7b0f,1/12,10/2/2026,1.66,,,,,,,,,FALSE,FALSE,FALSE,Vigente,FALSE,
2388f4d7,,86fe7b0f,2/12,10/3/2026,1.69,,,,,,,,,FALSE,FALSE,FALSE,Vigente,FALSE,
e5829369,,86fe7b0f,3/12,10/4/2026,1.69,,,,,,,,,FALSE,FALSE,FALSE,Vigente,FALSE,
d442bd65,,86fe7b0f,4/12,10/5/2026,1.69,,,,,,,,,FALSE,FALSE,FALSE,Vigente,FALSE,
3de83b66,,86fe7b0f,5/12,10/6/2026,1.69,,,,,,,,,FALSE,FALSE,FALSE,Vigente,FALSE,
a59833cc,,86fe7b0f,6/12,10/7/2026,1.69,,,,,,,,,FALSE,FALSE,FALSE,Vigente,FALSE,
07dd5a98,,86fe7b0f,7/12,10/8/2026,1.69,,,,,,,,,FALSE,FALSE,FALSE,Vigente,FALSE,
60ae175d,,86fe7b0f,8/12,10/11/2026,1.69,,,,,,,,,FALSE,FALSE,FALSE,Vigente,FALSE,
1f332ddc,,86fe7b0f,9/12,10/12/2026,1.69,,,,,,,,,FALSE,FALSE,FALSE,Vigente,FALSE,
1bbb6de8,,86fe7b0f,10/12,10/1/2027,1.69,,,,,,,,,FALSE,FALSE,FALSE,Vigente,FALSE,
f4c31774,,86fe7b0f,11/12,10/2/2027,1.69,,,,,,,,,FALSE,FALSE,FALSE,Vigente,FALSE,
d1d70e5f,,86fe7b0f,12/12,10/3/2027,1.69,,,,,,,,,FALSE,FALSE,FALSE,Vigente,FALSE,
e4ade96f,,8a997141,1/12,10/2/2026,0.92,,,,,,,,,FALSE,FALSE,FALSE,Vigente,FALSE,
40da3306,,8a997141,2/12,10/3/2026,0.93,,,,,,,,,FALSE,FALSE,FALSE,Vigente,FALSE,
8ad12034,,8a997141,3/12,10/4/2026,0.93,,,,,,,,,FALSE,FALSE,FALSE,Vigente,FALSE,
eb1c1424,,8a997141,4/12,10/5/2026,0.93,,,,,,,,,FALSE,FALSE,FALSE,Vigente,FALSE,
856f5051,,8a997141,5/12,10/6/2026,0.93,,,,,,,,,FALSE,FALSE,FALSE,Vigente,FALSE,
e4576888,,8a997141,6/12,10/7/2026,0.93,,,,,,,,,FALSE,FALSE,FALSE,Vigente,FALSE,
b0b946f1,,8a997141,7/12,10/8/2026,0.93,,,,,,,,,FALSE,FALSE,FALSE,Vigente,FALSE,
8d00e801,,8a997141,8/12,10/9/2026,0.93,,,,,,,,,FALSE,FALSE,FALSE,Vigente,FALSE,
cc0ab033,,8a997141,9/12,10/10/2026,0.93,,,,,,,,,FALSE,FALSE,FALSE,Vigente,FALSE,
6498e6c8,,8a997141,10/12,10/11/2026,0.93,,,,,,,,,FALSE,FALSE,FALSE,Vigente,FALSE,
8090615c,,8a997141,11/12,10/12/2026,0.93,,,,,,,,,FALSE,FALSE,FALSE,Vigente,FALSE,
65cbe625,,8a997141,12/12,10/1/2028,0.93,,,,,,,,,FALSE,FALSE,FALSE,Vigente,FALSE,
a107b61b,Automático,c3cce6aa,1/12,10/2/2026,1.08,,,,,,,,,FALSE,FALSE,FALSE,Pagada,FALSE,
5ff3b7c8,,c3cce6aa,2/12,10/3/2026,1.08,,,,,,,,,FALSE,FALSE,FALSE,Vigente,FALSE,
e37a8657,,c3cce6aa,3/12,10/4/2026,1.08,,,,,,,,,FALSE,FALSE,FALSE,Vigente,FALSE,
2bd65398,,c3cce6aa,4/12,10/5/2026,1.08,,,,,,,,,FALSE,FALSE,FALSE,Vigente,FALSE,
091365c9,,c3cce6aa,5/12,10/6/2026,1.08,,,,,,,,,FALSE,FALSE,FALSE,Vigente,FALSE,
cffdcb5c,,c3cce6aa,6/12,10/7/2026,1.08,,,,,,,,,FALSE,FALSE,FALSE,Vigente,FALSE,
e4cc9f9f,,c3cce6aa,7/12,10/8/2026,1.08,,,,,,,,,FALSE,FALSE,FALSE,Vigente,FALSE,
f68e6832,,c3cce6aa,8/12,10/9/2026,1.08,,,,,,,,,FALSE,FALSE,FALSE,Vigente,FALSE,
4bd82590,,c3cce6aa,9/12,10/10/2026,1.08,,,,,,,,,FALSE,FALSE,FALSE,Vigente,FALSE,
e679b40c,,c3cce6aa,10/12,10/11/2026,1.08,,,,,,,,,FALSE,FALSE,FALSE,Vigente,FALSE,
8eea4c99,,c3cce6aa,11/12,10/12/2026,1.08,,,,,,,,,FALSE,FALSE,FALSE,Vigente,FALSE,
b3b54236,Automático,c3cce6aa,12/12,10/1/2026,1.13,,,,,,,,,FALSE,FALSE,FALSE,Pagada,FALSE,
1f399e37,Automático,53ea5615,1/12,10/2/2026,1.48,,,,,,,,,FALSE,FALSE,FALSE,Pagada,FALSE,
72fbc04b,,53ea5615,2/12,10/3/2026,1.48,,,,,,,,,FALSE,FALSE,FALSE,Vigente,FALSE,
74f791f5,,53ea5615,3/12,10/4/2026,1.48,,,,,,,,,FALSE,FALSE,FALSE,Vigente,FALSE,
c560bd83,,53ea5615,4/12,10/5/2026,1.48,,,,,,,,,FALSE,FALSE,FALSE,Vigente,FALSE,
98d8f326,,53ea5615,5/12,10/6/2026,1.48,,,,,,,,,FALSE,FALSE,FALSE,Vigente,FALSE,
c6b706da,,53ea5615,6/12,10/7/2026,1.48,,,,,,,,,FALSE,FALSE,FALSE,Vigente,FALSE,
c8945c5f,,53ea5615,7/12,10/8/2026,1.48,,,,,,,,,FALSE,FALSE,FALSE,Vigente,FALSE,
77d5177e,,53ea5615,8/12,10/9/2026,1.48,,,,,,,,,FALSE,FALSE,FALSE,Vigente,FALSE,
59d880bb,,53ea5615,9/12,10/10/2026,1.48,,,,,,,,,FALSE,FALSE,FALSE,Vigente,FALSE,
66ca3cb0,,53ea5615,10/12,10/11/2026,1.48,,,,,,,,,FALSE,FALSE,FALSE,Vigente,FALSE,
cae5ab91,,53ea5615,11/12,10/12/2026,1.48,,,,,,,,,FALSE,FALSE,FALSE,Vigente,FALSE,
e485601a,,53ea5615,12/12,10/1/2027,1.44,,,,,,,,,FALSE,FALSE,FALSE,Vigente,FALSE,
805472dd,,5157268b,1/1,10/2/2026,15.14,,,,,,,,,FALSE,FALSE,FALSE,Vigente,FALSE,
1cbb89a1,,383fbdd0,1/1,10/2/2026,25.34,,,,,,,,,FALSE,FALSE,FALSE,Vigente,FALSE,
dffe790f,,75aef5ca,1/12,10/2/2026,1.16,,,,,,,,,FALSE,FALSE,FALSE,Vigente,FALSE,
1ae072a0,,75aef5ca,2/12,10/3/2026,1.19,,,,,,,,,FALSE,FALSE,FALSE,Vigente,FALSE,
f94f1c81,,75aef5ca,3/12,10/4/2026,1.19,,,,,,,,,FALSE,FALSE,FALSE,Vigente,FALSE,
69c1bb9d,,75aef5ca,4/12,10/5/2026,1.19,,,,,,,,,FALSE,FALSE,FALSE,Vigente,FALSE,
66ed0725,,75aef5ca,5/12,10/6/2026,1.19,,,,,,,,,FALSE,FALSE,FALSE,Vigente,FALSE,
5df5f133,,75aef5ca,6/12,10/7/2026,1.19,,,,,,,,,FALSE,FALSE,FALSE,Vigente,FALSE,
7bfe87dc,,75aef5ca,7/12,10/8/2026,1.19,,,,,,,,,FALSE,FALSE,FALSE,Vigente,FALSE,
9c357f7c,,75aef5ca,8/12,10/9/2026,1.19,,,,,,,,,FALSE,FALSE,FALSE,Vigente,FALSE,
49d39457,,75aef5ca,9/12,10/10/2026,1.19,,,,,,,,,FALSE,FALSE,FALSE,Vigente,FALSE,
da4fc289,,75aef5ca,10/12,10/11/2026,1.19,,,,,,,,,FALSE,FALSE,FALSE,Vigente,FALSE,
c99d7a43,,75aef5ca,11/12,10/12/2026,1.19,,,,,,,,,FALSE,FALSE,FALSE,Vigente,FALSE,
a1a19c62,,75aef5ca,12/12,10/1/2027,1.19,,,,,,,,,FALSE,FALSE,FALSE,Vigente,FALSE,
2e657f21,,e9101edf,1/12,10/2/2026,1.00,,,,,,,,,FALSE,FALSE,FALSE,Vigente,FALSE,
8266a0ae,,e9101edf,2/12,10/3/2026,1.02,,,,,,,,,FALSE,FALSE,FALSE,Vigente,FALSE,
e6970d5d,,e9101edf,3/12,10/4/2026,1.02,,,,,,,,,FALSE,FALSE,FALSE,Vigente,FALSE,
f7ccabc0,,e9101edf,4/12,10/5/2026,1.02,,,,,,,,,FALSE,FALSE,FALSE,Vigente,FALSE,
85fc26a0,,e9101edf,5/12,10/6/2026,1.02,,,,,,,,,FALSE,FALSE,FALSE,Vigente,FALSE,
08949f55,,e9101edf,6/12,10/7/2026,1.02,,,,,,,,,FALSE,FALSE,FALSE,Vigente,FALSE,
c47f4b58,,e9101edf,7/12,10/8/2026,1.02,,,,,,,,,FALSE,FALSE,FALSE,Vigente,FALSE,
6838893a,,e9101edf,8/12,10/9/2026,1.02,,,,,,,,,FALSE,FALSE,FALSE,Vigente,FALSE,
d99b96b6,,e9101edf,9/12,10/10/2026,1.02,,,,,,,,,FALSE,FALSE,FALSE,Vigente,FALSE,
f8ddd284,,e9101edf,10/12,10/11/2026,1.02,,,,,,,,,FALSE,FALSE,FALSE,Vigente,FALSE,
15eed754,,e9101edf,11/12,10/12/2026,1.02,,,,,,,,,FALSE,FALSE,FALSE,Vigente,FALSE,
372882af,,e9101edf,12/12,10/1/2027,1.02,,,,,,,,,FALSE,FALSE,FALSE,Vigente,FALSE,
4f024895,,bcc0b1ff,1/1,31/1/2026,-11.15,,,,,,,,,FALSE,FALSE,FALSE,Anulada,FALSE,
21ac68c4,Automático,aacab6da,1/12,10/3/2026,0.79,,,,,,,,,FALSE,FALSE,TRUE,Pagada,FALSE,
7a4a7c0c,Automático,aacab6da,2/12,10/3/2026,0.81,,,,,,,,,FALSE,FALSE,FALSE,Pagada,FALSE,
89587021,Directo,aacab6da,3/12,10/4/2026,0.81,,,,,,,,,FALSE,FALSE,TRUE,Pagada,FALSE,
774fa405,,aacab6da,4/12,10/5/2026,0.81,,,,,,,,,FALSE,FALSE,FALSE,Vigente,FALSE,
b870bc8d,,aacab6da,5/12,10/6/2026,0.81,,,,,,,,,FALSE,FALSE,FALSE,Vigente,FALSE,
15f5e173,,aacab6da,6/12,10/7/2026,0.81,,,,,,,,,FALSE,FALSE,FALSE,Vigente,FALSE,
cd574d0e,,aacab6da,7/12,10/8/2026,0.81,,,,,,,,,FALSE,FALSE,FALSE,Vigente,FALSE,
c6444abf,,aacab6da,8/12,10/9/2026,0.81,,,,,,,,,FALSE,FALSE,FALSE,Vigente,FALSE,
e2e7cc65,,aacab6da,9/12,10/10/2026,0.81,,,,,,,,,FALSE,FALSE,FALSE,Vigente,FALSE,
cc3146ec,,aacab6da,10/12,10/11/2026,0.81,,,,,,,,,FALSE,FALSE,FALSE,Vigente,FALSE,
1c6347fc,,aacab6da,11/12,10/12/2026,0.81,,,,,,,,,FALSE,FALSE,FALSE,Vigente,FALSE,
c4ac8ca7,,aacab6da,12/12,10/1/2027,0.81,,,,,,,,,FALSE,FALSE,FALSE,Vigente,FALSE,
eabc6871,,99eeb447,1/1,31/1/2026,-25.34,,,,,,,,,FALSE,FALSE,FALSE,Anulada,FALSE,
d09b8c22,Directo,17ed660b,1/1,14/3/2026,19.93,,,,,,,,,FALSE,FALSE,FALSE,Pagada,FALSE,
3db040ca,,6b049452,1/1,31/1/2026,-15.14,,,,,,,,,FALSE,FALSE,FALSE,Anulada,FALSE,
37d0366a,Directo,72d4bdb9,1/1,14/3/2026,11.90,,,,,,,,,FALSE,FALSE,FALSE,Pagada,FALSE,
54788344,,82841a3d,1/12,10/2/2026,1.79,,,,,,,,,FALSE,FALSE,FALSE,Vigente,FALSE,
5225624d,,82841a3d,2/12,10/3/2026,1.79,,,,,,,,,FALSE,FALSE,FALSE,Vigente,FALSE,
eecca5ef,,82841a3d,3/12,10/4/2026,1.79,,,,,,,,,FALSE,FALSE,FALSE,Vigente,FALSE,
f2a38451,,82841a3d,4/12,10/5/2026,1.79,,,,,,,,,FALSE,FALSE,FALSE,Vigente,FALSE,
2cf3d843,,82841a3d,5/12,10/6/2026,1.79,,,,,,,,,FALSE,FALSE,FALSE,Vigente,FALSE,
5711a798,,82841a3d,6/12,10/7/2026,1.79,,,,,,,,,FALSE,FALSE,FALSE,Vigente,FALSE,
7d0d6c38,,82841a3d,7/12,10/8/2026,1.79,,,,,,,,,FALSE,FALSE,FALSE,Vigente,FALSE,
3cb4f45f,,82841a3d,8/12,10/9/2026,1.79,,,,,,,,,FALSE,FALSE,FALSE,Vigente,FALSE,
b44a3d38,,82841a3d,9/12,10/10/2026,1.79,,,,,,,,,FALSE,FALSE,FALSE,Vigente,FALSE,
571c86f1,,82841a3d,10/12,10/11/2026,1.79,,,,,,,,,FALSE,FALSE,FALSE,Vigente,FALSE,
e36154bb,,82841a3d,11/12,10/12/2026,1.79,,,,,,,,,FALSE,FALSE,FALSE,Vigente,FALSE,
44f52858,,82841a3d,12/12,10/1/2027,1.75,,,,,,,,,FALSE,FALSE,FALSE,Vigente,FALSE,
09c83c87,,79298a4b,1/1,31/1/2026,-14.25,,,,,,,,,FALSE,FALSE,FALSE,Anulada,FALSE,
a73aaab3,Directo,3d851c38,1/12,10/2/2026,0.79,,,,,18665207,,,,FALSE,FALSE,FALSE,Pagada,FALSE,
d34eb353,Directo,3d851c38,2/12,10/3/2026,0.81,,,,,18665207,,,,FALSE,FALSE,FALSE,Pagada,FALSE,
afcdd03c,Directo,3d851c38,3/12,10/4/2026,0.81,,,,,,,,,FALSE,FALSE,FALSE,Pagada,FALSE,
ec32b08c,,3d851c38,4/12,10/5/2026,0.81,,,,,,,,,FALSE,FALSE,FALSE,Vigente,FALSE,
ccd9c812,,3d851c38,5/12,10/6/2026,0.81,,,,,,,,,FALSE,FALSE,FALSE,Vigente,FALSE,
755c4ec1,,3d851c38,6/12,10/7/2026,0.81,,,,,,,,,FALSE,FALSE,FALSE,Vigente,FALSE,
73b20778,,3d851c38,7/12,10/8/2026,0.81,,,,,,,,,FALSE,FALSE,FALSE,Vigente,FALSE,
b8e67430,,3d851c38,8/12,10/9/2026,0.81,,,,,,,,,FALSE,FALSE,FALSE,Vigente,FALSE,
5c82f186,,3d851c38,9/12,10/10/2026,0.81,,,,,,,,,FALSE,FALSE,FALSE,Vigente,FALSE,
76d88a9a,,3d851c38,10/12,10/11/2026,0.81,,,,,,,,,FALSE,FALSE,FALSE,Vigente,FALSE,
fe863cdf,,3d851c38,11/12,10/12/2026,0.81,,,,,,,,,FALSE,FALSE,FALSE,Vigente,FALSE,
6fec6fe4,,3d851c38,12/12,10/1/2027,0.81,,,,,,,,,FALSE,FALSE,FALSE,Vigente,FALSE,
01627e7f,,581c4a47,1/1,31/1/2026,-12.22,,,,,,,,,FALSE,FALSE,FALSE,Anulada,FALSE,
22598fc8,Directo,6df4b1e6,1/12,10/2/2026,0.79,,,,,18665164,,,,FALSE,FALSE,FALSE,Pagada,FALSE,
3d3feed7,Directo,6df4b1e6,2/12,10/3/2026,0.81,,,,,18665164,,,,FALSE,FALSE,FALSE,Pagada,FALSE,
47585b73,Directo,6df4b1e6,3/12,10/4/2026,0.81,,,,,,,,,FALSE,FALSE,FALSE,Pagada,FALSE,
872c8a34,,6df4b1e6,4/12,10/5/2026,0.81,,,,,,,,,FALSE,FALSE,FALSE,Vigente,FALSE,
65c3ee7d,,6df4b1e6,5/12,10/6/2026,0.81,,,,,,,,,FALSE,FALSE,FALSE,Vigente,FALSE,
748d8307,,6df4b1e6,6/12,10/7/2026,0.81,,,,,,,,,FALSE,FALSE,FALSE,Vigente,FALSE,
912db544,,6df4b1e6,7/12,10/8/2026,0.81,,,,,,,,,FALSE,FALSE,FALSE,Vigente,FALSE,
7dce3934,,6df4b1e6,8/12,10/9/2026,0.81,,,,,,,,,FALSE,FALSE,FALSE,Vigente,FALSE,
5a086a20,,6df4b1e6,9/12,10/10/2026,0.81,,,,,,,,,FALSE,FALSE,FALSE,Vigente,FALSE,
4e727e3c,,6df4b1e6,10/12,10/11/2026,0.81,,,,,,,,,FALSE,FALSE,FALSE,Vigente,FALSE,
681af9b9,,6df4b1e6,11/12,10/12/2026,0.81,,,,,,,,,FALSE,FALSE,FALSE,Vigente,FALSE,
76945b93,,6df4b1e6,12/12,10/1/2027,0.81,,,,,,,,,FALSE,FALSE,FALSE,Vigente,FALSE,
5285b881,,fa6db85e,1/1,30/1/2026,-21.44,,,,,,,,,FALSE,FALSE,FALSE,Anulada,FALSE,
eda97b51,Automático,c0994d80,1/12,10/2/2026,1.24,,,,,,,,,FALSE,FALSE,FALSE,Pagada,FALSE,
bcbb1b51,Automático,c0994d80,2/12,15/3/2026,1.24,,,,,,,,,FALSE,FALSE,TRUE,Pagada,FALSE,
a335a05d,Automático,c0994d80,3/12,15/4/2026,1.24,,,,,,,,,FALSE,FALSE,FALSE,Pagada,FALSE,
9796b58b,,c0994d80,4/12,15/5/2026,1.24,,,,,,,,,FALSE,FALSE,FALSE,Vigente,FALSE,
00f393f4,,c0994d80,5/12,15/6/2026,1.24,,,,,,,,,FALSE,FALSE,FALSE,Vigente,FALSE,
b0d28679,,c0994d80,6/12,15/7/2026,1.24,,,,,,,,,FALSE,FALSE,FALSE,Vigente,FALSE,
c04a0c31,,c0994d80,7/12,15/8/2026,1.24,,,,,,,,,FALSE,FALSE,FALSE,Vigente,FALSE,
db9104a7,,c0994d80,8/12,15/9/2026,1.24,,,,,,,,,FALSE,FALSE,FALSE,Vigente,FALSE,
f3bb9cde,,c0994d80,9/12,15/10/2026,1.24,,,,,,,,,FALSE,FALSE,FALSE,Vigente,FALSE,
58cc0744,,c0994d80,10/12,15/11/2026,1.24,,,,,,,,,FALSE,FALSE,FALSE,Vigente,FALSE,
63aff5a6,,c0994d80,11/12,15/12/2026,1.24,,,,,,,,,FALSE,FALSE,FALSE,Vigente,FALSE,
8b3e772d,,c0994d80,12/12,15/1/2027,1.20,,,,,,,,,FALSE,FALSE,FALSE,Vigente,FALSE,
1155c0b2,,5e5103f5,1/1,6/1/2026,-18.37,,,,,,,,,FALSE,FALSE,FALSE,Cancelada,FALSE,
254a0f27,Directo,0625ad59,1/12,10/3/2026,1.30,,,,,,,,,FALSE,FALSE,FALSE,Pagada,FALSE,
cf2c8ae0,Directo,0625ad59,2/12,10/3/2026,1.33,,,,,,,,,FALSE,FALSE,FALSE,Pagada,FALSE,
f4af4f58,Directo,0625ad59,3/12,10/4/2026,1.33,,,,,,,,,FALSE,FALSE,TRUE,Pagada,FALSE,
5cf3b7fb,Directo,0625ad59,4/12,10/5/2026,1.33,,,,,,,,,FALSE,FALSE,FALSE,Pagada,FALSE,
8221919c,,0625ad59,5/12,10/6/2026,1.33,,,,,,,,,FALSE,FALSE,FALSE,Vigente,FALSE,
53b90f2c,,0625ad59,6/12,10/7/2026,1.33,,,,,,,,,FALSE,FALSE,FALSE,Vigente,FALSE,
94f9dfad,,0625ad59,7/12,10/8/2026,1.33,,,,,,,,,FALSE,FALSE,FALSE,Vigente,FALSE,
efed4243,,0625ad59,8/12,10/9/2026,1.33,,,,,,,,,FALSE,FALSE,FALSE,Vigente,FALSE,
c95b88b7,,0625ad59,9/12,10/10/2026,1.33,,,,,,,,,FALSE,FALSE,FALSE,Vigente,FALSE,
770a2338,,0625ad59,10/12,10/11/2026,1.33,,,,,,,,,FALSE,FALSE,FALSE,Vigente,FALSE,
4e2d39a3,,0625ad59,11/12,10/12/2026,1.33,,,,,,,,,FALSE,FALSE,FALSE,Vigente,FALSE,
b24f970f,,0625ad59,12/12,10/1/2027,1.33,,,,,,,,,FALSE,FALSE,FALSE,Vigente,FALSE,
c68b37ef,,13594cc3,1/1,31/1/2026,-20.25,,,,,,,,,FALSE,FALSE,FALSE,Anulada,FALSE,
5162b187,Directo,6bedbb5f,1/12,25/2/2026,15.85,,,,,,,,,FALSE,FALSE,FALSE,Pagada,FALSE,
d92379d0,Directo,6bedbb5f,2/12,25/3/2026,15.85,,,24/4/2026,"$638,645.00",,,,,FALSE,FALSE,FALSE,Pagada,FALSE,
6c842564,,6bedbb5f,3/12,25/4/2026,15.85,,,,,,,,,FALSE,FALSE,TRUE,Pendiente,FALSE,
00339f53,,6bedbb5f,4/12,25/5/2026,15.85,,,,,,,,,FALSE,FALSE,FALSE,Vigente,FALSE,
f753345b,,6bedbb5f,5/12,25/6/2026,15.85,,,,,,,,,FALSE,FALSE,FALSE,Vigente,FALSE,
1bdf4dee,,6bedbb5f,6/12,25/7/2026,15.85,,,,,,,,,FALSE,FALSE,FALSE,Vigente,FALSE,
255847f7,,6bedbb5f,7/12,25/8/2026,15.85,,,,,,,,,FALSE,FALSE,FALSE,Vigente,FALSE,
9901d9fb,,6bedbb5f,8/12,25/9/2026,15.85,,,,,,,,,FALSE,FALSE,FALSE,Vigente,FALSE,
7d600db7,,6bedbb5f,9/12,25/10/2026,15.85,,,,,,,,,FALSE,FALSE,FALSE,Vigente,FALSE,
7b8ba980,,6bedbb5f,10/12,25/11/2026,15.85,,,,,,,,,FALSE,FALSE,FALSE,Vigente,FALSE,
35d9da70,,6bedbb5f,11/12,25/12/2026,15.85,,,,,,,,,FALSE,FALSE,FALSE,Vigente,FALSE,
39bc4f03,,6bedbb5f,12/12,25/1/2027,15.85,,,,,,,,,FALSE,FALSE,FALSE,Vigente,FALSE,
885365c2,Directo,e9e543f5,1/12,10/3/2026,1.13,,,,,,,,,FALSE,FALSE,TRUE,Pagada,FALSE,
3fc466e7,Directo,e9e543f5,2/12,10/3/2026,1.15,,,,,,,,,FALSE,FALSE,TRUE,Pagada,FALSE,
8ae21fa8,Directo,e9e543f5,3/12,10/4/2026,1.15,,,,,,,,,FALSE,FALSE,FALSE,Pagada,FALSE,
085e6e92,Directo,e9e543f5,4/12,10/5/2026,1.15,,,,,,,,,FALSE,FALSE,FALSE,Pagada,FALSE,
e774c3c1,,e9e543f5,5/12,10/6/2026,1.15,,,,,,,,,FALSE,FALSE,FALSE,Vigente,FALSE,
e83d919d,,e9e543f5,6/12,10/7/2026,1.15,,,,,,,,,FALSE,FALSE,FALSE,Vigente,FALSE,
bafff0b2,,e9e543f5,7/12,10/8/2026,1.15,,,,,,,,,FALSE,FALSE,FALSE,Vigente,FALSE,
38f38f93,,e9e543f5,8/12,10/9/2026,1.15,,,,,,,,,FALSE,FALSE,FALSE,Vigente,FALSE,
050ed4ab,,e9e543f5,9/12,10/10/2026,1.15,,,,,,,,,FALSE,FALSE,FALSE,Vigente,FALSE,
e4d66ace,,e9e543f5,10/12,10/11/2026,1.15,,,,,,,,,FALSE,FALSE,FALSE,Vigente,FALSE,
aa0ea6ed,,e9e543f5,11/12,10/12/2026,1.15,,,,,,,,,FALSE,FALSE,FALSE,Vigente,FALSE,
4d95ab7f,,e9e543f5,12/12,10/1/2027,1.15,,,,,,,,,FALSE,FALSE,FALSE,Vigente,FALSE,
f95d313b,Directo,519c9e92,1/12,10/2/2026,1.66,,,23/1/2026,,18467518,,,,FALSE,FALSE,FALSE,Pagada,FALSE,
bb16bdfe,Directo,519c9e92,2/12,10/3/2026,1.70,,,23/1/2026,,18467518,,,,FALSE,FALSE,FALSE,Pagada,FALSE,
751b6f0e,Directo,519c9e92,3/12,10/4/2026,1.70,,,,,,,,,FALSE,FALSE,FALSE,Pagada,FALSE,18778011
ebf56696,Directo,519c9e92,4/12,10/5/2026,1.70,,,,,,,,,FALSE,FALSE,FALSE,Pagada,FALSE,
6107efed,,519c9e92,5/12,10/6/2026,1.70,,,,,,,,,FALSE,FALSE,FALSE,Vigente,FALSE,
a7d9a73b,,519c9e92,6/12,10/7/2026,1.70,,,,,,,,,FALSE,FALSE,FALSE,Vigente,FALSE,
18038000,,519c9e92,7/12,10/8/2026,1.70,,,,,,,,,FALSE,FALSE,FALSE,Vigente,FALSE,
55f9935a,,519c9e92,8/12,10/9/2026,1.70,,,,,,,,,FALSE,FALSE,FALSE,Vigente,FALSE,
cb9edeeb,,519c9e92,9/12,10/10/2026,1.70,,,,,,,,,FALSE,FALSE,FALSE,Vigente,FALSE,
e8c78cbb,,519c9e92,10/12,10/11/2026,1.70,,,,,,,,,FALSE,FALSE,FALSE,Vigente,FALSE,
8ace0fec,,519c9e92,11/12,10/12/2026,1.70,,,,,,,,,FALSE,FALSE,FALSE,Vigente,FALSE,
6d734826,,519c9e92,12/12,10/1/2027,1.70,,,,,,,,,FALSE,FALSE,FALSE,Vigente,FALSE,
a65484fa,Automático,1af7548e,1/12,10/2/2026,0.99,,,,,,,,,FALSE,FALSE,FALSE,Pagada,FALSE,
89920420,Automático,1af7548e,2/12,10/3/2026,1.01,,,,,,,,,FALSE,FALSE,FALSE,Pagada,FALSE,
b2c08032,Directo,1af7548e,3/12,10/4/2026,1.01,,,,,,,,,FALSE,FALSE,TRUE,Pagada,FALSE,
73c88bae,,1af7548e,4/12,10/5/2026,1.01,,,,,,,,,FALSE,FALSE,FALSE,Vigente,FALSE,
7a4d8a17,,1af7548e,5/12,10/6/2026,1.01,,,,,,,,,FALSE,FALSE,FALSE,Vigente,FALSE,
79b3e19e,,1af7548e,6/12,10/7/2026,1.01,,,,,,,,,FALSE,FALSE,FALSE,Vigente,FALSE,
306261ba,,1af7548e,7/12,10/8/2026,1.01,,,,,,,,,FALSE,FALSE,FALSE,Vigente,FALSE,
2d0df338,,1af7548e,8/12,10/9/2026,1.01,,,,,,,,,FALSE,FALSE,FALSE,Vigente,FALSE,
be20e8a7,,1af7548e,9/12,10/11/2026,1.01,,,,,,,,,FALSE,FALSE,FALSE,Vigente,FALSE,
54f26b5a,,1af7548e,10/12,10/12/2026,1.01,,,,,,,,,FALSE,FALSE,FALSE,Vigente,FALSE,
47dc365d,,1af7548e,11/12,10/1/2027,1.01,,,,,,,,,FALSE,FALSE,FALSE,Vigente,FALSE,
6d5deeb5,,1af7548e,12/12,10/2/2027,1.01,,,,,,,,,FALSE,FALSE,FALSE,Vigente,FALSE,
296bf62e,Directo,a300d1ca,1/1,28/1/2026,1.74,,,2/2/2026,,,,,,FALSE,FALSE,TRUE,Pagada,FALSE,
4e00679f,,3e189a9a,1/12,10/2/2026,1.11,,,,,,,,,FALSE,FALSE,FALSE,Vigente,FALSE,
f656cde0,,3e189a9a,2/12,10/3/2026,1.11,,,,,,,,,FALSE,FALSE,FALSE,Vigente,FALSE,
f1d6e9e6,,3e189a9a,3/12,10/4/2026,1.11,,,,,,,,,FALSE,FALSE,FALSE,Vigente,FALSE,
112aeec2,,3e189a9a,4/12,10/5/2026,1.11,,,,,,,,,FALSE,FALSE,FALSE,Vigente,FALSE,
5d2ce860,,3e189a9a,5/12,10/6/2026,1.11,,,,,,,,,FALSE,FALSE,FALSE,Vigente,FALSE,
0e8a0701,,3e189a9a,6/12,10/7/2026,1.11,,,,,,,,,FALSE,FALSE,FALSE,Vigente,FALSE,
9fb51842,,3e189a9a,7/12,10/8/2026,1.11,,,,,,,,,FALSE,FALSE,FALSE,Vigente,FALSE,
02cf9d53,,3e189a9a,8/12,10/9/2026,1.11,,,,,,,,,FALSE,FALSE,FALSE,Vigente,FALSE,
e39012de,,3e189a9a,9/12,10/10/2026,1.11,,,,,,,,,FALSE,FALSE,FALSE,Vigente,FALSE,
cafb6553,,3e189a9a,10/12,10/11/2026,1.11,,,,,,,,,FALSE,FALSE,FALSE,Vigente,FALSE,
fa5284ef,,3e189a9a,11/12,10/12/2026,1.11,,,,,,,,,FALSE,FALSE,FALSE,Vigente,FALSE,
8c496c6d,,3e189a9a,12/12,10/1/2027,1.11,,,,,,,,,FALSE,FALSE,FALSE,Vigente,FALSE,
5818ae99,Directo,80c6bbb2,1/10,10/3/2026,0.73,,,,,,,,,FALSE,FALSE,TRUE,Pagada,FALSE,
2b3c1a74,Directo,80c6bbb2,2/10,10/4/2026,0.73,,,,,,,,,FALSE,FALSE,TRUE,Pagada,FALSE,
56033ea1,,80c6bbb2,3/10,10/5/2026,0.73,,,,,,,,,FALSE,FALSE,FALSE,Vigente,FALSE,
47bcefc5,,80c6bbb2,4/10,10/6/2026,0.73,,,,,,,,,FALSE,FALSE,FALSE,Vigente,FALSE,
a8446305,,80c6bbb2,5/10,10/7/2026,0.73,,,,,,,,,FALSE,FALSE,FALSE,Vigente,FALSE,
f02dfb17,,80c6bbb2,6/10,10/8/2026,0.73,,,,,,,,,FALSE,FALSE,FALSE,Vigente,FALSE,
c6ff7263,,80c6bbb2,7/10,10/9/2026,0.73,,,,,,,,,FALSE,FALSE,FALSE,Vigente,FALSE,
1cdb5b86,,80c6bbb2,8/10,10/10/2026,0.73,,,,,,,,,FALSE,FALSE,FALSE,Vigente,FALSE,
94b17950,,80c6bbb2,9/10,10/11/2026,0.73,,,,,,,,,FALSE,FALSE,FALSE,Vigente,FALSE,
39a0f00d,,80c6bbb2,10/10,10/12/2026,0.67,,,,,,,,,FALSE,FALSE,FALSE,Vigente,FALSE,
030ab277,Directo,6ed756a7,1/12,14/2/2026,0.74,,,,,,,,,FALSE,FALSE,FALSE,Pagada,FALSE,
60ea09fb,Directo,6ed756a7,2/12,10/3/2026,0.75,,,,,,,,,FALSE,FALSE,FALSE,Pagada,FALSE,
e6b4a3f5,Directo,6ed756a7,3/12,10/4/2026,0.75,,,,,,,,,FALSE,FALSE,FALSE,Pagada,FALSE,
4effc87e,,6ed756a7,4/12,10/5/2026,0.75,,,,,,,,,FALSE,FALSE,FALSE,Vigente,FALSE,
01ae708d,,6ed756a7,5/12,10/6/2026,0.75,,,,,,,,,FALSE,FALSE,FALSE,Vigente,FALSE,
607465ec,,6ed756a7,6/12,10/7/2026,0.75,,,,,,,,,FALSE,FALSE,FALSE,Vigente,FALSE,
c1ff7db5,,6ed756a7,7/12,10/8/2026,0.75,,,,,,,,,FALSE,FALSE,FALSE,Vigente,FALSE,
f414d0c6,,6ed756a7,8/12,10/9/2026,0.75,,,,,,,,,FALSE,FALSE,FALSE,Vigente,FALSE,
59a92e0c,,6ed756a7,9/12,10/10/2026,0.75,,,,,,,,,FALSE,FALSE,FALSE,Vigente,FALSE,
851d0029,,6ed756a7,10/12,10/11/2026,0.75,,,,,,,,,FALSE,FALSE,FALSE,Vigente,FALSE,
44958339,,6ed756a7,11/12,10/12/2026,0.75,,,,,,,,,FALSE,FALSE,FALSE,Vigente,FALSE,
cc2c6810,,6ed756a7,12/12,10/1/2027,0.75,,,,,,,,,FALSE,FALSE,FALSE,Vigente,FALSE,
fc4aa604,,dab3b776,1/1,31/1/2026,-13.32,,,,,,,,,FALSE,FALSE,FALSE,Anulada,FALSE,
df3133ee,Directo,86e0296c,1/12,2/3/2026,0.99,,,,,,,,,FALSE,FALSE,FALSE,Pagada,FALSE,
daae764b,Directo,86e0296c,2/12,2/3/2026,1.01,,,,,,,,,FALSE,FALSE,FALSE,Pagada,FALSE,
295b4dda,Directo,86e0296c,3/12,2/4/2026,1.01,,,,,,,,,FALSE,FALSE,TRUE,Pagada,FALSE,
984dc63c,Directo,86e0296c,4/12,2/5/2026,1.01,,,11/5/2026,"$40,676.00",,/Gestión/Pólizas/Documentos/Cuotas/984dc63c.Pago.201156.pdf,,,FALSE,FALSE,FALSE,Pagada,FALSE,
58e51e70,,86e0296c,5/12,2/6/2026,1.01,,,,,,,,,FALSE,FALSE,FALSE,Vigente,FALSE,
332391ab,,86e0296c,6/12,2/7/2026,1.01,,,,,,,,,FALSE,FALSE,FALSE,Vigente,FALSE,
c77f85db,,86e0296c,7/12,2/8/2026,1.01,,,,,,,,,FALSE,FALSE,FALSE,Vigente,FALSE,
02c7d998,,86e0296c,8/12,2/9/2026,1.01,,,,,,,,,FALSE,FALSE,FALSE,Vigente,FALSE,
9ad385a1,,86e0296c,9/12,2/10/2026,1.01,,,,,,,,,FALSE,FALSE,FALSE,Vigente,FALSE,
bf604111,,86e0296c,10/12,2/11/2026,1.01,,,,,,,,,FALSE,FALSE,FALSE,Vigente,FALSE,
05250b30,,86e0296c,11/12,2/12/2026,1.01,,,,,,,,,FALSE,FALSE,FALSE,Vigente,FALSE,
264c564f,,86e0296c,12/12,2/1/2027,1.01,,,,,,,,,FALSE,FALSE,FALSE,Vigente,FALSE,
d1c1dfef,Directo,8c11979c,1/8,5/3/2026,1.52,,,,,,,,,FALSE,FALSE,FALSE,Pagada,FALSE,
c7eaf160,Directo,8c11979c,2/8,5/4/2026,1.52,,,24/4/2026,"$60,745.00",,,,,FALSE,FALSE,FALSE,Pagada,FALSE,
e87c06e3,,8c11979c,3/8,5/5/2026,1.52,,,,,,,,,FALSE,FALSE,FALSE,Vigente,FALSE,
93b29df2,,8c11979c,4/8,5/6/2026,1.52,,,,,,,,,FALSE,FALSE,FALSE,Vigente,FALSE,
9c3700b1,,8c11979c,5/8,5/7/2026,1.52,,,,,,,,,FALSE,FALSE,FALSE,Vigente,FALSE,
dd701a74,,8c11979c,6/8,5/8/2026,1.52,,,,,,,,,FALSE,FALSE,FALSE,Vigente,FALSE,
3356fe4c,,8c11979c,7/8,5/9/2026,1.52,,,,,,,,,FALSE,FALSE,FALSE,Vigente,FALSE,
c6778701,,8c11979c,8/8,5/10/2026,1.52,,,,,,,,,FALSE,FALSE,FALSE,Vigente,FALSE,
e2f14f65,Directo,Doc0543,1/1,10/10/2025,30.42,,,26/9/2025,,,,,,FALSE,FALSE,FALSE,Pagada,FALSE,
7c396ef6,,Doc0541,1/1,28/1/2025,23.82,,,,,,,,,FALSE,FALSE,FALSE,Anulada,FALSE,
7e8ca9e8,,Doc0542,1/1,28/1/2025,-23.82,,,,,,,,,FALSE,FALSE,FALSE,Anulada,FALSE,
7837345c,,11008863,1/1,27/1/2026,-10.88,,,,,,,,,FALSE,FALSE,FALSE,Anulada,FALSE,
03c0c2d4,,72ce25cc,1/1,10/11/2025,-19.97,,,,,,,,,FALSE,FALSE,FALSE,Cancelada,FALSE,
281698f2,Automático,30ec13be,1/12,15/2/2026,0.39,,,,,,,,,FALSE,FALSE,FALSE,Pagada,FALSE,
3632fb84,Automático,30ec13be,2/12,15/3/2026,0.39,,,,,,,,,FALSE,FALSE,FALSE,Pagada,FALSE,
baf6be6e,Directo,30ec13be,3/12,15/4/2026,0.39,,,,,,,,,FALSE,FALSE,FALSE,Pagada,FALSE,
1e42c745,,30ec13be,4/12,15/5/2026,0.39,,,,,,,,,FALSE,FALSE,FALSE,Vigente,FALSE,
f055379c,,30ec13be,5/12,15/6/2026,0.39,,,,,,,,,FALSE,FALSE,FALSE,Vigente,FALSE,
a004c17a,,30ec13be,6/12,15/7/2026,0.39,,,,,,,,,FALSE,FALSE,FALSE,Vigente,FALSE,
236b3202,,30ec13be,7/12,15/8/2026,0.39,,,,,,,,,FALSE,FALSE,FALSE,Vigente,FALSE,
d395d221,,30ec13be,8/12,15/9/2026,0.39,,,,,,,,,FALSE,FALSE,FALSE,Vigente,FALSE,
a1c95d79,,30ec13be,9/12,15/10/2026,0.39,,,,,,,,,FALSE,FALSE,FALSE,Vigente,FALSE,
e50783d3,,30ec13be,10/12,15/11/2026,0.39,,,,,,,,,FALSE,FALSE,FALSE,Vigente,FALSE,
fdb1dd57,,30ec13be,11/12,15/12/2026,0.39,,,,,,,,,FALSE,FALSE,FALSE,Vigente,FALSE,
329399bc,,30ec13be,12/12,15/1/2027,0.39,,,,,,,,,FALSE,FALSE,FALSE,Vigente,FALSE,
03e1e0f7,Automático,f3e78bc9,1/12,5/3/2026,1.11,,,,,,,,,FALSE,FALSE,FALSE,Pagada,FALSE,
927ea9aa,Automático,f3e78bc9,2/12,5/4/2026,1.14,,,,,,,,,FALSE,FALSE,FALSE,Pagada,FALSE,
aebf763d,Directo,f3e78bc9,3/12,5/5/2026,1.14,,,,,,,,,FALSE,FALSE,FALSE,Pagada,FALSE,
6e788b6e,,f3e78bc9,4/12,5/6/2026,1.14,,,,,,,,,FALSE,FALSE,FALSE,Vigente,FALSE,
9efc3434,,f3e78bc9,5/12,5/7/2026,1.14,,,,,,,,,FALSE,FALSE,FALSE,Vigente,FALSE,
f24fd077,,f3e78bc9,6/12,5/8/2026,1.14,,,,,,,,,FALSE,FALSE,FALSE,Vigente,FALSE,
9d0da247,,f3e78bc9,7/12,5/9/2026,1.14,,,,,,,,,FALSE,FALSE,FALSE,Vigente,FALSE,
af10b513,,f3e78bc9,8/12,5/10/2026,1.14,,,,,,,,,FALSE,FALSE,FALSE,Vigente,FALSE,
f5a63a88,,f3e78bc9,9/12,5/11/2026,1.14,,,,,,,,,FALSE,FALSE,FALSE,Vigente,FALSE,
d1aa2061,,f3e78bc9,10/12,5/12/2026,1.14,,,,,,,,,FALSE,FALSE,FALSE,Vigente,FALSE,
174b6c58,,f3e78bc9,11/12,5/1/2027,1.14,,,,,,,,,FALSE,FALSE,FALSE,Vigente,FALSE,
42b16e0e,,f3e78bc9,12/12,5/2/2027,1.14,,,,,,,,,FALSE,FALSE,FALSE,Vigente,FALSE,
ec49a8d4,Automático,9f4bbd7a,1/12,2/10/2024,1.42,,,,,,,,,FALSE,FALSE,FALSE,Pagada,FALSE,
e3b3a5ec,Automático,9f4bbd7a,2/12,2/11/2024,1.42,,,,,,,,,FALSE,FALSE,FALSE,Pagada,FALSE,
79188be0,Automático,9f4bbd7a,3/12,2/12/2024,1.42,,,,,,,,,FALSE,FALSE,FALSE,Pagada,FALSE,
2793bf63,Automático,9f4bbd7a,4/12,2/1/2025,1.42,,,,,,,,,FALSE,FALSE,FALSE,Pagada,FALSE,
a5f8ca3a,Automático,9f4bbd7a,5/12,2/1/2025,1.42,,,,,,,,,FALSE,FALSE,FALSE,Pagada,FALSE,
bc5cc459,Automático,9f4bbd7a,6/12,2/2/2025,1.42,,,,,,,,,FALSE,FALSE,FALSE,Pagada,FALSE,
7bf16b0b,Automático,9f4bbd7a,7/12,2/3/2025,1.42,,,,,,,,,FALSE,FALSE,FALSE,Pagada,FALSE,
03d94819,Automático,9f4bbd7a,8/12,2/4/2025,1.42,,,,,,,,,FALSE,FALSE,FALSE,Pagada,FALSE,
1533917c,Automático,9f4bbd7a,9/12,2/5/2025,1.42,,,,,,,,,FALSE,FALSE,FALSE,Pagada,FALSE,
7a78d6cb,Automático,9f4bbd7a,10/12,2/6/2025,1.42,,,,,,,,,FALSE,FALSE,FALSE,Pagada,FALSE,
f6b3710e,Automático,9f4bbd7a,11/12,2/7/2025,1.42,,,,,,,,,FALSE,FALSE,FALSE,Pagada,FALSE,
687580ae,Automático,9f4bbd7a,12/12,2/8/2025,1.42,,,,,,,,,FALSE,FALSE,FALSE,Pagada,FALSE,
2621aecb,Automático,9ba90668,1/12,2/10/2025,1.77,,,,,,,,,FALSE,FALSE,FALSE,Pagada,FALSE,
066ff229,Automático,9ba90668,2/12,2/11/2025,1.77,,,,,,,,,FALSE,FALSE,FALSE,Pagada,FALSE,
a68068cd,Automático,9ba90668,3/12,2/12/2025,1.77,,,,,,,,,FALSE,FALSE,FALSE,Pagada,FALSE,
1de5ad30,Automático,9ba90668,4/12,2/1/2026,1.77,,,,,,,,,FALSE,FALSE,FALSE,Pagada,FALSE,
ee7cd7b6,Automático,9ba90668,5/12,2/2/2026,1.77,,,,,,,,,FALSE,FALSE,FALSE,Pagada,FALSE,
49bb1519,Automático,9ba90668,6/12,2/3/2026,1.77,,,,,,,,,FALSE,FALSE,FALSE,Pagada,FALSE,
3d4c8041,Automático,9ba90668,7/12,2/4/2026,1.77,,,,,,,,,FALSE,FALSE,FALSE,Pagada,FALSE,
b4705a48,Automático,9ba90668,8/12,2/5/2026,1.77,,,,,,,,,FALSE,FALSE,FALSE,Pagada,FALSE,
3366f657,,9ba90668,9/12,2/6/2026,1.77,,,,,,,,,FALSE,FALSE,FALSE,Vigente,FALSE,
e61c321e,,9ba90668,10/12,2/7/2026,1.77,,,,,,,,,FALSE,FALSE,FALSE,Vigente,FALSE,
efe088ab,,9ba90668,11/12,2/8/2026,1.77,,,,,,,,,FALSE,FALSE,FALSE,Vigente,FALSE,
2f70d3ee,,9ba90668,12/12,2/9/2026,1.77,,,,,,,,,FALSE,FALSE,FALSE,Vigente,FALSE,
8ea39c68,Directo,4e5625b7,1/12,5/3/2026,0.55,,,,,,,,,FALSE,FALSE,TRUE,Pagada,FALSE,
ae437897,Directo,4e5625b7,2/12,5/4/2026,0.55,,,,,,,,,FALSE,FALSE,FALSE,Pagada,FALSE,
949d883d,,4e5625b7,3/12,5/5/2026,0.55,,,,,,,,,FALSE,FALSE,FALSE,Vigente,FALSE,
26e6cf46,,4e5625b7,4/12,5/6/2026,0.55,,,,,,,,,FALSE,FALSE,FALSE,Vigente,FALSE,
5fc1e55f,,4e5625b7,5/12,5/7/2026,0.55,,,,,,,,,FALSE,FALSE,FALSE,Vigente,FALSE,
9e7298e7,,4e5625b7,6/12,5/8/2026,0.55,,,,,,,,,FALSE,FALSE,FALSE,Vigente,FALSE,
48630ffa,,4e5625b7,7/12,5/9/2026,0.55,,,,,,,,,FALSE,FALSE,FALSE,Vigente,FALSE,
c0547624,,4e5625b7,8/12,5/10/2026,0.55,,,,,,,,,FALSE,FALSE,FALSE,Vigente,FALSE,
48dfe441,,4e5625b7,9/12,5/11/2026,0.55,,,,,,,,,FALSE,FALSE,FALSE,Vigente,FALSE,
7bb8fb2b,,4e5625b7,10/12,5/12/2026,0.55,,,,,,,,,FALSE,FALSE,FALSE,Vigente,FALSE,
40d30537,,4e5625b7,11/12,5/1/2027,0.55,,,,,,,,,FALSE,FALSE,FALSE,Vigente,FALSE,
0c4dfbde,,4e5625b7,12/12,5/2/2027,0.55,,,,,,,,,FALSE,FALSE,FALSE,Vigente,FALSE,
68f415b7,Automático,f4a1d3d8,1/12,23/2/2026,1.19,,,,,,,,,FALSE,FALSE,TRUE,Pagada,FALSE,
cfde4df5,Automático,f4a1d3d8,2/12,2/4/2026,1.21,,,,,,,,,FALSE,FALSE,FALSE,Pagada,FALSE,
64fa8e85,Directo,f4a1d3d8,3/12,2/5/2026,1.21,,,,,,,,,FALSE,FALSE,FALSE,Pagada,FALSE,
3874e76c,,f4a1d3d8,4/12,2/6/2026,1.21,,,,,,,,,FALSE,FALSE,FALSE,Vigente,FALSE,
2c6dd178,,f4a1d3d8,5/12,2/7/2026,1.21,,,,,,,,,FALSE,FALSE,FALSE,Vigente,FALSE,
57669d31,,f4a1d3d8,6/12,2/8/2026,1.21,,,,,,,,,FALSE,FALSE,FALSE,Vigente,FALSE,
02f2479a,,f4a1d3d8,7/12,2/9/2026,1.21,,,,,,,,,FALSE,FALSE,FALSE,Vigente,FALSE,
a29996d7,,f4a1d3d8,8/12,2/10/2026,1.21,,,,,,,,,FALSE,FALSE,FALSE,Vigente,FALSE,
3ac949ce,,f4a1d3d8,9/12,2/11/2026,1.21,,,,,,,,,FALSE,FALSE,FALSE,Vigente,FALSE,
61c65096,,f4a1d3d8,10/12,2/12/2026,1.21,,,,,,,,,FALSE,FALSE,FALSE,Vigente,FALSE,
f44d13f0,,f4a1d3d8,11/12,2/1/2027,1.21,,,,,,,,,FALSE,FALSE,FALSE,Vigente,FALSE,
f9c01a79,,f4a1d3d8,12/12,2/2/2027,1.21,,,,,,,,,FALSE,FALSE,FALSE,Vigente,FALSE,
e22f187b,Automático,9f4bbd7a2,1/12,2/10/2023,1.42,,,,,,,,,FALSE,FALSE,FALSE,Pagada,FALSE,
6668d52c,Automático,9f4bbd7a2,2/12,2/11/2023,1.42,,,,,,,,,FALSE,FALSE,FALSE,Pagada,FALSE,
1d6b0c0f,Automático,9f4bbd7a2,3/12,2/12/2023,1.42,,,,,,,,,FALSE,FALSE,FALSE,Pagada,FALSE,
450ebcf2,Automático,9f4bbd7a2,4/12,2/1/2024,1.42,,,,,,,,,FALSE,FALSE,FALSE,Pagada,FALSE,
9ca3b1b2,Automático,9f4bbd7a2,5/12,2/2/2024,1.42,,,,,,,,,FALSE,FALSE,FALSE,Pagada,FALSE,
f0989200,Automático,9f4bbd7a2,6/12,2/3/2024,1.42,,,,,,,,,FALSE,FALSE,FALSE,Pagada,FALSE,
258a2bdd,Automático,9f4bbd7a2,7/12,2/4/2024,1.42,,,,,,,,,FALSE,FALSE,FALSE,Pagada,FALSE,
ebde2c84,Automático,9f4bbd7a2,8/12,2/5/2024,1.42,,,,,,,,,FALSE,FALSE,FALSE,Pagada,FALSE,
5ef14e16,Automático,9f4bbd7a2,9/12,2/6/2024,1.42,,,,,,,,,FALSE,FALSE,FALSE,Pagada,FALSE,
f7acdd03,Automático,9f4bbd7a2,10/12,2/7/2024,1.42,,,,,,,,,FALSE,FALSE,FALSE,Pagada,FALSE,
50f2583f,Automático,9f4bbd7a2,11/12,2/8/2024,1.42,,,,,,,,,FALSE,FALSE,FALSE,Pagada,FALSE,
e07b1fba,Automático,9f4bbd7a2,12/12,2/9/2024,1.42,,,,,,,,,FALSE,FALSE,FALSE,Pagada,FALSE,
ee9e73ab,Automático,7ce05548,1/12,5/3/2026,1.50,,,,,,,,,FALSE,FALSE,FALSE,Pagada,FALSE,
e71d9e5e,Automático,7ce05548,2/12,5/4/2026,1.50,,,,,,,,,FALSE,FALSE,FALSE,Pagada,FALSE,
f1b75c11,,7ce05548,3/12,5/5/2026,1.50,,,,,,,,,FALSE,FALSE,FALSE,Vigente,FALSE,
6a43681b,,7ce05548,4/12,5/6/2026,1.50,,,,,,,,,FALSE,FALSE,FALSE,Vigente,FALSE,
672c5a1e,,7ce05548,5/12,5/7/2026,1.50,,,,,,,,,FALSE,FALSE,FALSE,Vigente,FALSE,
69448f56,,7ce05548,6/12,5/8/2026,1.50,,,,,,,,,FALSE,FALSE,FALSE,Vigente,FALSE,
73e042f4,,7ce05548,7/12,5/9/2026,1.50,,,,,,,,,FALSE,FALSE,FALSE,Vigente,FALSE,
f5a1e559,,7ce05548,8/12,5/10/2026,1.50,,,,,,,,,FALSE,FALSE,FALSE,Vigente,FALSE,
f7c71af6,,7ce05548,9/12,5/11/2026,1.50,,,,,,,,,FALSE,FALSE,FALSE,Vigente,FALSE,
35f4994d,,7ce05548,10/12,5/12/2026,1.50,,,,,,,,,FALSE,FALSE,FALSE,Vigente,FALSE,
c1d7798f,,7ce05548,11/12,5/1/2027,1.50,,,,,,,,,FALSE,FALSE,FALSE,Vigente,FALSE,
608edab9,,7ce05548,12/12,5/2/2027,1.50,,,,,,,,,FALSE,FALSE,FALSE,Vigente,FALSE,
5f6039ab,Automático,a6c31c88,1/12,12/3/2026,0.88,,,,,,,,,FALSE,FALSE,TRUE,Pagada,FALSE,
12caa8ce,Automático,a6c31c88,2/12,10/4/2026,0.90,,,,,,,,,FALSE,FALSE,FALSE,Pagada,FALSE,
97b8a733,Directo,a6c31c88,3/12,10/5/2026,0.90,,,,,,,,,FALSE,FALSE,FALSE,Pagada,FALSE,
6bf5666a,,a6c31c88,4/12,10/6/2026,0.90,,,,,,,,,FALSE,FALSE,FALSE,Vigente,FALSE,
cd230a10,,a6c31c88,5/12,10/7/2026,0.90,,,,,,,,,FALSE,FALSE,FALSE,Vigente,FALSE,
b47acf96,,a6c31c88,6/12,10/8/2026,0.90,,,,,,,,,FALSE,FALSE,FALSE,Vigente,FALSE,
7b0949a3,,a6c31c88,7/12,10/9/2026,0.90,,,,,,,,,FALSE,FALSE,FALSE,Vigente,FALSE,
c76a7afa,,a6c31c88,8/12,10/10/2026,0.90,,,,,,,,,FALSE,FALSE,FALSE,Vigente,FALSE,
dfd1f0f5,,a6c31c88,9/12,10/11/2026,0.90,,,,,,,,,FALSE,FALSE,FALSE,Vigente,FALSE,
d73f2714,,a6c31c88,10/12,10/12/2026,0.90,,,,,,,,,FALSE,FALSE,FALSE,Vigente,FALSE,
4b720cbd,,a6c31c88,11/12,10/1/2027,0.90,,,,,,,,,FALSE,FALSE,FALSE,Vigente,FALSE,
b66d09f9,,a6c31c88,12/12,10/2/2027,0.90,,,,,,,,,FALSE,FALSE,FALSE,Vigente,FALSE,
c79edcef,Directo,1cddf23d,1/1,25/3/2026,13.32,,,27/2/2026,"$529,407.00",,,,,FALSE,FALSE,FALSE,Pagada,FALSE,
93e721a2,,fa12c19a,1/1,26/2/2026,20.62,,,,,,,,,FALSE,FALSE,FALSE,Pendiente,FALSE,
7ffe3b56,,af8abc50,1/1,26/2/2026,-20.62,,,,,,,,,FALSE,FALSE,FALSE,Anulada,FALSE,
73c7d12a,Automático,dce7f7b8,1/12,14/3/2026,1.29,,,,,,,,,FALSE,FALSE,TRUE,Pagada,FALSE,
9280039a,Automático,dce7f7b8,2/12,2/4/2026,1.32,,,,,,,,,FALSE,FALSE,FALSE,Pagada,FALSE,
1bfa85a4,Automático,dce7f7b8,3/12,2/5/2026,1.32,,,,,,,,,FALSE,FALSE,FALSE,Pagada,FALSE,
268915c5,,dce7f7b8,4/12,2/6/2026,1.32,,,,,,,,,FALSE,FALSE,FALSE,Vigente,FALSE,
4e9dc7a1,,dce7f7b8,5/12,2/7/2026,1.32,,,,,,,,,FALSE,FALSE,FALSE,Vigente,FALSE,
656bb59e,,dce7f7b8,6/12,2/8/2026,1.32,,,,,,,,,FALSE,FALSE,FALSE,Vigente,FALSE,
bc1b4a15,,dce7f7b8,7/12,2/9/2026,1.32,,,,,,,,,FALSE,FALSE,FALSE,Vigente,FALSE,
a4c601fe,,dce7f7b8,8/12,2/10/2026,1.32,,,,,,,,,FALSE,FALSE,FALSE,Vigente,FALSE,
e583fa52,,dce7f7b8,9/12,2/11/2026,1.32,,,,,,,,,FALSE,FALSE,FALSE,Vigente,FALSE,
efd97bdb,,dce7f7b8,10/12,2/12/2026,1.32,,,,,,,,,FALSE,FALSE,FALSE,Vigente,FALSE,
9e33402b,,dce7f7b8,11/12,2/1/2027,1.32,,,,,,,,,FALSE,FALSE,FALSE,Vigente,FALSE,
9d4c8c37,,dce7f7b8,12/12,2/2/2027,1.32,,,,,,,,,FALSE,FALSE,FALSE,Vigente,FALSE,
cf39d274,Automático,47876742,1/11,5/3/2026,0.98,,,,,,,,,FALSE,FALSE,FALSE,Pagada,FALSE,
d5d9e058,Automático,47876742,2/11,5/4/2026,0.98,,,,,,,,,FALSE,FALSE,FALSE,Pagada,FALSE,
ddf04bea,Automático,47876742,3/11,5/5/2026,0.98,,,,,,,,,FALSE,FALSE,FALSE,Pagada,FALSE,
8c69a86a,,47876742,4/11,5/6/2026,0.98,,,,,,,,,FALSE,FALSE,FALSE,Vigente,FALSE,
f363d8a5,,47876742,5/11,5/7/2026,0.98,,,,,,,,,FALSE,FALSE,FALSE,Vigente,FALSE,
1e15ddda,,47876742,6/11,5/8/2026,0.98,,,,,,,,,FALSE,FALSE,FALSE,Vigente,FALSE,
768527d5,,47876742,7/11,5/9/2026,0.98,,,,,,,,,FALSE,FALSE,FALSE,Vigente,FALSE,
c1d773dd,,47876742,8/11,5/10/2026,0.98,,,,,,,,,FALSE,FALSE,FALSE,Vigente,FALSE,
2329eedd,,47876742,9/11,5/11/2026,0.98,,,,,,,,,FALSE,FALSE,FALSE,Vigente,FALSE,
19a0657c,,47876742,10/11,5/12/2026,0.98,,,,,,,,,FALSE,FALSE,FALSE,Vigente,FALSE,
d03136ee,,47876742,11/11,5/1/2027,1.02,,,,,,,,,FALSE,FALSE,FALSE,Vigente,FALSE,
3658bafb,Automático,d22382db,1/12,10/3/2026,0.91,,,,,,,,,FALSE,FALSE,FALSE,Pagada,FALSE,
fe3d0502,Directo,d22382db,2/12,5/4/2026,0.91,,,,,,,,,FALSE,FALSE,FALSE,Pagada,FALSE,
1d45232e,,d22382db,3/12,5/5/2026,0.91,,,,,,,,,FALSE,FALSE,FALSE,Vigente,FALSE,
0943aa24,,d22382db,4/12,5/6/2026,0.91,,,,,,,,,FALSE,FALSE,FALSE,Vigente,FALSE,
b007d80d,,d22382db,5/12,5/7/2026,0.91,,,,,,,,,FALSE,FALSE,FALSE,Vigente,FALSE,
e8b18015,,d22382db,6/12,5/8/2026,0.91,,,,,,,,,FALSE,FALSE,FALSE,Vigente,FALSE,
e824b3fc,,d22382db,7/12,5/9/2026,0.91,,,,,,,,,FALSE,FALSE,FALSE,Vigente,FALSE,
af30b789,,d22382db,8/12,5/10/2026,0.91,,,,,,,,,FALSE,FALSE,FALSE,Vigente,FALSE,
6a9df27f,,d22382db,9/12,5/11/2026,0.91,,,,,,,,,FALSE,FALSE,FALSE,Vigente,FALSE,
33981b69,,d22382db,10/12,5/12/2026,0.91,,,,,,,,,FALSE,FALSE,FALSE,Vigente,FALSE,
47a074a8,,d22382db,11/12,5/1/2027,0.91,,,,,,,,,FALSE,FALSE,FALSE,Vigente,FALSE,
796208ba,,d22382db,12/12,5/2/2027,0.87,,,,,,,,,FALSE,FALSE,FALSE,Vigente,FALSE,
9a7a385b,Automático,d200243b,1/12,16/3/2026,1.04,,,,,,,,,FALSE,FALSE,TRUE,Pagada,FALSE,
3ad13360,Automático,d200243b,2/12,2/4/2026,1.06,,,,,,,,,FALSE,FALSE,FALSE,Pagada,FALSE,
2a265169,Automático,d200243b,3/12,2/5/2026,1.06,,,,,,,,,FALSE,FALSE,FALSE,Pagada,FALSE,
789d4f02,,d200243b,4/12,2/6/2026,1.06,,,,,,,,,FALSE,FALSE,FALSE,Vigente,FALSE,
2ae85cdb,,d200243b,5/12,2/7/2026,1.06,,,,,,,,,FALSE,FALSE,FALSE,Vigente,FALSE,
eeed9453,,d200243b,6/12,2/8/2026,1.06,,,,,,,,,FALSE,FALSE,FALSE,Vigente,FALSE,
6bb6a63c,,d200243b,7/12,2/9/2026,1.06,,,,,,,,,FALSE,FALSE,FALSE,Vigente,FALSE,
eb0942fd,,d200243b,8/12,2/10/2026,1.06,,,,,,,,,FALSE,FALSE,FALSE,Vigente,FALSE,
0cc5ff73,,d200243b,9/12,2/11/2026,1.06,,,,,,,,,FALSE,FALSE,FALSE,Vigente,FALSE,
9aac5add,,d200243b,10/12,2/12/2026,1.06,,,,,,,,,FALSE,FALSE,FALSE,Vigente,FALSE,
ef9006b5,,d200243b,11/12,2/1/2027,1.06,,,,,,,,,FALSE,FALSE,FALSE,Vigente,FALSE,
95552b19,,d200243b,12/12,2/2/2027,1.06,,,,,,,,,FALSE,FALSE,FALSE,Vigente,FALSE,
174f38fb,Directo,15aae5fc,1/12,10/3/2026,1.49,,,,,,,,,FALSE,FALSE,TRUE,Pagada,FALSE,
2c70a1c6,Directo,15aae5fc,2/12,10/4/2026,1.52,,,,,,,,,FALSE,FALSE,FALSE,Pagada,FALSE,
6cb9e35f,,15aae5fc,3/12,10/5/2026,1.52,,,,,,,,,FALSE,FALSE,FALSE,Pendiente,FALSE,
83752eef,,15aae5fc,4/12,10/6/2026,1.52,,,,,,,,,FALSE,FALSE,FALSE,Vigente,FALSE,
f793a5a3,,15aae5fc,5/12,10/7/2026,1.52,,,,,,,,,FALSE,FALSE,FALSE,Vigente,FALSE,
5e429de4,,15aae5fc,6/12,10/8/2026,1.52,,,,,,,,,FALSE,FALSE,FALSE,Vigente,FALSE,
877ee702,,15aae5fc,7/12,10/9/2026,1.52,,,,,,,,,FALSE,FALSE,FALSE,Vigente,FALSE,
ab286d2f,,15aae5fc,8/12,10/10/2026,1.52,,,,,,,,,FALSE,FALSE,FALSE,Vigente,FALSE,
f9bfef78,,15aae5fc,9/12,10/11/2026,1.52,,,,,,,,,FALSE,FALSE,FALSE,Vigente,FALSE,
bf4741a0,,15aae5fc,10/12,10/12/2026,1.52,,,,,,,,,FALSE,FALSE,FALSE,Vigente,FALSE,
ca0d6e1d,,15aae5fc,11/12,10/1/2027,1.52,,,,,,,,,FALSE,FALSE,FALSE,Vigente,FALSE,
5f7db971,,15aae5fc,12/12,10/2/2027,1.52,,,,,,,,,FALSE,FALSE,FALSE,Vigente,FALSE,
6f63b709,Directo,23a03a7c,1/6,25/4/2026,0.90,,,,,,,,,FALSE,FALSE,FALSE,Pagada,FALSE,
cfe2dc2b,,23a03a7c,2/6,25/5/2026,0.91,,,,,,,,,FALSE,FALSE,FALSE,Pendiente,FALSE,
a133449f,,23a03a7c,3/6,25/6/2026,0.91,,,,,,,,,FALSE,FALSE,FALSE,Vigente,FALSE,
e224fab6,,23a03a7c,4/6,18/7/2026,0.91,,,,,,,,,FALSE,FALSE,FALSE,Vigente,FALSE,
59c21940,,23a03a7c,5/6,18/8/2026,0.91,,,,,,,,,FALSE,FALSE,FALSE,Vigente,FALSE,
4b26fe50,,23a03a7c,6/6,18/9/2026,0.91,,,,,,,,,FALSE,FALSE,FALSE,Vigente,FALSE,
d61cabda,,9b9e9b7d,1/12,25/3/2026,1.49,,,,,,,,,FALSE,FALSE,FALSE,Pendiente,FALSE,
2f224faa,,9b9e9b7d,2/12,25/4/2026,1.49,,,,,,,,,FALSE,FALSE,FALSE,Vigente,FALSE,
fb2ca8a7,,9b9e9b7d,3/12,25/5/2026,1.49,,,,,,,,,FALSE,FALSE,FALSE,Vigente,FALSE,
9f7cddb2,,9b9e9b7d,4/12,25/6/2026,1.49,,,,,,,,,FALSE,FALSE,FALSE,Vigente,FALSE,
a761a814,,9b9e9b7d,5/12,25/7/2026,1.49,,,,,,,,,FALSE,FALSE,FALSE,Vigente,FALSE,
88985383,,9b9e9b7d,6/12,25/8/2026,1.49,,,,,,,,,FALSE,FALSE,FALSE,Vigente,FALSE,
70e1335a,,9b9e9b7d,7/12,25/9/2026,1.49,,,,,,,,,FALSE,FALSE,FALSE,Vigente,FALSE,
741c5a81,,9b9e9b7d,8/12,25/10/2026,1.49,,,,,,,,,FALSE,FALSE,FALSE,Vigente,FALSE,
7c969671,,9b9e9b7d,9/12,25/11/2026,1.49,,,,,,,,,FALSE,FALSE,FALSE,Vigente,FALSE,
1da397bc,,9b9e9b7d,10/12,25/12/2026,1.49,,,,,,,,,FALSE,FALSE,FALSE,Vigente,FALSE,
b62b2d19,,9b9e9b7d,11/12,25/1/2027,1.49,,,,,,,,,FALSE,FALSE,FALSE,Vigente,FALSE,
76da8737,,9b9e9b7d,12/12,25/2/2027,1.49,,,,,,,,,FALSE,FALSE,FALSE,Vigente,FALSE,
b649385c,,99444490,1/1,27/2/2026,-16.41,,,,,,,,,FALSE,FALSE,FALSE,Cancelada,FALSE,
49e81eed,Automático,bf7ad955,1/6,5/4/2026,1.79,,,,,,,,,FALSE,FALSE,FALSE,Pagada,FALSE,
d3a6e424,Automático,bf7ad955,2/6,5/5/2026,1.79,,,,,,,,,FALSE,FALSE,FALSE,Pagada,FALSE,
a2a72150,,bf7ad955,3/6,5/6/2026,1.79,,,,,,,,,FALSE,FALSE,FALSE,Vigente,FALSE,
55dd89d8,,bf7ad955,4/6,5/7/2026,1.79,,,,,,,,,FALSE,FALSE,FALSE,Vigente,FALSE,
a3233075,,bf7ad955,5/6,5/8/2026,1.79,,,,,,,,,FALSE,FALSE,FALSE,Vigente,FALSE,
c12e3238,,bf7ad955,6/6,5/9/2026,1.79,,,,,,,,,FALSE,FALSE,FALSE,Vigente,FALSE,
61bea214,Directo,be6b9371,1/10,5/5/2026,1.02,,,11/5/2026,"$41,079.00",,,/Gestión/Pólizas/Documentos/Cuotas/61bea214.Recibo.163824.pdf,,FALSE,FALSE,FALSE,Pagada,FALSE,
d44d7574,,be6b9371,2/10,5/6/2026,1.02,,,,,,,,,FALSE,FALSE,FALSE,Vigente,FALSE,
8136c037,,be6b9371,3/10,5/7/2026,1.02,,,,,,,,,FALSE,FALSE,FALSE,Vigente,FALSE,
13777d2d,,be6b9371,4/10,5/8/2026,1.02,,,,,,,,,FALSE,FALSE,FALSE,Vigente,FALSE,
153427fd,,be6b9371,5/10,5/9/2026,1.02,,,,,,,,,FALSE,FALSE,FALSE,Vigente,FALSE,
faa989ce,,be6b9371,6/10,5/10/2026,1.02,,,,,,,,,FALSE,FALSE,FALSE,Vigente,FALSE,
1773bee6,,be6b9371,7/10,5/11/2026,1.02,,,,,,,,,FALSE,FALSE,FALSE,Vigente,FALSE,
d5150d59,,be6b9371,8/10,5/12/2026,1.02,,,,,,,,,FALSE,FALSE,FALSE,Vigente,FALSE,
30405009,,be6b9371,9/10,5/1/2027,1.02,,,,,,,,,FALSE,FALSE,FALSE,Vigente,FALSE,
780a7675,,be6b9371,10/10,5/2/2027,1.02,,,,,,,,,FALSE,FALSE,FALSE,Vigente,FALSE,
af333f23,Automático,bfdd72b4,1/12,5/4/2026,1.51,,,,,,,,,FALSE,FALSE,FALSE,Pagada,FALSE,
bed6f460,Automático,bfdd72b4,2/12,5/5/2026,1.51,,,,,,,,,FALSE,FALSE,FALSE,Pagada,FALSE,
69c0964f,,bfdd72b4,3/12,5/6/2026,1.51,,,,,,,,,FALSE,FALSE,FALSE,Vigente,FALSE,
d28244e1,,bfdd72b4,4/12,5/7/2026,1.51,,,,,,,,,FALSE,FALSE,FALSE,Vigente,FALSE,
77fec77a,,bfdd72b4,5/12,5/8/2026,1.51,,,,,,,,,FALSE,FALSE,FALSE,Vigente,FALSE,
c5fbfd12,,bfdd72b4,6/12,5/9/2026,1.51,,,,,,,,,FALSE,FALSE,FALSE,Vigente,FALSE,
0561f587,,bfdd72b4,7/12,5/10/2026,1.51,,,,,,,,,FALSE,FALSE,FALSE,Vigente,FALSE,
964c2e5c,,bfdd72b4,8/12,5/11/2026,1.51,,,,,,,,,FALSE,FALSE,FALSE,Vigente,FALSE,
50fc79cc,,bfdd72b4,9/12,5/12/2026,1.51,,,,,,,,,FALSE,FALSE,FALSE,Vigente,FALSE,
dc52ea56,,bfdd72b4,10/12,5/1/2027,1.51,,,,,,,,,FALSE,FALSE,FALSE,Vigente,FALSE,
09c48026,,bfdd72b4,11/12,5/2/2027,1.51,,,,,,,,,FALSE,FALSE,FALSE,Vigente,FALSE,
9e2eb020,,bfdd72b4,12/12,5/3/2027,1.51,,,,,,,,,FALSE,FALSE,FALSE,Vigente,FALSE,
1a1c7d9b,,98178a2c,1/1,22/3/2026,28.83,,,,,,,,,FALSE,FALSE,FALSE,Pendiente,FALSE,
547104a5,,54d9e8bd,1/1,6/3/2026,-28.83,,,,,,,,,FALSE,FALSE,FALSE,Anulada,FALSE,
4a7ccb84,Automático,91d1069d,1/1,20/3/2026,25.69,,,,,,,,,FALSE,FALSE,FALSE,Pagada,FALSE,
09bc36b6,,d0c1843c,1/1,4/3/2026,-25.69,,,,,,,,,FALSE,FALSE,FALSE,Anulada,FALSE,
d2862a9d,Automático,7a33b03f,1/12,20/3/2026,1.20,,,,,,,,,FALSE,FALSE,TRUE,Pagada,FALSE,
3246c762,Automático,7a33b03f,2/12,2/4/2026,1.22,,,,,,,,,FALSE,FALSE,FALSE,Pagada,FALSE,
798d3e90,,7a33b03f,3/12,2/5/2026,1.22,,,,,,,,,FALSE,FALSE,FALSE,Vigente,FALSE,
e8ebf469,,7a33b03f,4/12,2/6/2026,1.22,,,,,,,,,FALSE,FALSE,FALSE,Vigente,FALSE,
bb9b62d3,,7a33b03f,5/12,2/7/2026,1.22,,,,,,,,,FALSE,FALSE,FALSE,Vigente,FALSE,
38035dd6,,7a33b03f,6/12,2/8/2026,1.22,,,,,,,,,FALSE,FALSE,FALSE,Vigente,FALSE,
acb69eda,,7a33b03f,7/12,2/9/2026,1.22,,,,,,,,,FALSE,FALSE,FALSE,Vigente,FALSE,
796fe4bb,,7a33b03f,8/12,2/10/2026,1.22,,,,,,,,,FALSE,FALSE,FALSE,Vigente,FALSE,
d75e2b12,,7a33b03f,9/12,2/11/2026,1.22,,,,,,,,,FALSE,FALSE,FALSE,Vigente,FALSE,
c4bd0881,,7a33b03f,10/12,2/12/2026,1.22,,,,,,,,,FALSE,FALSE,FALSE,Vigente,FALSE,
7122d0b1,,7a33b03f,11/12,2/1/2027,1.22,,,,,,,,,FALSE,FALSE,FALSE,Vigente,FALSE,
66702a93,,7a33b03f,12/12,2/2/2027,1.22,,,,,,,,,FALSE,FALSE,FALSE,Vigente,FALSE,
2a419881,Directo,e4da5a07,1/11,5/4/2026,1.02,,,,,,,,,FALSE,FALSE,TRUE,Pagada,FALSE,
d5e3bd1f,,e4da5a07,2/11,5/5/2026,1.02,,,,,,,,,FALSE,FALSE,FALSE,Vigente,FALSE,
e4d52033,,e4da5a07,3/11,5/6/2026,1.02,,,,,,,,,FALSE,FALSE,FALSE,Vigente,FALSE,
ec59b686,,e4da5a07,4/11,5/7/2026,1.02,,,,,,,,,FALSE,FALSE,FALSE,Vigente,FALSE,
d297edd3,,e4da5a07,5/11,5/8/2026,1.02,,,,,,,,,FALSE,FALSE,FALSE,Vigente,FALSE,
800e997d,,e4da5a07,6/11,5/9/2026,1.02,,,,,,,,,FALSE,FALSE,FALSE,Vigente,FALSE,
37811be6,,e4da5a07,7/11,5/10/2026,1.02,,,,,,,,,FALSE,FALSE,FALSE,Vigente,FALSE,
40d80bdc,,e4da5a07,8/11,5/11/2026,1.02,,,,,,,,,FALSE,FALSE,FALSE,Vigente,FALSE,
7279858c,,e4da5a07,9/11,5/12/2026,1.02,,,,,,,,,FALSE,FALSE,FALSE,Vigente,FALSE,
4cec0a69,,e4da5a07,10/11,5/1/2027,1.02,,,,,,,,,FALSE,FALSE,FALSE,Vigente,FALSE,
eaed4939,,e4da5a07,11/11,5/2/2027,1.02,,,,,,,,,FALSE,FALSE,FALSE,Vigente,FALSE,
254e2ba7,Automático,c073f003,1/12,2/4/2026,1.06,,,,,,,,,FALSE,FALSE,FALSE,Pagada,FALSE,
25d696ef,Directo,c073f003,2/12,2/5/2026,1.06,,,,,,,,,FALSE,FALSE,FALSE,Pagada,FALSE,
8166a727,,c073f003,3/12,2/6/2026,1.06,,,,,,,,,FALSE,FALSE,FALSE,Vigente,FALSE,
c147da8c,,c073f003,4/12,2/7/2026,1.06,,,,,,,,,FALSE,FALSE,FALSE,Vigente,FALSE,
660d2158,,c073f003,5/12,2/8/2026,1.06,,,,,,,,,FALSE,FALSE,FALSE,Vigente,FALSE,
4a4b13a0,,c073f003,6/12,2/9/2026,1.06,,,,,,,,,FALSE,FALSE,FALSE,Vigente,FALSE,
cdf841a3,,c073f003,7/12,2/10/2026,1.06,,,,,,,,,FALSE,FALSE,FALSE,Vigente,FALSE,
a5b168c2,,c073f003,8/12,2/11/2026,1.06,,,,,,,,,FALSE,FALSE,FALSE,Vigente,FALSE,
4cd679e7,,c073f003,9/12,2/12/2026,1.06,,,,,,,,,FALSE,FALSE,FALSE,Vigente,FALSE,
39c63fe6,,c073f003,10/12,2/1/2027,1.06,,,,,,,,,FALSE,FALSE,FALSE,Vigente,FALSE,
543a4d69,,c073f003,11/12,2/2/2027,1.06,,,,,,,,,FALSE,FALSE,FALSE,Vigente,FALSE,
33de167b,,c073f003,12/12,2/3/2027,1.06,,,,,,,,,FALSE,FALSE,FALSE,Vigente,FALSE,
0cf02b1c,,78df28f8,1/1,7/3/2026,-17.88,,,,,,,,,FALSE,FALSE,FALSE,Anulada,FALSE,
f7b8caac,Directo,df375d93,1/1,15/12/2025,-9.42,,,,,,,,,FALSE,FALSE,FALSE,Pagada,FALSE,
79a74d26,Automático,b0ae2e2d,1/10,30/4/2026,1.11,,,,,,,,,FALSE,FALSE,FALSE,Pagada,FALSE,
a8f04550,,b0ae2e2d,2/10,30/5/2026,1.11,,,,,,,,,FALSE,FALSE,FALSE,Vigente,FALSE,
2fad227b,,b0ae2e2d,3/10,30/6/2026,1.11,,,,,,,,,FALSE,FALSE,FALSE,Vigente,FALSE,
cbd40724,,b0ae2e2d,4/10,30/7/2026,1.11,,,,,,,,,FALSE,FALSE,FALSE,Vigente,FALSE,
542edd9c,,b0ae2e2d,5/10,30/8/2026,1.11,,,,,,,,,FALSE,FALSE,FALSE,Vigente,FALSE,
93c48d67,,b0ae2e2d,6/10,30/9/2026,1.11,,,,,,,,,FALSE,FALSE,FALSE,Vigente,FALSE,
4b4e6f57,,b0ae2e2d,7/10,30/10/2026,1.11,,,,,,,,,FALSE,FALSE,FALSE,Vigente,FALSE,
d7cb2370,,b0ae2e2d,8/10,30/11/2026,1.11,,,,,,,,,FALSE,FALSE,FALSE,Vigente,FALSE,
1dc0bdf7,,b0ae2e2d,9/10,30/12/2026,1.11,,,,,,,,,FALSE,FALSE,FALSE,Vigente,FALSE,
04f2cfe5,Automático,b0ae2e2d,10/10,30/1/0227,1.19,,,,,,,,,FALSE,FALSE,FALSE,Pagada,FALSE,
b6eb7236,Automático,5645a256,1/11,5/4/2026,0.87,,,,,,,,,FALSE,FALSE,FALSE,Pagada,FALSE,
c3cfe15c,,5645a256,2/11,5/5/2026,0.87,,,,,,,,,FALSE,FALSE,FALSE,Vigente,FALSE,
caafee22,,5645a256,3/11,5/6/2026,0.87,,,,,,,,,FALSE,FALSE,FALSE,Vigente,FALSE,
adb12589,,5645a256,4/11,5/7/2026,0.87,,,,,,,,,FALSE,FALSE,FALSE,Vigente,FALSE,
23e99c77,,5645a256,5/11,5/8/2026,0.87,,,,,,,,,FALSE,FALSE,FALSE,Vigente,FALSE,
e84bc47d,,5645a256,6/11,5/9/2026,0.87,,,,,,,,,FALSE,FALSE,FALSE,Vigente,FALSE,
20391bff,,5645a256,7/11,5/10/2026,0.87,,,,,,,,,FALSE,FALSE,FALSE,Vigente,FALSE,
f9e98fdd,,5645a256,8/11,5/11/2026,0.87,,,,,,,,,FALSE,FALSE,FALSE,Vigente,FALSE,
bf511469,,5645a256,9/11,5/12/2026,0.87,,,,,,,,,FALSE,FALSE,FALSE,Vigente,FALSE,
3aab87f8,,5645a256,10/11,5/1/2027,0.87,,,,,,,,,FALSE,FALSE,FALSE,Vigente,FALSE,
fdcc5de5,,5645a256,11/11,5/2/2027,0.84,,,,,,,,,FALSE,FALSE,FALSE,Vigente,FALSE,
c98330d5,Directo,99f9541a,1/12,5/4/2026,0.79,,,,,,,,,FALSE,FALSE,FALSE,Pagada,FALSE,
3175f11c,Directo,99f9541a,2/12,5/5/2026,0.79,,,,,,,,,FALSE,FALSE,FALSE,Pagada,FALSE,
8cb5994f,,99f9541a,3/12,5/6/2026,0.79,,,,,,,,,FALSE,FALSE,FALSE,Vigente,FALSE,
756ca866,,99f9541a,4/12,5/7/2026,0.79,,,,,,,,,FALSE,FALSE,FALSE,Vigente,FALSE,
67b77fbd,,99f9541a,5/12,5/8/2026,0.79,,,,,,,,,FALSE,FALSE,FALSE,Vigente,FALSE,
bb5b837d,,99f9541a,6/12,5/9/2026,0.79,,,,,,,,,FALSE,FALSE,FALSE,Vigente,FALSE,
69915810,,99f9541a,7/12,5/10/2026,0.79,,,,,,,,,FALSE,FALSE,FALSE,Vigente,FALSE,
a6f98fdd,,99f9541a,8/12,5/11/2026,0.79,,,,,,,,,FALSE,FALSE,FALSE,Vigente,FALSE,
4e2da0b4,,99f9541a,9/12,5/12/2026,0.79,,,,,,,,,FALSE,FALSE,FALSE,Vigente,FALSE,
b2cb19ac,,99f9541a,10/12,5/1/2027,0.79,,,,,,,,,FALSE,FALSE,FALSE,Vigente,FALSE,
c8fca824,,99f9541a,11/12,5/2/2027,0.79,,,,,,,,,FALSE,FALSE,FALSE,Vigente,FALSE,
227bc1e0,,99f9541a,12/12,5/3/2027,0.83,,,,,,,,,FALSE,FALSE,FALSE,Vigente,FALSE,
76df4107,,e6c2cfb5,1/1,9/3/2026,-11.69,,,,,,,,,FALSE,FALSE,FALSE,Cancelada,FALSE,
5b80b007,Automático,630fc3e6,1/12,5/3/2026,0.95,,,,,,,,,FALSE,FALSE,FALSE,Pagada,FALSE,
ccf20a9e,Automático,630fc3e6,2/12,5/4/2026,0.95,,,,,,,,,FALSE,FALSE,FALSE,Pagada,FALSE,
b09cb4b0,Automático,630fc3e6,3/12,5/5/2026,0.95,,,,,,,,,FALSE,FALSE,FALSE,Pagada,FALSE,
4b66388e,,630fc3e6,4/12,5/6/2026,0.95,,,,,,,,,FALSE,FALSE,FALSE,Vigente,FALSE,
4ef783c8,,630fc3e6,5/12,5/7/2026,0.95,,,,,,,,,FALSE,FALSE,FALSE,Vigente,FALSE,
ddfc52bf,,630fc3e6,6/12,5/8/2026,0.95,,,,,,,,,FALSE,FALSE,FALSE,Vigente,FALSE,
e3df9521,,630fc3e6,7/12,5/9/2026,0.95,,,,,,,,,FALSE,FALSE,FALSE,Vigente,FALSE,
33aacb9f,,630fc3e6,8/12,5/10/2026,0.95,,,,,,,,,FALSE,FALSE,FALSE,Vigente,FALSE,
4106f0c2,,630fc3e6,9/12,5/11/2026,0.95,,,,,,,,,FALSE,FALSE,FALSE,Vigente,FALSE,
2bc41199,,630fc3e6,10/12,5/12/2026,0.95,,,,,,,,,FALSE,FALSE,FALSE,Vigente,FALSE,
f535f378,,630fc3e6,11/12,5/1/2027,0.95,,,,,,,,,FALSE,FALSE,FALSE,Vigente,FALSE,
48d6dc13,,630fc3e6,12/12,5/2/2027,0.95,,,,,,,,,FALSE,FALSE,FALSE,Vigente,FALSE,
0c56bb8f,,46e2e095,1/1,12/2/2026,-10.76,,,12/2/2026,,,,,,FALSE,FALSE,FALSE,Cancelada,FALSE,
a6c5939a,Directo,3b74cb4f,1/11,2/4/2026,1.32,,,,,,,,,FALSE,FALSE,FALSE,Pagada,FALSE,
3900910f,Directo,3b74cb4f,2/11,2/5/2026,1.32,,,,,,,,,FALSE,FALSE,FALSE,Pagada,FALSE,
5cb679c5,,3b74cb4f,3/11,2/6/2026,1.32,,,,,,,,,FALSE,FALSE,FALSE,Vigente,FALSE,
509222ce,,3b74cb4f,4/11,2/7/2026,1.32,,,,,,,,,FALSE,FALSE,FALSE,Vigente,FALSE,
1a0c9d1c,,3b74cb4f,5/11,2/8/2026,1.32,,,,,,,,,FALSE,FALSE,FALSE,Vigente,FALSE,
8b610017,,3b74cb4f,6/11,2/9/2026,1.32,,,,,,,,,FALSE,FALSE,FALSE,Vigente,FALSE,
3f5a969a,,3b74cb4f,7/11,2/10/2026,1.32,,,,,,,,,FALSE,FALSE,FALSE,Vigente,FALSE,
7d364334,,3b74cb4f,8/11,2/11/2026,1.32,,,,,,,,,FALSE,FALSE,FALSE,Vigente,FALSE,
af985905,,3b74cb4f,9/11,2/12/2026,1.32,,,,,,,,,FALSE,FALSE,FALSE,Vigente,FALSE,
34aeed0c,,3b74cb4f,10/11,2/1/2027,1.32,,,,,,,,,FALSE,FALSE,FALSE,Vigente,FALSE,
b1625d29,,3b74cb4f,11/11,2/2/2027,1.32,,,,,,,,,FALSE,FALSE,FALSE,Vigente,FALSE,
d3f397f2,Directo,4e38b299,1/1,26/3/2026,9.42,,,26/3/2026,,,,,,FALSE,FALSE,FALSE,Pagada,FALSE,
fed8a98c,Directo,30891042,1/3,5/4/2026,1.00,,,,,,,,,FALSE,FALSE,TRUE,Pagada,FALSE,
ed8bd903,,30891042,2/3,5/5/2026,1.00,,,,,,,,,FALSE,FALSE,TRUE,Pendiente,FALSE,
0d66ea64,,30891042,3/3,5/6/2026,1.00,,,,,,,,,FALSE,FALSE,FALSE,Vigente,FALSE,
afdf4c98,Directo,fe20c3a2,1/10,5/5/2026,2.16,,,11/5/2026,"$87,050.00",,,/Gestión/Pólizas/Documentos/Cuotas/afdf4c98.Recibo.164512.pdf,,FALSE,FALSE,FALSE,Pagada,FALSE,
f17b87f5,,fe20c3a2,2/10,5/6/2026,2.16,,,,,,,,,FALSE,FALSE,FALSE,Vigente,FALSE,
0a6c1de1,,fe20c3a2,3/10,5/7/2026,2.16,,,,,,,,,FALSE,FALSE,FALSE,Vigente,FALSE,
7791b972,,fe20c3a2,4/10,5/8/2026,2.16,,,,,,,,,FALSE,FALSE,FALSE,Vigente,FALSE,
a01cfeb9,,fe20c3a2,5/10,5/9/2026,2.16,,,,,,,,,FALSE,FALSE,FALSE,Vigente,FALSE,
2fd64618,,fe20c3a2,6/10,5/10/2026,2.16,,,,,,,,,FALSE,FALSE,FALSE,Vigente,FALSE,
10575c66,,fe20c3a2,7/10,5/11/2026,2.16,,,,,,,,,FALSE,FALSE,FALSE,Vigente,FALSE,
e2ddb451,,fe20c3a2,8/10,5/12/2026,2.16,,,,,,,,,FALSE,FALSE,FALSE,Vigente,FALSE,
95978635,,fe20c3a2,9/10,5/1/2027,2.16,,,,,,,,,FALSE,FALSE,FALSE,Vigente,FALSE,
69688246,,fe20c3a2,10/10,5/2/2027,2.16,,,,,,,,,FALSE,FALSE,FALSE,Vigente,FALSE,
c89b2d36,Directo,707cf2bb,1/10,5/5/2026,2.61,,,11/5/2026,"$105,291.00",,,/Gestión/Pólizas/Documentos/Cuotas/c89b2d36.Recibo.164526.pdf,,FALSE,FALSE,FALSE,Pagada,FALSE,
b9fd16a0,,707cf2bb,2/10,5/6/2026,2.61,,,,,,,,,FALSE,FALSE,FALSE,Vigente,FALSE,
016246a0,,707cf2bb,3/10,5/7/2026,2.61,,,,,,,,,FALSE,FALSE,FALSE,Vigente,FALSE,
74ff0e8f,,707cf2bb,4/10,5/8/2026,2.61,,,,,,,,,FALSE,FALSE,FALSE,Vigente,FALSE,
e20a3cc2,,707cf2bb,5/10,5/9/2026,2.61,,,,,,,,,FALSE,FALSE,FALSE,Vigente,FALSE,
ecf236b7,,707cf2bb,6/10,5/10/2026,2.61,,,,,,,,,FALSE,FALSE,FALSE,Vigente,FALSE,
230da496,,707cf2bb,7/10,5/11/2026,2.61,,,,,,,,,FALSE,FALSE,FALSE,Vigente,FALSE,
fbd1501f,,707cf2bb,8/10,5/12/2026,2.61,,,,,,,,,FALSE,FALSE,FALSE,Vigente,FALSE,
5dd0abde,,707cf2bb,9/10,5/1/2027,2.61,,,,,,,,,FALSE,FALSE,FALSE,Vigente,FALSE,
35a9da58,,707cf2bb,10/10,5/2/2027,2.61,,,,,,,,,FALSE,FALSE,FALSE,Vigente,FALSE,
a4ad8ba9,,88e138d1,1/1,14/3/2026,-7.07,,,,,,,,,FALSE,FALSE,FALSE,Cancelada,FALSE,
48e646e9,,c2e67288,1/1,16/3/2026,-10.45,,,,,,,,,FALSE,FALSE,FALSE,Cancelada,FALSE,
f7490029,Directo,9a38fdb1,1/12,1/4/2026,1.16,,,,,,,,,FALSE,FALSE,FALSE,Pagada,FALSE,
dff62fc9,Directo,9a38fdb1,2/12,2/5/2026,1.19,,,,,,,,,FALSE,FALSE,FALSE,Pagada,FALSE,
3c356db2,,9a38fdb1,3/12,2/6/2026,1.19,,,,,,,,,FALSE,FALSE,FALSE,Vigente,FALSE,
24a767c8,,9a38fdb1,4/12,2/7/2026,1.19,,,,,,,,,FALSE,FALSE,FALSE,Vigente,FALSE,
58a7529e,,9a38fdb1,5/12,2/8/2026,1.19,,,,,,,,,FALSE,FALSE,FALSE,Vigente,FALSE,
ffe7e6a1,,9a38fdb1,6/12,2/9/2026,1.19,,,,,,,,,FALSE,FALSE,FALSE,Vigente,FALSE,
8b531b22,,9a38fdb1,7/12,2/10/2026,1.19,,,,,,,,,FALSE,FALSE,FALSE,Vigente,FALSE,
ed1736f6,,9a38fdb1,8/12,2/11/2026,1.19,,,,,,,,,FALSE,FALSE,FALSE,Vigente,FALSE,
034b1225,,9a38fdb1,9/12,2/12/2026,1.19,,,,,,,,,FALSE,FALSE,FALSE,Vigente,FALSE,
e6df4b24,,9a38fdb1,10/12,2/1/2027,1.19,,,,,,,,,FALSE,FALSE,FALSE,Vigente,FALSE,
f87a9933,,9a38fdb1,11/12,2/2/2027,1.19,,,,,,,,,FALSE,FALSE,FALSE,Vigente,FALSE,
be9c56a3,,9a38fdb1,12/12,2/3/2027,1.19,,,,,,,,,FALSE,FALSE,FALSE,Vigente,FALSE,
f3f19e80,,bd0ccb5e,1/1,19/3/2026,-5.53,,,,,,,,,FALSE,FALSE,FALSE,Cancelada,FALSE,
85bac84d,Transferencia,906a08d8,1-1,31/3/2026,0.23,,,,"$8,990.00",,,,,FALSE,FALSE,FALSE,Pendiente,FALSE,
0813455c,,2a59752c,1/10,5/5/2026,0.62,,,,,,,,,FALSE,FALSE,TRUE,Pendiente,FALSE,
083ed16b,,2a59752c,2/10,5/6/2026,0.68,,,,,,,,,FALSE,FALSE,FALSE,Vigente,FALSE,
7c06c9b2,,2a59752c,3/10,5/7/2026,0.68,,,,,,,,,FALSE,FALSE,FALSE,Vigente,FALSE,
d15fc4e9,,2a59752c,4/10,5/8/2026,0.68,,,,,,,,,FALSE,FALSE,FALSE,Vigente,FALSE,
ff4d8dda,,2a59752c,5/10,5/9/2026,0.68,,,,,,,,,FALSE,FALSE,FALSE,Vigente,FALSE,
2e1670ea,,2a59752c,6/10,5/10/2026,0.68,,,,,,,,,FALSE,FALSE,FALSE,Vigente,FALSE,
fea8bd32,,2a59752c,7/10,5/11/2026,0.68,,,,,,,,,FALSE,FALSE,FALSE,Vigente,FALSE,
580fb479,,2a59752c,8/10,5/12/2026,0.68,,,,,,,,,FALSE,FALSE,FALSE,Vigente,FALSE,
bcf384c7,,2a59752c,9/10,5/1/2027,0.68,,,,,,,,,FALSE,FALSE,FALSE,Vigente,FALSE,
566f07ec,,2a59752c,10/10,5/2/2027,0.68,,,,,,,,,FALSE,FALSE,FALSE,Vigente,FALSE,
79de4b18,Transferencia,62886a61,1-1,31/3/2026,0.23,,,,"$8,990.00",,,,,FALSE,FALSE,FALSE,Cargar,FALSE,
3bf2df27,Transferencia,1c99ca71,1-1,31/3/2026,0.23,,,,"$8,990.00",,,,,FALSE,FALSE,FALSE,Cargar,FALSE,
8162dddf,Transferencia,738ceac9,1-1,31/3/2026,0.23,,,,"$8,990.00",,,,,FALSE,FALSE,FALSE,Cargar,FALSE,
58adb187,Transferencia,570cd034,1-1,31/3/2026,0.23,,,,"$8,990.00",,,,,FALSE,FALSE,FALSE,Cargar,FALSE,
910ede03,Transferencia,c086dc0e,1-1,31/3/2026,0.23,,,,"$8,990.00",,,,,FALSE,FALSE,FALSE,Cargar,FALSE,
2d65c0cd,Transferencia,386769d5,1-1,31/3/2026,0.23,,,,"$8,990.00",,,,,FALSE,FALSE,FALSE,Cargar,FALSE,
cf8b551d,Transferencia,a7fce9a6,1-1,31/3/2026,0.23,,,,"$8,990.00",,,,,FALSE,FALSE,FALSE,Cargar,FALSE,
af05847a,Transferencia,1e79a8a3,1-1,31/3/2026,0.23,,,,"$8,990.00",,,,,FALSE,FALSE,FALSE,Cargar,FALSE,
f7db4e57,Transferencia,86cf5334,1-1,31/3/2026,0.23,,,,"$8,990.00",,,,,FALSE,FALSE,FALSE,Cargar,FALSE,
c91207f2,Transferencia,2c17c3d7,1-1,31/3/2026,0.23,,,,"$8,990.00",,,,,FALSE,FALSE,FALSE,Cargar,FALSE,
f3e78061,Transferencia,74d05808,1-1,31/3/2026,0.23,,,,"$8,990.00",,,,,FALSE,FALSE,FALSE,Cargar,FALSE,
4f0f6817,Transferencia,74b462de,1-1,31/3/2026,0.23,,,,"$8,990.00",,,,,FALSE,FALSE,FALSE,Cargar,FALSE,
3b666d5d,Transferencia,3f0e1d8a,1-1,31/3/2026,0.23,,,,"$8,990.00",,,,,FALSE,FALSE,FALSE,Cargar,FALSE,
9873c9d6,Transferencia,743c3323,1-1,31/3/2026,0.23,,,,"$8,990.00",,,,,FALSE,FALSE,FALSE,Cargar,FALSE,
6b56cc61,Directo,c59da61d,1/1,26/3/2026,0.23,,,,,,,,,FALSE,FALSE,FALSE,Pagada,FALSE,
c33631fd,Automático,f02b31e5,1/1,2/4/2026,14.02,,,,,,,,,FALSE,FALSE,FALSE,Pagada,FALSE,
9664aa43,Directo,f2815603,1/12,10/4/2026,0.89,,,,,,,,,FALSE,FALSE,FALSE,Pagada,FALSE,
260022d1,Directo,f2815603,2/12,2/5/2026,0.91,,,,,,,,,FALSE,FALSE,FALSE,Pagada,FALSE,
591e8d07,,f2815603,3/12,2/6/2026,0.91,,,,,,,,,FALSE,FALSE,FALSE,Vigente,FALSE,
8a0221fc,,f2815603,4/12,2/7/2026,0.91,,,,,,,,,FALSE,FALSE,FALSE,Vigente,FALSE,
b8ff82fc,,f2815603,5/812,2/8/2026,0.91,,,,,,,,,FALSE,FALSE,FALSE,Vigente,FALSE,
cb0d7d25,,f2815603,6/12,2/9/2026,0.91,,,,,,,,,FALSE,FALSE,FALSE,Vigente,FALSE,
247f3973,,f2815603,7/12,2/10/2026,0.91,,,,,,,,,FALSE,FALSE,FALSE,Vigente,FALSE,
7dd2ab7a,,f2815603,8/12,2/11/2026,0.91,,,,,,,,,FALSE,FALSE,FALSE,Vigente,FALSE,
4f73a363,,f2815603,9/12,2/12/2026,0.91,,,,,,,,,FALSE,FALSE,FALSE,Vigente,FALSE,
6c0cf947,,f2815603,10/12,2/1/2027,0.91,,,,,,,,,FALSE,FALSE,FALSE,Vigente,FALSE,
334a2ae2,,f2815603,11/12,2/2/2027,0.91,,,,,,,,,FALSE,FALSE,FALSE,Vigente,FALSE,
7e324d1a,,f2815603,12/12,2/3/2027,0.91,,,,,,,,,FALSE,FALSE,FALSE,Vigente,FALSE,
05a9384b,,a66c20b8,1/11,5/5/2026,1.47,,,,,,,,,FALSE,FALSE,FALSE,Vigente,FALSE,
6c375b7a,,a66c20b8,2/11,5/6/2026,1.47,,,,,,,,,FALSE,FALSE,FALSE,Vigente,FALSE,
532441d3,,a66c20b8,3/11,5/7/2026,1.47,,,,,,,,,FALSE,FALSE,FALSE,Vigente,FALSE,
a4b218c8,,a66c20b8,4/11,5/8/2026,1.47,,,,,,,,,FALSE,FALSE,FALSE,Vigente,FALSE,
b94af3e6,,a66c20b8,5/11,5/9/2026,1.47,,,,,,,,,FALSE,FALSE,FALSE,Vigente,FALSE,
19c64cfb,,a66c20b8,6/11,5/10/2026,1.47,,,,,,,,,FALSE,FALSE,FALSE,Vigente,FALSE,
66ce3fe5,,a66c20b8,7/11,5/11/2026,1.47,,,,,,,,,FALSE,FALSE,FALSE,Vigente,FALSE,
c02cceee,,a66c20b8,8/11,5/12/2026,1.47,,,,,,,,,FALSE,FALSE,FALSE,Vigente,FALSE,
7a70c164,,a66c20b8,9/11,5/1/2027,1.47,,,,,,,,,FALSE,FALSE,FALSE,Vigente,FALSE,
9cf0e0c7,,a66c20b8,10/11,5/2/2027,1.47,,,,,,,,,FALSE,FALSE,FALSE,Vigente,FALSE,
7a48184e,,a66c20b8,11/11,5/3/2027,1.47,,,,,,,,,FALSE,FALSE,FALSE,Vigente,FALSE,
d3b1fe4f,Directo,c1b4e691,1/1,5/5/2026,18.34,,,,,,,,,FALSE,FALSE,FALSE,Pagada,FALSE,
9f9d60b6,,9f53ac69,1/12,5/5/2026,0.66,,,,,,,,,FALSE,FALSE,FALSE,Vigente,FALSE,
095f69a9,,9f53ac69,2/12,5/6/2026,0.66,,,,,,,,,FALSE,FALSE,FALSE,Vigente,FALSE,
32884da1,,9f53ac69,3/12,5/7/2026,0.66,,,,,,,,,FALSE,FALSE,FALSE,Vigente,FALSE,
988f37ee,,9f53ac69,4/12,5/8/2026,0.66,,,,,,,,,FALSE,FALSE,FALSE,Vigente,FALSE,
e50bd09f,,9f53ac69,5/12,5/9/2026,0.66,,,,,,,,,FALSE,FALSE,FALSE,Vigente,FALSE,
a23c9f3c,,9f53ac69,6/12,5/10/2026,0.66,,,,,,,,,FALSE,FALSE,FALSE,Vigente,FALSE,
0b100185,,9f53ac69,7/12,5/11/2026,0.66,,,,,,,,,FALSE,FALSE,FALSE,Vigente,FALSE,
5bb9a184,,9f53ac69,8/12,5/12/2026,0.66,,,,,,,,,FALSE,FALSE,FALSE,Vigente,FALSE,
bbadad7a,,9f53ac69,9/12,5/1/2027,0.66,,,,,,,,,FALSE,FALSE,FALSE,Vigente,FALSE,
60215c4e,,9f53ac69,10/12,5/2/2027,0.66,,,,,,,,,FALSE,FALSE,FALSE,Vigente,FALSE,
d3eeb1bd,,9f53ac69,11/12,5/3/2027,0.66,,,,,,,,,FALSE,FALSE,FALSE,Vigente,FALSE,
b55ae0fb,,9f53ac69,12/12,5/4/2027,0.66,,,,,,,,,FALSE,FALSE,FALSE,Vigente,FALSE,
7fa84dbf,,572abdb5,1/12,5/5/2026,1.13,,,,,,,,,FALSE,FALSE,FALSE,Vigente,FALSE,
814d03d9,,572abdb5,2/12,5/6/2026,1.13,,,,,,,,,FALSE,FALSE,FALSE,Vigente,FALSE,
bf0a0a6e,,572abdb5,3/12,5/7/2026,1.13,,,,,,,,,FALSE,FALSE,FALSE,Vigente,FALSE,
f95f7021,,572abdb5,4/12,5/8/2026,1.13,,,,,,,,,FALSE,FALSE,FALSE,Vigente,FALSE,
36b6697c,,572abdb5,5/12,5/9/2026,1.13,,,,,,,,,FALSE,FALSE,FALSE,Vigente,FALSE,
b327766b,,572abdb5,6/12,5/10/2026,1.13,,,,,,,,,FALSE,FALSE,FALSE,Vigente,FALSE,
897bec19,,572abdb5,7/12,5/11/2026,1.13,,,,,,,,,FALSE,FALSE,FALSE,Vigente,FALSE,
4a4823ee,,572abdb5,8/12,5/12/2026,1.13,,,,,,,,,FALSE,FALSE,FALSE,Vigente,FALSE,
9c6f91da,,572abdb5,9/12,5/1/2027,1.13,,,,,,,,,FALSE,FALSE,FALSE,Vigente,FALSE,
548737d6,,572abdb5,10/12,5/2/2027,1.13,,,,,,,,,FALSE,FALSE,FALSE,Vigente,FALSE,
984a6dcd,,572abdb5,11/12,5/3/2027,1.13,,,,,,,,,FALSE,FALSE,FALSE,Vigente,FALSE,
80a37d94,,572abdb5,12/12,5/4/2027,1.14,,,,,,,,,FALSE,FALSE,FALSE,Vigente,FALSE,
7010ffd9,,ed7ecc04,1/1,25/4/2026,22.32,,,,,,,,,FALSE,FALSE,FALSE,Anulada,FALSE,
c15102c4,,6ebba3d1,1/1,25/4/2026,-22.32,,,,,,,,,FALSE,FALSE,FALSE,Anulada,FALSE,
619e5ed5,,5158b0e5,1/12,14/5/2026,0.90,,,,,,,,,FALSE,FALSE,TRUE,Pendiente,FALSE,
0bf39029,,5158b0e5,2/12,5/6/2026,0.92,,,,,,,,,FALSE,FALSE,FALSE,Vigente,FALSE,
97c225b9,,5158b0e5,3/12,5/7/2026,0.92,,,,,,,,,FALSE,FALSE,FALSE,Vigente,FALSE,
462f3ba8,,5158b0e5,4/12,5/8/2026,0.92,,,,,,,,,FALSE,FALSE,FALSE,Vigente,FALSE,
8d7f9bb2,,5158b0e5,5/12,5/9/2026,0.92,,,,,,,,,FALSE,FALSE,FALSE,Vigente,FALSE,
8ad70e0c,,5158b0e5,6/12,5/10/2026,0.92,,,,,,,,,FALSE,FALSE,FALSE,Vigente,FALSE,
5479d3fd,,5158b0e5,7/12,5/11/2026,0.92,,,,,,,,,FALSE,FALSE,FALSE,Vigente,FALSE,
70fdcb84,,5158b0e5,8/12,5/12/2026,0.92,,,,,,,,,FALSE,FALSE,FALSE,Vigente,FALSE,
38ba73c6,,5158b0e5,9/12,5/1/2027,0.92,,,,,,,,,FALSE,FALSE,FALSE,Vigente,FALSE,
9632f5f2,,5158b0e5,10/12,5/2/2027,0.92,,,,,,,,,FALSE,FALSE,FALSE,Vigente,FALSE,
213c0037,,5158b0e5,11/12,5/3/2027,0.92,,,,,,,,,FALSE,FALSE,FALSE,Vigente,FALSE,
7527199b,,5158b0e5,12/12,5/4/2027,0.92,,,,,,,,,FALSE,FALSE,FALSE,Vigente,FALSE,
524e1bf4,,ec74a6bb,1/12,20/4/2026,0.90,,,,,,,,,FALSE,FALSE,FALSE,Pendiente,FALSE,
145c949e,,ec74a6bb,2/12,20/5/2026,0.90,,,,,,,,,FALSE,FALSE,FALSE,Vigente,FALSE,
59318f1c,,ec74a6bb,3/12,20/6/2026,0.90,,,,,,,,,FALSE,FALSE,FALSE,Vigente,FALSE,
b5e1551c,,ec74a6bb,4/12,20/7/2026,0.90,,,,,,,,,FALSE,FALSE,FALSE,Vigente,FALSE,
afa6242a,,ec74a6bb,5/12,20/8/2026,0.90,,,,,,,,,FALSE,FALSE,FALSE,Vigente,FALSE,
64423151,,ec74a6bb,6/12,20/9/2026,0.90,,,,,,,,,FALSE,FALSE,FALSE,Vigente,FALSE,
d6f65ffe,,ec74a6bb,7/12,20/10/2026,0.90,,,,,,,,,FALSE,FALSE,FALSE,Vigente,FALSE,
56b93880,,ec74a6bb,8/12,20/11/2026,0.90,,,,,,,,,FALSE,FALSE,FALSE,Vigente,FALSE,
7251ed78,,ec74a6bb,9/12,20/12/2026,0.90,,,,,,,,,FALSE,FALSE,FALSE,Vigente,FALSE,
0c0f8995,,ec74a6bb,10/12,20/1/2027,0.90,,,,,,,,,FALSE,FALSE,FALSE,Vigente,FALSE,
0fe19e82,,ec74a6bb,11/12,20/2/2027,0.90,,,,,,,,,FALSE,FALSE,FALSE,Vigente,FALSE,
e19019c8,,ec74a6bb,12/12,20/3/2027,0.93,,,,,,,,,FALSE,FALSE,FALSE,Vigente,FALSE,
f68c5327,Directo,d78dd6ea,1/12,13/5/2026,1.09,$0.00,$0.00,,,,,,,,,,Pagada,FALSE,
06e13d71,,d78dd6ea,2/12,2/6/2026,1.12,$0.00,$0.00,,,,,,,,,,Vigente,FALSE,
1399a551,,d78dd6ea,3/12,2/7/2026,1.12,$0.00,$0.00,,,,,,,,,,Vigente,FALSE,
ddc9a72c,,d78dd6ea,4/12,2/8/2026,1.12,$0.00,$0.00,,,,,,,,,,Vigente,FALSE,
ff23e483,,d78dd6ea,5/12,2/9/2026,1.12,$0.00,$0.00,,,,,,,,,,Vigente,FALSE,
2236e10a,,d78dd6ea,6/12,2/10/2026,1.12,$0.00,$0.00,,,,,,,,,,Vigente,FALSE,
c3c9eb4d,,d78dd6ea,7/12,2/11/2026,1.12,$0.00,$0.00,,,,,,,,,,Vigente,FALSE,
5e1a8ab8,,d78dd6ea,8/12,2/12/2026,1.12,$0.00,$0.00,,,,,,,,,,Vigente,FALSE,
936df01c,,d78dd6ea,9/12,2/1/2027,1.12,$0.00,$0.00,,,,,,,,,,Vigente,FALSE,
b7d42c20,,d78dd6ea,10/12,2/2/2027,1.12,$0.00,$0.00,,,,,,,,,,Vigente,FALSE,
77146941,,d78dd6ea,11/12,2/3/2027,1.12,$0.00,$0.00,,,,,,,,,,Vigente,FALSE,
e23cd2ab,,d78dd6ea,12/12,2/4/2027,1.12,$0.00,$0.00,,,,,,,,,,Vigente,FALSE,
1b76de64,Directo,9f3852a6,1/1,10/4/2026,3.38,$0.00,$0.00,,,,,,,,,,Pagada,FALSE,
115c2ed5,Directo,c535953d,1/1,10/4/2026,1.55,$0.00,$0.00,,,,,,,,,,Pagada,FALSE,
30c5b0b8,Anulada,82136f80,1/1,29/4/2026,-18.42,$0.00,$0.00,,,,,,,,,,Ok,FALSE,
10facd61,,8525b6a4,1/12,5/5/2026,1.54,$0.00,$0.00,,,,,,,,,,Ok,FALSE,
caceef7e,,8525b6a4,2/12,5/6/2026,1.54,$0.00,$0.00,,,,,,,,,,Ok,FALSE,
4cb104b9,,8525b6a4,3/12,5/8/2026,1.54,$0.00,$0.00,,,,,,,,,,Ok,FALSE,
32017a09,,8525b6a4,4/12,5/8/2026,1.54,$0.00,$0.00,,,,,,,,,,Ok,FALSE,
1f3b0078,,8525b6a4,5/12,5/9/2026,1.54,$0.00,$0.00,,,,,,,,,,Ok,FALSE,
5a3926c8,,8525b6a4,6/12,5/10/2026,1.54,$0.00,$0.00,,,,,,,,,,Ok,FALSE,
c9d6316e,,8525b6a4,7/12,5/11/2026,1.54,$0.00,$0.00,,,,,,,,,,Ok,FALSE,
793f6e2c,,8525b6a4,8/12,5/12/2026,1.54,$0.00,$0.00,,,,,,,,,,Ok,FALSE,
56beb796,,8525b6a4,9/12,5/1/2027,1.54,$0.00,$0.00,,,,,,,,,,Ok,FALSE,
6013a27a,,8525b6a4,10/12,5/2/2027,1.54,$0.00,$0.00,,,,,,,,,,Ok,FALSE,
f3b3604e,,8525b6a4,11/12,5/3/2027,1.54,$0.00,$0.00,,,,,,,,,,Ok,FALSE,
81e649fb,,8525b6a4,12/12,5/4/2027,1.54,$0.00,$0.00,,,,,,,,,,Ok,FALSE,
27e3cfd7,,0b540dcf,1/12,14/5/2026,1.37,$0.00,$0.00,,,,,,,,,,Ok,FALSE,
9981d7b8,,0b540dcf,2/12,25/6/2026,1.40,$0.00,$0.00,,,,,,,,,,Ok,FALSE,
9a72c2eb,,0b540dcf,3/12,25/8/2026,1.40,$0.00,$0.00,,,,,,,,,,Ok,FALSE,
5236df8a,,0b540dcf,4/12,25/9/2026,1.40,$0.00,$0.00,,,,,,,,,,Ok,FALSE,
4bbd4412,,0b540dcf,5/12,25/10/2026,1.40,$0.00,$0.00,,,,,,,,,,Ok,FALSE,
75b7267a,,0b540dcf,6/12,25/11/2026,1.40,$0.00,$0.00,,,,,,,,,,Ok,FALSE,
cf53da8c,,0b540dcf,7/12,25/12/2026,1.40,$0.00,$0.00,,,,,,,,,,Ok,FALSE,
909b7f29,,0b540dcf,8/12,25/1/2027,1.40,$0.00,$0.00,,,,,,,,,,Ok,FALSE,
d2bcb9b6,,0b540dcf,9/12,25/2/2027,1.40,$0.00,$0.00,,,,,,,,,,Ok,FALSE,
554fb9f6,,0b540dcf,10/12,25/3/2027,1.40,$0.00,$0.00,,,,,,,,,,Ok,FALSE,
904a4577,,0b540dcf,11/12,25/4/2027,1.40,$0.00,$0.00,,,,,,,,,,Ok,FALSE,
e11f0844,,0b540dcf,12/12,25/5/2027,1.40,$0.00,$0.00,,,,,,,,,,Ok,FALSE,
62d48e4f,Anulada,4de469f6,1/1,28/4/2026,-16.43,$0.00,$0.00,,,,,,,,,,Pagada,FALSE,
37ccc5e5,Directo,eb9b23cd,1/10,4/5/2026,19.40,$0.00,$0.00,,,,,,,,,,Pagada,FALSE,
5c4565be,,eb9b23cd,2/10,2/6/2026,19.40,$0.00,$0.00,,,,,,,,,,Vigente,FALSE,
35eefe06,,eb9b23cd,3/10,2/7/2026,19.40,$0.00,$0.00,,,,,,,,,,Vigente,FALSE,
f6056929,,eb9b23cd,4/10,2/8/2026,19.40,$0.00,$0.00,,,,,,,,,,Vigente,FALSE,
474c55da,,eb9b23cd,5/10,2/9/2026,19.40,$0.00,$0.00,,,,,,,,,,Vigente,FALSE,
05ad524f,,eb9b23cd,6/10,2/10/2026,19.40,$0.00,$0.00,,,,,,,,,,Vigente,FALSE,
6da529a4,,eb9b23cd,7/10,2/11/2026,19.40,$0.00,$0.00,,,,,,,,,,Vigente,FALSE,
c518ba53,,eb9b23cd,8/10,2/12/2026,19.40,$0.00,$0.00,,,,,,,,,,Vigente,FALSE,
46ae9ec7,,eb9b23cd,9/10,2/1/2027,19.40,$0.00,$0.00,,,,,,,,,,Vigente,FALSE,
ac93091a,,eb9b23cd,10/10,2/2/2027,19.44,$0.00,$0.00,,,,,,,,,,Vigente,FALSE,
f604feb4,,22049f94,1/10,5/5/2026,1.02,$0.00,$0.00,,,,,,,,,,Vigente,FALSE,
c577eb42,,22049f94,2/10,5/6/2026,1.02,$0.00,$0.00,,,,,,,,,,Vigente,FALSE,
94ee4cfc,,22049f94,3/10,5/8/2026,1.02,$0.00,$0.00,,,,,,,,,,Vigente,FALSE,
dc25f8a1,,22049f94,4/10,5/8/2026,1.02,$0.00,$0.00,,,,,,,,,,Vigente,FALSE,
db1219bf,,22049f94,5/10,5/9/2026,1.02,$0.00,$0.00,,,,,,,,,,Vigente,FALSE,
b9a202f5,,22049f94,6/10,5/10/2026,1.02,$0.00,$0.00,,,,,,,,,,Vigente,FALSE,
2588db70,,22049f94,7/10,5/11/2026,1.02,$0.00,$0.00,,,,,,,,,,Vigente,FALSE,
52947736,,22049f94,8/10,5/12/2026,1.02,$0.00,$0.00,,,,,,,,,,Vigente,FALSE,
70d4d2fb,,22049f94,9/10,5/1/2027,1.02,$0.00,$0.00,,,,,,,,,,Vigente,FALSE,
0caf2c8b,,22049f94,10/10,5/2/2027,1.01,$0.00,$0.00,,,,,,,,,,Vigente,FALSE,
f67c3ffe,,21874ae5,1/10,5/5/2026,0.87,$0.00,$0.00,,,,,,,,,,Vigente,FALSE,
4fe49d6c,,21874ae5,2/10,5/6/2026,0.87,$0.00,$0.00,,,,,,,,,,Vigente,FALSE,
1aea4d7b,,21874ae5,3/10,5/8/2026,0.87,$0.00,$0.00,,,,,,,,,,Vigente,FALSE,
a22192b1,,21874ae5,4/10,5/8/2026,0.87,$0.00,$0.00,,,,,,,,,,Vigente,FALSE,
a500249d,,21874ae5,5/10,5/9/2026,0.87,$0.00,$0.00,,,,,,,,,,Vigente,FALSE,
7537dd88,,21874ae5,6/10,5/10/2026,0.87,$0.00,$0.00,,,,,,,,,,Vigente,FALSE,
842de02e,,21874ae5,7/10,5/11/2026,0.87,$0.00,$0.00,,,,,,,,,,Vigente,FALSE,
f5561a2a,,21874ae5,8/10,5/12/2026,0.87,$0.00,$0.00,,,,,,,,,,Vigente,FALSE,
b3ef5893,,21874ae5,9/10,5/1/2027,0.87,$0.00,$0.00,,,,,,,,,,Vigente,FALSE,
0f633ff1,,21874ae5,10/10,5/2/2027,0.83,$0.00,$0.00,,,,,,,,,,Vigente,FALSE,
51752445,Directo,f57ce768,1/12,2/5/2026,1.15,$0.00,$0.00,,,,,,,,,,Pagada,,
c1a242a6,,f57ce768,2/12,2/6/2026,1.17,$0.00,$0.00,,,,,,,,,,Vigente,,
276628de,,f57ce768,3/12,2/8/2026,1.17,$0.00,$0.00,,,,,,,,,,Vigente,,
b4f2d5b2,,f57ce768,4/12,2/8/2026,1.17,$0.00,$0.00,,,,,,,,,,Vigente,,
e1c705e7,,f57ce768,5/12,2/9/2026,1.17,$0.00,$0.00,,,,,,,,,,Vigente,,
b3090742,,f57ce768,6/12,2/10/2026,1.17,$0.00,$0.00,,,,,,,,,,Vigente,,
5d11ab0c,,f57ce768,7/12,2/11/2026,1.17,$0.00,$0.00,,,,,,,,,,Vigente,,
124eee4b,,f57ce768,8/12,2/12/2026,1.17,$0.00,$0.00,,,,,,,,,,Vigente,,
53a79349,,f57ce768,9/12,2/1/2027,1.17,$0.00,$0.00,,,,,,,,,,Vigente,,
8db208c7,,f57ce768,10/12,2/2/2027,1.17,$0.00,$0.00,,,,,,,,,,Vigente,,
5bbe387e,,f57ce768,11/12,2/3/2027,1.17,$0.00,$0.00,,,,,,,,,,Vigente,,
d010b153,,f57ce768,12/12,2/4/2027,1.17,$0.00,$0.00,,,,,,,,,,Vigente,,
5f4b8f22,,dfba2e2b,1/12,5/5/2026,1.13,$0.00,$0.00,,,,,,,,,TRUE,Pendiente,FALSE,
46408be3,,dfba2e2b,2/12,5/6/2026,1.13,$0.00,$0.00,,,,,,,,,,Vigente,,
f1a7eba6,,dfba2e2b,3/12,5/8/2026,1.13,$0.00,$0.00,,,,,,,,,,Vigente,,
ea3acc8d,,dfba2e2b,4/12,5/8/2026,1.13,$0.00,$0.00,,,,,,,,,,Vigente,,
9c67d61b,,dfba2e2b,5/12,5/9/2026,1.13,$0.00,$0.00,,,,,,,,,,Vigente,,
22bb9224,,dfba2e2b,6/12,5/10/2026,1.13,$0.00,$0.00,,,,,,,,,,Vigente,,
2c2edf77,,dfba2e2b,7/12,5/11/2026,1.13,$0.00,$0.00,,,,,,,,,,Vigente,,
06dc4c09,,dfba2e2b,8/12,5/12/2026,1.13,$0.00,$0.00,,,,,,,,,,Vigente,,
26c5b9d2,,dfba2e2b,9/12,5/1/2027,1.13,$0.00,$0.00,,,,,,,,,,Vigente,,
07d93434,,dfba2e2b,10/12,5/2/2027,1.13,$0.00,$0.00,,,,,,,,,,Vigente,,
05e89e56,,dfba2e2b,11/12,5/3/2027,1.13,$0.00,$0.00,,,,,,,,,,Vigente,,
ef81973a,,dfba2e2b,12/12,5/4/2027,1.14,$0.00,$0.00,,,,,,,,,,Vigente,,
dc8fe3c7,,90e1abfd,1/11,30/5/2026,0.83,$0.00,$0.00,,,,,,,,,,Pendiente,,
e7fae7a4,,90e1abfd,2/11,30/6/2026,0.83,$0.00,$0.00,,,,,,,,,,Vigente,,
f980aafc,,90e1abfd,3/11,30/7/2026,0.83,$0.00,$0.00,,,,,,,,,,Vigente,,
86f150a4,,90e1abfd,4/11,30/8/2026,0.83,$0.00,$0.00,,,,,,,,,,Vigente,,
94fdc31d,,90e1abfd,5/11,30/9/2026,0.83,$0.00,$0.00,,,,,,,,,,Vigente,,
f0f32c41,,90e1abfd,6/11,30/10/2026,0.83,$0.00,$0.00,,,,,,,,,,Vigente,,
4fe92e2e,,90e1abfd,7/11,30/11/2026,0.83,$0.00,$0.00,,,,,,,,,,Vigente,,
0720def1,,90e1abfd,8/11,30/12/2026,0.83,$0.00,$0.00,,,,,,,,,,Vigente,,
a77b5701,,90e1abfd,9/11,30/1/2027,0.83,$0.00,$0.00,,,,,,,,,,Vigente,,
04637ab8,,90e1abfd,10/11,28/2/2027,0.83,$0.00,$0.00,,,,,,,,,,Vigente,,
0ccbaefb,,90e1abfd,11/11,30/3/2027,0.91,$0.00,$0.00,,,,,,,,,,Vigente,,
9a7cfc38,,9a0b9a41,1/12,22/5/2026,1.13,$0.00,$0.00,,,,,,,,,,Pendiente,,
f0993b3a,,9a0b9a41,2/12,2/6/2026,1.15,$0.00,$0.00,,,,,,,,,,Vigente,,
4001be8d,,9a0b9a41,3/12,2/8/2026,1.15,$0.00,$0.00,,,,,,,,,,Vigente,,
986100f1,,9a0b9a41,4/12,2/9/2026,1.15,$0.00,$0.00,,,,,,,,,,Vigente,,
22f9d6d7,,9a0b9a41,5/12,2/10/2026,1.15,$0.00,$0.00,,,,,,,,,,Vigente,,
61038bec,,9a0b9a41,6/12,2/11/2026,1.15,$0.00,$0.00,,,,,,,,,,Vigente,,
2c60d8c4,,9a0b9a41,7/12,2/12/2026,1.15,$0.00,$0.00,,,,,,,,,,Vigente,,
87fdda3b,,9a0b9a41,8/12,2/1/2027,1.15,$0.00,$0.00,,,,,,,,,,Vigente,,
71485dc0,,9a0b9a41,9/12,2/2/2027,1.15,$0.00,$0.00,,,,,,,,,,Vigente,,
cef74c59,,9a0b9a41,10/12,2/2/2027,1.15,$0.00,$0.00,,,,,,,,,,Vigente,,
b19334b1,,9a0b9a41,11/12,2/3/2027,1.15,$0.00,$0.00,,,,,,,,,,Vigente,,
4c09e2f9,,9a0b9a41,12/12,2/4/2027,1.15,$0.00,$0.00,,,,,,,,,,Vigente,,
e63510b0,Directo,19d4a3a4,1/12,25/5/2026,0.82,$0.00,$0.00,11/5/2026,"$33,024.00",,,,,,,,Pagada,,
4b2efd4d,,19d4a3a4,2/12,25/6/2026,0.84,$0.00,$0.00,,,,,,,,,,Vigente,,
36fce154,,19d4a3a4,3/12,25/8/2026,0.84,$0.00,$0.00,,,,,,,,,,Vigente,,
bb139e75,,19d4a3a4,4/12,25/9/2026,0.84,$0.00,$0.00,,,,,,,,,,Vigente,,
f5be4c76,,19d4a3a4,5/12,25/10/2026,0.84,$0.00,$0.00,,,,,,,,,,Vigente,,
1e9dc36d,,19d4a3a4,6/12,25/11/2026,0.84,$0.00,$0.00,,,,,,,,,,Vigente,,
f57e3c54,,19d4a3a4,7/12,25/12/2026,0.84,$0.00,$0.00,,,,,,,,,,Vigente,,
4f5a3a01,,19d4a3a4,8/12,25/1/2027,0.84,$0.00,$0.00,,,,,,,,,,Vigente,,
da9b3c60,,19d4a3a4,9/12,25/2/2027,0.84,$0.00,$0.00,,,,,,,,,,Vigente,,
60d27407,,19d4a3a4,10/12,25/3/2027,0.84,$0.00,$0.00,,,,,,,,,,Vigente,,
d0f281ac,,19d4a3a4,11/12,25/4/2027,0.84,$0.00,$0.00,,,,,,,,,,Vigente,,
4c316b5d,,19d4a3a4,12/12,25/5/2027,0.84,$0.00,$0.00,,,,,,,,,,Vigente,,
45fb9147,,a28787f3,1/10,25/6/2026,11.91,$0.00,$0.00,,,,,,,,,,Vigente,,
31ed7878,,a28787f3,2/10,25/7/2026,11.91,$0.00,$0.00,,,,,,,,,,Vigente,,
32ebf1d2,,a28787f3,3/10,25/9/2026,11.91,$0.00,$0.00,,,,,,,,,,Vigente,,
c1932059,,a28787f3,4/10,25/10/2026,11.91,$0.00,$0.00,,,,,,,,,,Vigente,,
ee0c4a95,,a28787f3,5/10,25/11/2026,11.91,$0.00,$0.00,,,,,,,,,,Vigente,,
814c37d9,,a28787f3,6/10,25/12/2026,11.91,$0.00,$0.00,,,,,,,,,,Vigente,,
0f1c0936,,a28787f3,7/10,25/1/2027,11.91,$0.00,$0.00,,,,,,,,,,Vigente,,
188c3002,,a28787f3,8/10,25/2/2027,11.91,$0.00,$0.00,,,,,,,,,,Vigente,,
84328567,,a28787f3,9/10,25/3/2027,11.91,$0.00,$0.00,,,,,,,,,,Vigente,,
7485aeba,,a28787f3,10/10,25/4/2027,11.91,$0.00,$0.00,,,,,,,,,,Vigente,,
,,,,,,,,,,,,,,FALSE,FALSE,FALSE,FALSE,FALSE,
,,,,,,,,,,,,,,FALSE,FALSE,FALSE,FALSE,FALSE,
,,,,,,,,,,,,,,FALSE,FALSE,FALSE,FALSE,FALSE,
,,,,,,,,,,,,,,FALSE,FALSE,FALSE,FALSE,FALSE,
,,,,,,,,,,,,,,FALSE,FALSE,FALSE,FALSE,FALSE,
,,,,,,,,,,,,,,FALSE,FALSE,FALSE,FALSE,FALSE,
,,,,,,,,,,,,,,FALSE,FALSE,FALSE,FALSE,FALSE,
,,,,,,,,,,,,,,FALSE,FALSE,FALSE,FALSE,FALSE,
,,,,,,,,,,,,,,FALSE,FALSE,FALSE,FALSE,FALSE,
,,,,,,,,,,,,,,FALSE,FALSE,FALSE,FALSE,FALSE,
,,,,,,,,,,,,,,FALSE,FALSE,FALSE,FALSE,FALSE,
,,,,,,,,,,,,,,FALSE,FALSE,FALSE,FALSE,FALSE,
,,,,,,,,,,,,,,FALSE,FALSE,FALSE,FALSE,FALSE,
,,,,,,,,,,,,,,FALSE,FALSE,FALSE,FALSE,FALSE,
,,,,,,,,,,,,,,FALSE,FALSE,FALSE,FALSE,FALSE,
,,,,,,,,,,,,,,FALSE,FALSE,FALSE,FALSE,FALSE,
,,,,,,,,,,,,,,FALSE,FALSE,FALSE,FALSE,FALSE,
,,,,,,,,,,,,,,FALSE,FALSE,FALSE,FALSE,FALSE,
,,,,,,,,,,,,,,FALSE,FALSE,FALSE,FALSE,FALSE,
,,,,,,,,,,,,,,FALSE,FALSE,FALSE,FALSE,FALSE,
,,,,,,,,,,,,,,FALSE,FALSE,FALSE,FALSE,FALSE,
,,,,,,,,,,,,,,FALSE,FALSE,FALSE,FALSE,FALSE,
,,,,,,,,,,,,,,FALSE,FALSE,FALSE,FALSE,FALSE,
,,,,,,,,,,,,,,FALSE,FALSE,FALSE,FALSE,FALSE,
,,,,,,,,,,,,,,FALSE,FALSE,FALSE,FALSE,FALSE,
,,,,,,,,,,,,,,FALSE,FALSE,FALSE,FALSE,FALSE,
,,,,,,,,,,,,,,FALSE,FALSE,FALSE,FALSE,FALSE,
,,,,,,,,,,,,,,FALSE,FALSE,FALSE,FALSE,FALSE,
,,,,,,,,,,,,,,FALSE,FALSE,FALSE,FALSE,FALSE,
,,,,,,,,,,,,,,FALSE,FALSE,FALSE,FALSE,FALSE,
,,,,,,,,,,,,,,FALSE,FALSE,FALSE,FALSE,FALSE,
,,,,,,,,,,,,,,FALSE,FALSE,FALSE,FALSE,FALSE,
,,,,,,,,,,,,,,FALSE,FALSE,FALSE,FALSE,FALSE,
,,,,,,,,,,,,,,FALSE,FALSE,FALSE,FALSE,FALSE,
,,,,,,,,,,,,,,FALSE,FALSE,FALSE,FALSE,FALSE,
,,,,,,,,,,,,,,FALSE,FALSE,FALSE,FALSE,FALSE,
,,,,,,,,,,,,,,FALSE,FALSE,FALSE,FALSE,FALSE,
,,,,,,,,,,,,,,FALSE,FALSE,FALSE,FALSE,FALSE,
,,,,,,,,,,,,,,FALSE,FALSE,FALSE,FALSE,FALSE,
,,,,,,,,,,,,,,FALSE,FALSE,FALSE,FALSE,FALSE,
,,,,,,,,,,,,,,FALSE,FALSE,FALSE,FALSE,FALSE,
,,,,,,,,,,,,,,FALSE,FALSE,FALSE,FALSE,FALSE,
,,,,,,,,,,,,,,FALSE,FALSE,FALSE,FALSE,FALSE,
,,,,,,,,,,,,,,FALSE,FALSE,FALSE,FALSE,FALSE,
,,,,,,,,,,,,,,FALSE,FALSE,FALSE,FALSE,FALSE,
,,,,,,,,,,,,,,FALSE,FALSE,FALSE,FALSE,FALSE,
,,,,,,,,,,,,,,FALSE,FALSE,FALSE,FALSE,FALSE,
,,,,,,,,,,,,,,FALSE,FALSE,FALSE,FALSE,FALSE,
,,,,,,,,,,,,,,FALSE,FALSE,FALSE,FALSE,FALSE,
,,,,,,,,,,,,,,FALSE,FALSE,FALSE,FALSE,FALSE,
,,,,,,,,,,,,,,FALSE,FALSE,FALSE,FALSE,FALSE,
,,,,,,,,,,,,,,FALSE,FALSE,FALSE,FALSE,FALSE,
,,,,,,,,,,,,,,FALSE,FALSE,FALSE,FALSE,FALSE,
,,,,,,,,,,,,,,FALSE,FALSE,FALSE,FALSE,FALSE,
,,,,,,,,,,,,,,FALSE,FALSE,FALSE,FALSE,FALSE,
,,,,,,,,,,,,,,FALSE,FALSE,FALSE,FALSE,FALSE,
,,,,,,,,,,,,,,FALSE,FALSE,FALSE,FALSE,FALSE,
,,,,,,,,,,,,,,FALSE,FALSE,FALSE,FALSE,FALSE,
,,,,,,,,,,,,,,FALSE,FALSE,FALSE,FALSE,FALSE,
,,,,,,,,,,,,,,FALSE,FALSE,FALSE,FALSE,FALSE,
,,,,,,,,,,,,,,FALSE,FALSE,FALSE,FALSE,FALSE,
,,,,,,,,,,,,,,FALSE,FALSE,FALSE,FALSE,FALSE,
,,,,,,,,,,,,,,FALSE,FALSE,FALSE,FALSE,FALSE,
,,,,,,,,,,,,,,FALSE,FALSE,FALSE,FALSE,FALSE,
,,,,,,,,,,,,,,FALSE,FALSE,FALSE,FALSE,FALSE,
,,,,,,,,,,,,,,FALSE,FALSE,FALSE,FALSE,FALSE,
,,,,,,,,,,,,,,FALSE,FALSE,FALSE,FALSE,FALSE,
,,,,,,,,,,,,,,FALSE,FALSE,FALSE,FALSE,FALSE,
,,,,,,,,,,,,,,FALSE,FALSE,FALSE,FALSE,FALSE,
,,,,,,,,,,,,,,FALSE,FALSE,FALSE,FALSE,FALSE,
,,,,,,,,,,,,,,FALSE,FALSE,FALSE,FALSE,FALSE,
,,,,,,,,,,,,,,FALSE,FALSE,FALSE,FALSE,FALSE,
,,,,,,,,,,,,,,FALSE,FALSE,FALSE,FALSE,FALSE,
,,,,,,,,,,,,,,FALSE,FALSE,FALSE,FALSE,FALSE,
,,,,,,,,,,,,,,FALSE,FALSE,FALSE,FALSE,FALSE,
,,,,,,,,,,,,,,FALSE,FALSE,FALSE,FALSE,FALSE,
,,,,,,,,,,,,,,FALSE,FALSE,FALSE,FALSE,FALSE,
,,,,,,,,,,,,,,FALSE,FALSE,FALSE,FALSE,FALSE,
,,,,,,,,,,,,,,FALSE,FALSE,FALSE,FALSE,FALSE,
,,,,,,,,,,,,,,FALSE,FALSE,FALSE,FALSE,FALSE,
,,,,,,,,,,,,,,FALSE,FALSE,FALSE,FALSE,FALSE,
,,,,,,,,,,,,,,FALSE,FALSE,FALSE,FALSE,FALSE,
,,,,,,,,,,,,,,FALSE,FALSE,FALSE,FALSE,FALSE,
,,,,,,,,,,,,,,FALSE,FALSE,FALSE,FALSE,FALSE,
,,,,,,,,,,,,,,FALSE,FALSE,FALSE,FALSE,FALSE,
,,,,,,,,,,,,,,FALSE,FALSE,FALSE,FALSE,FALSE,
,,,,,,,,,,,,,,FALSE,FALSE,FALSE,FALSE,FALSE,
,,,,,,,,,,,,,,FALSE,FALSE,FALSE,FALSE,FALSE,
,,,,,,,,,,,,,,FALSE,FALSE,FALSE,FALSE,FALSE,
,,,,,,,,,,,,,,FALSE,FALSE,FALSE,FALSE,FALSE,
,,,,,,,,,,,,,,FALSE,FALSE,FALSE,FALSE,FALSE,
,,,,,,,,,,,,,,FALSE,FALSE,FALSE,FALSE,FALSE,
,,,,,,,,,,,,,,FALSE,FALSE,FALSE,FALSE,FALSE,
,,,,,,,,,,,,,,FALSE,FALSE,FALSE,FALSE,FALSE,
,,,,,,,,,,,,,,FALSE,FALSE,FALSE,FALSE,FALSE,
,,,,,,,,,,,,,,FALSE,FALSE,FALSE,FALSE,FALSE,
,,,,,,,,,,,,,,FALSE,FALSE,FALSE,FALSE,FALSE,
,,,,,,,,,,,,,,FALSE,FALSE,FALSE,FALSE,FALSE,
,,,,,,,,,,,,,,FALSE,FALSE,FALSE,FALSE,FALSE,
,,,,,,,,,,,,,,FALSE,FALSE,FALSE,FALSE,FALSE,
,,,,,,,,,,,,,,FALSE,FALSE,FALSE,FALSE,FALSE,
,,,,,,,,,,,,,,FALSE,FALSE,FALSE,FALSE,FALSE,
,,,,,,,,,,,,,,FALSE,FALSE,FALSE,FALSE,FALSE,
,,,,,,,,,,,,,,FALSE,FALSE,FALSE,FALSE,FALSE,
,,,,,,,,,,,,,,FALSE,FALSE,FALSE,FALSE,FALSE,
,,,,,,,,,,,,,,FALSE,FALSE,FALSE,FALSE,FALSE,
,,,,,,,,,,,,,,FALSE,FALSE,FALSE,FALSE,FALSE,
,,,,,,,,,,,,,,FALSE,FALSE,FALSE,FALSE,FALSE,
,,,,,,,,,,,,,,FALSE,FALSE,FALSE,FALSE,FALSE,
,,,,,,,,,,,,,,FALSE,FALSE,FALSE,FALSE,FALSE,
,,,,,,,,,,,,,,FALSE,FALSE,FALSE,FALSE,FALSE,
,,,,,,,,,,,,,,FALSE,FALSE,FALSE,FALSE,FALSE,
,,,,,,,,,,,,,,FALSE,FALSE,FALSE,FALSE,FALSE,
,,,,,,,,,,,,,,FALSE,FALSE,FALSE,FALSE,FALSE,
,,,,,,,,,,,,,,FALSE,FALSE,FALSE,FALSE,FALSE,
,,,,,,,,,,,,,,FALSE,FALSE,FALSE,FALSE,FALSE,
,,,,,,,,,,,,,,FALSE,FALSE,FALSE,FALSE,FALSE,
,,,,,,,,,,,,,,FALSE,FALSE,FALSE,FALSE,FALSE,
,,,,,,,,,,,,,,FALSE,FALSE,FALSE,FALSE,FALSE,
,,,,,,,,,,,,,,FALSE,FALSE,FALSE,FALSE,FALSE,
,,,,,,,,,,,,,,FALSE,FALSE,FALSE,FALSE,FALSE,
,,,,,,,,,,,,,,FALSE,FALSE,FALSE,FALSE,FALSE,
,,,,,,,,,,,,,,FALSE,FALSE,FALSE,FALSE,FALSE,
,,,,,,,,,,,,,,FALSE,FALSE,FALSE,FALSE,FALSE,
,,,,,,,,,,,,,,FALSE,FALSE,FALSE,FALSE,FALSE,
,,,,,,,,,,,,,,FALSE,FALSE,FALSE,FALSE,FALSE,
,,,,,,,,,,,,,,FALSE,FALSE,FALSE,FALSE,FALSE,
,,,,,,,,,,,,,,FALSE,FALSE,FALSE,FALSE,FALSE,
,,,,,,,,,,,,,,FALSE,FALSE,FALSE,FALSE,FALSE,
,,,,,,,,,,,,,,FALSE,FALSE,FALSE,FALSE,FALSE,
,,,,,,,,,,,,,,FALSE,FALSE,FALSE,FALSE,FALSE,
,,,,,,,,,,,,,,FALSE,FALSE,FALSE,FALSE,FALSE,
,,,,,,,,,,,,,,FALSE,FALSE,FALSE,FALSE,FALSE,
,,,,,,,,,,,,,,FALSE,FALSE,FALSE,FALSE,FALSE,
,,,,,,,,,,,,,,FALSE,FALSE,FALSE,FALSE,FALSE,
,,,,,,,,,,,,,,FALSE,FALSE,FALSE,FALSE,FALSE,
,,,,,,,,,,,,,,FALSE,FALSE,FALSE,FALSE,FALSE,
,,,,,,,,,,,,,,FALSE,FALSE,FALSE,FALSE,FALSE,
,,,,,,,,,,,,,,FALSE,FALSE,FALSE,FALSE,FALSE,
,,,,,,,,,,,,,,FALSE,FALSE,FALSE,FALSE,FALSE,
,,,,,,,,,,,,,,FALSE,FALSE,FALSE,FALSE,FALSE,
,,,,,,,,,,,,,,FALSE,FALSE,FALSE,FALSE,FALSE,
,,,,,,,,,,,,,,FALSE,FALSE,FALSE,FALSE,FALSE,
,,,,,,,,,,,,,,FALSE,FALSE,FALSE,FALSE,FALSE,
,,,,,,,,,,,,,,FALSE,FALSE,FALSE,FALSE,FALSE,
,,,,,,,,,,,,,,FALSE,FALSE,FALSE,FALSE,FALSE,
,,,,,,,,,,,,,,FALSE,FALSE,FALSE,FALSE,FALSE,
,,,,,,,,,,,,,,FALSE,FALSE,FALSE,FALSE,FALSE,
,,,,,,,,,,,,,,FALSE,FALSE,FALSE,FALSE,FALSE,
,,,,,,,,,,,,,,FALSE,FALSE,FALSE,FALSE,FALSE,
,,,,,,,,,,,,,,FALSE,FALSE,FALSE,FALSE,FALSE,
,,,,,,,,,,,,,,FALSE,FALSE,FALSE,FALSE,FALSE,
,,,,,,,,,,,,,,FALSE,FALSE,FALSE,FALSE,FALSE,
,,,,,,,,,,,,,,FALSE,FALSE,FALSE,FALSE,FALSE,
,,,,,,,,,,,,,,FALSE,FALSE,FALSE,FALSE,FALSE,
,,,,,,,,,,,,,,FALSE,FALSE,FALSE,FALSE,FALSE,
,,,,,,,,,,,,,,FALSE,FALSE,FALSE,FALSE,FALSE,
,,,,,,,,,,,,,,FALSE,FALSE,FALSE,FALSE,FALSE,
,,,,,,,,,,,,,,FALSE,FALSE,FALSE,FALSE,FALSE,
,,,,,,,,,,,,,,FALSE,FALSE,FALSE,FALSE,FALSE,
,,,,,,,,,,,,,,FALSE,FALSE,FALSE,FALSE,FALSE,
,,,,,,,,,,,,,,FALSE,FALSE,FALSE,FALSE,FALSE,
,,,,,,,,,,,,,,FALSE,FALSE,FALSE,FALSE,FALSE,
,,,,,,,,,,,,,,FALSE,FALSE,FALSE,FALSE,FALSE,
,,,,,,,,,,,,,,FALSE,FALSE,FALSE,FALSE,FALSE,
,,,,,,,,,,,,,,FALSE,FALSE,FALSE,FALSE,FALSE,
,,,,,,,,,,,,,,FALSE,FALSE,FALSE,FALSE,FALSE,
,,,,,,,,,,,,,,FALSE,FALSE,FALSE,FALSE,FALSE,
,,,,,,,,,,,,,,FALSE,FALSE,FALSE,FALSE,FALSE,
,,,,,,,,,,,,,,FALSE,FALSE,FALSE,FALSE,FALSE,
,,,,,,,,,,,,,,FALSE,FALSE,FALSE,FALSE,FALSE,
,,,,,,,,,,,,,,FALSE,FALSE,FALSE,FALSE,FALSE,
,,,,,,,,,,,,,,FALSE,FALSE,FALSE,FALSE,FALSE,
,,,,,,,,,,,,,,FALSE,FALSE,FALSE,FALSE,FALSE,
,,,,,,,,,,,,,,FALSE,FALSE,FALSE,FALSE,FALSE,
,,,,,,,,,,,,,,FALSE,FALSE,FALSE,FALSE,FALSE,
,,,,,,,,,,,,,,FALSE,FALSE,FALSE,FALSE,FALSE,
,,,,,,,,,,,,,,FALSE,FALSE,FALSE,FALSE,FALSE,
,,,,,,,,,,,,,,FALSE,FALSE,FALSE,FALSE,FALSE,
,,,,,,,,,,,,,,FALSE,FALSE,FALSE,FALSE,FALSE,
,,,,,,,,,,,,,,FALSE,FALSE,FALSE,FALSE,FALSE,
,,,,,,,,,,,,,,FALSE,FALSE,FALSE,FALSE,FALSE,
,,,,,,,,,,,,,,FALSE,FALSE,FALSE,FALSE,FALSE,
,,,,,,,,,,,,,,FALSE,FALSE,FALSE,FALSE,FALSE,
,,,,,,,,,,,,,,FALSE,FALSE,FALSE,FALSE,FALSE,
,,,,,,,,,,,,,,FALSE,FALSE,FALSE,FALSE,FALSE,
,,,,,,,,,,,,,,FALSE,FALSE,FALSE,FALSE,FALSE,
,,,,,,,,,,,,,,FALSE,FALSE,FALSE,FALSE,FALSE,
,,,,,,,,,,,,,,FALSE,FALSE,FALSE,FALSE,FALSE,
,,,,,,,,,,,,,,FALSE,FALSE,FALSE,FALSE,FALSE,
,,,,,,,,,,,,,,FALSE,FALSE,FALSE,FALSE,FALSE,
,,,,,,,,,,,,,,FALSE,FALSE,FALSE,FALSE,FALSE,
,,,,,,,,,,,,,,FALSE,FALSE,FALSE,FALSE,FALSE,
,,,,,,,,,,,,,,FALSE,FALSE,FALSE,FALSE,FALSE,
,,,,,,,,,,,,,,FALSE,FALSE,FALSE,FALSE,FALSE,
,,,,,,,,,,,,,,FALSE,FALSE,FALSE,FALSE,FALSE,
,,,,,,,,,,,,,,FALSE,FALSE,FALSE,FALSE,FALSE,
,,,,,,,,,,,,,,FALSE,FALSE,FALSE,FALSE,FALSE,
,,,,,,,,,,,,,,FALSE,FALSE,FALSE,FALSE,FALSE,
,,,,,,,,,,,,,,FALSE,FALSE,FALSE,FALSE,FALSE,
,,,,,,,,,,,,,,FALSE,FALSE,FALSE,FALSE,FALSE,
,,,,,,,,,,,,,,FALSE,FALSE,FALSE,FALSE,FALSE,
,,,,,,,,,,,,,,FALSE,FALSE,FALSE,FALSE,FALSE,
,,,,,,,,,,,,,,FALSE,FALSE,FALSE,FALSE,FALSE,
,,,,,,,,,,,,,,FALSE,FALSE,FALSE,FALSE,FALSE,
,,,,,,,,,,,,,,FALSE,FALSE,FALSE,FALSE,FALSE,
,,,,,,,,,,,,,,FALSE,FALSE,FALSE,FALSE,FALSE,
,,,,,,,,,,,,,,FALSE,FALSE,FALSE,FALSE,FALSE,
,,,,,,,,,,,,,,FALSE,FALSE,FALSE,FALSE,FALSE,
,,,,,,,,,,,,,,FALSE,FALSE,FALSE,FALSE,FALSE,
,,,,,,,,,,,,,,FALSE,FALSE,FALSE,FALSE,FALSE,
,,,,,,,,,,,,,,FALSE,FALSE,FALSE,FALSE,FALSE,
,,,,,,,,,,,,,,FALSE,FALSE,FALSE,FALSE,FALSE,
,,,,,,,,,,,,,,FALSE,FALSE,FALSE,FALSE,FALSE,
,,,,,,,,,,,,,,FALSE,FALSE,FALSE,FALSE,FALSE,
,,,,,,,,,,,,,,FALSE,FALSE,FALSE,FALSE,FALSE,
,,,,,,,,,,,,,,FALSE,FALSE,FALSE,FALSE,FALSE,
,,,,,,,,,,,,,,FALSE,FALSE,FALSE,FALSE,FALSE,
,,,,,,,,,,,,,,FALSE,FALSE,FALSE,FALSE,FALSE,
,,,,,,,,,,,,,,FALSE,FALSE,FALSE,FALSE,FALSE,
,,,,,,,,,,,,,,FALSE,FALSE,FALSE,FALSE,FALSE,
,,,,,,,,,,,,,,FALSE,FALSE,FALSE,FALSE,FALSE,
,,,,,,,,,,,,,,FALSE,FALSE,FALSE,FALSE,FALSE,
,,,,,,,,,,,,,,FALSE,FALSE,FALSE,FALSE,FALSE,
,,,,,,,,,,,,,,FALSE,FALSE,FALSE,FALSE,FALSE,
,,,,,,,,,,,,,,FALSE,FALSE,FALSE,FALSE,FALSE,
,,,,,,,,,,,,,,FALSE,FALSE,FALSE,FALSE,FALSE,
,,,,,,,,,,,,,,FALSE,FALSE,FALSE,FALSE,FALSE,
,,,,,,,,,,,,,,FALSE,FALSE,FALSE,FALSE,FALSE,
,,,,,,,,,,,,,,FALSE,FALSE,FALSE,FALSE,FALSE,
,,,,,,,,,,,,,,FALSE,FALSE,FALSE,FALSE,FALSE,
,,,,,,,,,,,,,,FALSE,FALSE,FALSE,FALSE,FALSE,
,,,,,,,,,,,,,,FALSE,FALSE,FALSE,FALSE,FALSE,
,,,,,,,,,,,,,,FALSE,FALSE,FALSE,FALSE,FALSE,
,,,,,,,,,,,,,,FALSE,FALSE,FALSE,FALSE,FALSE,
,,,,,,,,,,,,,,FALSE,FALSE,FALSE,FALSE,FALSE,
,,,,,,,,,,,,,,FALSE,FALSE,FALSE,FALSE,FALSE,
,,,,,,,,,,,,,,FALSE,FALSE,FALSE,FALSE,FALSE,
,,,,,,,,,,,,,,FALSE,FALSE,FALSE,FALSE,FALSE,
,,,,,,,,,,,,,,FALSE,FALSE,FALSE,FALSE,FALSE,
,,,,,,,,,,,,,,FALSE,FALSE,FALSE,FALSE,FALSE,
,,,,,,,,,,,,,,FALSE,FALSE,FALSE,FALSE,FALSE,
,,,,,,,,,,,,,,FALSE,FALSE,FALSE,FALSE,FALSE,
,,,,,,,,,,,,,,FALSE,FALSE,FALSE,FALSE,FALSE,
,,,,,,,,,,,,,,FALSE,FALSE,FALSE,FALSE,FALSE,
,,,,,,,,,,,,,,FALSE,FALSE,FALSE,FALSE,FALSE,
,,,,,,,,,,,,,,FALSE,FALSE,FALSE,FALSE,FALSE,
,,,,,,,,,,,,,,FALSE,FALSE,FALSE,FALSE,FALSE,
,,,,,,,,,,,,,,FALSE,FALSE,FALSE,FALSE,FALSE,
,,,,,,,,,,,,,,FALSE,FALSE,FALSE,FALSE,FALSE,
,,,,,,,,,,,,,,FALSE,FALSE,FALSE,FALSE,FALSE,
,,,,,,,,,,,,,,FALSE,FALSE,FALSE,FALSE,FALSE,
,,,,,,,,,,,,,,FALSE,FALSE,FALSE,FALSE,FALSE,
,,,,,,,,,,,,,,FALSE,FALSE,FALSE,FALSE,FALSE,
,,,,,,,,,,,,,,FALSE,FALSE,FALSE,FALSE,FALSE,
,,,,,,,,,,,,,,FALSE,FALSE,FALSE,FALSE,FALSE,
,,,,,,,,,,,,,,FALSE,FALSE,FALSE,FALSE,FALSE,
,,,,,,,,,,,,,,FALSE,FALSE,FALSE,FALSE,FALSE,
,,,,,,,,,,,,,,FALSE,FALSE,FALSE,FALSE,FALSE,
,,,,,,,,,,,,,,FALSE,FALSE,FALSE,FALSE,FALSE,
,,,,,,,,,,,,,,FALSE,FALSE,FALSE,FALSE,FALSE,
,,,,,,,,,,,,,,FALSE,FALSE,FALSE,FALSE,FALSE,
,,,,,,,,,,,,,,FALSE,FALSE,FALSE,FALSE,FALSE,
,,,,,,,,,,,,,,FALSE,FALSE,FALSE,FALSE,FALSE,
,,,,,,,,,,,,,,FALSE,FALSE,FALSE,FALSE,FALSE,
,,,,,,,,,,,,,,FALSE,FALSE,FALSE,FALSE,FALSE,
,,,,,,,,,,,,,,FALSE,FALSE,FALSE,FALSE,FALSE,
,,,,,,,,,,,,,,FALSE,FALSE,FALSE,FALSE,FALSE,
,,,,,,,,,,,,,,FALSE,FALSE,FALSE,FALSE,FALSE,
,,,,,,,,,,,,,,FALSE,FALSE,FALSE,FALSE,FALSE,
,,,,,,,,,,,,,,FALSE,FALSE,FALSE,FALSE,FALSE,
,,,,,,,,,,,,,,FALSE,FALSE,FALSE,FALSE,FALSE,
,,,,,,,,,,,,,,FALSE,FALSE,FALSE,FALSE,FALSE,
,,,,,,,,,,,,,,FALSE,FALSE,FALSE,FALSE,FALSE,
,,,,,,,,,,,,,,FALSE,FALSE,FALSE,FALSE,FALSE,
,,,,,,,,,,,,,,FALSE,FALSE,FALSE,FALSE,FALSE,
,,,,,,,,,,,,,,FALSE,FALSE,FALSE,FALSE,FALSE,
,,,,,,,,,,,,,,FALSE,FALSE,FALSE,FALSE,FALSE,
,,,,,,,,,,,,,,FALSE,FALSE,FALSE,FALSE,FALSE,
,,,,,,,,,,,,,,FALSE,FALSE,FALSE,FALSE,FALSE,
,,,,,,,,,,,,,,FALSE,FALSE,FALSE,FALSE,FALSE,
,,,,,,,,,,,,,,FALSE,FALSE,FALSE,FALSE,FALSE,
,,,,,,,,,,,,,,FALSE,FALSE,FALSE,FALSE,FALSE,
,,,,,,,,,,,,,,FALSE,FALSE,FALSE,FALSE,FALSE,
,,,,,,,,,,,,,,FALSE,FALSE,FALSE,FALSE,FALSE,
,,,,,,,,,,,,,,FALSE,FALSE,FALSE,FALSE,FALSE,
,,,,,,,,,,,,,,FALSE,FALSE,FALSE,FALSE,FALSE,
,,,,,,,,,,,,,,FALSE,FALSE,FALSE,FALSE,FALSE,
,,,,,,,,,,,,,,FALSE,FALSE,FALSE,FALSE,FALSE,
,,,,,,,,,,,,,,FALSE,FALSE,FALSE,FALSE,FALSE,
,,,,,,,,,,,,,,FALSE,FALSE,FALSE,FALSE,FALSE,
,,,,,,,,,,,,,,FALSE,FALSE,FALSE,FALSE,FALSE,
,,,,,,,,,,,,,,FALSE,FALSE,FALSE,FALSE,FALSE,
,,,,,,,,,,,,,,FALSE,FALSE,FALSE,FALSE,FALSE,
,,,,,,,,,,,,,,FALSE,FALSE,FALSE,FALSE,FALSE,
,,,,,,,,,,,,,,FALSE,FALSE,FALSE,FALSE,FALSE,
,,,,,,,,,,,,,,FALSE,FALSE,FALSE,FALSE,FALSE,
,,,,,,,,,,,,,,FALSE,FALSE,FALSE,FALSE,FALSE,
,,,,,,,,,,,,,,FALSE,FALSE,FALSE,FALSE,FALSE,
,,,,,,,,,,,,,,FALSE,FALSE,FALSE,FALSE,FALSE,
,,,,,,,,,,,,,,FALSE,FALSE,FALSE,FALSE,FALSE,
,,,,,,,,,,,,,,FALSE,FALSE,FALSE,FALSE,FALSE,
,,,,,,,,,,,,,,FALSE,FALSE,FALSE,FALSE,FALSE,
,,,,,,,,,,,,,,FALSE,FALSE,FALSE,FALSE,FALSE,
,,,,,,,,,,,,,,FALSE,FALSE,FALSE,FALSE,FALSE,
,,,,,,,,,,,,,,FALSE,FALSE,FALSE,FALSE,FALSE,
,,,,,,,,,,,,,,FALSE,FALSE,FALSE,FALSE,FALSE,
,,,,,,,,,,,,,,FALSE,FALSE,FALSE,FALSE,FALSE,
,,,,,,,,,,,,,,FALSE,FALSE,FALSE,FALSE,FALSE,
,,,,,,,,,,,,,,FALSE,FALSE,FALSE,FALSE,FALSE,
,,,,,,,,,,,,,,FALSE,FALSE,FALSE,FALSE,FALSE,
,,,,,,,,,,,,,,FALSE,FALSE,FALSE,FALSE,FALSE,
,,,,,,,,,,,,,,FALSE,FALSE,FALSE,FALSE,FALSE,
,,,,,,,,,,,,,,FALSE,FALSE,FALSE,FALSE,FALSE,
,,,,,,,,,,,,,,FALSE,FALSE,FALSE,FALSE,FALSE,
,,,,,,,,,,,,,,FALSE,FALSE,FALSE,FALSE,FALSE,
,,,,,,,,,,,,,,FALSE,FALSE,FALSE,FALSE,FALSE,
,,,,,,,,,,,,,,FALSE,FALSE,FALSE,FALSE,FALSE,
,,,,,,,,,,,,,,FALSE,FALSE,FALSE,FALSE,FALSE,
,,,,,,,,,,,,,,FALSE,FALSE,FALSE,FALSE,FALSE,
,,,,,,,,,,,,,,FALSE,FALSE,FALSE,FALSE,FALSE,
,,,,,,,,,,,,,,FALSE,FALSE,FALSE,FALSE,FALSE,
,,,,,,,,,,,,,,FALSE,FALSE,FALSE,FALSE,FALSE,
,,,,,,,,,,,,,,FALSE,FALSE,FALSE,FALSE,FALSE,
,,,,,,,,,,,,,,FALSE,FALSE,FALSE,FALSE,FALSE,
,,,,,,,,,,,,,,FALSE,FALSE,FALSE,FALSE,FALSE,
,,,,,,,,,,,,,,FALSE,FALSE,FALSE,FALSE,FALSE,
,,,,,,,,,,,,,,FALSE,FALSE,FALSE,FALSE,FALSE,
,,,,,,,,,,,,,,FALSE,FALSE,FALSE,FALSE,FALSE,
,,,,,,,,,,,,,,FALSE,FALSE,FALSE,FALSE,FALSE,
,,,,,,,,,,,,,,FALSE,FALSE,FALSE,FALSE,FALSE,
,,,,,,,,,,,,,,FALSE,FALSE,FALSE,FALSE,FALSE,
,,,,,,,,,,,,,,FALSE,FALSE,FALSE,FALSE,FALSE,
,,,,,,,,,,,,,,FALSE,FALSE,FALSE,FALSE,FALSE,
,,,,,,,,,,,,,,FALSE,FALSE,FALSE,FALSE,FALSE,
,,,,,,,,,,,,,,FALSE,FALSE,FALSE,FALSE,FALSE,
,,,,,,,,,,,,,,FALSE,FALSE,FALSE,FALSE,FALSE,
,,,,,,,,,,,,,,FALSE,FALSE,FALSE,FALSE,FALSE,
,,,,,,,,,,,,,,FALSE,FALSE,FALSE,FALSE,FALSE,
,,,,,,,,,,,,,,FALSE,FALSE,FALSE,FALSE,FALSE,
,,,,,,,,,,,,,,FALSE,FALSE,FALSE,FALSE,FALSE,
,,,,,,,,,,,,,,FALSE,FALSE,FALSE,FALSE,FALSE,
,,,,,,,,,,,,,,FALSE,FALSE,FALSE,FALSE,FALSE,
,,,,,,,,,,,,,,FALSE,FALSE,FALSE,FALSE,FALSE,
,,,,,,,,,,,,,,FALSE,FALSE,FALSE,FALSE,FALSE,
,,,,,,,,,,,,,,FALSE,FALSE,FALSE,FALSE,FALSE,
,,,,,,,,,,,,,,FALSE,FALSE,FALSE,FALSE,FALSE,
,,,,,,,,,,,,,,FALSE,FALSE,FALSE,FALSE,FALSE,
,,,,,,,,,,,,,,FALSE,FALSE,FALSE,FALSE,FALSE,
,,,,,,,,,,,,,,FALSE,FALSE,FALSE,FALSE,FALSE,
,,,,,,,,,,,,,,FALSE,FALSE,FALSE,FALSE,FALSE,
,,,,,,,,,,,,,,FALSE,FALSE,FALSE,FALSE,FALSE,
,,,,,,,,,,,,,,FALSE,FALSE,FALSE,FALSE,FALSE,
,,,,,,,,,,,,,,FALSE,FALSE,FALSE,FALSE,FALSE,
,,,,,,,,,,,,,,FALSE,FALSE,FALSE,FALSE,FALSE,
,,,,,,,,,,,,,,FALSE,FALSE,FALSE,FALSE,FALSE,
,,,,,,,,,,,,,,FALSE,FALSE,FALSE,FALSE,FALSE,
,,,,,,,,,,,,,,FALSE,FALSE,FALSE,FALSE,FALSE,
,,,,,,,,,,,,,,FALSE,FALSE,FALSE,FALSE,FALSE,
,,,,,,,,,,,,,,FALSE,FALSE,FALSE,FALSE,FALSE,
,,,,,,,,,,,,,,FALSE,FALSE,FALSE,FALSE,FALSE,
,,,,,,,,,,,,,,FALSE,FALSE,FALSE,FALSE,FALSE,
,,,,,,,,,,,,,,FALSE,FALSE,FALSE,FALSE,FALSE,
,,,,,,,,,,,,,,FALSE,FALSE,FALSE,FALSE,FALSE,
,,,,,,,,,,,,,,FALSE,FALSE,FALSE,FALSE,FALSE,
,,,,,,,,,,,,,,FALSE,FALSE,FALSE,FALSE,FALSE,
,,,,,,,,,,,,,,FALSE,FALSE,FALSE,FALSE,FALSE,
,,,,,,,,,,,,,,FALSE,FALSE,FALSE,FALSE,FALSE,
,,,,,,,,,,,,,,FALSE,FALSE,FALSE,FALSE,FALSE,
,,,,,,,,,,,,,,FALSE,FALSE,FALSE,FALSE,FALSE,
,,,,,,,,,,,,,,FALSE,FALSE,FALSE,FALSE,FALSE,
,,,,,,,,,,,,,,FALSE,FALSE,FALSE,FALSE,FALSE,
,,,,,,,,,,,,,,FALSE,FALSE,FALSE,FALSE,FALSE,
,,,,,,,,,,,,,,FALSE,FALSE,FALSE,FALSE,FALSE,
,,,,,,,,,,,,,,FALSE,FALSE,FALSE,FALSE,FALSE,
,,,,,,,,,,,,,,FALSE,FALSE,FALSE,FALSE,FALSE,
,,,,,,,,,,,,,,FALSE,FALSE,FALSE,FALSE,FALSE,
,,,,,,,,,,,,,,FALSE,FALSE,FALSE,FALSE,FALSE,
,,,,,,,,,,,,,,FALSE,FALSE,FALSE,FALSE,FALSE,
,,,,,,,,,,,,,,FALSE,FALSE,FALSE,FALSE,FALSE,
,,,,,,,,,,,,,,FALSE,FALSE,FALSE,FALSE,FALSE,
,,,,,,,,,,,,,,FALSE,FALSE,FALSE,FALSE,FALSE,
,,,,,,,,,,,,,,FALSE,FALSE,FALSE,FALSE,FALSE,
,,,,,,,,,,,,,,FALSE,FALSE,FALSE,FALSE,FALSE,
,,,,,,,,,,,,,,FALSE,FALSE,FALSE,FALSE,FALSE,
,,,,,,,,,,,,,,FALSE,FALSE,FALSE,FALSE,FALSE,
,,,,,,,,,,,,,,FALSE,FALSE,FALSE,FALSE,FALSE,
,,,,,,,,,,,,,,FALSE,FALSE,FALSE,FALSE,FALSE,
,,,,,,,,,,,,,,FALSE,FALSE,FALSE,FALSE,FALSE,
,,,,,,,,,,,,,,FALSE,FALSE,FALSE,FALSE,FALSE,
,,,,,,,,,,,,,,FALSE,FALSE,FALSE,FALSE,FALSE,
,,,,,,,,,,,,,,FALSE,FALSE,FALSE,FALSE,FALSE,
,,,,,,,,,,,,,,FALSE,FALSE,FALSE,FALSE,FALSE,
,,,,,,,,,,,,,,FALSE,FALSE,FALSE,FALSE,FALSE,
,,,,,,,,,,,,,,FALSE,FALSE,FALSE,FALSE,FALSE,
,,,,,,,,,,,,,,FALSE,FALSE,FALSE,FALSE,FALSE,
,,,,,,,,,,,,,,FALSE,FALSE,FALSE,FALSE,FALSE,
,,,,,,,,,,,,,,FALSE,FALSE,FALSE,FALSE,FALSE,
,,,,,,,,,,,,,,FALSE,FALSE,FALSE,FALSE,FALSE,
,,,,,,,,,,,,,,FALSE,FALSE,FALSE,FALSE,FALSE,
,,,,,,,,,,,,,,FALSE,FALSE,FALSE,FALSE,FALSE,
,,,,,,,,,,,,,,FALSE,FALSE,FALSE,FALSE,FALSE,
,,,,,,,,,,,,,,FALSE,FALSE,FALSE,FALSE,FALSE,
,,,,,,,,,,,,,,FALSE,FALSE,FALSE,FALSE,FALSE,
,,,,,,,,,,,,,,FALSE,FALSE,FALSE,FALSE,FALSE,
,,,,,,,,,,,,,,FALSE,FALSE,FALSE,FALSE,FALSE,
,,,,,,,,,,,,,,FALSE,FALSE,FALSE,FALSE,FALSE,
,,,,,,,,,,,,,,FALSE,FALSE,FALSE,FALSE,FALSE,
,,,,,,,,,,,,,,FALSE,FALSE,FALSE,FALSE,FALSE,
,,,,,,,,,,,,,,FALSE,FALSE,FALSE,FALSE,FALSE,
,,,,,,,,,,,,,,FALSE,FALSE,FALSE,FALSE,FALSE,
,,,,,,,,,,,,,,FALSE,FALSE,FALSE,FALSE,FALSE,
,,,,,,,,,,,,,,FALSE,FALSE,FALSE,FALSE,FALSE,
,,,,,,,,,,,,,,FALSE,FALSE,FALSE,FALSE,FALSE,
,,,,,,,,,,,,,,FALSE,FALSE,FALSE,FALSE,FALSE,
,,,,,,,,,,,,,,FALSE,FALSE,FALSE,FALSE,FALSE,
,,,,,,,,,,,,,,FALSE,FALSE,FALSE,FALSE,FALSE,
,,,,,,,,,,,,,,FALSE,FALSE,FALSE,FALSE,FALSE,
,,,,,,,,,,,,,,FALSE,FALSE,FALSE,FALSE,FALSE,
,,,,,,,,,,,,,,FALSE,FALSE,FALSE,FALSE,FALSE,
,,,,,,,,,,,,,,FALSE,FALSE,FALSE,FALSE,FALSE,
,,,,,,,,,,,,,,FALSE,FALSE,FALSE,FALSE,FALSE,
,,,,,,,,,,,,,,FALSE,FALSE,FALSE,FALSE,FALSE,
,,,,,,,,,,,,,,FALSE,FALSE,FALSE,FALSE,FALSE,
,,,,,,,,,,,,,,FALSE,FALSE,FALSE,FALSE,FALSE,
,,,,,,,,,,,,,,FALSE,FALSE,FALSE,FALSE,FALSE,
,,,,,,,,,,,,,,FALSE,FALSE,FALSE,FALSE,FALSE,
,,,,,,,,,,,,,,FALSE,FALSE,FALSE,FALSE,FALSE,
,,,,,,,,,,,,,,FALSE,FALSE,FALSE,FALSE,FALSE,
,,,,,,,,,,,,,,FALSE,FALSE,FALSE,FALSE,FALSE,
,,,,,,,,,,,,,,FALSE,FALSE,FALSE,FALSE,FALSE,
,,,,,,,,,,,,,,FALSE,FALSE,FALSE,FALSE,FALSE,
,,,,,,,,,,,,,,FALSE,FALSE,FALSE,FALSE,FALSE,
,,,,,,,,,,,,,,FALSE,FALSE,FALSE,FALSE,FALSE,
,,,,,,,,,,,,,,FALSE,FALSE,FALSE,FALSE,FALSE,
,,,,,,,,,,,,,,FALSE,FALSE,FALSE,FALSE,FALSE,
,,,,,,,,,,,,,,FALSE,FALSE,FALSE,FALSE,FALSE,
,,,,,,,,,,,,,,FALSE,FALSE,FALSE,FALSE,FALSE,
,,,,,,,,,,,,,,FALSE,FALSE,FALSE,FALSE,FALSE,
,,,,,,,,,,,,,,FALSE,FALSE,FALSE,FALSE,FALSE,
,,,,,,,,,,,,,,FALSE,FALSE,FALSE,FALSE,FALSE,
,,,,,,,,,,,,,,FALSE,FALSE,FALSE,FALSE,FALSE,
,,,,,,,,,,,,,,FALSE,FALSE,FALSE,FALSE,FALSE,
,,,,,,,,,,,,,,FALSE,FALSE,FALSE,FALSE,FALSE,
,,,,,,,,,,,,,,FALSE,FALSE,FALSE,FALSE,FALSE,
,,,,,,,,,,,,,,FALSE,FALSE,FALSE,FALSE,FALSE,
,,,,,,,,,,,,,,FALSE,FALSE,FALSE,FALSE,FALSE,
,,,,,,,,,,,,,,FALSE,FALSE,FALSE,FALSE,FALSE,
,,,,,,,,,,,,,,FALSE,FALSE,FALSE,FALSE,FALSE,
,,,,,,,,,,,,,,FALSE,FALSE,FALSE,FALSE,FALSE,
,,,,,,,,,,,,,,FALSE,FALSE,FALSE,FALSE,FALSE,
,,,,,,,,,,,,,,FALSE,FALSE,FALSE,FALSE,FALSE,
,,,,,,,,,,,,,,FALSE,FALSE,FALSE,FALSE,FALSE,
,,,,,,,,,,,,,,FALSE,FALSE,FALSE,FALSE,FALSE,
,,,,,,,,,,,,,,FALSE,FALSE,FALSE,FALSE,FALSE,
,,,,,,,,,,,,,,FALSE,FALSE,FALSE,FALSE,FALSE,
,,,,,,,,,,,,,,FALSE,FALSE,FALSE,FALSE,FALSE,
,,,,,,,,,,,,,,FALSE,FALSE,FALSE,FALSE,FALSE,
,,,,,,,,,,,,,,FALSE,FALSE,FALSE,FALSE,FALSE,
,,,,,,,,,,,,,,FALSE,FALSE,FALSE,FALSE,FALSE,
,,,,,,,,,,,,,,FALSE,FALSE,FALSE,FALSE,FALSE,
,,,,,,,,,,,,,,FALSE,FALSE,FALSE,FALSE,FALSE,
,,,,,,,,,,,,,,FALSE,FALSE,FALSE,FALSE,FALSE,
,,,,,,,,,,,,,,FALSE,FALSE,FALSE,FALSE,FALSE,
,,,,,,,,,,,,,,FALSE,FALSE,FALSE,FALSE,FALSE,
,,,,,,,,,,,,,,FALSE,FALSE,FALSE,FALSE,FALSE,
,,,,,,,,,,,,,,FALSE,FALSE,FALSE,FALSE,FALSE,
,,,,,,,,,,,,,,FALSE,FALSE,FALSE,FALSE,FALSE,
,,,,,,,,,,,,,,FALSE,FALSE,FALSE,FALSE,FALSE,
,,,,,,,,,,,,,,FALSE,FALSE,FALSE,FALSE,FALSE,
,,,,,,,,,,,,,,FALSE,FALSE,FALSE,FALSE,FALSE,
,,,,,,,,,,,,,,FALSE,FALSE,FALSE,FALSE,FALSE,
,,,,,,,,,,,,,,FALSE,FALSE,FALSE,FALSE,FALSE,
,,,,,,,,,,,,,,FALSE,FALSE,FALSE,FALSE,FALSE,
,,,,,,,,,,,,,,FALSE,FALSE,FALSE,FALSE,FALSE,
,,,,,,,,,,,,,,FALSE,FALSE,FALSE,FALSE,FALSE,
,,,,,,,,,,,,,,FALSE,FALSE,FALSE,FALSE,FALSE,
,,,,,,,,,,,,,,FALSE,FALSE,FALSE,FALSE,FALSE,
,,,,,,,,,,,,,,FALSE,FALSE,FALSE,FALSE,FALSE,
,,,,,,,,,,,,,,FALSE,FALSE,FALSE,FALSE,FALSE,
,,,,,,,,,,,,,,FALSE,FALSE,FALSE,FALSE,FALSE,
,,,,,,,,,,,,,,FALSE,FALSE,FALSE,FALSE,FALSE,
,,,,,,,,,,,,,,FALSE,FALSE,FALSE,FALSE,FALSE,
,,,,,,,,,,,,,,FALSE,FALSE,FALSE,FALSE,FALSE,
,,,,,,,,,,,,,,FALSE,FALSE,FALSE,FALSE,FALSE,
,,,,,,,,,,,,,,FALSE,FALSE,FALSE,FALSE,FALSE,
,,,,,,,,,,,,,,FALSE,FALSE,FALSE,FALSE,FALSE,
,,,,,,,,,,,,,,FALSE,FALSE,FALSE,FALSE,FALSE,
,,,,,,,,,,,,,,FALSE,FALSE,FALSE,FALSE,FALSE,
,,,,,,,,,,,,,,FALSE,FALSE,FALSE,FALSE,FALSE,
,,,,,,,,,,,,,,FALSE,FALSE,FALSE,FALSE,FALSE,
,,,,,,,,,,,,,,FALSE,FALSE,FALSE,FALSE,FALSE,
,,,,,,,,,,,,,,FALSE,FALSE,FALSE,FALSE,FALSE,
,,,,,,,,,,,,,,FALSE,FALSE,FALSE,FALSE,FALSE,
,,,,,,,,,,,,,,FALSE,FALSE,FALSE,FALSE,FALSE,
,,,,,,,,,,,,,,FALSE,FALSE,FALSE,FALSE,FALSE,
,,,,,,,,,,,,,,FALSE,FALSE,FALSE,FALSE,FALSE,
,,,,,,,,,,,,,,FALSE,FALSE,FALSE,FALSE,FALSE,
,,,,,,,,,,,,,,FALSE,FALSE,FALSE,FALSE,FALSE,
,,,,,,,,,,,,,,FALSE,FALSE,FALSE,FALSE,FALSE,
,,,,,,,,,,,,,,FALSE,FALSE,FALSE,FALSE,FALSE,
,,,,,,,,,,,,,,FALSE,FALSE,FALSE,FALSE,FALSE,
,,,,,,,,,,,,,,FALSE,FALSE,FALSE,FALSE,FALSE,
,,,,,,,,,,,,,,FALSE,FALSE,FALSE,FALSE,FALSE,
,,,,,,,,,,,,,,FALSE,FALSE,FALSE,FALSE,FALSE,
,,,,,,,,,,,,,,FALSE,FALSE,FALSE,FALSE,FALSE,
,,,,,,,,,,,,,,FALSE,FALSE,FALSE,FALSE,FALSE,
,,,,,,,,,,,,,,FALSE,FALSE,FALSE,FALSE,FALSE,
,,,,,,,,,,,,,,FALSE,FALSE,FALSE,FALSE,FALSE,
,,,,,,,,,,,,,,FALSE,FALSE,FALSE,FALSE,FALSE,
,,,,,,,,,,,,,,FALSE,FALSE,FALSE,FALSE,FALSE,
,,,,,,,,,,,,,,FALSE,FALSE,FALSE,FALSE,FALSE,
,,,,,,,,,,,,,,FALSE,FALSE,FALSE,FALSE,FALSE,
,,,,,,,,,,,,,,FALSE,FALSE,FALSE,FALSE,FALSE,
,,,,,,,,,,,,,,FALSE,FALSE,FALSE,FALSE,FALSE,
,,,,,,,,,,,,,,FALSE,FALSE,FALSE,FALSE,FALSE,
,,,,,,,,,,,,,,FALSE,FALSE,FALSE,FALSE,FALSE,
,,,,,,,,,,,,,,FALSE,FALSE,FALSE,FALSE,FALSE,
,,,,,,,,,,,,,,FALSE,FALSE,FALSE,FALSE,FALSE,
,,,,,,,,,,,,,,FALSE,FALSE,FALSE,FALSE,FALSE,
,,,,,,,,,,,,,,FALSE,FALSE,FALSE,FALSE,FALSE,
,,,,,,,,,,,,,,FALSE,FALSE,FALSE,FALSE,FALSE,
,,,,,,,,,,,,,,FALSE,FALSE,FALSE,FALSE,FALSE,
,,,,,,,,,,,,,,FALSE,FALSE,FALSE,FALSE,FALSE,
,,,,,,,,,,,,,,FALSE,FALSE,FALSE,FALSE,FALSE,
,,,,,,,,,,,,,,FALSE,FALSE,FALSE,FALSE,FALSE,
,,,,,,,,,,,,,,FALSE,FALSE,FALSE,FALSE,FALSE,
,,,,,,,,,,,,,,FALSE,FALSE,FALSE,FALSE,FALSE,
,,,,,,,,,,,,,,FALSE,FALSE,FALSE,FALSE,FALSE,
,,,,,,,,,,,,,,FALSE,FALSE,FALSE,FALSE,FALSE,
,,,,,,,,,,,,,,FALSE,FALSE,FALSE,FALSE,FALSE,
,,,,,,,,,,,,,,FALSE,FALSE,FALSE,FALSE,FALSE,
,,,,,,,,,,,,,,FALSE,FALSE,FALSE,FALSE,FALSE,
,,,,,,,,,,,,,,FALSE,FALSE,FALSE,FALSE,FALSE,
,,,,,,,,,,,,,,FALSE,FALSE,FALSE,FALSE,FALSE,
,,,,,,,,,,,,,,FALSE,FALSE,FALSE,FALSE,FALSE,
,,,,,,,,,,,,,,FALSE,FALSE,FALSE,FALSE,FALSE,
,,,,,,,,,,,,,,FALSE,FALSE,FALSE,FALSE,FALSE,
,,,,,,,,,,,,,,FALSE,FALSE,FALSE,FALSE,FALSE,
,,,,,,,,,,,,,,FALSE,FALSE,FALSE,FALSE,FALSE,
,,,,,,,,,,,,,,FALSE,FALSE,FALSE,FALSE,FALSE,
,,,,,,,,,,,,,,FALSE,FALSE,FALSE,FALSE,FALSE,
,,,,,,,,,,,,,,FALSE,FALSE,FALSE,FALSE,FALSE,
,,,,,,,,,,,,,,FALSE,FALSE,FALSE,FALSE,FALSE,
,,,,,,,,,,,,,,FALSE,FALSE,FALSE,FALSE,FALSE,
,,,,,,,,,,,,,,FALSE,FALSE,FALSE,FALSE,FALSE,
,,,,,,,,,,,,,,FALSE,FALSE,FALSE,FALSE,FALSE,
,,,,,,,,,,,,,,FALSE,FALSE,FALSE,FALSE,FALSE,
,,,,,,,,,,,,,,FALSE,FALSE,FALSE,FALSE,FALSE,
,,,,,,,,,,,,,,FALSE,FALSE,FALSE,FALSE,FALSE,
,,,,,,,,,,,,,,FALSE,FALSE,FALSE,FALSE,FALSE,
,,,,,,,,,,,,,,FALSE,FALSE,FALSE,FALSE,FALSE,
,,,,,,,,,,,,,,FALSE,FALSE,FALSE,FALSE,FALSE,
,,,,,,,,,,,,,,FALSE,FALSE,FALSE,FALSE,FALSE,
,,,,,,,,,,,,,,FALSE,FALSE,FALSE,FALSE,FALSE,
,,,,,,,,,,,,,,FALSE,FALSE,FALSE,FALSE,FALSE,
,,,,,,,,,,,,,,FALSE,FALSE,FALSE,FALSE,FALSE,
,,,,,,,,,,,,,,FALSE,FALSE,FALSE,FALSE,FALSE,
,,,,,,,,,,,,,,FALSE,FALSE,FALSE,FALSE,FALSE,
,,,,,,,,,,,,,,FALSE,FALSE,FALSE,FALSE,FALSE,
,,,,,,,,,,,,,,FALSE,FALSE,FALSE,FALSE,FALSE,
,,,,,,,,,,,,,,FALSE,FALSE,FALSE,FALSE,FALSE,
,,,,,,,,,,,,,,FALSE,FALSE,FALSE,FALSE,FALSE,
,,,,,,,,,,,,,,FALSE,FALSE,FALSE,FALSE,FALSE,
,,,,,,,,,,,,,,FALSE,FALSE,FALSE,FALSE,FALSE,
,,,,,,,,,,,,,,FALSE,FALSE,FALSE,FALSE,FALSE,
,,,,,,,,,,,,,,FALSE,FALSE,FALSE,FALSE,FALSE,
,,,,,,,,,,,,,,FALSE,FALSE,FALSE,FALSE,FALSE,
,,,,,,,,,,,,,,FALSE,FALSE,FALSE,FALSE,FALSE,
,,,,,,,,,,,,,,FALSE,FALSE,FALSE,FALSE,FALSE,
,,,,,,,,,,,,,,FALSE,FALSE,FALSE,FALSE,FALSE,
,,,,,,,,,,,,,,FALSE,FALSE,FALSE,FALSE,FALSE,
,,,,,,,,,,,,,,FALSE,FALSE,FALSE,FALSE,FALSE,
,,,,,,,,,,,,,,FALSE,FALSE,FALSE,FALSE,FALSE,
,,,,,,,,,,,,,,FALSE,FALSE,FALSE,FALSE,FALSE,
,,,,,,,,,,,,,,FALSE,FALSE,FALSE,FALSE,FALSE,
,,,,,,,,,,,,,,FALSE,FALSE,FALSE,FALSE,FALSE,
,,,,,,,,,,,,,,FALSE,FALSE,FALSE,FALSE,FALSE,
,,,,,,,,,,,,,,FALSE,FALSE,FALSE,FALSE,FALSE,
,,,,,,,,,,,,,,FALSE,FALSE,FALSE,FALSE,FALSE,
,,,,,,,,,,,,,,FALSE,FALSE,FALSE,FALSE,FALSE,
,,,,,,,,,,,,,,FALSE,FALSE,FALSE,FALSE,FALSE,
,,,,,,,,,,,,,,FALSE,FALSE,FALSE,FALSE,FALSE,
,,,,,,,,,,,,,,FALSE,FALSE,FALSE,FALSE,FALSE,
,,,,,,,,,,,,,,FALSE,FALSE,FALSE,FALSE,FALSE,
,,,,,,,,,,,,,,FALSE,FALSE,FALSE,FALSE,FALSE,
,,,,,,,,,,,,,,FALSE,FALSE,FALSE,FALSE,FALSE,
,,,,,,,,,,,,,,FALSE,FALSE,FALSE,FALSE,FALSE,
,,,,,,,,,,,,,,FALSE,FALSE,FALSE,FALSE,FALSE,
,,,,,,,,,,,,,,FALSE,FALSE,FALSE,FALSE,FALSE,
,,,,,,,,,,,,,,FALSE,FALSE,FALSE,FALSE,FALSE,
,,,,,,,,,,,,,,FALSE,FALSE,FALSE,FALSE,FALSE,
,,,,,,,,,,,,,,FALSE,FALSE,FALSE,FALSE,FALSE,
,,,,,,,,,,,,,,FALSE,FALSE,FALSE,FALSE,FALSE,
,,,,,,,,,,,,,,FALSE,FALSE,FALSE,FALSE,FALSE,
,,,,,,,,,,,,,,FALSE,FALSE,FALSE,FALSE,FALSE,
,,,,,,,,,,,,,,FALSE,FALSE,FALSE,FALSE,FALSE,
,,,,,,,,,,,,,,FALSE,FALSE,FALSE,FALSE,FALSE,
,,,,,,,,,,,,,,FALSE,FALSE,FALSE,FALSE,FALSE,
,,,,,,,,,,,,,,FALSE,FALSE,FALSE,FALSE,FALSE,
,,,,,,,,,,,,,,FALSE,FALSE,FALSE,FALSE,FALSE,
,,,,,,,,,,,,,,FALSE,FALSE,FALSE,FALSE,FALSE,
,,,,,,,,,,,,,,FALSE,FALSE,FALSE,FALSE,FALSE,
,,,,,,,,,,,,,,FALSE,FALSE,FALSE,FALSE,FALSE,
,,,,,,,,,,,,,,FALSE,FALSE,FALSE,FALSE,FALSE,
,,,,,,,,,,,,,,FALSE,FALSE,FALSE,FALSE,FALSE,
,,,,,,,,,,,,,,FALSE,FALSE,FALSE,FALSE,FALSE,
,,,,,,,,,,,,,,FALSE,FALSE,FALSE,FALSE,FALSE,
,,,,,,,,,,,,,,FALSE,FALSE,FALSE,FALSE,FALSE,
,,,,,,,,,,,,,,FALSE,FALSE,FALSE,FALSE,FALSE,
,,,,,,,,,,,,,,FALSE,FALSE,FALSE,FALSE,FALSE,
,,,,,,,,,,,,,,FALSE,FALSE,FALSE,FALSE,FALSE,
,,,,,,,,,,,,,,FALSE,FALSE,FALSE,FALSE,FALSE,
,,,,,,,,,,,,,,FALSE,FALSE,FALSE,FALSE,FALSE,
,,,,,,,,,,,,,,FALSE,FALSE,FALSE,FALSE,FALSE,
,,,,,,,,,,,,,,FALSE,FALSE,FALSE,FALSE,FALSE,
,,,,,,,,,,,,,,FALSE,FALSE,FALSE,FALSE,FALSE,
,,,,,,,,,,,,,,FALSE,FALSE,FALSE,FALSE,FALSE,
,,,,,,,,,,,,,,FALSE,FALSE,FALSE,FALSE,FALSE,
,,,,,,,,,,,,,,FALSE,FALSE,FALSE,FALSE,FALSE,
,,,,,,,,,,,,,,FALSE,FALSE,FALSE,FALSE,FALSE,
,,,,,,,,,,,,,,FALSE,FALSE,FALSE,FALSE,FALSE,
,,,,,,,,,,,,,,FALSE,FALSE,FALSE,FALSE,FALSE,
,,,,,,,,,,,,,,FALSE,FALSE,FALSE,FALSE,FALSE,
,,,,,,,,,,,,,,FALSE,FALSE,FALSE,FALSE,FALSE,
,,,,,,,,,,,,,,FALSE,FALSE,FALSE,FALSE,FALSE,
,,,,,,,,,,,,,,FALSE,FALSE,FALSE,FALSE,FALSE,
,,,,,,,,,,,,,,FALSE,FALSE,FALSE,FALSE,FALSE,
,,,,,,,,,,,,,,FALSE,FALSE,FALSE,FALSE,FALSE,
,,,,,,,,,,,,,,FALSE,FALSE,FALSE,FALSE,FALSE,
,,,,,,,,,,,,,,FALSE,FALSE,FALSE,FALSE,FALSE,
,,,,,,,,,,,,,,FALSE,FALSE,FALSE,FALSE,FALSE,
,,,,,,,,,,,,,,FALSE,FALSE,FALSE,FALSE,FALSE,
,,,,,,,,,,,,,,FALSE,FALSE,FALSE,FALSE,FALSE,
,,,,,,,,,,,,,,FALSE,FALSE,FALSE,FALSE,FALSE,
,,,,,,,,,,,,,,FALSE,FALSE,FALSE,FALSE,FALSE,
,,,,,,,,,,,,,,FALSE,FALSE,FALSE,FALSE,FALSE,
,,,,,,,,,,,,,,FALSE,FALSE,FALSE,FALSE,FALSE,
,,,,,,,,,,,,,,FALSE,FALSE,FALSE,FALSE,FALSE,
,,,,,,,,,,,,,,FALSE,FALSE,FALSE,FALSE,FALSE,
,,,,,,,,,,,,,,FALSE,FALSE,FALSE,FALSE,FALSE,
,,,,,,,,,,,,,,FALSE,FALSE,FALSE,FALSE,FALSE,
,,,,,,,,,,,,,,FALSE,FALSE,FALSE,FALSE,FALSE,
,,,,,,,,,,,,,,FALSE,FALSE,FALSE,FALSE,FALSE,
,,,,,,,,,,,,,,FALSE,FALSE,FALSE,FALSE,FALSE,
,,,,,,,,,,,,,,FALSE,FALSE,FALSE,FALSE,FALSE,
,,,,,,,,,,,,,,FALSE,FALSE,FALSE,FALSE,FALSE,
,,,,,,,,,,,,,,FALSE,FALSE,FALSE,FALSE,FALSE,
,,,,,,,,,,,,,,FALSE,FALSE,FALSE,FALSE,FALSE,
,,,,,,,,,,,,,,FALSE,FALSE,FALSE,FALSE,FALSE,
,,,,,,,,,,,,,,FALSE,FALSE,FALSE,FALSE,FALSE,
,,,,,,,,,,,,,,FALSE,FALSE,FALSE,FALSE,FALSE,
,,,,,,,,,,,,,,FALSE,FALSE,FALSE,FALSE,FALSE,
,,,,,,,,,,,,,,FALSE,FALSE,FALSE,FALSE,FALSE,
,,,,,,,,,,,,,,FALSE,FALSE,FALSE,FALSE,FALSE,
,,,,,,,,,,,,,,FALSE,FALSE,FALSE,FALSE,FALSE,
,,,,,,,,,,,,,,FALSE,FALSE,FALSE,FALSE,FALSE,
,,,,,,,,,,,,,,FALSE,FALSE,FALSE,FALSE,FALSE,
,,,,,,,,,,,,,,FALSE,FALSE,FALSE,FALSE,FALSE,
,,,,,,,,,,,,,,FALSE,FALSE,FALSE,FALSE,FALSE,
,,,,,,,,,,,,,,FALSE,FALSE,FALSE,FALSE,FALSE,
,,,,,,,,,,,,,,FALSE,FALSE,FALSE,FALSE,FALSE,
,,,,,,,,,,,,,,FALSE,FALSE,FALSE,FALSE,FALSE,
,,,,,,,,,,,,,,FALSE,FALSE,FALSE,FALSE,FALSE,
,,,,,,,,,,,,,,FALSE,FALSE,FALSE,FALSE,FALSE,
,,,,,,,,,,,,,,FALSE,FALSE,FALSE,FALSE,FALSE,
,,,,,,,,,,,,,,FALSE,FALSE,FALSE,FALSE,FALSE,
,,,,,,,,,,,,,,FALSE,FALSE,FALSE,FALSE,FALSE,
,,,,,,,,,,,,,,FALSE,FALSE,FALSE,FALSE,FALSE,
,,,,,,,,,,,,,,FALSE,FALSE,FALSE,FALSE,FALSE,
,,,,,,,,,,,,,,FALSE,FALSE,FALSE,FALSE,FALSE,
,,,,,,,,,,,,,,FALSE,FALSE,FALSE,FALSE,FALSE,
,,,,,,,,,,,,,,FALSE,FALSE,FALSE,FALSE,FALSE,
,,,,,,,,,,,,,,FALSE,FALSE,FALSE,FALSE,FALSE,
,,,,,,,,,,,,,,FALSE,FALSE,FALSE,FALSE,FALSE,
,,,,,,,,,,,,,,FALSE,FALSE,FALSE,FALSE,FALSE,
,,,,,,,,,,,,,,FALSE,FALSE,FALSE,FALSE,FALSE,
,,,,,,,,,,,,,,FALSE,FALSE,FALSE,FALSE,FALSE,
,,,,,,,,,,,,,,FALSE,FALSE,FALSE,FALSE,FALSE,
,,,,,,,,,,,,,,FALSE,FALSE,FALSE,FALSE,FALSE,
,,,,,,,,,,,,,,FALSE,FALSE,FALSE,FALSE,FALSE,
,,,,,,,,,,,,,,FALSE,FALSE,FALSE,FALSE,FALSE,
,,,,,,,,,,,,,,FALSE,FALSE,FALSE,FALSE,FALSE,
,,,,,,,,,,,,,,FALSE,FALSE,FALSE,FALSE,FALSE,
,,,,,,,,,,,,,,FALSE,FALSE,FALSE,FALSE,FALSE,
,,,,,,,,,,,,,,FALSE,FALSE,FALSE,FALSE,FALSE,
,,,,,,,,,,,,,,FALSE,FALSE,FALSE,FALSE,FALSE,
,,,,,,,,,,,,,,FALSE,FALSE,FALSE,FALSE,FALSE,
,,,,,,,,,,,,,,FALSE,FALSE,FALSE,FALSE,FALSE,
,,,,,,,,,,,,,,FALSE,FALSE,FALSE,FALSE,FALSE,
,,,,,,,,,,,,,,FALSE,FALSE,FALSE,FALSE,FALSE,
,,,,,,,,,,,,,,FALSE,FALSE,FALSE,FALSE,FALSE,
,,,,,,,,,,,,,,FALSE,FALSE,FALSE,FALSE,FALSE,
,,,,,,,,,,,,,,FALSE,FALSE,FALSE,FALSE,FALSE,
,,,,,,,,,,,,,,FALSE,FALSE,FALSE,FALSE,FALSE,
,,,,,,,,,,,,,,FALSE,FALSE,FALSE,FALSE,FALSE,
,,,,,,,,,,,,,,FALSE,FALSE,FALSE,FALSE,FALSE,
,,,,,,,,,,,,,,FALSE,FALSE,FALSE,FALSE,FALSE,
,,,,,,,,,,,,,,FALSE,FALSE,FALSE,FALSE,FALSE,
,,,,,,,,,,,,,,FALSE,FALSE,FALSE,FALSE,FALSE,
,,,,,,,,,,,,,,FALSE,FALSE,FALSE,FALSE,FALSE,
,,,,,,,,,,,,,,FALSE,FALSE,FALSE,FALSE,FALSE,
,,,,,,,,,,,,,,FALSE,FALSE,FALSE,FALSE,FALSE,
,,,,,,,,,,,,,,FALSE,FALSE,FALSE,FALSE,FALSE,
,,,,,,,,,,,,,,FALSE,FALSE,FALSE,FALSE,FALSE,
,,,,,,,,,,,,,,FALSE,FALSE,FALSE,FALSE,FALSE,
,,,,,,,,,,,,,,FALSE,FALSE,FALSE,FALSE,FALSE,
,,,,,,,,,,,,,,FALSE,FALSE,FALSE,FALSE,FALSE,
,,,,,,,,,,,,,,FALSE,FALSE,FALSE,FALSE,FALSE,
,,,,,,,,,,,,,,FALSE,FALSE,FALSE,FALSE,FALSE,
,,,,,,,,,,,,,,FALSE,FALSE,FALSE,FALSE,FALSE,
,,,,,,,,,,,,,,FALSE,FALSE,FALSE,FALSE,FALSE,
,,,,,,,,,,,,,,FALSE,FALSE,FALSE,FALSE,FALSE,
,,,,,,,,,,,,,,FALSE,FALSE,FALSE,FALSE,FALSE,
,,,,,,,,,,,,,,FALSE,FALSE,FALSE,FALSE,FALSE,
,,,,,,,,,,,,,,FALSE,FALSE,FALSE,FALSE,FALSE,
,,,,,,,,,,,,,,FALSE,FALSE,FALSE,FALSE,FALSE,
,,,,,,,,,,,,,,FALSE,FALSE,FALSE,FALSE,FALSE,
,,,,,,,,,,,,,,FALSE,FALSE,FALSE,FALSE,FALSE,
,,,,,,,,,,,,,,FALSE,FALSE,FALSE,FALSE,FALSE,
,,,,,,,,,,,,,,FALSE,FALSE,FALSE,FALSE,FALSE,
,,,,,,,,,,,,,,FALSE,FALSE,FALSE,FALSE,FALSE,
,,,,,,,,,,,,,,FALSE,FALSE,FALSE,FALSE,FALSE,
,,,,,,,,,,,,,,FALSE,FALSE,FALSE,FALSE,FALSE,
,,,,,,,,,,,,,,FALSE,FALSE,FALSE,FALSE,FALSE,
,,,,,,,,,,,,,,FALSE,FALSE,FALSE,FALSE,FALSE,
,,,,,,,,,,,,,,FALSE,FALSE,FALSE,FALSE,FALSE,
,,,,,,,,,,,,,,FALSE,FALSE,FALSE,FALSE,FALSE,
,,,,,,,,,,,,,,FALSE,FALSE,FALSE,FALSE,FALSE,
,,,,,,,,,,,,,,FALSE,FALSE,FALSE,FALSE,FALSE,
,,,,,,,,,,,,,,FALSE,FALSE,FALSE,FALSE,FALSE,
,,,,,,,,,,,,,,FALSE,FALSE,FALSE,FALSE,FALSE,
,,,,,,,,,,,,,,FALSE,FALSE,FALSE,FALSE,FALSE,
,,,,,,,,,,,,,,FALSE,FALSE,FALSE,FALSE,FALSE,
,,,,,,,,,,,,,,FALSE,FALSE,FALSE,FALSE,FALSE,
,,,,,,,,,,,,,,FALSE,FALSE,FALSE,FALSE,FALSE,
,,,,,,,,,,,,,,FALSE,FALSE,FALSE,FALSE,FALSE,
,,,,,,,,,,,,,,FALSE,FALSE,FALSE,FALSE,FALSE,
,,,,,,,,,,,,,,FALSE,FALSE,FALSE,FALSE,FALSE,
,,,,,,,,,,,,,,FALSE,FALSE,FALSE,FALSE,FALSE,
,,,,,,,,,,,,,,FALSE,FALSE,FALSE,FALSE,FALSE,
,,,,,,,,,,,,,,FALSE,FALSE,FALSE,FALSE,FALSE,
,,,,,,,,,,,,,,FALSE,FALSE,FALSE,FALSE,FALSE,
,,,,,,,,,,,,,,FALSE,FALSE,FALSE,FALSE,FALSE,
,,,,,,,,,,,,,,FALSE,FALSE,FALSE,FALSE,FALSE,
,,,,,,,,,,,,,,FALSE,FALSE,FALSE,FALSE,FALSE,
,,,,,,,,,,,,,,FALSE,FALSE,FALSE,FALSE,FALSE,
,,,,,,,,,,,,,,FALSE,FALSE,FALSE,FALSE,FALSE,
,,,,,,,,,,,,,,FALSE,FALSE,FALSE,FALSE,FALSE,
,,,,,,,,,,,,,,FALSE,FALSE,FALSE,FALSE,FALSE,
,,,,,,,,,,,,,,FALSE,FALSE,FALSE,FALSE,FALSE,
,,,,,,,,,,,,,,FALSE,FALSE,FALSE,FALSE,FALSE,
,,,,,,,,,,,,,,FALSE,FALSE,FALSE,FALSE,FALSE,
,,,,,,,,,,,,,,FALSE,FALSE,FALSE,FALSE,FALSE,
,,,,,,,,,,,,,,FALSE,FALSE,FALSE,FALSE,FALSE,
,,,,,,,,,,,,,,FALSE,FALSE,FALSE,FALSE,FALSE,
,,,,,,,,,,,,,,FALSE,FALSE,FALSE,FALSE,FALSE,
,,,,,,,,,,,,,,FALSE,FALSE,FALSE,FALSE,FALSE,
,,,,,,,,,,,,,,FALSE,FALSE,FALSE,FALSE,FALSE,
,,,,,,,,,,,,,,FALSE,FALSE,FALSE,FALSE,FALSE,
,,,,,,,,,,,,,,FALSE,FALSE,FALSE,FALSE,FALSE,
,,,,,,,,,,,,,,FALSE,FALSE,FALSE,FALSE,FALSE,
,,,,,,,,,,,,,,FALSE,FALSE,FALSE,FALSE,FALSE,
,,,,,,,,,,,,,,FALSE,FALSE,FALSE,FALSE,FALSE,
,,,,,,,,,,,,,,FALSE,FALSE,FALSE,FALSE,FALSE,
,,,,,,,,,,,,,,FALSE,FALSE,FALSE,FALSE,FALSE,
,,,,,,,,,,,,,,FALSE,FALSE,FALSE,FALSE,FALSE,
,,,,,,,,,,,,,,FALSE,FALSE,FALSE,FALSE,FALSE,
,,,,,,,,,,,,,,FALSE,FALSE,FALSE,FALSE,FALSE,
,,,,,,,,,,,,,,FALSE,FALSE,FALSE,FALSE,FALSE,
,,,,,,,,,,,,,,FALSE,FALSE,FALSE,FALSE,FALSE,
,,,,,,,,,,,,,,FALSE,FALSE,FALSE,FALSE,FALSE,
,,,,,,,,,,,,,,FALSE,FALSE,FALSE,FALSE,FALSE,
,,,,,,,,,,,,,,FALSE,FALSE,FALSE,FALSE,FALSE,
,,,,,,,,,,,,,,FALSE,FALSE,FALSE,FALSE,FALSE,
,,,,,,,,,,,,,,FALSE,FALSE,FALSE,FALSE,FALSE,
,,,,,,,,,,,,,,FALSE,FALSE,FALSE,FALSE,FALSE,
,,,,,,,,,,,,,,FALSE,FALSE,FALSE,FALSE,FALSE,
,,,,,,,,,,,,,,FALSE,FALSE,FALSE,FALSE,FALSE,
,,,,,,,,,,,,,,FALSE,FALSE,FALSE,FALSE,FALSE,
,,,,,,,,,,,,,,FALSE,FALSE,FALSE,FALSE,FALSE,
,,,,,,,,,,,,,,FALSE,FALSE,FALSE,FALSE,FALSE,
,,,,,,,,,,,,,,FALSE,FALSE,FALSE,FALSE,FALSE,
,,,,,,,,,,,,,,FALSE,FALSE,FALSE,FALSE,FALSE,
,,,,,,,,,,,,,,FALSE,FALSE,FALSE,FALSE,FALSE,
,,,,,,,,,,,,,,FALSE,FALSE,FALSE,FALSE,FALSE,
,,,,,,,,,,,,,,FALSE,FALSE,FALSE,FALSE,FALSE,
,,,,,,,,,,,,,,FALSE,FALSE,FALSE,FALSE,FALSE,
,,,,,,,,,,,,,,FALSE,FALSE,FALSE,FALSE,FALSE,
,,,,,,,,,,,,,,FALSE,FALSE,FALSE,FALSE,FALSE,
,,,,,,,,,,,,,,FALSE,FALSE,FALSE,FALSE,FALSE,
,,,,,,,,,,,,,,FALSE,FALSE,FALSE,FALSE,FALSE,
,,,,,,,,,,,,,,FALSE,FALSE,FALSE,FALSE,FALSE,
,,,,,,,,,,,,,,FALSE,FALSE,FALSE,FALSE,FALSE,
,,,,,,,,,,,,,,FALSE,FALSE,FALSE,FALSE,FALSE,
,,,,,,,,,,,,,,FALSE,FALSE,FALSE,FALSE,FALSE,
,,,,,,,,,,,,,,FALSE,FALSE,FALSE,FALSE,FALSE,
,,,,,,,,,,,,,,FALSE,FALSE,FALSE,FALSE,FALSE,
,,,,,,,,,,,,,,FALSE,FALSE,FALSE,FALSE,FALSE,
,,,,,,,,,,,,,,FALSE,FALSE,FALSE,FALSE,FALSE,
,,,,,,,,,,,,,,FALSE,FALSE,FALSE,FALSE,FALSE,
,,,,,,,,,,,,,,FALSE,FALSE,FALSE,FALSE,FALSE,
,,,,,,,,,,,,,,FALSE,FALSE,FALSE,FALSE,FALSE,
,,,,,,,,,,,,,,FALSE,FALSE,FALSE,FALSE,FALSE,
,,,,,,,,,,,,,,FALSE,FALSE,FALSE,FALSE,FALSE,
,,,,,,,,,,,,,,FALSE,FALSE,FALSE,FALSE,FALSE,
,,,,,,,,,,,,,,FALSE,FALSE,FALSE,FALSE,FALSE,
,,,,,,,,,,,,,,FALSE,FALSE,FALSE,FALSE,FALSE,
,,,,,,,,,,,,,,FALSE,FALSE,FALSE,FALSE,FALSE,
,,,,,,,,,,,,,,FALSE,FALSE,FALSE,FALSE,FALSE,
,,,,,,,,,,,,,,FALSE,FALSE,FALSE,FALSE,FALSE,
,,,,,,,,,,,,,,FALSE,FALSE,FALSE,FALSE,FALSE,
,,,,,,,,,,,,,,FALSE,FALSE,FALSE,FALSE,FALSE,
,,,,,,,,,,,,,,FALSE,FALSE,FALSE,FALSE,FALSE,
,,,,,,,,,,,,,,FALSE,FALSE,FALSE,FALSE,FALSE,
,,,,,,,,,,,,,,FALSE,FALSE,FALSE,FALSE,FALSE,
,,,,,,,,,,,,,,FALSE,FALSE,FALSE,FALSE,FALSE,
,,,,,,,,,,,,,,FALSE,FALSE,FALSE,FALSE,FALSE,
,,,,,,,,,,,,,,FALSE,FALSE,FALSE,FALSE,FALSE,
,,,,,,,,,,,,,,FALSE,FALSE,FALSE,FALSE,FALSE,
,,,,,,,,,,,,,,FALSE,FALSE,FALSE,FALSE,FALSE,
,,,,,,,,,,,,,,FALSE,FALSE,FALSE,FALSE,FALSE,
,,,,,,,,,,,,,,FALSE,FALSE,FALSE,FALSE,FALSE,
,,,,,,,,,,,,,,FALSE,FALSE,FALSE,FALSE,FALSE,
,,,,,,,,,,,,,,FALSE,FALSE,FALSE,FALSE,FALSE,
,,,,,,,,,,,,,,FALSE,FALSE,FALSE,FALSE,FALSE,
,,,,,,,,,,,,,,FALSE,FALSE,FALSE,FALSE,FALSE,
,,,,,,,,,,,,,,FALSE,FALSE,FALSE,FALSE,FALSE,
,,,,,,,,,,,,,,FALSE,FALSE,FALSE,FALSE,FALSE,
,,,,,,,,,,,,,,FALSE,FALSE,FALSE,FALSE,FALSE,
,,,,,,,,,,,,,,FALSE,FALSE,FALSE,FALSE,FALSE,
,,,,,,,,,,,,,,FALSE,FALSE,FALSE,FALSE,FALSE,
,,,,,,,,,,,,,,FALSE,FALSE,FALSE,FALSE,FALSE,
,,,,,,,,,,,,,,FALSE,FALSE,FALSE,FALSE,FALSE,
,,,,,,,,,,,,,,FALSE,FALSE,FALSE,FALSE,FALSE,
,,,,,,,,,,,,,,FALSE,FALSE,FALSE,FALSE,FALSE,
,,,,,,,,,,,,,,FALSE,FALSE,FALSE,FALSE,FALSE,
,,,,,,,,,,,,,,FALSE,FALSE,FALSE,FALSE,FALSE,
,,,,,,,,,,,,,,FALSE,FALSE,FALSE,FALSE,FALSE,
,,,,,,,,,,,,,,FALSE,FALSE,FALSE,FALSE,FALSE,
,,,,,,,,,,,,,,FALSE,FALSE,FALSE,FALSE,FALSE,
,,,,,,,,,,,,,,FALSE,FALSE,FALSE,FALSE,FALSE,
,,,,,,,,,,,,,,FALSE,FALSE,FALSE,FALSE,FALSE,
,,,,,,,,,,,,,,FALSE,FALSE,FALSE,FALSE,FALSE,
,,,,,,,,,,,,,,FALSE,FALSE,FALSE,FALSE,FALSE,
,,,,,,,,,,,,,,FALSE,FALSE,FALSE,FALSE,FALSE,
,,,,,,,,,,,,,,FALSE,FALSE,FALSE,FALSE,FALSE,
,,,,,,,,,,,,,,FALSE,FALSE,FALSE,FALSE,FALSE,
,,,,,,,,,,,,,,FALSE,FALSE,FALSE,FALSE,FALSE,
,,,,,,,,,,,,,,FALSE,FALSE,FALSE,FALSE,FALSE,
,,,,,,,,,,,,,,FALSE,FALSE,FALSE,FALSE,FALSE,
,,,,,,,,,,,,,,FALSE,FALSE,FALSE,FALSE,FALSE,
,,,,,,,,,,,,,,FALSE,FALSE,FALSE,FALSE,FALSE,
,,,,,,,,,,,,,,FALSE,FALSE,FALSE,FALSE,FALSE,
,,,,,,,,,,,,,,FALSE,FALSE,FALSE,FALSE,FALSE,
,,,,,,,,,,,,,,FALSE,FALSE,FALSE,FALSE,FALSE,
,,,,,,,,,,,,,,FALSE,FALSE,FALSE,FALSE,FALSE,
,,,,,,,,,,,,,,FALSE,FALSE,FALSE,FALSE,FALSE,
,,,,,,,,,,,,,,FALSE,FALSE,FALSE,FALSE,FALSE,
,,,,,,,,,,,,,,FALSE,FALSE,FALSE,FALSE,FALSE,
,,,,,,,,,,,,,,FALSE,FALSE,FALSE,FALSE,FALSE,
,,,,,,,,,,,,,,FALSE,FALSE,FALSE,FALSE,FALSE,
,,,,,,,,,,,,,,FALSE,FALSE,FALSE,FALSE,FALSE,
,,,,,,,,,,,,,,FALSE,FALSE,FALSE,FALSE,FALSE,
,,,,,,,,,,,,,,FALSE,FALSE,FALSE,FALSE,FALSE,
,,,,,,,,,,,,,,FALSE,FALSE,FALSE,FALSE,FALSE,
,,,,,,,,,,,,,,FALSE,FALSE,FALSE,FALSE,FALSE,
,,,,,,,,,,,,,,FALSE,FALSE,FALSE,FALSE,FALSE,
,,,,,,,,,,,,,,FALSE,FALSE,FALSE,FALSE,FALSE,
,,,,,,,,,,,,,,FALSE,FALSE,FALSE,FALSE,FALSE,
,,,,,,,,,,,,,,FALSE,FALSE,FALSE,FALSE,FALSE,
,,,,,,,,,,,,,,FALSE,FALSE,FALSE,FALSE,FALSE,
,,,,,,,,,,,,,,FALSE,FALSE,FALSE,FALSE,FALSE,
,,,,,,,,,,,,,,FALSE,FALSE,FALSE,FALSE,FALSE,
,,,,,,,,,,,,,,FALSE,FALSE,FALSE,FALSE,FALSE,
,,,,,,,,,,,,,,FALSE,FALSE,FALSE,FALSE,FALSE,
,,,,,,,,,,,,,,FALSE,FALSE,FALSE,FALSE,FALSE,
,,,,,,,,,,,,,,FALSE,FALSE,FALSE,FALSE,FALSE,
,,,,,,,,,,,,,,FALSE,FALSE,FALSE,FALSE,FALSE,
,,,,,,,,,,,,,,FALSE,FALSE,FALSE,FALSE,FALSE,
,,,,,,,,,,,,,,FALSE,FALSE,FALSE,FALSE,FALSE,
,,,,,,,,,,,,,,FALSE,FALSE,FALSE,FALSE,FALSE,
,,,,,,,,,,,,,,FALSE,FALSE,FALSE,FALSE,FALSE,
,,,,,,,,,,,,,,FALSE,FALSE,FALSE,FALSE,FALSE,
,,,,,,,,,,,,,,FALSE,FALSE,FALSE,FALSE,FALSE,
,,,,,,,,,,,,,,FALSE,FALSE,FALSE,FALSE,FALSE,
,,,,,,,,,,,,,,FALSE,FALSE,FALSE,FALSE,FALSE,
,,,,,,,,,,,,,,FALSE,FALSE,FALSE,FALSE,FALSE,
,,,,,,,,,,,,,,FALSE,FALSE,FALSE,FALSE,FALSE,
,,,,,,,,,,,,,,FALSE,FALSE,FALSE,FALSE,FALSE,
,,,,,,,,,,,,,,FALSE,FALSE,FALSE,FALSE,FALSE,
,,,,,,,,,,,,,,FALSE,FALSE,FALSE,FALSE,FALSE,
,,,,,,,,,,,,,,FALSE,FALSE,FALSE,FALSE,FALSE,
,,,,,,,,,,,,,,FALSE,FALSE,FALSE,FALSE,FALSE,
,,,,,,,,,,,,,,FALSE,FALSE,FALSE,FALSE,FALSE,
,,,,,,,,,,,,,,FALSE,FALSE,FALSE,FALSE,FALSE,
,,,,,,,,,,,,,,FALSE,FALSE,FALSE,FALSE,FALSE,
,,,,,,,,,,,,,,FALSE,FALSE,FALSE,FALSE,FALSE,
,,,,,,,,,,,,,,FALSE,FALSE,FALSE,FALSE,FALSE,
,,,,,,,,,,,,,,FALSE,FALSE,FALSE,FALSE,FALSE,
,,,,,,,,,,,,,,FALSE,FALSE,FALSE,FALSE,FALSE,
,,,,,,,,,,,,,,FALSE,FALSE,FALSE,FALSE,FALSE,
,,,,,,,,,,,,,,FALSE,FALSE,FALSE,FALSE,FALSE,
,,,,,,,,,,,,,,FALSE,FALSE,FALSE,FALSE,FALSE,
,,,,,,,,,,,,,,FALSE,FALSE,FALSE,FALSE,FALSE,
,,,,,,,,,,,,,,FALSE,FALSE,FALSE,FALSE,FALSE,
,,,,,,,,,,,,,,FALSE,FALSE,FALSE,FALSE,FALSE,
,,,,,,,,,,,,,,FALSE,FALSE,FALSE,FALSE,FALSE,
,,,,,,,,,,,,,,FALSE,FALSE,FALSE,FALSE,FALSE,
,,,,,,,,,,,,,,FALSE,FALSE,FALSE,FALSE,FALSE,
,,,,,,,,,,,,,,FALSE,FALSE,FALSE,FALSE,FALSE,
,,,,,,,,,,,,,,FALSE,FALSE,FALSE,FALSE,FALSE,
,,,,,,,,,,,,,,FALSE,FALSE,FALSE,FALSE,FALSE,
,,,,,,,,,,,,,,FALSE,FALSE,FALSE,FALSE,FALSE,
,,,,,,,,,,,,,,FALSE,FALSE,FALSE,FALSE,FALSE,
,,,,,,,,,,,,,,FALSE,FALSE,FALSE,FALSE,FALSE,
,,,,,,,,,,,,,,FALSE,FALSE,FALSE,FALSE,FALSE,
,,,,,,,,,,,,,,FALSE,FALSE,FALSE,FALSE,FALSE,
,,,,,,,,,,,,,,FALSE,FALSE,FALSE,FALSE,FALSE,
,,,,,,,,,,,,,,FALSE,FALSE,FALSE,FALSE,FALSE,
,,,,,,,,,,,,,,FALSE,FALSE,FALSE,FALSE,FALSE,
,,,,,,,,,,,,,,FALSE,FALSE,FALSE,FALSE,FALSE,
,,,,,,,,,,,,,,FALSE,FALSE,FALSE,FALSE,FALSE,
,,,,,,,,,,,,,,FALSE,FALSE,FALSE,FALSE,FALSE,
,,,,,,,,,,,,,,FALSE,FALSE,FALSE,FALSE,FALSE,
,,,,,,,,,,,,,,FALSE,FALSE,FALSE,FALSE,FALSE,
,,,,,,,,,,,,,,FALSE,FALSE,FALSE,FALSE,FALSE,
,,,,,,,,,,,,,,FALSE,FALSE,FALSE,FALSE,FALSE,
,,,,,,,,,,,,,,FALSE,FALSE,FALSE,FALSE,FALSE,
,,,,,,,,,,,,,,FALSE,FALSE,FALSE,FALSE,FALSE,
,,,,,,,,,,,,,,FALSE,FALSE,FALSE,FALSE,FALSE,
,,,,,,,,,,,,,,FALSE,FALSE,FALSE,FALSE,FALSE,
,,,,,,,,,,,,,,FALSE,FALSE,FALSE,FALSE,FALSE,
,,,,,,,,,,,,,,FALSE,FALSE,FALSE,FALSE,FALSE,
,,,,,,,,,,,,,,FALSE,FALSE,FALSE,FALSE,FALSE,
,,,,,,,,,,,,,,FALSE,FALSE,FALSE,FALSE,FALSE,
,,,,,,,,,,,,,,FALSE,FALSE,FALSE,FALSE,FALSE,
,,,,,,,,,,,,,,FALSE,FALSE,FALSE,FALSE,FALSE,
,,,,,,,,,,,,,,FALSE,FALSE,FALSE,FALSE,FALSE,
,,,,,,,,,,,,,,FALSE,FALSE,FALSE,FALSE,FALSE,
,,,,,,,,,,,,,,FALSE,FALSE,FALSE,FALSE,FALSE,
,,,,,,,,,,,,,,FALSE,FALSE,FALSE,FALSE,FALSE,
,,,,,,,,,,,,,,FALSE,FALSE,FALSE,FALSE,FALSE,
,,,,,,,,,,,,,,FALSE,FALSE,FALSE,FALSE,FALSE,
,,,,,,,,,,,,,,FALSE,FALSE,FALSE,FALSE,FALSE,
,,,,,,,,,,,,,,FALSE,FALSE,FALSE,FALSE,FALSE,
,,,,,,,,,,,,,,FALSE,FALSE,FALSE,FALSE,FALSE,
,,,,,,,,,,,,,,FALSE,FALSE,FALSE,FALSE,FALSE,
,,,,,,,,,,,,,,FALSE,FALSE,FALSE,FALSE,FALSE,
,,,,,,,,,,,,,,FALSE,FALSE,FALSE,FALSE,FALSE,
,,,,,,,,,,,,,,FALSE,FALSE,FALSE,FALSE,FALSE,
,,,,,,,,,,,,,,FALSE,FALSE,FALSE,FALSE,FALSE,
,,,,,,,,,,,,,,FALSE,FALSE,FALSE,FALSE,FALSE,
,,,,,,,,,,,,,,FALSE,FALSE,FALSE,FALSE,FALSE,
,,,,,,,,,,,,,,FALSE,FALSE,FALSE,FALSE,FALSE,
,,,,,,,,,,,,,,FALSE,FALSE,FALSE,FALSE,FALSE,
,,,,,,,,,,,,,,FALSE,FALSE,FALSE,FALSE,FALSE,
,,,,,,,,,,,,,,FALSE,FALSE,FALSE,FALSE,FALSE,
,,,,,,,,,,,,,,FALSE,FALSE,FALSE,FALSE,FALSE,
,,,,,,,,,,,,,,FALSE,FALSE,FALSE,FALSE,FALSE,
,,,,,,,,,,,,,,FALSE,FALSE,FALSE,FALSE,FALSE,
,,,,,,,,,,,,,,FALSE,FALSE,FALSE,FALSE,FALSE,
,,,,,,,,,,,,,,FALSE,FALSE,FALSE,FALSE,FALSE,
,,,,,,,,,,,,,,FALSE,FALSE,FALSE,FALSE,FALSE,
,,,,,,,,,,,,,,FALSE,FALSE,FALSE,FALSE,FALSE,
,,,,,,,,,,,,,,FALSE,FALSE,FALSE,FALSE,FALSE,
,,,,,,,,,,,,,,FALSE,FALSE,FALSE,FALSE,FALSE,
,,,,,,,,,,,,,,FALSE,FALSE,FALSE,FALSE,FALSE,
,,,,,,,,,,,,,,FALSE,FALSE,FALSE,FALSE,FALSE,
,,,,,,,,,,,,,,FALSE,FALSE,FALSE,FALSE,FALSE,
,,,,,,,,,,,,,,FALSE,FALSE,FALSE,FALSE,FALSE,
,,,,,,,,,,,,,,FALSE,FALSE,FALSE,FALSE,FALSE,
,,,,,,,,,,,,,,FALSE,FALSE,FALSE,FALSE,FALSE,
,,,,,,,,,,,,,,FALSE,FALSE,FALSE,FALSE,FALSE,
,,,,,,,,,,,,,,FALSE,FALSE,FALSE,FALSE,FALSE,
,,,,,,,,,,,,,,FALSE,FALSE,FALSE,FALSE,FALSE,
,,,,,,,,,,,,,,FALSE,FALSE,FALSE,FALSE,FALSE,
,,,,,,,,,,,,,,FALSE,FALSE,FALSE,FALSE,FALSE,
,,,,,,,,,,,,,,FALSE,FALSE,FALSE,FALSE,FALSE,
,,,,,,,,,,,,,,FALSE,FALSE,FALSE,FALSE,FALSE,
,,,,,,,,,,,,,,FALSE,FALSE,FALSE,FALSE,FALSE,
,,,,,,,,,,,,,,FALSE,FALSE,FALSE,FALSE,FALSE,
,,,,,,,,,,,,,,FALSE,FALSE,FALSE,FALSE,FALSE,
,,,,,,,,,,,,,,FALSE,FALSE,FALSE,FALSE,FALSE,
,,,,,,,,,,,,,,FALSE,FALSE,FALSE,FALSE,FALSE,
,,,,,,,,,,,,,,FALSE,FALSE,FALSE,FALSE,FALSE,
,,,,,,,,,,,,,,FALSE,FALSE,FALSE,FALSE,FALSE,
,,,,,,,,,,,,,,FALSE,FALSE,FALSE,FALSE,FALSE,
,,,,,,,,,,,,,,FALSE,FALSE,FALSE,FALSE,FALSE,
,,,,,,,,,,,,,,FALSE,FALSE,FALSE,FALSE,FALSE,
,,,,,,,,,,,,,,FALSE,FALSE,FALSE,FALSE,FALSE,
,,,,,,,,,,,,,,FALSE,FALSE,FALSE,FALSE,FALSE,
,,,,,,,,,,,,,,FALSE,FALSE,FALSE,FALSE,FALSE,
,,,,,,,,,,,,,,FALSE,FALSE,FALSE,FALSE,FALSE,
,,,,,,,,,,,,,,FALSE,FALSE,FALSE,FALSE,FALSE,
,,,,,,,,,,,,,,FALSE,FALSE,FALSE,FALSE,FALSE,
,,,,,,,,,,,,,,FALSE,FALSE,FALSE,FALSE,FALSE,
,,,,,,,,,,,,,,FALSE,FALSE,FALSE,FALSE,FALSE,
,,,,,,,,,,,,,,FALSE,FALSE,FALSE,FALSE,FALSE,
,,,,,,,,,,,,,,FALSE,FALSE,FALSE,FALSE,FALSE,
,,,,,,,,,,,,,,FALSE,FALSE,FALSE,FALSE,FALSE,
,,,,,,,,,,,,,,FALSE,FALSE,FALSE,FALSE,FALSE,
,,,,,,,,,,,,,,FALSE,FALSE,FALSE,FALSE,FALSE,
,,,,,,,,,,,,,,FALSE,FALSE,FALSE,FALSE,FALSE,
,,,,,,,,,,,,,,FALSE,FALSE,FALSE,FALSE,FALSE,
,,,,,,,,,,,,,,FALSE,FALSE,FALSE,FALSE,FALSE,
,,,,,,,,,,,,,,FALSE,FALSE,FALSE,FALSE,FALSE,
,,,,,,,,,,,,,,FALSE,FALSE,FALSE,FALSE,FALSE,
,,,,,,,,,,,,,,FALSE,FALSE,FALSE,FALSE,FALSE,
,,,,,,,,,,,,,,FALSE,FALSE,FALSE,FALSE,FALSE,
,,,,,,,,,,,,,,FALSE,FALSE,FALSE,FALSE,FALSE,
,,,,,,,,,,,,,,FALSE,FALSE,FALSE,FALSE,FALSE,
,,,,,,,,,,,,,,FALSE,FALSE,FALSE,FALSE,FALSE,
,,,,,,,,,,,,,,FALSE,FALSE,FALSE,FALSE,FALSE,
,,,,,,,,,,,,,,FALSE,FALSE,FALSE,FALSE,FALSE,
,,,,,,,,,,,,,,FALSE,FALSE,FALSE,FALSE,FALSE,
,,,,,,,,,,,,,,FALSE,FALSE,FALSE,FALSE,FALSE,
,,,,,,,,,,,,,,FALSE,FALSE,FALSE,FALSE,FALSE,
,,,,,,,,,,,,,,FALSE,FALSE,FALSE,FALSE,FALSE,
,,,,,,,,,,,,,,FALSE,FALSE,FALSE,FALSE,FALSE,
,,,,,,,,,,,,,,FALSE,FALSE,FALSE,FALSE,FALSE,
,,,,,,,,,,,,,,FALSE,FALSE,FALSE,FALSE,FALSE,
,,,,,,,,,,,,,,FALSE,FALSE,FALSE,FALSE,FALSE,
,,,,,,,,,,,,,,FALSE,FALSE,FALSE,FALSE,FALSE,
,,,,,,,,,,,,,,FALSE,FALSE,FALSE,FALSE,FALSE,
,,,,,,,,,,,,,,FALSE,FALSE,FALSE,FALSE,FALSE,
,,,,,,,,,,,,,,FALSE,FALSE,FALSE,FALSE,FALSE,
,,,,,,,,,,,,,,FALSE,FALSE,FALSE,FALSE,FALSE,
,,,,,,,,,,,,,,FALSE,FALSE,FALSE,FALSE,FALSE,
,,,,,,,,,,,,,,FALSE,FALSE,FALSE,FALSE,FALSE,
,,,,,,,,,,,,,,FALSE,FALSE,FALSE,FALSE,FALSE,
,,,,,,,,,,,,,,FALSE,FALSE,FALSE,FALSE,FALSE,
,,,,,,,,,,,,,,FALSE,FALSE,FALSE,FALSE,FALSE,
,,,,,,,,,,,,,,FALSE,FALSE,FALSE,FALSE,FALSE,
,,,,,,,,,,,,,,FALSE,FALSE,FALSE,FALSE,FALSE,
,,,,,,,,,,,,,,FALSE,FALSE,FALSE,FALSE,FALSE,
,,,,,,,,,,,,,,FALSE,FALSE,FALSE,FALSE,FALSE,
,,,,,,,,,,,,,,FALSE,FALSE,FALSE,FALSE,FALSE,
,,,,,,,,,,,,,,FALSE,FALSE,FALSE,FALSE,FALSE,
,,,,,,,,,,,,,,FALSE,FALSE,FALSE,FALSE,FALSE,
,,,,,,,,,,,,,,FALSE,FALSE,FALSE,FALSE,FALSE,
,,,,,,,,,,,,,,FALSE,FALSE,FALSE,FALSE,FALSE,
,,,,,,,,,,,,,,FALSE,FALSE,FALSE,FALSE,FALSE,
,,,,,,,,,,,,,,FALSE,FALSE,FALSE,FALSE,FALSE,
,,,,,,,,,,,,,,FALSE,FALSE,FALSE,FALSE,FALSE,
,,,,,,,,,,,,,,FALSE,FALSE,FALSE,FALSE,FALSE,
,,,,,,,,,,,,,,FALSE,FALSE,FALSE,FALSE,FALSE,
,,,,,,,,,,,,,,FALSE,FALSE,FALSE,FALSE,FALSE,
,,,,,,,,,,,,,,FALSE,FALSE,FALSE,FALSE,FALSE,
,,,,,,,,,,,,,,FALSE,FALSE,FALSE,FALSE,FALSE,
,,,,,,,,,,,,,,FALSE,FALSE,FALSE,FALSE,FALSE,
,,,,,,,,,,,,,,FALSE,FALSE,FALSE,FALSE,FALSE,
,,,,,,,,,,,,,,FALSE,FALSE,FALSE,FALSE,FALSE,
,,,,,,,,,,,,,,FALSE,FALSE,FALSE,FALSE,FALSE,
,,,,,,,,,,,,,,FALSE,FALSE,FALSE,FALSE,FALSE,
,,,,,,,,,,,,,,FALSE,FALSE,FALSE,FALSE,FALSE,
,,,,,,,,,,,,,,FALSE,FALSE,FALSE,FALSE,FALSE,
,,,,,,,,,,,,,,FALSE,FALSE,FALSE,FALSE,FALSE,
,,,,,,,,,,,,,,FALSE,FALSE,FALSE,FALSE,FALSE,
,,,,,,,,,,,,,,FALSE,FALSE,FALSE,FALSE,FALSE,
,,,,,,,,,,,,,,FALSE,FALSE,FALSE,FALSE,FALSE,
,,,,,,,,,,,,,,FALSE,FALSE,FALSE,FALSE,FALSE,
,,,,,,,,,,,,,,FALSE,FALSE,FALSE,FALSE,FALSE,
,,,,,,,,,,,,,,FALSE,FALSE,FALSE,FALSE,FALSE,
,,,,,,,,,,,,,,FALSE,FALSE,FALSE,FALSE,FALSE,
,,,,,,,,,,,,,,FALSE,FALSE,FALSE,FALSE,FALSE,
,,,,,,,,,,,,,,FALSE,FALSE,FALSE,FALSE,FALSE,
,,,,,,,,,,,,,,FALSE,FALSE,FALSE,FALSE,FALSE,
,,,,,,,,,,,,,,FALSE,FALSE,FALSE,FALSE,FALSE,
,,,,,,,,,,,,,,FALSE,FALSE,FALSE,FALSE,FALSE,
,,,,,,,,,,,,,,FALSE,FALSE,FALSE,FALSE,FALSE,
,,,,,,,,,,,,,,FALSE,FALSE,FALSE,FALSE,FALSE,
,,,,,,,,,,,,,,FALSE,FALSE,FALSE,FALSE,FALSE,
,,,,,,,,,,,,,,FALSE,FALSE,FALSE,FALSE,FALSE,
,,,,,,,,,,,,,,FALSE,FALSE,FALSE,FALSE,FALSE,
,,,,,,,,,,,,,,FALSE,FALSE,FALSE,FALSE,FALSE,
,,,,,,,,,,,,,,FALSE,FALSE,FALSE,FALSE,FALSE,
,,,,,,,,,,,,,,FALSE,FALSE,FALSE,FALSE,FALSE,
,,,,,,,,,,,,,,FALSE,FALSE,FALSE,FALSE,FALSE,
,,,,,,,,,,,,,,FALSE,FALSE,FALSE,FALSE,FALSE,
,,,,,,,,,,,,,,FALSE,FALSE,FALSE,FALSE,FALSE,
,,,,,,,,,,,,,,FALSE,FALSE,FALSE,FALSE,FALSE,
,,,,,,,,,,,,,,FALSE,FALSE,FALSE,FALSE,FALSE,
,,,,,,,,,,,,,,FALSE,FALSE,FALSE,FALSE,FALSE,
,,,,,,,,,,,,,,FALSE,FALSE,FALSE,FALSE,FALSE,
,,,,,,,,,,,,,,FALSE,FALSE,FALSE,FALSE,FALSE,
,,,,,,,,,,,,,,FALSE,FALSE,FALSE,FALSE,FALSE,
,,,,,,,,,,,,,,FALSE,FALSE,FALSE,FALSE,FALSE,
,,,,,,,,,,,,,,FALSE,FALSE,FALSE,FALSE,FALSE,
,,,,,,,,,,,,,,FALSE,FALSE,FALSE,FALSE,FALSE,
,,,,,,,,,,,,,,FALSE,FALSE,FALSE,FALSE,FALSE,
,,,,,,,,,,,,,,FALSE,FALSE,FALSE,FALSE,FALSE,
,,,,,,,,,,,,,,FALSE,FALSE,FALSE,FALSE,FALSE,
,,,,,,,,,,,,,,FALSE,FALSE,FALSE,FALSE,FALSE,
,,,,,,,,,,,,,,FALSE,FALSE,FALSE,FALSE,FALSE,
,,,,,,,,,,,,,,FALSE,FALSE,FALSE,FALSE,FALSE,
,,,,,,,,,,,,,,FALSE,FALSE,FALSE,FALSE,FALSE,
,,,,,,,,,,,,,,FALSE,FALSE,FALSE,FALSE,FALSE,
,,,,,,,,,,,,,,FALSE,FALSE,FALSE,FALSE,FALSE,
,,,,,,,,,,,,,,FALSE,FALSE,FALSE,FALSE,FALSE,
,,,,,,,,,,,,,,FALSE,FALSE,FALSE,FALSE,FALSE,
,,,,,,,,,,,,,,FALSE,FALSE,FALSE,FALSE,FALSE,
,,,,,,,,,,,,,,FALSE,FALSE,FALSE,FALSE,FALSE,
,,,,,,,,,,,,,,FALSE,FALSE,FALSE,FALSE,FALSE,
,,,,,,,,,,,,,,FALSE,FALSE,FALSE,FALSE,FALSE,
,,,,,,,,,,,,,,FALSE,FALSE,FALSE,FALSE,FALSE,
,,,,,,,,,,,,,,FALSE,FALSE,FALSE,FALSE,FALSE,
,,,,,,,,,,,,,,FALSE,FALSE,FALSE,FALSE,FALSE,
,,,,,,,,,,,,,,FALSE,FALSE,FALSE,FALSE,FALSE,
,,,,,,,,,,,,,,FALSE,FALSE,FALSE,FALSE,FALSE,
,,,,,,,,,,,,,,FALSE,FALSE,FALSE,FALSE,FALSE,
,,,,,,,,,,,,,,FALSE,FALSE,FALSE,FALSE,FALSE,
,,,,,,,,,,,,,,FALSE,FALSE,FALSE,FALSE,FALSE,
,,,,,,,,,,,,,,FALSE,FALSE,FALSE,FALSE,FALSE,
,,,,,,,,,,,,,,FALSE,FALSE,FALSE,FALSE,FALSE,
,,,,,,,,,,,,,,FALSE,FALSE,FALSE,FALSE,FALSE,
,,,,,,,,,,,,,,FALSE,FALSE,FALSE,FALSE,FALSE,
,,,,,,,,,,,,,,FALSE,FALSE,FALSE,FALSE,FALSE,
,,,,,,,,,,,,,,FALSE,FALSE,FALSE,FALSE,FALSE,
,,,,,,,,,,,,,,FALSE,FALSE,FALSE,FALSE,FALSE,
,,,,,,,,,,,,,,FALSE,FALSE,FALSE,FALSE,FALSE,
,,,,,,,,,,,,,,FALSE,FALSE,FALSE,FALSE,FALSE,
,,,,,,,,,,,,,,FALSE,FALSE,FALSE,FALSE,FALSE,
,,,,,,,,,,,,,,FALSE,FALSE,FALSE,FALSE,FALSE,
,,,,,,,,,,,,,,FALSE,FALSE,FALSE,FALSE,FALSE,
,,,,,,,,,,,,,,FALSE,FALSE,FALSE,FALSE,FALSE,
,,,,,,,,,,,,,,FALSE,FALSE,FALSE,FALSE,FALSE,
,,,,,,,,,,,,,,FALSE,FALSE,FALSE,FALSE,FALSE,
,,,,,,,,,,,,,,FALSE,FALSE,FALSE,FALSE,FALSE,
,,,,,,,,,,,,,,FALSE,FALSE,FALSE,FALSE,FALSE,
,,,,,,,,,,,,,,FALSE,FALSE,FALSE,FALSE,FALSE,
,,,,,,,,,,,,,,FALSE,FALSE,FALSE,FALSE,FALSE,
,,,,,,,,,,,,,,FALSE,FALSE,FALSE,FALSE,FALSE,
,,,,,,,,,,,,,,FALSE,FALSE,FALSE,FALSE,FALSE,
,,,,,,,,,,,,,,FALSE,FALSE,FALSE,FALSE,FALSE,
,,,,,,,,,,,,,,FALSE,FALSE,FALSE,FALSE,FALSE,
,,,,,,,,,,,,,,FALSE,FALSE,FALSE,FALSE,FALSE,
,,,,,,,,,,,,,,FALSE,FALSE,FALSE,FALSE,FALSE,
,,,,,,,,,,,,,,FALSE,FALSE,FALSE,FALSE,FALSE,
,,,,,,,,,,,,,,FALSE,FALSE,FALSE,FALSE,FALSE,
,,,,,,,,,,,,,,FALSE,FALSE,FALSE,FALSE,FALSE,
,,,,,,,,,,,,,,FALSE,FALSE,FALSE,FALSE,FALSE,
,,,,,,,,,,,,,,FALSE,FALSE,FALSE,FALSE,FALSE,
,,,,,,,,,,,,,,FALSE,FALSE,FALSE,FALSE,FALSE,
,,,,,,,,,,,,,,FALSE,FALSE,FALSE,FALSE,FALSE,
,,,,,,,,,,,,,,FALSE,FALSE,FALSE,FALSE,FALSE,
,,,,,,,,,,,,,,FALSE,FALSE,FALSE,FALSE,FALSE,
,,,,,,,,,,,,,,FALSE,FALSE,FALSE,FALSE,FALSE,
,,,,,,,,,,,,,,FALSE,FALSE,FALSE,FALSE,FALSE,
,,,,,,,,,,,,,,FALSE,FALSE,FALSE,FALSE,FALSE,
,,,,,,,,,,,,,,FALSE,FALSE,FALSE,FALSE,FALSE,
,,,,,,,,,,,,,,FALSE,FALSE,FALSE,FALSE,FALSE,
,,,,,,,,,,,,,,FALSE,FALSE,FALSE,FALSE,FALSE,
,,,,,,,,,,,,,,FALSE,FALSE,FALSE,FALSE,FALSE,
,,,,,,,,,,,,,,FALSE,FALSE,FALSE,FALSE,FALSE,
,,,,,,,,,,,,,,FALSE,FALSE,FALSE,FALSE,FALSE,
,,,,,,,,,,,,,,FALSE,FALSE,FALSE,FALSE,FALSE,
,,,,,,,,,,,,,,FALSE,FALSE,FALSE,FALSE,FALSE,
,,,,,,,,,,,,,,FALSE,FALSE,FALSE,FALSE,FALSE,
,,,,,,,,,,,,,,FALSE,FALSE,FALSE,FALSE,FALSE,
,,,,,,,,,,,,,,FALSE,FALSE,FALSE,FALSE,FALSE,
,,,,,,,,,,,,,,FALSE,FALSE,FALSE,FALSE,FALSE,
,,,,,,,,,,,,,,FALSE,FALSE,FALSE,FALSE,FALSE,
,,,,,,,,,,,,,,FALSE,FALSE,FALSE,FALSE,FALSE,
,,,,,,,,,,,,,,FALSE,FALSE,FALSE,FALSE,FALSE,
,,,,,,,,,,,,,,FALSE,FALSE,FALSE,FALSE,FALSE,
,,,,,,,,,,,,,,FALSE,FALSE,FALSE,FALSE,FALSE,
,,,,,,,,,,,,,,FALSE,FALSE,FALSE,FALSE,FALSE,
,,,,,,,,,,,,,,FALSE,FALSE,FALSE,FALSE,FALSE,
,,,,,,,,,,,,,,FALSE,FALSE,FALSE,FALSE,FALSE,
,,,,,,,,,,,,,,FALSE,FALSE,FALSE,FALSE,FALSE,
,,,,,,,,,,,,,,FALSE,FALSE,FALSE,FALSE,FALSE,
,,,,,,,,,,,,,,FALSE,FALSE,FALSE,FALSE,FALSE,
,,,,,,,,,,,,,,FALSE,FALSE,FALSE,FALSE,FALSE,
,,,,,,,,,,,,,,FALSE,FALSE,FALSE,FALSE,FALSE,
,,,,,,,,,,,,,,FALSE,FALSE,FALSE,FALSE,FALSE,
,,,,,,,,,,,,,,FALSE,FALSE,FALSE,FALSE,FALSE,
,,,,,,,,,,,,,,FALSE,FALSE,FALSE,FALSE,FALSE,
,,,,,,,,,,,,,,FALSE,FALSE,FALSE,FALSE,FALSE,
,,,,,,,,,,,,,,FALSE,FALSE,FALSE,FALSE,FALSE,
,,,,,,,,,,,,,,FALSE,FALSE,FALSE,FALSE,FALSE,
,,,,,,,,,,,,,,FALSE,FALSE,FALSE,FALSE,FALSE,
,,,,,,,,,,,,,,FALSE,FALSE,FALSE,FALSE,FALSE,
,,,,,,,,,,,,,,FALSE,FALSE,FALSE,FALSE,FALSE,
,,,,,,,,,,,,,,FALSE,FALSE,FALSE,FALSE,FALSE,
,,,,,,,,,,,,,,FALSE,FALSE,FALSE,FALSE,FALSE,
,,,,,,,,,,,,,,FALSE,FALSE,FALSE,FALSE,FALSE,
,,,,,,,,,,,,,,FALSE,FALSE,FALSE,FALSE,FALSE,
,,,,,,,,,,,,,,FALSE,FALSE,FALSE,FALSE,FALSE,
,,,,,,,,,,,,,,FALSE,FALSE,FALSE,FALSE,FALSE,
,,,,,,,,,,,,,,FALSE,FALSE,FALSE,FALSE,FALSE,
,,,,,,,,,,,,,,FALSE,FALSE,FALSE,FALSE,FALSE,
,,,,,,,,,,,,,,FALSE,FALSE,FALSE,FALSE,FALSE,
,,,,,,,,,,,,,,FALSE,FALSE,FALSE,FALSE,FALSE,
,,,,,,,,,,,,,,FALSE,FALSE,FALSE,FALSE,FALSE,
,,,,,,,,,,,,,,FALSE,FALSE,FALSE,FALSE,FALSE,
,,,,,,,,,,,,,,FALSE,FALSE,FALSE,FALSE,FALSE,
,,,,,,,,,,,,,,FALSE,FALSE,FALSE,FALSE,FALSE,
,,,,,,,,,,,,,,FALSE,FALSE,FALSE,FALSE,FALSE,
,,,,,,,,,,,,,,FALSE,FALSE,FALSE,FALSE,FALSE,
,,,,,,,,,,,,,,FALSE,FALSE,FALSE,FALSE,FALSE,
,,,,,,,,,,,,,,FALSE,FALSE,FALSE,FALSE,FALSE,
,,,,,,,,,,,,,,FALSE,FALSE,FALSE,FALSE,FALSE,
,,,,,,,,,,,,,,FALSE,FALSE,FALSE,FALSE,FALSE,
,,,,,,,,,,,,,,FALSE,FALSE,FALSE,FALSE,FALSE,
,,,,,,,,,,,,,,FALSE,FALSE,FALSE,FALSE,FALSE,
,,,,,,,,,,,,,,FALSE,FALSE,FALSE,FALSE,FALSE,
,,,,,,,,,,,,,,FALSE,FALSE,FALSE,FALSE,FALSE,
,,,,,,,,,,,,,,FALSE,FALSE,FALSE,FALSE,FALSE,
,,,,,,,,,,,,,,FALSE,FALSE,FALSE,FALSE,FALSE,
,,,,,,,,,,,,,,FALSE,FALSE,FALSE,FALSE,FALSE,
,,,,,,,,,,,,,,FALSE,FALSE,FALSE,FALSE,FALSE,
,,,,,,,,,,,,,,FALSE,FALSE,FALSE,FALSE,FALSE,
,,,,,,,,,,,,,,FALSE,FALSE,FALSE,FALSE,FALSE,
,,,,,,,,,,,,,,FALSE,FALSE,FALSE,FALSE,FALSE,
,,,,,,,,,,,,,,FALSE,FALSE,FALSE,FALSE,FALSE,
,,,,,,,,,,,,,,FALSE,FALSE,FALSE,FALSE,FALSE,
,,,,,,,,,,,,,,FALSE,FALSE,FALSE,FALSE,FALSE,
,,,,,,,,,,,,,,FALSE,FALSE,FALSE,FALSE,FALSE,
,,,,,,,,,,,,,,FALSE,FALSE,FALSE,FALSE,FALSE,
,,,,,,,,,,,,,,FALSE,FALSE,FALSE,FALSE,FALSE,
,,,,,,,,,,,,,,FALSE,FALSE,FALSE,FALSE,FALSE,
,,,,,,,,,,,,,,FALSE,FALSE,FALSE,FALSE,FALSE,
,,,,,,,,,,,,,,FALSE,FALSE,FALSE,FALSE,FALSE,
,,,,,,,,,,,,,,FALSE,FALSE,FALSE,FALSE,FALSE,
,,,,,,,,,,,,,,FALSE,FALSE,FALSE,FALSE,FALSE,
,,,,,,,,,,,,,,FALSE,FALSE,FALSE,FALSE,FALSE,
,,,,,,,,,,,,,,FALSE,FALSE,FALSE,FALSE,FALSE,
,,,,,,,,,,,,,,FALSE,FALSE,FALSE,FALSE,FALSE,
,,,,,,,,,,,,,,FALSE,FALSE,FALSE,FALSE,FALSE,
,,,,,,,,,,,,,,FALSE,FALSE,FALSE,FALSE,FALSE,
,,,,,,,,,,,,,,FALSE,FALSE,FALSE,FALSE,FALSE,
,,,,,,,,,,,,,,FALSE,FALSE,FALSE,FALSE,FALSE,
,,,,,,,,,,,,,,FALSE,FALSE,FALSE,FALSE,FALSE,
,,,,,,,,,,,,,,FALSE,FALSE,FALSE,FALSE,FALSE,
,,,,,,,,,,,,,,FALSE,FALSE,FALSE,FALSE,FALSE,
,,,,,,,,,,,,,,FALSE,FALSE,FALSE,FALSE,FALSE,
,,,,,,,,,,,,,,FALSE,FALSE,FALSE,FALSE,FALSE,
,,,,,,,,,,,,,,FALSE,FALSE,FALSE,FALSE,FALSE,
,,,,,,,,,,,,,,FALSE,FALSE,FALSE,FALSE,FALSE,
,,,,,,,,,,,,,,FALSE,FALSE,FALSE,FALSE,FALSE,
,,,,,,,,,,,,,,FALSE,FALSE,FALSE,FALSE,FALSE,
,,,,,,,,,,,,,,FALSE,FALSE,FALSE,FALSE,FALSE,
,,,,,,,,,,,,,,FALSE,FALSE,FALSE,FALSE,FALSE,
,,,,,,,,,,,,,,FALSE,FALSE,FALSE,FALSE,FALSE,
,,,,,,,,,,,,,,FALSE,FALSE,FALSE,FALSE,FALSE,
,,,,,,,,,,,,,,FALSE,FALSE,FALSE,FALSE,FALSE,
,,,,,,,,,,,,,,FALSE,FALSE,FALSE,FALSE,FALSE,
,,,,,,,,,,,,,,FALSE,FALSE,FALSE,FALSE,FALSE,
,,,,,,,,,,,,,,FALSE,FALSE,FALSE,FALSE,FALSE,
,,,,,,,,,,,,,,FALSE,FALSE,FALSE,FALSE,FALSE,
,,,,,,,,,,,,,,FALSE,FALSE,FALSE,FALSE,FALSE,
,,,,,,,,,,,,,,FALSE,FALSE,FALSE,FALSE,FALSE,
,,,,,,,,,,,,,,FALSE,FALSE,FALSE,FALSE,FALSE,
,,,,,,,,,,,,,,FALSE,FALSE,FALSE,FALSE,FALSE,
,,,,,,,,,,,,,,FALSE,FALSE,FALSE,FALSE,FALSE,
,,,,,,,,,,,,,,FALSE,FALSE,FALSE,FALSE,FALSE,
,,,,,,,,,,,,,,FALSE,FALSE,FALSE,FALSE,FALSE,
,,,,,,,,,,,,,,FALSE,FALSE,FALSE,FALSE,FALSE,
,,,,,,,,,,,,,,FALSE,FALSE,FALSE,FALSE,FALSE,
,,,,,,,,,,,,,,FALSE,FALSE,FALSE,FALSE,FALSE,
,,,,,,,,,,,,,,FALSE,FALSE,FALSE,FALSE,FALSE,
,,,,,,,,,,,,,,FALSE,FALSE,FALSE,FALSE,FALSE,
,,,,,,,,,,,,,,FALSE,FALSE,FALSE,FALSE,FALSE,
,,,,,,,,,,,,,,FALSE,FALSE,FALSE,FALSE,FALSE,
,,,,,,,,,,,,,,FALSE,FALSE,FALSE,FALSE,FALSE,
,,,,,,,,,,,,,,FALSE,FALSE,FALSE,FALSE,FALSE,
,,,,,,,,,,,,,,FALSE,FALSE,FALSE,FALSE,FALSE,
,,,,,,,,,,,,,,FALSE,FALSE,FALSE,FALSE,FALSE,
,,,,,,,,,,,,,,FALSE,FALSE,FALSE,FALSE,FALSE,
,,,,,,,,,,,,,,FALSE,FALSE,FALSE,FALSE,FALSE,
,,,,,,,,,,,,,,FALSE,FALSE,FALSE,FALSE,FALSE,
,,,,,,,,,,,,,,FALSE,FALSE,FALSE,FALSE,FALSE,
,,,,,,,,,,,,,,FALSE,FALSE,FALSE,FALSE,FALSE,
,,,,,,,,,,,,,,FALSE,FALSE,FALSE,FALSE,FALSE,
,,,,,,,,,,,,,,FALSE,FALSE,FALSE,FALSE,FALSE,
,,,,,,,,,,,,,,FALSE,FALSE,FALSE,FALSE,FALSE,
,,,,,,,,,,,,,,FALSE,FALSE,FALSE,FALSE,FALSE,
,,,,,,,,,,,,,,FALSE,FALSE,FALSE,FALSE,FALSE,
,,,,,,,,,,,,,,FALSE,FALSE,FALSE,FALSE,FALSE,
,,,,,,,,,,,,,,FALSE,FALSE,FALSE,FALSE,FALSE,
,,,,,,,,,,,,,,FALSE,FALSE,FALSE,FALSE,FALSE,
,,,,,,,,,,,,,,FALSE,FALSE,FALSE,FALSE,FALSE,
,,,,,,,,,,,,,,FALSE,FALSE,FALSE,FALSE,FALSE,
,,,,,,,,,,,,,,FALSE,FALSE,FALSE,FALSE,FALSE,
,,,,,,,,,,,,,,FALSE,FALSE,FALSE,FALSE,FALSE,
,,,,,,,,,,,,,,FALSE,FALSE,FALSE,FALSE,FALSE,
,,,,,,,,,,,,,,FALSE,FALSE,FALSE,FALSE,FALSE,
,,,,,,,,,,,,,,FALSE,FALSE,FALSE,FALSE,FALSE,
,,,,,,,,,,,,,,FALSE,FALSE,FALSE,FALSE,FALSE,
,,,,,,,,,,,,,,FALSE,FALSE,FALSE,FALSE,FALSE,
,,,,,,,,,,,,,,FALSE,FALSE,FALSE,FALSE,FALSE,
,,,,,,,,,,,,,,FALSE,FALSE,FALSE,FALSE,FALSE,
,,,,,,,,,,,,,,FALSE,FALSE,FALSE,FALSE,FALSE,
,,,,,,,,,,,,,,FALSE,FALSE,FALSE,FALSE,FALSE,
,,,,,,,,,,,,,,FALSE,FALSE,FALSE,FALSE,FALSE,
,,,,,,,,,,,,,,FALSE,FALSE,FALSE,FALSE,FALSE,
,,,,,,,,,,,,,,FALSE,FALSE,FALSE,FALSE,FALSE,
,,,,,,,,,,,,,,FALSE,FALSE,FALSE,FALSE,FALSE,
,,,,,,,,,,,,,,FALSE,FALSE,FALSE,FALSE,FALSE,
,,,,,,,,,,,,,,FALSE,FALSE,FALSE,FALSE,FALSE,
,,,,,,,,,,,,,,FALSE,FALSE,FALSE,FALSE,FALSE,
,,,,,,,,,,,,,,FALSE,FALSE,FALSE,FALSE,FALSE,
,,,,,,,,,,,,,,FALSE,FALSE,FALSE,FALSE,FALSE,
,,,,,,,,,,,,,,FALSE,FALSE,FALSE,FALSE,FALSE,
,,,,,,,,,,,,,,FALSE,FALSE,FALSE,FALSE,FALSE,
,,,,,,,,,,,,,,FALSE,FALSE,FALSE,FALSE,FALSE,
,,,,,,,,,,,,,,FALSE,FALSE,FALSE,FALSE,FALSE,
,,,,,,,,,,,,,,FALSE,FALSE,FALSE,FALSE,FALSE,
,,,,,,,,,,,,,,FALSE,FALSE,FALSE,FALSE,FALSE,
,,,,,,,,,,,,,,FALSE,FALSE,FALSE,FALSE,FALSE,
,,,,,,,,,,,,,,FALSE,FALSE,FALSE,FALSE,FALSE,
,,,,,,,,,,,,,,FALSE,FALSE,FALSE,FALSE,FALSE,
,,,,,,,,,,,,,,FALSE,FALSE,FALSE,FALSE,FALSE,
,,,,,,,,,,,,,,FALSE,FALSE,FALSE,FALSE,FALSE,
,,,,,,,,,,,,,,FALSE,FALSE,FALSE,FALSE,FALSE,
,,,,,,,,,,,,,,FALSE,FALSE,FALSE,FALSE,FALSE,
,,,,,,,,,,,,,,FALSE,FALSE,FALSE,FALSE,FALSE,
,,,,,,,,,,,,,,FALSE,FALSE,FALSE,FALSE,FALSE,
,,,,,,,,,,,,,,FALSE,FALSE,FALSE,FALSE,FALSE,
,,,,,,,,,,,,,,FALSE,FALSE,FALSE,FALSE,FALSE,
,,,,,,,,,,,,,,FALSE,FALSE,FALSE,FALSE,FALSE,
,,,,,,,,,,,,,,FALSE,FALSE,FALSE,FALSE,FALSE,
,,,,,,,,,,,,,,FALSE,FALSE,FALSE,FALSE,FALSE,
,,,,,,,,,,,,,,FALSE,FALSE,FALSE,FALSE,FALSE,
,,,,,,,,,,,,,,FALSE,FALSE,FALSE,FALSE,FALSE,
,,,,,,,,,,,,,,FALSE,FALSE,FALSE,FALSE,FALSE,
,,,,,,,,,,,,,,FALSE,FALSE,FALSE,FALSE,FALSE,
,,,,,,,,,,,,,,FALSE,FALSE,FALSE,FALSE,FALSE,
,,,,,,,,,,,,,,FALSE,FALSE,FALSE,FALSE,FALSE,
,,,,,,,,,,,,,,FALSE,FALSE,FALSE,FALSE,FALSE,
,,,,,,,,,,,,,,FALSE,FALSE,FALSE,FALSE,FALSE,
,,,,,,,,,,,,,,FALSE,FALSE,FALSE,FALSE,FALSE,
,,,,,,,,,,,,,,FALSE,FALSE,FALSE,FALSE,FALSE,
,,,,,,,,,,,,,,FALSE,FALSE,FALSE,FALSE,FALSE,
,,,,,,,,,,,,,,FALSE,FALSE,FALSE,FALSE,FALSE,
,,,,,,,,,,,,,,FALSE,FALSE,FALSE,FALSE,FALSE,
,,,,,,,,,,,,,,FALSE,FALSE,FALSE,FALSE,FALSE,
,,,,,,,,,,,,,,FALSE,FALSE,FALSE,FALSE,FALSE,
,,,,,,,,,,,,,,FALSE,FALSE,FALSE,FALSE,FALSE,
,,,,,,,,,,,,,,FALSE,FALSE,FALSE,FALSE,FALSE,
,,,,,,,,,,,,,,FALSE,FALSE,FALSE,FALSE,FALSE,
,,,,,,,,,,,,,,FALSE,FALSE,FALSE,FALSE,FALSE,
,,,,,,,,,,,,,,FALSE,FALSE,FALSE,FALSE,FALSE,
,,,,,,,,,,,,,,FALSE,FALSE,FALSE,FALSE,FALSE,
,,,,,,,,,,,,,,FALSE,FALSE,FALSE,FALSE,FALSE,
,,,,,,,,,,,,,,FALSE,FALSE,FALSE,FALSE,FALSE,
,,,,,,,,,,,,,,FALSE,FALSE,FALSE,FALSE,FALSE,
,,,,,,,,,,,,,,FALSE,FALSE,FALSE,FALSE,FALSE,
,,,,,,,,,,,,,,FALSE,FALSE,FALSE,FALSE,FALSE,
,,,,,,,,,,,,,,FALSE,FALSE,FALSE,FALSE,FALSE,
,,,,,,,,,,,,,,FALSE,FALSE,FALSE,FALSE,FALSE,
,,,,,,,,,,,,,,FALSE,FALSE,FALSE,FALSE,FALSE,
,,,,,,,,,,,,,,FALSE,FALSE,FALSE,FALSE,FALSE,
,,,,,,,,,,,,,,FALSE,FALSE,FALSE,FALSE,FALSE,
,,,,,,,,,,,,,,FALSE,FALSE,FALSE,FALSE,FALSE,
,,,,,,,,,,,,,,FALSE,FALSE,FALSE,FALSE,FALSE,
,,,,,,,,,,,,,,FALSE,FALSE,FALSE,FALSE,FALSE,
,,,,,,,,,,,,,,FALSE,FALSE,FALSE,FALSE,FALSE,
,,,,,,,,,,,,,,FALSE,FALSE,FALSE,FALSE,FALSE,
,,,,,,,,,,,,,,FALSE,FALSE,FALSE,FALSE,FALSE,
,,,,,,,,,,,,,,FALSE,FALSE,FALSE,FALSE,FALSE,
,,,,,,,,,,,,,,FALSE,FALSE,FALSE,FALSE,FALSE,
,,,,,,,,,,,,,,FALSE,FALSE,FALSE,FALSE,FALSE,
,,,,,,,,,,,,,,FALSE,FALSE,FALSE,FALSE,FALSE,
,,,,,,,,,,,,,,FALSE,FALSE,FALSE,FALSE,FALSE,
,,,,,,,,,,,,,,FALSE,FALSE,FALSE,FALSE,FALSE,
,,,,,,,,,,,,,,FALSE,FALSE,FALSE,FALSE,FALSE,
,,,,,,,,,,,,,,FALSE,FALSE,FALSE,FALSE,FALSE,
,,,,,,,,,,,,,,FALSE,FALSE,FALSE,FALSE,FALSE,
,,,,,,,,,,,,,,FALSE,FALSE,FALSE,FALSE,FALSE,
,,,,,,,,,,,,,,FALSE,FALSE,FALSE,FALSE,FALSE,
,,,,,,,,,,,,,,FALSE,FALSE,FALSE,FALSE,FALSE,
,,,,,,,,,,,,,,FALSE,FALSE,FALSE,FALSE,FALSE,
,,,,,,,,,,,,,,FALSE,FALSE,FALSE,FALSE,FALSE,
,,,,,,,,,,,,,,FALSE,FALSE,FALSE,FALSE,FALSE,
,,,,,,,,,,,,,,FALSE,FALSE,FALSE,FALSE,FALSE,
,,,,,,,,,,,,,,FALSE,FALSE,FALSE,FALSE,FALSE,
,,,,,,,,,,,,,,FALSE,FALSE,FALSE,FALSE,FALSE,
,,,,,,,,,,,,,,FALSE,FALSE,FALSE,FALSE,FALSE,
,,,,,,,,,,,,,,FALSE,FALSE,FALSE,FALSE,FALSE,
,,,,,,,,,,,,,,FALSE,FALSE,FALSE,FALSE,FALSE,
,,,,,,,,,,,,,,FALSE,FALSE,FALSE,FALSE,FALSE,
,,,,,,,,,,,,,,FALSE,FALSE,FALSE,FALSE,FALSE,
,,,,,,,,,,,,,,FALSE,FALSE,FALSE,FALSE,FALSE,
,,,,,,,,,,,,,,FALSE,FALSE,FALSE,FALSE,FALSE,
,,,,,,,,,,,,,,FALSE,FALSE,FALSE,FALSE,FALSE,
,,,,,,,,,,,,,,FALSE,FALSE,FALSE,FALSE,FALSE,
,,,,,,,,,,,,,,FALSE,FALSE,FALSE,FALSE,FALSE,
,,,,,,,,,,,,,,FALSE,FALSE,FALSE,FALSE,FALSE,
,,,,,,,,,,,,,,FALSE,FALSE,FALSE,FALSE,FALSE,
,,,,,,,,,,,,,,FALSE,FALSE,FALSE,FALSE,FALSE,
,,,,,,,,,,,,,,FALSE,FALSE,FALSE,FALSE,FALSE,
,,,,,,,,,,,,,,FALSE,FALSE,FALSE,FALSE,FALSE,
,,,,,,,,,,,,,,FALSE,FALSE,FALSE,FALSE,FALSE,
,,,,,,,,,,,,,,FALSE,FALSE,FALSE,FALSE,FALSE,
,,,,,,,,,,,,,,FALSE,FALSE,FALSE,FALSE,FALSE,
,,,,,,,,,,,,,,FALSE,FALSE,FALSE,FALSE,FALSE,
,,,,,,,,,,,,,,FALSE,FALSE,FALSE,FALSE,FALSE,
,,,,,,,,,,,,,,FALSE,FALSE,FALSE,FALSE,FALSE,
,,,,,,,,,,,,,,FALSE,FALSE,FALSE,FALSE,FALSE,
,,,,,,,,,,,,,,FALSE,FALSE,FALSE,FALSE,FALSE,
,,,,,,,,,,,,,,FALSE,FALSE,FALSE,FALSE,FALSE,
,,,,,,,,,,,,,,FALSE,FALSE,FALSE,FALSE,FALSE,
,,,,,,,,,,,,,,FALSE,FALSE,FALSE,FALSE,FALSE,
,,,,,,,,,,,,,,FALSE,FALSE,FALSE,FALSE,FALSE,
,,,,,,,,,,,,,,FALSE,FALSE,FALSE,FALSE,FALSE,
,,,,,,,,,,,,,,FALSE,FALSE,FALSE,FALSE,FALSE,
,,,,,,,,,,,,,,FALSE,FALSE,FALSE,FALSE,FALSE,
,,,,,,,,,,,,,,FALSE,FALSE,FALSE,FALSE,FALSE,
,,,,,,,,,,,,,,FALSE,FALSE,FALSE,FALSE,FALSE,
,,,,,,,,,,,,,,FALSE,FALSE,FALSE,FALSE,FALSE,
,,,,,,,,,,,,,,FALSE,FALSE,FALSE,FALSE,FALSE,
,,,,,,,,,,,,,,FALSE,FALSE,FALSE,FALSE,FALSE,
,,,,,,,,,,,,,,FALSE,FALSE,FALSE,FALSE,FALSE,
,,,,,,,,,,,,,,FALSE,FALSE,FALSE,FALSE,FALSE,
,,,,,,,,,,,,,,FALSE,FALSE,FALSE,FALSE,FALSE,
,,,,,,,,,,,,,,FALSE,FALSE,FALSE,FALSE,FALSE,
,,,,,,,,,,,,,,FALSE,FALSE,FALSE,FALSE,FALSE,
,,,,,,,,,,,,,,FALSE,FALSE,FALSE,FALSE,FALSE,
,,,,,,,,,,,,,,FALSE,FALSE,FALSE,FALSE,FALSE,
,,,,,,,,,,,,,,FALSE,FALSE,FALSE,FALSE,FALSE,
,,,,,,,,,,,,,,FALSE,FALSE,FALSE,FALSE,FALSE,
,,,,,,,,,,,,,,FALSE,FALSE,FALSE,FALSE,FALSE,
,,,,,,,,,,,,,,FALSE,FALSE,FALSE,FALSE,FALSE,
,,,,,,,,,,,,,,FALSE,FALSE,FALSE,FALSE,FALSE,
,,,,,,,,,,,,,,FALSE,FALSE,FALSE,FALSE,FALSE,
,,,,,,,,,,,,,,FALSE,FALSE,FALSE,FALSE,FALSE,
,,,,,,,,,,,,,,FALSE,FALSE,FALSE,FALSE,FALSE,
,,,,,,,,,,,,,,FALSE,FALSE,FALSE,FALSE,FALSE,
,,,,,,,,,,,,,,FALSE,FALSE,FALSE,FALSE,FALSE,
,,,,,,,,,,,,,,FALSE,FALSE,FALSE,FALSE,FALSE,
,,,,,,,,,,,,,,FALSE,FALSE,FALSE,FALSE,FALSE,
,,,,,,,,,,,,,,FALSE,FALSE,FALSE,FALSE,FALSE,
,,,,,,,,,,,,,,FALSE,FALSE,FALSE,FALSE,FALSE,
,,,,,,,,,,,,,,FALSE,FALSE,FALSE,FALSE,FALSE,
,,,,,,,,,,,,,,FALSE,FALSE,FALSE,FALSE,FALSE,
,,,,,,,,,,,,,,FALSE,FALSE,FALSE,FALSE,FALSE,
,,,,,,,,,,,,,,FALSE,FALSE,FALSE,FALSE,FALSE,
,,,,,,,,,,,,,,FALSE,FALSE,FALSE,FALSE,FALSE,
,,,,,,,,,,,,,,FALSE,FALSE,FALSE,FALSE,FALSE,
,,,,,,,,,,,,,,FALSE,FALSE,FALSE,FALSE,FALSE,
,,,,,,,,,,,,,,FALSE,FALSE,FALSE,FALSE,FALSE,
,,,,,,,,,,,,,,FALSE,FALSE,FALSE,FALSE,FALSE,
,,,,,,,,,,,,,,FALSE,FALSE,FALSE,FALSE,FALSE,
,,,,,,,,,,,,,,FALSE,FALSE,FALSE,FALSE,FALSE,
,,,,,,,,,,,,,,FALSE,FALSE,FALSE,FALSE,FALSE,
,,,,,,,,,,,,,,FALSE,FALSE,FALSE,FALSE,FALSE,
,,,,,,,,,,,,,,FALSE,FALSE,FALSE,FALSE,FALSE,
,,,,,,,,,,,,,,FALSE,FALSE,FALSE,FALSE,FALSE,
,,,,,,,,,,,,,,FALSE,FALSE,FALSE,FALSE,FALSE,
,,,,,,,,,,,,,,FALSE,FALSE,FALSE,FALSE,FALSE,
,,,,,,,,,,,,,,FALSE,FALSE,FALSE,FALSE,FALSE,
,,,,,,,,,,,,,,FALSE,FALSE,FALSE,FALSE,FALSE,
,,,,,,,,,,,,,,FALSE,FALSE,FALSE,FALSE,FALSE,
,,,,,,,,,,,,,,FALSE,FALSE,FALSE,FALSE,FALSE,
,,,,,,,,,,,,,,FALSE,FALSE,FALSE,FALSE,FALSE,
,,,,,,,,,,,,,,FALSE,FALSE,FALSE,FALSE,FALSE,
,,,,,,,,,,,,,,FALSE,FALSE,FALSE,FALSE,FALSE,
,,,,,,,,,,,,,,FALSE,FALSE,FALSE,FALSE,FALSE,
,,,,,,,,,,,,,,FALSE,FALSE,FALSE,FALSE,FALSE,
,,,,,,,,,,,,,,FALSE,FALSE,FALSE,FALSE,FALSE,
,,,,,,,,,,,,,,FALSE,FALSE,FALSE,FALSE,FALSE,
,,,,,,,,,,,,,,FALSE,FALSE,FALSE,FALSE,FALSE,
,,,,,,,,,,,,,,FALSE,FALSE,FALSE,FALSE,FALSE,
,,,,,,,,,,,,,,FALSE,FALSE,FALSE,FALSE,FALSE,
,,,,,,,,,,,,,,FALSE,FALSE,FALSE,FALSE,FALSE,
,,,,,,,,,,,,,,FALSE,FALSE,FALSE,FALSE,FALSE,
,,,,,,,,,,,,,,FALSE,FALSE,FALSE,FALSE,FALSE,
,,,,,,,,,,,,,,FALSE,FALSE,FALSE,FALSE,FALSE,
,,,,,,,,,,,,,,FALSE,FALSE,FALSE,FALSE,FALSE,
,,,,,,,,,,,,,,FALSE,FALSE,FALSE,FALSE,FALSE,
,,,,,,,,,,,,,,FALSE,FALSE,FALSE,FALSE,FALSE,
,,,,,,,,,,,,,,FALSE,FALSE,FALSE,FALSE,FALSE,
,,,,,,,,,,,,,,FALSE,FALSE,FALSE,FALSE,FALSE,
,,,,,,,,,,,,,,FALSE,FALSE,FALSE,FALSE,FALSE,
,,,,,,,,,,,,,,FALSE,FALSE,FALSE,FALSE,FALSE,
,,,,,,,,,,,,,,FALSE,FALSE,FALSE,FALSE,FALSE,
,,,,,,,,,,,,,,FALSE,FALSE,FALSE,FALSE,FALSE,
,,,,,,,,,,,,,,FALSE,FALSE,FALSE,FALSE,FALSE,
,,,,,,,,,,,,,,FALSE,FALSE,FALSE,FALSE,FALSE,
,,,,,,,,,,,,,,FALSE,FALSE,FALSE,FALSE,FALSE,
,,,,,,,,,,,,,,FALSE,FALSE,FALSE,FALSE,FALSE,
,,,,,,,,,,,,,,FALSE,FALSE,FALSE,FALSE,FALSE,
,,,,,,,,,,,,,,FALSE,FALSE,FALSE,FALSE,FALSE,
,,,,,,,,,,,,,,FALSE,FALSE,FALSE,FALSE,FALSE,
,,,,,,,,,,,,,,FALSE,FALSE,FALSE,FALSE,FALSE,
,,,,,,,,,,,,,,FALSE,FALSE,FALSE,FALSE,FALSE,
,,,,,,,,,,,,,,FALSE,FALSE,FALSE,FALSE,FALSE,
,,,,,,,,,,,,,,FALSE,FALSE,FALSE,FALSE,FALSE,
,,,,,,,,,,,,,,FALSE,FALSE,FALSE,FALSE,FALSE,
,,,,,,,,,,,,,,FALSE,FALSE,FALSE,FALSE,FALSE,
,,,,,,,,,,,,,,FALSE,FALSE,FALSE,FALSE,FALSE,
,,,,,,,,,,,,,,FALSE,FALSE,FALSE,FALSE,FALSE,
,,,,,,,,,,,,,,FALSE,FALSE,FALSE,FALSE,FALSE,
,,,,,,,,,,,,,,FALSE,FALSE,FALSE,FALSE,FALSE,
,,,,,,,,,,,,,,FALSE,FALSE,FALSE,FALSE,FALSE,
,,,,,,,,,,,,,,FALSE,FALSE,FALSE,FALSE,FALSE,
,,,,,,,,,,,,,,FALSE,FALSE,FALSE,FALSE,FALSE,
,,,,,,,,,,,,,,FALSE,FALSE,FALSE,FALSE,FALSE,
,,,,,,,,,,,,,,FALSE,FALSE,FALSE,FALSE,FALSE,
,,,,,,,,,,,,,,FALSE,FALSE,FALSE,FALSE,FALSE,
,,,,,,,,,,,,,,FALSE,FALSE,FALSE,FALSE,FALSE,
,,,,,,,,,,,,,,FALSE,FALSE,FALSE,FALSE,FALSE,
,,,,,,,,,,,,,,FALSE,FALSE,FALSE,FALSE,FALSE,
,,,,,,,,,,,,,,FALSE,FALSE,FALSE,FALSE,FALSE,
,,,,,,,,,,,,,,FALSE,FALSE,FALSE,FALSE,FALSE,
,,,,,,,,,,,,,,FALSE,FALSE,FALSE,FALSE,FALSE,
,,,,,,,,,,,,,,FALSE,FALSE,FALSE,FALSE,FALSE,
,,,,,,,,,,,,,,FALSE,FALSE,FALSE,FALSE,FALSE,
,,,,,,,,,,,,,,FALSE,FALSE,FALSE,FALSE,FALSE,
,,,,,,,,,,,,,,FALSE,FALSE,FALSE,FALSE,FALSE,
,,,,,,,,,,,,,,FALSE,FALSE,FALSE,FALSE,FALSE,
,,,,,,,,,,,,,,FALSE,FALSE,FALSE,FALSE,FALSE,
,,,,,,,,,,,,,,FALSE,FALSE,FALSE,FALSE,FALSE,
,,,,,,,,,,,,,,FALSE,FALSE,FALSE,FALSE,FALSE,
,,,,,,,,,,,,,,FALSE,FALSE,FALSE,FALSE,FALSE,
,,,,,,,,,,,,,,FALSE,FALSE,FALSE,FALSE,FALSE,
,,,,,,,,,,,,,,FALSE,FALSE,FALSE,FALSE,FALSE,
,,,,,,,,,,,,,,FALSE,FALSE,FALSE,FALSE,FALSE,
,,,,,,,,,,,,,,FALSE,FALSE,FALSE,FALSE,FALSE,
,,,,,,,,,,,,,,FALSE,FALSE,FALSE,FALSE,FALSE,
,,,,,,,,,,,,,,FALSE,FALSE,FALSE,FALSE,FALSE,
,,,,,,,,,,,,,,FALSE,FALSE,FALSE,FALSE,FALSE,
,,,,,,,,,,,,,,FALSE,FALSE,FALSE,FALSE,FALSE,
,,,,,,,,,,,,,,FALSE,FALSE,FALSE,FALSE,FALSE,
,,,,,,,,,,,,,,FALSE,FALSE,FALSE,FALSE,FALSE,
,,,,,,,,,,,,,,FALSE,FALSE,FALSE,FALSE,FALSE,
,,,,,,,,,,,,,,FALSE,FALSE,FALSE,FALSE,FALSE,
,,,,,,,,,,,,,,FALSE,FALSE,FALSE,FALSE,FALSE,
,,,,,,,,,,,,,,FALSE,FALSE,FALSE,FALSE,FALSE,
,,,,,,,,,,,,,,FALSE,FALSE,FALSE,FALSE,FALSE,
,,,,,,,,,,,,,,FALSE,FALSE,FALSE,FALSE,FALSE,
,,,,,,,,,,,,,,FALSE,FALSE,FALSE,FALSE,FALSE,
,,,,,,,,,,,,,,FALSE,FALSE,FALSE,FALSE,FALSE,
,,,,,,,,,,,,,,FALSE,FALSE,FALSE,FALSE,FALSE,
,,,,,,,,,,,,,,FALSE,FALSE,FALSE,FALSE,FALSE,
,,,,,,,,,,,,,,FALSE,FALSE,FALSE,FALSE,FALSE,
,,,,,,,,,,,,,,FALSE,FALSE,FALSE,FALSE,FALSE,
,,,,,,,,,,,,,,FALSE,FALSE,FALSE,FALSE,FALSE,
,,,,,,,,,,,,,,FALSE,FALSE,FALSE,FALSE,FALSE,
,,,,,,,,,,,,,,FALSE,FALSE,FALSE,FALSE,FALSE,
,,,,,,,,,,,,,,FALSE,FALSE,FALSE,FALSE,FALSE,
,,,,,,,,,,,,,,FALSE,FALSE,FALSE,FALSE,FALSE,
,,,,,,,,,,,,,,FALSE,FALSE,FALSE,FALSE,FALSE,
,,,,,,,,,,,,,,FALSE,FALSE,FALSE,FALSE,FALSE,
,,,,,,,,,,,,,,FALSE,FALSE,FALSE,FALSE,FALSE,
,,,,,,,,,,,,,,FALSE,FALSE,FALSE,FALSE,FALSE,
,,,,,,,,,,,,,,FALSE,FALSE,FALSE,FALSE,FALSE,
,,,,,,,,,,,,,,FALSE,FALSE,FALSE,FALSE,FALSE,
,,,,,,,,,,,,,,FALSE,FALSE,FALSE,FALSE,FALSE,
,,,,,,,,,,,,,,FALSE,FALSE,FALSE,FALSE,FALSE,
,,,,,,,,,,,,,,FALSE,FALSE,FALSE,FALSE,FALSE,
,,,,,,,,,,,,,,FALSE,FALSE,FALSE,FALSE,FALSE,
,,,,,,,,,,,,,,FALSE,FALSE,FALSE,FALSE,FALSE,
,,,,,,,,,,,,,,FALSE,FALSE,FALSE,FALSE,FALSE,
,,,,,,,,,,,,,,FALSE,FALSE,FALSE,FALSE,FALSE,
,,,,,,,,,,,,,,FALSE,FALSE,FALSE,FALSE,FALSE,
,,,,,,,,,,,,,,FALSE,FALSE,FALSE,FALSE,FALSE,
,,,,,,,,,,,,,,FALSE,FALSE,FALSE,FALSE,FALSE,
,,,,,,,,,,,,,,FALSE,FALSE,FALSE,FALSE,FALSE,
,,,,,,,,,,,,,,FALSE,FALSE,FALSE,FALSE,FALSE,
,,,,,,,,,,,,,,FALSE,FALSE,FALSE,FALSE,FALSE,
,,,,,,,,,,,,,,FALSE,FALSE,FALSE,FALSE,FALSE,
,,,,,,,,,,,,,,FALSE,FALSE,FALSE,FALSE,FALSE,
,,,,,,,,,,,,,,FALSE,FALSE,FALSE,FALSE,FALSE,
,,,,,,,,,,,,,,FALSE,FALSE,FALSE,FALSE,FALSE,
,,,,,,,,,,,,,,FALSE,FALSE,FALSE,FALSE,FALSE,
,,,,,,,,,,,,,,FALSE,FALSE,FALSE,FALSE,FALSE,
,,,,,,,,,,,,,,FALSE,FALSE,FALSE,FALSE,FALSE,
,,,,,,,,,,,,,,FALSE,FALSE,FALSE,FALSE,FALSE,
,,,,,,,,,,,,,,FALSE,FALSE,FALSE,FALSE,FALSE,
,,,,,,,,,,,,,,FALSE,FALSE,FALSE,FALSE,FALSE,
,,,,,,,,,,,,,,FALSE,FALSE,FALSE,FALSE,FALSE,
,,,,,,,,,,,,,,FALSE,FALSE,FALSE,FALSE,FALSE,
,,,,,,,,,,,,,,FALSE,FALSE,FALSE,FALSE,FALSE,
,,,,,,,,,,,,,,FALSE,FALSE,FALSE,FALSE,FALSE,
,,,,,,,,,,,,,,FALSE,FALSE,FALSE,FALSE,FALSE,
,,,,,,,,,,,,,,FALSE,FALSE,FALSE,FALSE,FALSE,
,,,,,,,,,,,,,,FALSE,FALSE,FALSE,FALSE,FALSE,
,,,,,,,,,,,,,,FALSE,FALSE,FALSE,FALSE,FALSE,
,,,,,,,,,,,,,,FALSE,FALSE,FALSE,FALSE,FALSE,
,,,,,,,,,,,,,,FALSE,FALSE,FALSE,FALSE,FALSE,
,,,,,,,,,,,,,,FALSE,FALSE,FALSE,FALSE,FALSE,
,,,,,,,,,,,,,,FALSE,FALSE,FALSE,FALSE,FALSE,
,,,,,,,,,,,,,,FALSE,FALSE,FALSE,FALSE,FALSE,
,,,,,,,,,,,,,,FALSE,FALSE,FALSE,FALSE,FALSE,
,,,,,,,,,,,,,,FALSE,FALSE,FALSE,FALSE,FALSE,
,,,,,,,,,,,,,,FALSE,FALSE,FALSE,FALSE,FALSE,
,,,,,,,,,,,,,,FALSE,FALSE,FALSE,FALSE,FALSE,
,,,,,,,,,,,,,,FALSE,FALSE,FALSE,FALSE,FALSE,
,,,,,,,,,,,,,,FALSE,FALSE,FALSE,FALSE,FALSE,
,,,,,,,,,,,,,,FALSE,FALSE,FALSE,FALSE,FALSE,
,,,,,,,,,,,,,,FALSE,FALSE,FALSE,FALSE,FALSE,
,,,,,,,,,,,,,,FALSE,FALSE,FALSE,FALSE,FALSE,
,,,,,,,,,,,,,,FALSE,FALSE,FALSE,FALSE,FALSE,
,,,,,,,,,,,,,,FALSE,FALSE,FALSE,FALSE,FALSE,
,,,,,,,,,,,,,,FALSE,FALSE,FALSE,FALSE,FALSE,
,,,,,,,,,,,,,,FALSE,FALSE,FALSE,FALSE,FALSE,
,,,,,,,,,,,,,,FALSE,FALSE,FALSE,FALSE,FALSE,
,,,,,,,,,,,,,,FALSE,FALSE,FALSE,FALSE,FALSE,
,,,,,,,,,,,,,,FALSE,FALSE,FALSE,FALSE,FALSE,
,,,,,,,,,,,,,,FALSE,FALSE,FALSE,FALSE,FALSE,
,,,,,,,,,,,,,,FALSE,FALSE,FALSE,FALSE,FALSE,
,,,,,,,,,,,,,,FALSE,FALSE,FALSE,FALSE,FALSE,
,,,,,,,,,,,,,,FALSE,FALSE,FALSE,FALSE,FALSE,
,,,,,,,,,,,,,,FALSE,FALSE,FALSE,FALSE,FALSE,
,,,,,,,,,,,,,,FALSE,FALSE,FALSE,FALSE,FALSE,
,,,,,,,,,,,,,,FALSE,FALSE,FALSE,FALSE,FALSE,
,,,,,,,,,,,,,,FALSE,FALSE,FALSE,FALSE,FALSE,
,,,,,,,,,,,,,,FALSE,FALSE,FALSE,FALSE,FALSE,
,,,,,,,,,,,,,,FALSE,FALSE,FALSE,FALSE,FALSE,
,,,,,,,,,,,,,,FALSE,FALSE,FALSE,FALSE,FALSE,
,,,,,,,,,,,,,,FALSE,FALSE,FALSE,FALSE,FALSE,
,,,,,,,,,,,,,,FALSE,FALSE,FALSE,FALSE,FALSE,
,,,,,,,,,,,,,,FALSE,FALSE,FALSE,FALSE,FALSE,
,,,,,,,,,,,,,,FALSE,FALSE,FALSE,FALSE,FALSE,
,,,,,,,,,,,,,,FALSE,FALSE,FALSE,FALSE,FALSE,
,,,,,,,,,,,,,,FALSE,FALSE,FALSE,FALSE,FALSE,
,,,,,,,,,,,,,,FALSE,FALSE,FALSE,FALSE,FALSE,
,,,,,,,,,,,,,,FALSE,FALSE,FALSE,FALSE,FALSE,
,,,,,,,,,,,,,,FALSE,FALSE,FALSE,FALSE,FALSE,
,,,,,,,,,,,,,,FALSE,FALSE,FALSE,FALSE,FALSE,
,,,,,,,,,,,,,,FALSE,FALSE,FALSE,FALSE,FALSE,
,,,,,,,,,,,,,,FALSE,FALSE,FALSE,FALSE,FALSE,
,,,,,,,,,,,,,,FALSE,FALSE,FALSE,FALSE,FALSE,
,,,,,,,,,,,,,,FALSE,FALSE,FALSE,FALSE,FALSE,
,,,,,,,,,,,,,,FALSE,FALSE,FALSE,FALSE,FALSE,
,,,,,,,,,,,,,,FALSE,FALSE,FALSE,FALSE,FALSE,
,,,,,,,,,,,,,,FALSE,FALSE,FALSE,FALSE,FALSE,
,,,,,,,,,,,,,,FALSE,FALSE,FALSE,FALSE,FALSE,
,,,,,,,,,,,,,,FALSE,FALSE,FALSE,FALSE,FALSE,
,,,,,,,,,,,,,,FALSE,FALSE,FALSE,FALSE,FALSE,
,,,,,,,,,,,,,,FALSE,FALSE,FALSE,FALSE,FALSE,
,,,,,,,,,,,,,,FALSE,FALSE,FALSE,FALSE,FALSE,
,,,,,,,,,,,,,,FALSE,FALSE,FALSE,FALSE,FALSE,
,,,,,,,,,,,,,,FALSE,FALSE,FALSE,FALSE,FALSE,
,,,,,,,,,,,,,,FALSE,FALSE,FALSE,FALSE,FALSE,
,,,,,,,,,,,,,,FALSE,FALSE,FALSE,FALSE,FALSE,
,,,,,,,,,,,,,,FALSE,FALSE,FALSE,FALSE,FALSE,
,,,,,,,,,,,,,,FALSE,FALSE,FALSE,FALSE,FALSE,
,,,,,,,,,,,,,,FALSE,FALSE,FALSE,FALSE,FALSE,
,,,,,,,,,,,,,,FALSE,FALSE,FALSE,FALSE,FALSE,
,,,,,,,,,,,,,,FALSE,FALSE,FALSE,FALSE,FALSE,
,,,,,,,,,,,,,,FALSE,FALSE,FALSE,FALSE,FALSE,
,,,,,,,,,,,,,,FALSE,FALSE,FALSE,FALSE,FALSE,
,,,,,,,,,,,,,,FALSE,FALSE,FALSE,FALSE,FALSE,
,,,,,,,,,,,,,,FALSE,FALSE,FALSE,FALSE,FALSE,
,,,,,,,,,,,,,,FALSE,FALSE,FALSE,FALSE,FALSE,
,,,,,,,,,,,,,,FALSE,FALSE,FALSE,FALSE,FALSE,
,,,,,,,,,,,,,,FALSE,FALSE,FALSE,FALSE,FALSE,
,,,,,,,,,,,,,,FALSE,FALSE,FALSE,FALSE,FALSE,
,,,,,,,,,,,,,,FALSE,FALSE,FALSE,FALSE,FALSE,
,,,,,,,,,,,,,,FALSE,FALSE,FALSE,FALSE,FALSE,
,,,,,,,,,,,,,,FALSE,FALSE,FALSE,FALSE,FALSE,
,,,,,,,,,,,,,,FALSE,FALSE,FALSE,FALSE,FALSE,
,,,,,,,,,,,,,,FALSE,FALSE,FALSE,FALSE,FALSE,
,,,,,,,,,,,,,,FALSE,FALSE,FALSE,FALSE,FALSE,
,,,,,,,,,,,,,,FALSE,FALSE,FALSE,FALSE,FALSE,
,,,,,,,,,,,,,,FALSE,FALSE,FALSE,FALSE,FALSE,
,,,,,,,,,,,,,,FALSE,FALSE,FALSE,FALSE,FALSE,
,,,,,,,,,,,,,,FALSE,FALSE,FALSE,FALSE,FALSE,
,,,,,,,,,,,,,,FALSE,FALSE,FALSE,FALSE,FALSE,
,,,,,,,,,,,,,,FALSE,FALSE,FALSE,FALSE,FALSE,
,,,,,,,,,,,,,,FALSE,FALSE,FALSE,FALSE,FALSE,
,,,,,,,,,,,,,,FALSE,FALSE,FALSE,FALSE,FALSE,
,,,,,,,,,,,,,,FALSE,FALSE,FALSE,FALSE,FALSE,
,,,,,,,,,,,,,,FALSE,FALSE,FALSE,FALSE,FALSE,
,,,,,,,,,,,,,,FALSE,FALSE,FALSE,FALSE,FALSE,
,,,,,,,,,,,,,,FALSE,FALSE,FALSE,FALSE,FALSE,
,,,,,,,,,,,,,,FALSE,FALSE,FALSE,FALSE,FALSE,
,,,,,,,,,,,,,,FALSE,FALSE,FALSE,FALSE,FALSE,
,,,,,,,,,,,,,,FALSE,FALSE,FALSE,FALSE,FALSE,
,,,,,,,,,,,,,,FALSE,FALSE,FALSE,FALSE,FALSE,
,,,,,,,,,,,,,,FALSE,FALSE,FALSE,FALSE,FALSE,
,,,,,,,,,,,,,,FALSE,FALSE,FALSE,FALSE,FALSE,
,,,,,,,,,,,,,,FALSE,FALSE,FALSE,FALSE,FALSE,
,,,,,,,,,,,,,,FALSE,FALSE,FALSE,FALSE,FALSE,
,,,,,,,,,,,,,,FALSE,FALSE,FALSE,FALSE,FALSE,
,,,,,,,,,,,,,,FALSE,FALSE,FALSE,FALSE,FALSE,
,,,,,,,,,,,,,,FALSE,FALSE,FALSE,FALSE,FALSE,
,,,,,,,,,,,,,,FALSE,FALSE,FALSE,FALSE,FALSE,
,,,,,,,,,,,,,,FALSE,FALSE,FALSE,FALSE,FALSE,
,,,,,,,,,,,,,,FALSE,FALSE,FALSE,FALSE,FALSE,
,,,,,,,,,,,,,,FALSE,FALSE,FALSE,FALSE,FALSE,
,,,,,,,,,,,,,,FALSE,FALSE,FALSE,FALSE,FALSE,
,,,,,,,,,,,,,,FALSE,FALSE,FALSE,FALSE,FALSE,
,,,,,,,,,,,,,,FALSE,FALSE,FALSE,FALSE,FALSE,
,,,,,,,,,,,,,,FALSE,FALSE,FALSE,FALSE,FALSE,
,,,,,,,,,,,,,,FALSE,FALSE,FALSE,FALSE,FALSE,
,,,,,,,,,,,,,,FALSE,FALSE,FALSE,FALSE,FALSE,
,,,,,,,,,,,,,,FALSE,FALSE,FALSE,FALSE,FALSE,
,,,,,,,,,,,,,,FALSE,FALSE,FALSE,FALSE,FALSE,
,,,,,,,,,,,,,,FALSE,FALSE,FALSE,FALSE,FALSE,
,,,,,,,,,,,,,,FALSE,FALSE,FALSE,FALSE,FALSE,
,,,,,,,,,,,,,,FALSE,FALSE,FALSE,FALSE,FALSE,
,,,,,,,,,,,,,,FALSE,FALSE,FALSE,FALSE,FALSE,
,,,,,,,,,,,,,,FALSE,FALSE,FALSE,FALSE,FALSE,
,,,,,,,,,,,,,,FALSE,FALSE,FALSE,FALSE,FALSE,
,,,,,,,,,,,,,,FALSE,FALSE,FALSE,FALSE,FALSE,
,,,,,,,,,,,,,,FALSE,FALSE,FALSE,FALSE,FALSE,
,,,,,,,,,,,,,,FALSE,FALSE,FALSE,FALSE,FALSE,
,,,,,,,,,,,,,,FALSE,FALSE,FALSE,FALSE,FALSE,
,,,,,,,,,,,,,,FALSE,FALSE,FALSE,FALSE,FALSE,
,,,,,,,,,,,,,,FALSE,FALSE,FALSE,FALSE,FALSE,
,,,,,,,,,,,,,,FALSE,FALSE,FALSE,FALSE,FALSE,
,,,,,,,,,,,,,,FALSE,FALSE,FALSE,FALSE,FALSE,
,,,,,,,,,,,,,,FALSE,FALSE,FALSE,FALSE,FALSE,
,,,,,,,,,,,,,,FALSE,FALSE,FALSE,FALSE,FALSE,
,,,,,,,,,,,,,,FALSE,FALSE,FALSE,FALSE,FALSE,
,,,,,,,,,,,,,,FALSE,FALSE,FALSE,FALSE,FALSE,
,,,,,,,,,,,,,,FALSE,FALSE,FALSE,FALSE,FALSE,
,,,,,,,,,,,,,,FALSE,FALSE,FALSE,FALSE,FALSE,
,,,,,,,,,,,,,,FALSE,FALSE,FALSE,FALSE,FALSE,
,,,,,,,,,,,,,,FALSE,FALSE,FALSE,FALSE,FALSE,
,,,,,,,,,,,,,,FALSE,FALSE,FALSE,FALSE,FALSE,
,,,,,,,,,,,,,,FALSE,FALSE,FALSE,FALSE,FALSE,
,,,,,,,,,,,,,,FALSE,FALSE,FALSE,FALSE,FALSE,
,,,,,,,,,,,,,,FALSE,FALSE,FALSE,FALSE,FALSE,
,,,,,,,,,,,,,,FALSE,FALSE,FALSE,FALSE,FALSE,
,,,,,,,,,,,,,,FALSE,FALSE,FALSE,FALSE,FALSE,
,,,,,,,,,,,,,,FALSE,FALSE,FALSE,FALSE,FALSE,
,,,,,,,,,,,,,,FALSE,FALSE,FALSE,FALSE,FALSE,
,,,,,,,,,,,,,,FALSE,FALSE,FALSE,FALSE,FALSE,
,,,,,,,,,,,,,,FALSE,FALSE,FALSE,FALSE,FALSE,
,,,,,,,,,,,,,,FALSE,FALSE,FALSE,FALSE,FALSE,
,,,,,,,,,,,,,,FALSE,FALSE,FALSE,FALSE,FALSE,
,,,,,,,,,,,,,,FALSE,FALSE,FALSE,FALSE,FALSE,
,,,,,,,,,,,,,,FALSE,FALSE,FALSE,FALSE,FALSE,
,,,,,,,,,,,,,,FALSE,FALSE,FALSE,FALSE,FALSE,
,,,,,,,,,,,,,,FALSE,FALSE,FALSE,FALSE,FALSE,
,,,,,,,,,,,,,,FALSE,FALSE,FALSE,FALSE,FALSE,
,,,,,,,,,,,,,,FALSE,FALSE,FALSE,FALSE,FALSE,
,,,,,,,,,,,,,,FALSE,FALSE,FALSE,FALSE,FALSE,
,,,,,,,,,,,,,,FALSE,FALSE,FALSE,FALSE,FALSE,
,,,,,,,,,,,,,,FALSE,FALSE,FALSE,FALSE,FALSE,
,,,,,,,,,,,,,,FALSE,FALSE,FALSE,FALSE,FALSE,
,,,,,,,,,,,,,,FALSE,FALSE,FALSE,FALSE,FALSE,
,,,,,,,,,,,,,,FALSE,FALSE,FALSE,FALSE,FALSE,
,,,,,,,,,,,,,,FALSE,FALSE,FALSE,FALSE,FALSE,
,,,,,,,,,,,,,,FALSE,FALSE,FALSE,FALSE,FALSE,
,,,,,,,,,,,,,,FALSE,FALSE,FALSE,FALSE,FALSE,
,,,,,,,,,,,,,,FALSE,FALSE,FALSE,FALSE,FALSE,
,,,,,,,,,,,,,,FALSE,FALSE,FALSE,FALSE,FALSE,
,,,,,,,,,,,,,,FALSE,FALSE,FALSE,FALSE,FALSE,
,,,,,,,,,,,,,,FALSE,FALSE,FALSE,FALSE,FALSE,
,,,,,,,,,,,,,,FALSE,FALSE,FALSE,FALSE,FALSE,
,,,,,,,,,,,,,,FALSE,FALSE,FALSE,FALSE,FALSE,
,,,,,,,,,,,,,,FALSE,FALSE,FALSE,FALSE,FALSE,
,,,,,,,,,,,,,,FALSE,FALSE,FALSE,FALSE,FALSE,
,,,,,,,,,,,,,,FALSE,FALSE,FALSE,FALSE,FALSE,
,,,,,,,,,,,,,,FALSE,FALSE,FALSE,FALSE,FALSE,
,,,,,,,,,,,,,,FALSE,FALSE,FALSE,FALSE,FALSE,
,,,,,,,,,,,,,,FALSE,FALSE,FALSE,FALSE,FALSE,
,,,,,,,,,,,,,,FALSE,FALSE,FALSE,FALSE,FALSE,
,,,,,,,,,,,,,,FALSE,FALSE,FALSE,FALSE,FALSE,
,,,,,,,,,,,,,,FALSE,FALSE,FALSE,FALSE,FALSE,
,,,,,,,,,,,,,,FALSE,FALSE,FALSE,FALSE,FALSE,
,,,,,,,,,,,,,,FALSE,FALSE,FALSE,FALSE,FALSE,
,,,,,,,,,,,,,,FALSE,FALSE,FALSE,FALSE,FALSE,
,,,,,,,,,,,,,,FALSE,FALSE,FALSE,FALSE,FALSE,
,,,,,,,,,,,,,,FALSE,FALSE,FALSE,FALSE,FALSE,
,,,,,,,,,,,,,,FALSE,FALSE,FALSE,FALSE,FALSE,
,,,,,,,,,,,,,,FALSE,FALSE,FALSE,FALSE,FALSE,
,,,,,,,,,,,,,,FALSE,FALSE,FALSE,FALSE,FALSE,
,,,,,,,,,,,,,,FALSE,FALSE,FALSE,FALSE,FALSE,
,,,,,,,,,,,,,,FALSE,FALSE,FALSE,FALSE,FALSE,
,,,,,,,,,,,,,,FALSE,FALSE,FALSE,FALSE,FALSE,
,,,,,,,,,,,,,,FALSE,FALSE,FALSE,FALSE,FALSE,
,,,,,,,,,,,,,,FALSE,FALSE,FALSE,FALSE,FALSE,
,,,,,,,,,,,,,,FALSE,FALSE,FALSE,FALSE,FALSE,
,,,,,,,,,,,,,,FALSE,FALSE,FALSE,FALSE,FALSE,
,,,,,,,,,,,,,,FALSE,FALSE,FALSE,FALSE,FALSE,
,,,,,,,,,,,,,,FALSE,FALSE,FALSE,FALSE,FALSE,
,,,,,,,,,,,,,,FALSE,FALSE,FALSE,FALSE,FALSE,
,,,,,,,,,,,,,,FALSE,FALSE,FALSE,FALSE,FALSE,
,,,,,,,,,,,,,,FALSE,FALSE,FALSE,FALSE,FALSE,
,,,,,,,,,,,,,,FALSE,FALSE,FALSE,FALSE,FALSE,
,,,,,,,,,,,,,,FALSE,FALSE,FALSE,FALSE,FALSE,
,,,,,,,,,,,,,,FALSE,FALSE,FALSE,FALSE,FALSE,
,,,,,,,,,,,,,,FALSE,FALSE,FALSE,FALSE,FALSE,
,,,,,,,,,,,,,,FALSE,FALSE,FALSE,FALSE,FALSE,
,,,,,,,,,,,,,,FALSE,FALSE,FALSE,FALSE,FALSE,
,,,,,,,,,,,,,,FALSE,FALSE,FALSE,FALSE,FALSE,
,,,,,,,,,,,,,,FALSE,FALSE,FALSE,FALSE,FALSE,
,,,,,,,,,,,,,,FALSE,FALSE,FALSE,FALSE,FALSE,
,,,,,,,,,,,,,,FALSE,FALSE,FALSE,FALSE,FALSE,
,,,,,,,,,,,,,,FALSE,FALSE,FALSE,FALSE,FALSE,
,,,,,,,,,,,,,,FALSE,FALSE,FALSE,FALSE,FALSE,
,,,,,,,,,,,,,,FALSE,FALSE,FALSE,FALSE,FALSE,
,,,,,,,,,,,,,,FALSE,FALSE,FALSE,FALSE,FALSE,
,,,,,,,,,,,,,,FALSE,FALSE,FALSE,FALSE,FALSE,
,,,,,,,,,,,,,,FALSE,FALSE,FALSE,FALSE,FALSE,
,,,,,,,,,,,,,,FALSE,FALSE,FALSE,FALSE,FALSE,
,,,,,,,,,,,,,,FALSE,FALSE,FALSE,FALSE,FALSE,
,,,,,,,,,,,,,,FALSE,FALSE,FALSE,FALSE,FALSE,
,,,,,,,,,,,,,,FALSE,FALSE,FALSE,FALSE,FALSE,
,,,,,,,,,,,,,,FALSE,FALSE,FALSE,FALSE,FALSE,
,,,,,,,,,,,,,,FALSE,FALSE,FALSE,FALSE,FALSE,
,,,,,,,,,,,,,,FALSE,FALSE,FALSE,FALSE,FALSE,
,,,,,,,,,,,,,,FALSE,FALSE,FALSE,FALSE,FALSE,
,,,,,,,,,,,,,,FALSE,FALSE,FALSE,FALSE,FALSE,
,,,,,,,,,,,,,,FALSE,FALSE,FALSE,FALSE,FALSE,
,,,,,,,,,,,,,,FALSE,FALSE,FALSE,FALSE,FALSE,
,,,,,,,,,,,,,,FALSE,FALSE,FALSE,FALSE,FALSE,
,,,,,,,,,,,,,,FALSE,FALSE,FALSE,FALSE,FALSE,
,,,,,,,,,,,,,,FALSE,FALSE,FALSE,FALSE,FALSE,
,,,,,,,,,,,,,,FALSE,FALSE,FALSE,FALSE,FALSE,
,,,,,,,,,,,,,,FALSE,FALSE,FALSE,FALSE,FALSE,
,,,,,,,,,,,,,,FALSE,FALSE,FALSE,FALSE,FALSE,
,,,,,,,,,,,,,,FALSE,FALSE,FALSE,FALSE,FALSE,
,,,,,,,,,,,,,,FALSE,FALSE,FALSE,FALSE,FALSE,
,,,,,,,,,,,,,,FALSE,FALSE,FALSE,FALSE,FALSE,
,,,,,,,,,,,,,,FALSE,FALSE,FALSE,FALSE,FALSE,
,,,,,,,,,,,,,,FALSE,FALSE,FALSE,FALSE,FALSE,
,,,,,,,,,,,,,,FALSE,FALSE,FALSE,FALSE,FALSE,
,,,,,,,,,,,,,,FALSE,FALSE,FALSE,FALSE,FALSE,
,,,,,,,,,,,,,,FALSE,FALSE,FALSE,FALSE,FALSE,
,,,,,,,,,,,,,,FALSE,FALSE,FALSE,FALSE,FALSE,
,,,,,,,,,,,,,,FALSE,FALSE,FALSE,FALSE,FALSE,
,,,,,,,,,,,,,,FALSE,FALSE,FALSE,FALSE,FALSE,
,,,,,,,,,,,,,,FALSE,FALSE,FALSE,FALSE,FALSE,
,,,,,,,,,,,,,,FALSE,FALSE,FALSE,FALSE,FALSE,
,,,,,,,,,,,,,,FALSE,FALSE,FALSE,FALSE,FALSE,
,,,,,,,,,,,,,,FALSE,FALSE,FALSE,FALSE,FALSE,
,,,,,,,,,,,,,,FALSE,FALSE,FALSE,FALSE,FALSE,
,,,,,,,,,,,,,,FALSE,FALSE,FALSE,FALSE,FALSE,
,,,,,,,,,,,,,,FALSE,FALSE,FALSE,FALSE,FALSE,
,,,,,,,,,,,,,,FALSE,FALSE,FALSE,FALSE,FALSE,
,,,,,,,,,,,,,,FALSE,FALSE,FALSE,FALSE,FALSE,
,,,,,,,,,,,,,,FALSE,FALSE,FALSE,FALSE,FALSE,
,,,,,,,,,,,,,,FALSE,FALSE,FALSE,FALSE,FALSE,
,,,,,,,,,,,,,,FALSE,FALSE,FALSE,FALSE,FALSE,
,,,,,,,,,,,,,,FALSE,FALSE,FALSE,FALSE,FALSE,
,,,,,,,,,,,,,,FALSE,FALSE,FALSE,FALSE,FALSE,
,,,,,,,,,,,,,,FALSE,FALSE,FALSE,FALSE,FALSE,
,,,,,,,,,,,,,,FALSE,FALSE,FALSE,FALSE,FALSE,
,,,,,,,,,,,,,,FALSE,FALSE,FALSE,FALSE,FALSE,
,,,,,,,,,,,,,,FALSE,FALSE,FALSE,FALSE,FALSE,
,,,,,,,,,,,,,,FALSE,FALSE,FALSE,FALSE,FALSE,
,,,,,,,,,,,,,,FALSE,FALSE,FALSE,FALSE,FALSE,
,,,,,,,,,,,,,,FALSE,FALSE,FALSE,FALSE,FALSE,
,,,,,,,,,,,,,,FALSE,FALSE,FALSE,FALSE,FALSE,
,,,,,,,,,,,,,,FALSE,FALSE,FALSE,FALSE,FALSE,
,,,,,,,,,,,,,,FALSE,FALSE,FALSE,FALSE,FALSE,
,,,,,,,,,,,,,,FALSE,FALSE,FALSE,FALSE,FALSE,
,,,,,,,,,,,,,,FALSE,FALSE,FALSE,FALSE,FALSE,
,,,,,,,,,,,,,,FALSE,FALSE,FALSE,FALSE,FALSE,
,,,,,,,,,,,,,,FALSE,FALSE,FALSE,FALSE,FALSE,
,,,,,,,,,,,,,,FALSE,FALSE,FALSE,FALSE,FALSE,
,,,,,,,,,,,,,,FALSE,FALSE,FALSE,FALSE,FALSE,
,,,,,,,,,,,,,,FALSE,FALSE,FALSE,FALSE,FALSE,
,,,,,,,,,,,,,,FALSE,FALSE,FALSE,FALSE,FALSE,
,,,,,,,,,,,,,,FALSE,FALSE,FALSE,FALSE,FALSE,
,,,,,,,,,,,,,,FALSE,FALSE,FALSE,FALSE,FALSE,
,,,,,,,,,,,,,,FALSE,FALSE,FALSE,FALSE,FALSE,
,,,,,,,,,,,,,,FALSE,FALSE,FALSE,FALSE,FALSE,
,,,,,,,,,,,,,,FALSE,FALSE,FALSE,FALSE,FALSE,
,,,,,,,,,,,,,,FALSE,FALSE,FALSE,FALSE,FALSE,
,,,,,,,,,,,,,,FALSE,FALSE,FALSE,FALSE,FALSE,
,,,,,,,,,,,,,,FALSE,FALSE,FALSE,FALSE,FALSE,
,,,,,,,,,,,,,,FALSE,FALSE,FALSE,FALSE,FALSE,
,,,,,,,,,,,,,,FALSE,FALSE,FALSE,FALSE,FALSE,
,,,,,,,,,,,,,,FALSE,FALSE,FALSE,FALSE,FALSE,
,,,,,,,,,,,,,,FALSE,FALSE,FALSE,FALSE,FALSE,
,,,,,,,,,,,,,,FALSE,FALSE,FALSE,FALSE,FALSE,
,,,,,,,,,,,,,,FALSE,FALSE,FALSE,FALSE,FALSE,
,,,,,,,,,,,,,,FALSE,FALSE,FALSE,FALSE,FALSE,
,,,,,,,,,,,,,,FALSE,FALSE,FALSE,FALSE,FALSE,
,,,,,,,,,,,,,,FALSE,FALSE,FALSE,FALSE,FALSE,
,,,,,,,,,,,,,,FALSE,FALSE,FALSE,FALSE,FALSE,
,,,,,,,,,,,,,,FALSE,FALSE,FALSE,FALSE,FALSE,
,,,,,,,,,,,,,,FALSE,FALSE,FALSE,FALSE,FALSE,
,,,,,,,,,,,,,,FALSE,FALSE,FALSE,FALSE,FALSE,
,,,,,,,,,,,,,,FALSE,FALSE,FALSE,FALSE,FALSE,
,,,,,,,,,,,,,,FALSE,FALSE,FALSE,FALSE,FALSE,
,,,,,,,,,,,,,,FALSE,FALSE,FALSE,FALSE,FALSE,
,,,,,,,,,,,,,,FALSE,FALSE,FALSE,FALSE,FALSE,
,,,,,,,,,,,,,,FALSE,FALSE,FALSE,FALSE,FALSE,
,,,,,,,,,,,,,,FALSE,FALSE,FALSE,FALSE,FALSE,
,,,,,,,,,,,,,,FALSE,FALSE,FALSE,FALSE,FALSE,
,,,,,,,,,,,,,,FALSE,FALSE,FALSE,FALSE,FALSE,
,,,,,,,,,,,,,,FALSE,FALSE,FALSE,FALSE,FALSE,
,,,,,,,,,,,,,,FALSE,FALSE,FALSE,FALSE,FALSE,
,,,,,,,,,,,,,,FALSE,FALSE,FALSE,FALSE,FALSE,
,,,,,,,,,,,,,,FALSE,FALSE,FALSE,FALSE,FALSE,
,,,,,,,,,,,,,,FALSE,FALSE,FALSE,FALSE,FALSE,
,,,,,,,,,,,,,,FALSE,FALSE,FALSE,FALSE,FALSE,
,,,,,,,,,,,,,,FALSE,FALSE,FALSE,FALSE,FALSE,
,,,,,,,,,,,,,,FALSE,FALSE,FALSE,FALSE,FALSE,
,,,,,,,,,,,,,,FALSE,FALSE,FALSE,FALSE,FALSE,
,,,,,,,,,,,,,,FALSE,FALSE,FALSE,FALSE,FALSE,
,,,,,,,,,,,,,,FALSE,FALSE,FALSE,FALSE,FALSE,
,,,,,,,,,,,,,,FALSE,FALSE,FALSE,FALSE,FALSE,
,,,,,,,,,,,,,,FALSE,FALSE,FALSE,FALSE,FALSE,
,,,,,,,,,,,,,,FALSE,FALSE,FALSE,FALSE,FALSE,
,,,,,,,,,,,,,,FALSE,FALSE,FALSE,FALSE,FALSE,
,,,,,,,,,,,,,,FALSE,FALSE,FALSE,FALSE,FALSE,
,,,,,,,,,,,,,,FALSE,FALSE,FALSE,FALSE,FALSE,
,,,,,,,,,,,,,,FALSE,FALSE,FALSE,FALSE,FALSE,
,,,,,,,,,,,,,,FALSE,FALSE,FALSE,FALSE,FALSE,
,,,,,,,,,,,,,,FALSE,FALSE,FALSE,FALSE,FALSE,
,,,,,,,,,,,,,,FALSE,FALSE,FALSE,FALSE,FALSE,
,,,,,,,,,,,,,,FALSE,FALSE,FALSE,FALSE,FALSE,
,,,,,,,,,,,,,,FALSE,FALSE,FALSE,FALSE,FALSE,
,,,,,,,,,,,,,,FALSE,FALSE,FALSE,FALSE,FALSE,
,,,,,,,,,,,,,,FALSE,FALSE,FALSE,FALSE,FALSE,
,,,,,,,,,,,,,,FALSE,FALSE,FALSE,FALSE,FALSE,
,,,,,,,,,,,,,,FALSE,FALSE,FALSE,FALSE,FALSE,
,,,,,,,,,,,,,,FALSE,FALSE,FALSE,FALSE,FALSE,
,,,,,,,,,,,,,,FALSE,FALSE,FALSE,FALSE,FALSE,
,,,,,,,,,,,,,,FALSE,FALSE,FALSE,FALSE,FALSE,
,,,,,,,,,,,,,,FALSE,FALSE,FALSE,FALSE,FALSE,
,,,,,,,,,,,,,,FALSE,FALSE,FALSE,FALSE,FALSE,
,,,,,,,,,,,,,,FALSE,FALSE,FALSE,FALSE,FALSE,
,,,,,,,,,,,,,,FALSE,FALSE,FALSE,FALSE,FALSE,
,,,,,,,,,,,,,,FALSE,FALSE,FALSE,FALSE,FALSE,
,,,,,,,,,,,,,,FALSE,FALSE,FALSE,FALSE,FALSE,
,,,,,,,,,,,,,,FALSE,FALSE,FALSE,FALSE,FALSE,
,,,,,,,,,,,,,,FALSE,FALSE,FALSE,FALSE,FALSE,
,,,,,,,,,,,,,,FALSE,FALSE,FALSE,FALSE,FALSE,
,,,,,,,,,,,,,,FALSE,FALSE,FALSE,FALSE,FALSE,
,,,,,,,,,,,,,,FALSE,FALSE,FALSE,FALSE,FALSE,
,,,,,,,,,,,,,,FALSE,FALSE,FALSE,FALSE,FALSE,
,,,,,,,,,,,,,,FALSE,FALSE,FALSE,FALSE,FALSE,
,,,,,,,,,,,,,,FALSE,FALSE,FALSE,FALSE,FALSE,
,,,,,,,,,,,,,,FALSE,FALSE,FALSE,FALSE,FALSE,
,,,,,,,,,,,,,,FALSE,FALSE,FALSE,FALSE,FALSE,
,,,,,,,,,,,,,,FALSE,FALSE,FALSE,FALSE,FALSE,
,,,,,,,,,,,,,,FALSE,FALSE,FALSE,FALSE,FALSE,
,,,,,,,,,,,,,,FALSE,FALSE,FALSE,FALSE,FALSE,
,,,,,,,,,,,,,,FALSE,FALSE,FALSE,FALSE,FALSE,
,,,,,,,,,,,,,,FALSE,FALSE,FALSE,FALSE,FALSE,
,,,,,,,,,,,,,,FALSE,FALSE,FALSE,FALSE,FALSE,
,,,,,,,,,,,,,,FALSE,FALSE,FALSE,FALSE,FALSE,
,,,,,,,,,,,,,,FALSE,FALSE,FALSE,FALSE,FALSE,
,,,,,,,,,,,,,,FALSE,FALSE,FALSE,FALSE,FALSE,
,,,,,,,,,,,,,,FALSE,FALSE,FALSE,FALSE,FALSE,
,,,,,,,,,,,,,,FALSE,FALSE,FALSE,FALSE,FALSE,
,,,,,,,,,,,,,,FALSE,FALSE,FALSE,FALSE,FALSE,
,,,,,,,,,,,,,,FALSE,FALSE,FALSE,FALSE,FALSE,
,,,,,,,,,,,,,,FALSE,FALSE,FALSE,FALSE,FALSE,
,,,,,,,,,,,,,,FALSE,FALSE,FALSE,FALSE,FALSE,
,,,,,,,,,,,,,,FALSE,FALSE,FALSE,FALSE,FALSE,
,,,,,,,,,,,,,,FALSE,FALSE,FALSE,FALSE,FALSE,
,,,,,,,,,,,,,,FALSE,FALSE,FALSE,FALSE,FALSE,
,,,,,,,,,,,,,,FALSE,FALSE,FALSE,FALSE,FALSE,
,,,,,,,,,,,,,,FALSE,FALSE,FALSE,FALSE,FALSE,
,,,,,,,,,,,,,,FALSE,FALSE,FALSE,FALSE,FALSE,
,,,,,,,,,,,,,,FALSE,FALSE,FALSE,FALSE,FALSE,
,,,,,,,,,,,,,,FALSE,FALSE,FALSE,FALSE,FALSE,
,,,,,,,,,,,,,,FALSE,FALSE,FALSE,FALSE,FALSE,
,,,,,,,,,,,,,,FALSE,FALSE,FALSE,FALSE,FALSE,
,,,,,,,,,,,,,,FALSE,FALSE,FALSE,FALSE,FALSE,
,,,,,,,,,,,,,,FALSE,FALSE,FALSE,FALSE,FALSE,
,,,,,,,,,,,,,,FALSE,FALSE,FALSE,FALSE,FALSE,
,,,,,,,,,,,,,,FALSE,FALSE,FALSE,FALSE,FALSE,
,,,,,,,,,,,,,,FALSE,FALSE,FALSE,FALSE,FALSE,
,,,,,,,,,,,,,,FALSE,FALSE,FALSE,FALSE,FALSE,
,,,,,,,,,,,,,,FALSE,FALSE,FALSE,FALSE,FALSE,
,,,,,,,,,,,,,,FALSE,FALSE,FALSE,FALSE,FALSE,
,,,,,,,,,,,,,,FALSE,FALSE,FALSE,FALSE,FALSE,
,,,,,,,,,,,,,,FALSE,FALSE,FALSE,FALSE,FALSE,
,,,,,,,,,,,,,,FALSE,FALSE,FALSE,FALSE,FALSE,
,,,,,,,,,,,,,,FALSE,FALSE,FALSE,FALSE,FALSE,
,,,,,,,,,,,,,,FALSE,FALSE,FALSE,FALSE,FALSE,
,,,,,,,,,,,,,,FALSE,FALSE,FALSE,FALSE,FALSE,
,,,,,,,,,,,,,,FALSE,FALSE,FALSE,FALSE,FALSE,
,,,,,,,,,,,,,,FALSE,FALSE,FALSE,FALSE,FALSE,
,,,,,,,,,,,,,,FALSE,FALSE,FALSE,FALSE,FALSE,
,,,,,,,,,,,,,,FALSE,FALSE,FALSE,FALSE,FALSE,
,,,,,,,,,,,,,,FALSE,FALSE,FALSE,FALSE,FALSE,
,,,,,,,,,,,,,,FALSE,FALSE,FALSE,FALSE,FALSE,
,,,,,,,,,,,,,,FALSE,FALSE,FALSE,FALSE,FALSE,
,,,,,,,,,,,,,,FALSE,FALSE,FALSE,FALSE,FALSE,
,,,,,,,,,,,,,,FALSE,FALSE,FALSE,FALSE,FALSE,
,,,,,,,,,,,,,,FALSE,FALSE,FALSE,FALSE,FALSE,
,,,,,,,,,,,,,,FALSE,FALSE,FALSE,FALSE,FALSE,
,,,,,,,,,,,,,,FALSE,FALSE,FALSE,FALSE,FALSE,
,,,,,,,,,,,,,,FALSE,FALSE,FALSE,FALSE,FALSE,
,,,,,,,,,,,,,,FALSE,FALSE,FALSE,FALSE,FALSE,
,,,,,,,,,,,,,,FALSE,FALSE,FALSE,FALSE,FALSE,
,,,,,,,,,,,,,,FALSE,FALSE,FALSE,FALSE,FALSE,
,,,,,,,,,,,,,,FALSE,FALSE,FALSE,FALSE,FALSE,
,,,,,,,,,,,,,,FALSE,FALSE,FALSE,FALSE,FALSE,
,,,,,,,,,,,,,,FALSE,FALSE,FALSE,FALSE,FALSE,
,,,,,,,,,,,,,,FALSE,FALSE,FALSE,FALSE,FALSE,
,,,,,,,,,,,,,,FALSE,FALSE,FALSE,FALSE,FALSE,
,,,,,,,,,,,,,,FALSE,FALSE,FALSE,FALSE,FALSE,
,,,,,,,,,,,,,,FALSE,FALSE,FALSE,FALSE,FALSE,
,,,,,,,,,,,,,,FALSE,FALSE,FALSE,FALSE,FALSE,
,,,,,,,,,,,,,,FALSE,FALSE,FALSE,FALSE,FALSE,
,,,,,,,,,,,,,,FALSE,FALSE,FALSE,FALSE,FALSE,
,,,,,,,,,,,,,,FALSE,FALSE,FALSE,FALSE,FALSE,
,,,,,,,,,,,,,,FALSE,FALSE,FALSE,FALSE,FALSE,
,,,,,,,,,,,,,,FALSE,FALSE,FALSE,FALSE,FALSE,
,,,,,,,,,,,,,,FALSE,FALSE,FALSE,FALSE,FALSE,
,,,,,,,,,,,,,,FALSE,FALSE,FALSE,FALSE,FALSE,
,,,,,,,,,,,,,,FALSE,FALSE,FALSE,FALSE,FALSE,
,,,,,,,,,,,,,,FALSE,FALSE,FALSE,FALSE,FALSE,
,,,,,,,,,,,,,,FALSE,FALSE,FALSE,FALSE,FALSE,
,,,,,,,,,,,,,,FALSE,FALSE,FALSE,FALSE,FALSE,
,,,,,,,,,,,,,,FALSE,FALSE,FALSE,FALSE,FALSE,
,,,,,,,,,,,,,,FALSE,FALSE,FALSE,FALSE,FALSE,
,,,,,,,,,,,,,,FALSE,FALSE,FALSE,FALSE,FALSE,
,,,,,,,,,,,,,,FALSE,FALSE,FALSE,FALSE,FALSE,
,,,,,,,,,,,,,,FALSE,FALSE,FALSE,FALSE,FALSE,
,,,,,,,,,,,,,,FALSE,FALSE,FALSE,FALSE,FALSE,
,,,,,,,,,,,,,,FALSE,FALSE,FALSE,FALSE,FALSE,
,,,,,,,,,,,,,,FALSE,FALSE,FALSE,FALSE,FALSE,
,,,,,,,,,,,,,,FALSE,FALSE,FALSE,FALSE,FALSE,
,,,,,,,,,,,,,,FALSE,FALSE,FALSE,FALSE,FALSE,
,,,,,,,,,,,,,,FALSE,FALSE,FALSE,FALSE,FALSE,
,,,,,,,,,,,,,,FALSE,FALSE,FALSE,FALSE,FALSE,
,,,,,,,,,,,,,,FALSE,FALSE,FALSE,FALSE,FALSE,
,,,,,,,,,,,,,,FALSE,FALSE,FALSE,FALSE,FALSE,
,,,,,,,,,,,,,,FALSE,FALSE,FALSE,FALSE,FALSE,
,,,,,,,,,,,,,,FALSE,FALSE,FALSE,FALSE,FALSE,
,,,,,,,,,,,,,,FALSE,FALSE,FALSE,FALSE,FALSE,
,,,,,,,,,,,,,,FALSE,FALSE,FALSE,FALSE,FALSE,
,,,,,,,,,,,,,,FALSE,FALSE,FALSE,FALSE,FALSE,
,,,,,,,,,,,,,,FALSE,FALSE,FALSE,FALSE,FALSE,
,,,,,,,,,,,,,,FALSE,FALSE,FALSE,FALSE,FALSE,
,,,,,,,,,,,,,,FALSE,FALSE,FALSE,FALSE,FALSE,
,,,,,,,,,,,,,,FALSE,FALSE,FALSE,FALSE,FALSE,
,,,,,,,,,,,,,,FALSE,FALSE,FALSE,FALSE,FALSE,
,,,,,,,,,,,,,,FALSE,FALSE,FALSE,FALSE,FALSE,
,,,,,,,,,,,,,,FALSE,FALSE,FALSE,FALSE,FALSE,
,,,,,,,,,,,,,,FALSE,FALSE,FALSE,FALSE,FALSE,
,,,,,,,,,,,,,,FALSE,FALSE,FALSE,FALSE,FALSE,
,,,,,,,,,,,,,,FALSE,FALSE,FALSE,FALSE,FALSE,
,,,,,,,,,,,,,,FALSE,FALSE,FALSE,FALSE,FALSE,
,,,,,,,,,,,,,,FALSE,FALSE,FALSE,FALSE,FALSE,
,,,,,,,,,,,,,,FALSE,FALSE,FALSE,FALSE,FALSE,
,,,,,,,,,,,,,,FALSE,FALSE,FALSE,FALSE,FALSE,
,,,,,,,,,,,,,,FALSE,FALSE,FALSE,FALSE,FALSE,
,,,,,,,,,,,,,,FALSE,FALSE,FALSE,FALSE,FALSE,
,,,,,,,,,,,,,,FALSE,FALSE,FALSE,FALSE,FALSE,
,,,,,,,,,,,,,,FALSE,FALSE,FALSE,FALSE,FALSE,
,,,,,,,,,,,,,,FALSE,FALSE,FALSE,FALSE,FALSE,
,,,,,,,,,,,,,,FALSE,FALSE,FALSE,FALSE,FALSE,
,,,,,,,,,,,,,,FALSE,FALSE,FALSE,FALSE,FALSE,
,,,,,,,,,,,,,,FALSE,FALSE,FALSE,FALSE,FALSE,
,,,,,,,,,,,,,,FALSE,FALSE,FALSE,FALSE,FALSE,
,,,,,,,,,,,,,,FALSE,FALSE,FALSE,FALSE,FALSE,
,,,,,,,,,,,,,,FALSE,FALSE,FALSE,FALSE,FALSE,
,,,,,,,,,,,,,,FALSE,FALSE,FALSE,FALSE,FALSE,
,,,,,,,,,,,,,,FALSE,FALSE,FALSE,FALSE,FALSE,
,,,,,,,,,,,,,,FALSE,FALSE,FALSE,FALSE,FALSE,
,,,,,,,,,,,,,,FALSE,FALSE,FALSE,FALSE,FALSE,
,,,,,,,,,,,,,,FALSE,FALSE,FALSE,FALSE,FALSE,
,,,,,,,,,,,,,,FALSE,FALSE,FALSE,FALSE,FALSE,
,,,,,,,,,,,,,,FALSE,FALSE,FALSE,FALSE,FALSE,
,,,,,,,,,,,,,,FALSE,FALSE,FALSE,FALSE,FALSE,
,,,,,,,,,,,,,,FALSE,FALSE,FALSE,FALSE,FALSE,
,,,,,,,,,,,,,,FALSE,FALSE,FALSE,FALSE,FALSE,
,,,,,,,,,,,,,,FALSE,FALSE,FALSE,FALSE,FALSE,
,,,,,,,,,,,,,,FALSE,FALSE,FALSE,FALSE,FALSE,
,,,,,,,,,,,,,,FALSE,FALSE,FALSE,FALSE,FALSE,
,,,,,,,,,,,,,,FALSE,FALSE,FALSE,FALSE,FALSE,
,,,,,,,,,,,,,,FALSE,FALSE,FALSE,FALSE,FALSE,
,,,,,,,,,,,,,,FALSE,FALSE,FALSE,FALSE,FALSE,
,,,,,,,,,,,,,,FALSE,FALSE,FALSE,FALSE,FALSE,
,,,,,,,,,,,,,,FALSE,FALSE,FALSE,FALSE,FALSE,
,,,,,,,,,,,,,,FALSE,FALSE,FALSE,FALSE,FALSE,
,,,,,,,,,,,,,,FALSE,FALSE,FALSE,FALSE,FALSE,
,,,,,,,,,,,,,,FALSE,FALSE,FALSE,FALSE,FALSE,
,,,,,,,,,,,,,,FALSE,FALSE,FALSE,FALSE,FALSE,
,,,,,,,,,,,,,,FALSE,FALSE,FALSE,FALSE,FALSE,
,,,,,,,,,,,,,,FALSE,FALSE,FALSE,FALSE,FALSE,
,,,,,,,,,,,,,,FALSE,FALSE,FALSE,FALSE,FALSE,
,,,,,,,,,,,,,,FALSE,FALSE,FALSE,FALSE,FALSE,
,,,,,,,,,,,,,,FALSE,FALSE,FALSE,FALSE,FALSE,
,,,,,,,,,,,,,,FALSE,FALSE,FALSE,FALSE,FALSE,
,,,,,,,,,,,,,,FALSE,FALSE,FALSE,FALSE,FALSE,
,,,,,,,,,,,,,,FALSE,FALSE,FALSE,FALSE,FALSE,
,,,,,,,,,,,,,,FALSE,FALSE,FALSE,FALSE,FALSE,
,,,,,,,,,,,,,,FALSE,FALSE,FALSE,FALSE,FALSE,
,,,,,,,,,,,,,,FALSE,FALSE,FALSE,FALSE,FALSE,
,,,,,,,,,,,,,,FALSE,FALSE,FALSE,FALSE,FALSE,
,,,,,,,,,,,,,,FALSE,FALSE,FALSE,FALSE,FALSE,
,,,,,,,,,,,,,,FALSE,FALSE,FALSE,FALSE,FALSE,
,,,,,,,,,,,,,,FALSE,FALSE,FALSE,FALSE,FALSE,
,,,,,,,,,,,,,,FALSE,FALSE,FALSE,FALSE,FALSE,
,,,,,,,,,,,,,,FALSE,FALSE,FALSE,FALSE,FALSE,
,,,,,,,,,,,,,,FALSE,FALSE,FALSE,FALSE,FALSE,
,,,,,,,,,,,,,,FALSE,FALSE,FALSE,FALSE,FALSE,
,,,,,,,,,,,,,,FALSE,FALSE,FALSE,FALSE,FALSE,
,,,,,,,,,,,,,,FALSE,FALSE,FALSE,FALSE,FALSE,
,,,,,,,,,,,,,,FALSE,FALSE,FALSE,FALSE,FALSE,
,,,,,,,,,,,,,,FALSE,FALSE,FALSE,FALSE,FALSE,
,,,,,,,,,,,,,,FALSE,FALSE,FALSE,FALSE,FALSE,
,,,,,,,,,,,,,,FALSE,FALSE,FALSE,FALSE,FALSE,
,,,,,,,,,,,,,,FALSE,FALSE,FALSE,FALSE,FALSE,
,,,,,,,,,,,,,,FALSE,FALSE,FALSE,FALSE,FALSE,
,,,,,,,,,,,,,,FALSE,FALSE,FALSE,FALSE,FALSE,
,,,,,,,,,,,,,,FALSE,FALSE,FALSE,FALSE,FALSE,
,,,,,,,,,,,,,,FALSE,FALSE,FALSE,FALSE,FALSE,
,,,,,,,,,,,,,,FALSE,FALSE,FALSE,FALSE,FALSE,
,,,,,,,,,,,,,,FALSE,FALSE,FALSE,FALSE,FALSE,
,,,,,,,,,,,,,,FALSE,FALSE,FALSE,FALSE,FALSE,
,,,,,,,,,,,,,,FALSE,FALSE,FALSE,FALSE,FALSE,
,,,,,,,,,,,,,,FALSE,FALSE,FALSE,FALSE,FALSE,
,,,,,,,,,,,,,,FALSE,FALSE,FALSE,FALSE,FALSE,
,,,,,,,,,,,,,,FALSE,FALSE,FALSE,FALSE,FALSE,
,,,,,,,,,,,,,,FALSE,FALSE,FALSE,FALSE,FALSE,
,,,,,,,,,,,,,,FALSE,FALSE,FALSE,FALSE,FALSE,
,,,,,,,,,,,,,,FALSE,FALSE,FALSE,FALSE,FALSE,
,,,,,,,,,,,,,,FALSE,FALSE,FALSE,FALSE,FALSE,
,,,,,,,,,,,,,,FALSE,FALSE,FALSE,FALSE,FALSE,
,,,,,,,,,,,,,,FALSE,FALSE,FALSE,FALSE,FALSE,
,,,,,,,,,,,,,,FALSE,FALSE,FALSE,FALSE,FALSE,
,,,,,,,,,,,,,,FALSE,FALSE,FALSE,FALSE,FALSE,
,,,,,,,,,,,,,,FALSE,FALSE,FALSE,FALSE,FALSE,
,,,,,,,,,,,,,,FALSE,FALSE,FALSE,FALSE,FALSE,
,,,,,,,,,,,,,,FALSE,FALSE,FALSE,FALSE,FALSE,
,,,,,,,,,,,,,,FALSE,FALSE,FALSE,FALSE,FALSE,
,,,,,,,,,,,,,,FALSE,FALSE,FALSE,FALSE,FALSE,
,,,,,,,,,,,,,,FALSE,FALSE,FALSE,FALSE,FALSE,
,,,,,,,,,,,,,,FALSE,FALSE,FALSE,FALSE,FALSE,
,,,,,,,,,,,,,,FALSE,FALSE,FALSE,FALSE,FALSE,
,,,,,,,,,,,,,,FALSE,FALSE,FALSE,FALSE,FALSE,
,,,,,,,,,,,,,,FALSE,FALSE,FALSE,FALSE,FALSE,
,,,,,,,,,,,,,,FALSE,FALSE,FALSE,FALSE,FALSE,
,,,,,,,,,,,,,,FALSE,FALSE,FALSE,FALSE,FALSE,
,,,,,,,,,,,,,,FALSE,FALSE,FALSE,FALSE,FALSE,
,,,,,,,,,,,,,,FALSE,FALSE,FALSE,FALSE,FALSE,
,,,,,,,,,,,,,,FALSE,FALSE,FALSE,FALSE,FALSE,
,,,,,,,,,,,,,,FALSE,FALSE,FALSE,FALSE,FALSE,
,,,,,,,,,,,,,,FALSE,FALSE,FALSE,FALSE,FALSE,
,,,,,,,,,,,,,,FALSE,FALSE,FALSE,FALSE,FALSE,
,,,,,,,,,,,,,,FALSE,FALSE,FALSE,FALSE,FALSE,
,,,,,,,,,,,,,,FALSE,FALSE,FALSE,FALSE,FALSE,
,,,,,,,,,,,,,,FALSE,FALSE,FALSE,FALSE,FALSE,
,,,,,,,,,,,,,,FALSE,FALSE,FALSE,FALSE,FALSE,
,,,,,,,,,,,,,,FALSE,FALSE,FALSE,FALSE,FALSE,
,,,,,,,,,,,,,,FALSE,FALSE,FALSE,FALSE,FALSE,
,,,,,,,,,,,,,,FALSE,FALSE,FALSE,FALSE,FALSE,
,,,,,,,,,,,,,,FALSE,FALSE,FALSE,FALSE,FALSE,
,,,,,,,,,,,,,,FALSE,FALSE,FALSE,FALSE,FALSE,
,,,,,,,,,,,,,,FALSE,FALSE,FALSE,FALSE,FALSE,
,,,,,,,,,,,,,,FALSE,FALSE,FALSE,FALSE,FALSE,
,,,,,,,,,,,,,,FALSE,FALSE,FALSE,FALSE,FALSE,
,,,,,,,,,,,,,,FALSE,FALSE,FALSE,FALSE,FALSE,
,,,,,,,,,,,,,,FALSE,FALSE,FALSE,FALSE,FALSE,
,,,,,,,,,,,,,,FALSE,FALSE,FALSE,FALSE,FALSE,
,,,,,,,,,,,,,,FALSE,FALSE,FALSE,FALSE,FALSE,
,,,,,,,,,,,,,,FALSE,FALSE,FALSE,FALSE,FALSE,
,,,,,,,,,,,,,,FALSE,FALSE,FALSE,FALSE,FALSE,
,,,,,,,,,,,,,,FALSE,FALSE,FALSE,FALSE,FALSE,
,,,,,,,,,,,,,,FALSE,FALSE,FALSE,FALSE,FALSE,
,,,,,,,,,,,,,,FALSE,FALSE,FALSE,FALSE,FALSE,
,,,,,,,,,,,,,,FALSE,FALSE,FALSE,FALSE,FALSE,
,,,,,,,,,,,,,,FALSE,FALSE,FALSE,FALSE,FALSE,
,,,,,,,,,,,,,,FALSE,FALSE,FALSE,FALSE,FALSE,
,,,,,,,,,,,,,,FALSE,FALSE,FALSE,FALSE,FALSE,
,,,,,,,,,,,,,,FALSE,FALSE,FALSE,FALSE,FALSE,
,,,,,,,,,,,,,,FALSE,FALSE,FALSE,FALSE,FALSE,
,,,,,,,,,,,,,,FALSE,FALSE,FALSE,FALSE,FALSE,
,,,,,,,,,,,,,,FALSE,FALSE,FALSE,FALSE,FALSE,
,,,,,,,,,,,,,,FALSE,FALSE,FALSE,FALSE,FALSE,
,,,,,,,,,,,,,,FALSE,FALSE,FALSE,FALSE,FALSE,
,,,,,,,,,,,,,,FALSE,FALSE,FALSE,FALSE,FALSE,
,,,,,,,,,,,,,,FALSE,FALSE,FALSE,FALSE,FALSE,
,,,,,,,,,,,,,,FALSE,FALSE,FALSE,FALSE,FALSE,
,,,,,,,,,,,,,,FALSE,FALSE,FALSE,FALSE,FALSE,
,,,,,,,,,,,,,,FALSE,FALSE,FALSE,FALSE,FALSE,
,,,,,,,,,,,,,,FALSE,FALSE,FALSE,FALSE,FALSE,
,,,,,,,,,,,,,,FALSE,FALSE,FALSE,FALSE,FALSE,
,,,,,,,,,,,,,,FALSE,FALSE,FALSE,FALSE,FALSE,
,,,,,,,,,,,,,,FALSE,FALSE,FALSE,FALSE,FALSE,
,,,,,,,,,,,,,,FALSE,FALSE,FALSE,FALSE,FALSE,
,,,,,,,,,,,,,,FALSE,FALSE,FALSE,FALSE,FALSE,
,,,,,,,,,,,,,,FALSE,FALSE,FALSE,FALSE,FALSE,
,,,,,,,,,,,,,,FALSE,FALSE,FALSE,FALSE,FALSE,
,,,,,,,,,,,,,,FALSE,FALSE,FALSE,FALSE,FALSE,
,,,,,,,,,,,,,,FALSE,FALSE,FALSE,FALSE,FALSE,
,,,,,,,,,,,,,,FALSE,FALSE,FALSE,FALSE,FALSE,
,,,,,,,,,,,,,,FALSE,FALSE,FALSE,FALSE,FALSE,
,,,,,,,,,,,,,,FALSE,FALSE,FALSE,FALSE,FALSE,
,,,,,,,,,,,,,,FALSE,FALSE,FALSE,FALSE,FALSE,
,,,,,,,,,,,,,,FALSE,FALSE,FALSE,FALSE,FALSE,
,,,,,,,,,,,,,,FALSE,FALSE,FALSE,FALSE,FALSE,
,,,,,,,,,,,,,,FALSE,FALSE,FALSE,FALSE,FALSE,
,,,,,,,,,,,,,,FALSE,FALSE,FALSE,FALSE,FALSE,
,,,,,,,,,,,,,,FALSE,FALSE,FALSE,FALSE,FALSE,
,,,,,,,,,,,,,,FALSE,FALSE,FALSE,FALSE,FALSE,
,,,,,,,,,,,,,,FALSE,FALSE,FALSE,FALSE,FALSE,
,,,,,,,,,,,,,,FALSE,FALSE,FALSE,FALSE,FALSE,
,,,,,,,,,,,,,,FALSE,FALSE,FALSE,FALSE,FALSE,
,,,,,,,,,,,,,,FALSE,FALSE,FALSE,FALSE,FALSE,
,,,,,,,,,,,,,,FALSE,FALSE,FALSE,FALSE,FALSE,
,,,,,,,,,,,,,,FALSE,FALSE,FALSE,FALSE,FALSE,
,,,,,,,,,,,,,,FALSE,FALSE,FALSE,FALSE,FALSE,
,,,,,,,,,,,,,,FALSE,FALSE,FALSE,FALSE,FALSE,
,,,,,,,,,,,,,,FALSE,FALSE,FALSE,FALSE,FALSE,
,,,,,,,,,,,,,,FALSE,FALSE,FALSE,FALSE,FALSE,
,,,,,,,,,,,,,,FALSE,FALSE,FALSE,FALSE,FALSE,
,,,,,,,,,,,,,,FALSE,FALSE,FALSE,FALSE,FALSE,
,,,,,,,,,,,,,,FALSE,FALSE,FALSE,FALSE,FALSE,
,,,,,,,,,,,,,,FALSE,FALSE,FALSE,FALSE,FALSE,
,,,,,,,,,,,,,,FALSE,FALSE,FALSE,FALSE,FALSE,
,,,,,,,,,,,,,,FALSE,FALSE,FALSE,FALSE,FALSE,
,,,,,,,,,,,,,,FALSE,FALSE,FALSE,FALSE,FALSE,
,,,,,,,,,,,,,,FALSE,FALSE,FALSE,FALSE,FALSE,
,,,,,,,,,,,,,,FALSE,FALSE,FALSE,FALSE,FALSE,
,,,,,,,,,,,,,,FALSE,FALSE,FALSE,FALSE,FALSE,
,,,,,,,,,,,,,,FALSE,FALSE,FALSE,FALSE,FALSE,
,,,,,,,,,,,,,,FALSE,FALSE,FALSE,FALSE,FALSE,
,,,,,,,,,,,,,,FALSE,FALSE,FALSE,FALSE,FALSE,
,,,,,,,,,,,,,,FALSE,FALSE,FALSE,FALSE,FALSE,
,,,,,,,,,,,,,,FALSE,FALSE,FALSE,FALSE,FALSE,
,,,,,,,,,,,,,,FALSE,FALSE,FALSE,FALSE,FALSE,
,,,,,,,,,,,,,,FALSE,FALSE,FALSE,FALSE,FALSE,
,,,,,,,,,,,,,,FALSE,FALSE,FALSE,FALSE,FALSE,
,,,,,,,,,,,,,,FALSE,FALSE,FALSE,FALSE,FALSE,
,,,,,,,,,,,,,,FALSE,FALSE,FALSE,FALSE,FALSE,
,,,,,,,,,,,,,,FALSE,FALSE,FALSE,FALSE,FALSE,
,,,,,,,,,,,,,,FALSE,FALSE,FALSE,FALSE,FALSE,
,,,,,,,,,,,,,,FALSE,FALSE,FALSE,FALSE,FALSE,
,,,,,,,,,,,,,,FALSE,FALSE,FALSE,FALSE,FALSE,
,,,,,,,,,,,,,,FALSE,FALSE,FALSE,FALSE,FALSE,
,,,,,,,,,,,,,,FALSE,FALSE,FALSE,FALSE,FALSE,
,,,,,,,,,,,,,,FALSE,FALSE,FALSE,FALSE,FALSE,
,,,,,,,,,,,,,,FALSE,FALSE,FALSE,FALSE,FALSE,
,,,,,,,,,,,,,,FALSE,FALSE,FALSE,FALSE,FALSE,
,,,,,,,,,,,,,,FALSE,FALSE,FALSE,FALSE,FALSE,
,,,,,,,,,,,,,,FALSE,FALSE,FALSE,FALSE,FALSE,
,,,,,,,,,,,,,,FALSE,FALSE,FALSE,FALSE,FALSE,
,,,,,,,,,,,,,,FALSE,FALSE,FALSE,FALSE,FALSE,
,,,,,,,,,,,,,,FALSE,FALSE,FALSE,FALSE,FALSE,
,,,,,,,,,,,,,,FALSE,FALSE,FALSE,FALSE,FALSE,
,,,,,,,,,,,,,,FALSE,FALSE,FALSE,FALSE,FALSE,
,,,,,,,,,,,,,,FALSE,FALSE,FALSE,FALSE,FALSE,
,,,,,,,,,,,,,,FALSE,FALSE,FALSE,FALSE,FALSE,
,,,,,,,,,,,,,,FALSE,FALSE,FALSE,FALSE,FALSE,
,,,,,,,,,,,,,,FALSE,FALSE,FALSE,FALSE,FALSE,
,,,,,,,,,,,,,,FALSE,FALSE,FALSE,FALSE,FALSE,
,,,,,,,,,,,,,,FALSE,FALSE,FALSE,FALSE,FALSE,
,,,,,,,,,,,,,,FALSE,FALSE,FALSE,FALSE,FALSE,
,,,,,,,,,,,,,,FALSE,FALSE,FALSE,FALSE,FALSE,
,,,,,,,,,,,,,,FALSE,FALSE,FALSE,FALSE,FALSE,
,,,,,,,,,,,,,,FALSE,FALSE,FALSE,FALSE,FALSE,
,,,,,,,,,,,,,,FALSE,FALSE,FALSE,FALSE,FALSE,
,,,,,,,,,,,,,,FALSE,FALSE,FALSE,FALSE,FALSE,
,,,,,,,,,,,,,,FALSE,FALSE,FALSE,FALSE,FALSE,
,,,,,,,,,,,,,,FALSE,FALSE,FALSE,FALSE,FALSE,
,,,,,,,,,,,,,,FALSE,FALSE,FALSE,FALSE,FALSE,
,,,,,,,,,,,,,,FALSE,FALSE,FALSE,FALSE,FALSE,
,,,,,,,,,,,,,,FALSE,FALSE,FALSE,FALSE,FALSE,
,,,,,,,,,,,,,,FALSE,FALSE,FALSE,FALSE,FALSE,
,,,,,,,,,,,,,,FALSE,FALSE,FALSE,FALSE,FALSE,
,,,,,,,,,,,,,,FALSE,FALSE,FALSE,FALSE,FALSE,
,,,,,,,,,,,,,,FALSE,FALSE,FALSE,FALSE,FALSE,
,,,,,,,,,,,,,,FALSE,FALSE,FALSE,FALSE,FALSE,
,,,,,,,,,,,,,,FALSE,FALSE,FALSE,FALSE,FALSE,
,,,,,,,,,,,,,,FALSE,FALSE,FALSE,FALSE,FALSE,
,,,,,,,,,,,,,,FALSE,FALSE,FALSE,FALSE,FALSE,
,,,,,,,,,,,,,,FALSE,FALSE,FALSE,FALSE,FALSE,
,,,,,,,,,,,,,,FALSE,FALSE,FALSE,FALSE,FALSE,
,,,,,,,,,,,,,,FALSE,FALSE,FALSE,FALSE,FALSE,
,,,,,,,,,,,,,,FALSE,FALSE,FALSE,FALSE,FALSE,
,,,,,,,,,,,,,,FALSE,FALSE,FALSE,FALSE,FALSE,
,,,,,,,,,,,,,,FALSE,FALSE,FALSE,FALSE,FALSE,
,,,,,,,,,,,,,,FALSE,FALSE,FALSE,FALSE,FALSE,
,,,,,,,,,,,,,,FALSE,FALSE,FALSE,FALSE,FALSE,
,,,,,,,,,,,,,,FALSE,FALSE,FALSE,FALSE,FALSE,
,,,,,,,,,,,,,,FALSE,FALSE,FALSE,FALSE,FALSE,
,,,,,,,,,,,,,,FALSE,FALSE,FALSE,FALSE,FALSE,
,,,,,,,,,,,,,,FALSE,FALSE,FALSE,FALSE,FALSE,
,,,,,,,,,,,,,,FALSE,FALSE,FALSE,FALSE,FALSE,
,,,,,,,,,,,,,,FALSE,FALSE,FALSE,FALSE,FALSE,
,,,,,,,,,,,,,,FALSE,FALSE,FALSE,FALSE,FALSE,
,,,,,,,,,,,,,,FALSE,FALSE,FALSE,FALSE,FALSE,
,,,,,,,,,,,,,,FALSE,FALSE,FALSE,FALSE,FALSE,
,,,,,,,,,,,,,,FALSE,FALSE,FALSE,FALSE,FALSE,
,,,,,,,,,,,,,,FALSE,FALSE,FALSE,FALSE,FALSE,
,,,,,,,,,,,,,,FALSE,FALSE,FALSE,FALSE,FALSE,
,,,,,,,,,,,,,,FALSE,FALSE,FALSE,FALSE,FALSE,
,,,,,,,,,,,,,,FALSE,FALSE,FALSE,FALSE,FALSE,
,,,,,,,,,,,,,,FALSE,FALSE,FALSE,FALSE,FALSE,
,,,,,,,,,,,,,,FALSE,FALSE,FALSE,FALSE,FALSE,
,,,,,,,,,,,,,,FALSE,FALSE,FALSE,FALSE,FALSE,
,,,,,,,,,,,,,,FALSE,FALSE,FALSE,FALSE,FALSE,
,,,,,,,,,,,,,,FALSE,FALSE,FALSE,FALSE,FALSE,
,,,,,,,,,,,,,,FALSE,FALSE,FALSE,FALSE,FALSE,
,,,,,,,,,,,,,,FALSE,FALSE,FALSE,FALSE,FALSE,
,,,,,,,,,,,,,,FALSE,FALSE,FALSE,FALSE,FALSE,
,,,,,,,,,,,,,,FALSE,FALSE,FALSE,FALSE,FALSE,
,,,,,,,,,,,,,,FALSE,FALSE,FALSE,FALSE,FALSE,
,,,,,,,,,,,,,,FALSE,FALSE,FALSE,FALSE,FALSE,
,,,,,,,,,,,,,,FALSE,FALSE,FALSE,FALSE,FALSE,
,,,,,,,,,,,,,,FALSE,FALSE,FALSE,FALSE,FALSE,
,,,,,,,,,,,,,,FALSE,FALSE,FALSE,FALSE,FALSE,
,,,,,,,,,,,,,,FALSE,FALSE,FALSE,FALSE,FALSE,
,,,,,,,,,,,,,,FALSE,FALSE,FALSE,FALSE,FALSE,
,,,,,,,,,,,,,,FALSE,FALSE,FALSE,FALSE,FALSE,
,,,,,,,,,,,,,,FALSE,FALSE,FALSE,FALSE,FALSE,
,,,,,,,,,,,,,,FALSE,FALSE,FALSE,FALSE,FALSE,
,,,,,,,,,,,,,,FALSE,FALSE,FALSE,FALSE,FALSE,
,,,,,,,,,,,,,,FALSE,FALSE,FALSE,FALSE,FALSE,
,,,,,,,,,,,,,,FALSE,FALSE,FALSE,FALSE,FALSE,
,,,,,,,,,,,,,,FALSE,FALSE,FALSE,FALSE,FALSE,
,,,,,,,,,,,,,,FALSE,FALSE,FALSE,FALSE,FALSE,
,,,,,,,,,,,,,,FALSE,FALSE,FALSE,FALSE,FALSE,
,,,,,,,,,,,,,,FALSE,FALSE,FALSE,FALSE,FALSE,
,,,,,,,,,,,,,,FALSE,FALSE,FALSE,FALSE,FALSE,
,,,,,,,,,,,,,,FALSE,FALSE,FALSE,FALSE,FALSE,
,,,,,,,,,,,,,,FALSE,FALSE,FALSE,FALSE,FALSE,
,,,,,,,,,,,,,,FALSE,FALSE,FALSE,FALSE,FALSE,
,,,,,,,,,,,,,,FALSE,FALSE,FALSE,FALSE,FALSE,
,,,,,,,,,,,,,,FALSE,FALSE,FALSE,FALSE,FALSE,
,,,,,,,,,,,,,,FALSE,FALSE,FALSE,FALSE,FALSE,
,,,,,,,,,,,,,,FALSE,FALSE,FALSE,FALSE,FALSE,
,,,,,,,,,,,,,,FALSE,FALSE,FALSE,FALSE,FALSE,
,,,,,,,,,,,,,,FALSE,FALSE,FALSE,FALSE,FALSE,
,,,,,,,,,,,,,,FALSE,FALSE,FALSE,FALSE,FALSE,
,,,,,,,,,,,,,,FALSE,FALSE,FALSE,FALSE,FALSE,
,,,,,,,,,,,,,,FALSE,FALSE,FALSE,FALSE,FALSE,
,,,,,,,,,,,,,,FALSE,FALSE,FALSE,FALSE,FALSE,
,,,,,,,,,,,,,,FALSE,FALSE,FALSE,FALSE,FALSE,
,,,,,,,,,,,,,,FALSE,FALSE,FALSE,FALSE,FALSE,
,,,,,,,,,,,,,,FALSE,FALSE,FALSE,FALSE,FALSE,
,,,,,,,,,,,,,,FALSE,FALSE,FALSE,FALSE,FALSE,
,,,,,,,,,,,,,,FALSE,FALSE,FALSE,FALSE,FALSE,
,,,,,,,,,,,,,,FALSE,FALSE,FALSE,FALSE,FALSE,
,,,,,,,,,,,,,,FALSE,FALSE,FALSE,FALSE,FALSE,
,,,,,,,,,,,,,,FALSE,FALSE,FALSE,FALSE,FALSE,
,,,,,,,,,,,,,,FALSE,FALSE,FALSE,FALSE,FALSE,
,,,,,,,,,,,,,,FALSE,FALSE,FALSE,FALSE,FALSE,
,,,,,,,,,,,,,,FALSE,FALSE,FALSE,FALSE,FALSE,
,,,,,,,,,,,,,,FALSE,FALSE,FALSE,FALSE,FALSE,
,,,,,,,,,,,,,,FALSE,FALSE,FALSE,FALSE,FALSE,
,,,,,,,,,,,,,,FALSE,FALSE,FALSE,FALSE,FALSE,
,,,,,,,,,,,,,,FALSE,FALSE,FALSE,FALSE,FALSE,
,,,,,,,,,,,,,,FALSE,FALSE,FALSE,FALSE,FALSE,
,,,,,,,,,,,,,,FALSE,FALSE,FALSE,FALSE,FALSE,
,,,,,,,,,,,,,,FALSE,FALSE,FALSE,FALSE,FALSE,
,,,,,,,,,,,,,,FALSE,FALSE,FALSE,FALSE,FALSE,
,,,,,,,,,,,,,,FALSE,FALSE,FALSE,FALSE,FALSE,
,,,,,,,,,,,,,,FALSE,FALSE,FALSE,FALSE,FALSE,
,,,,,,,,,,,,,,FALSE,FALSE,FALSE,FALSE,FALSE,
,,,,,,,,,,,,,,FALSE,FALSE,FALSE,FALSE,FALSE,
,,,,,,,,,,,,,,FALSE,FALSE,FALSE,FALSE,FALSE,
,,,,,,,,,,,,,,FALSE,FALSE,FALSE,FALSE,FALSE,
,,,,,,,,,,,,,,FALSE,FALSE,FALSE,FALSE,FALSE,
,,,,,,,,,,,,,,FALSE,FALSE,FALSE,FALSE,FALSE,
,,,,,,,,,,,,,,FALSE,FALSE,FALSE,FALSE,FALSE,
,,,,,,,,,,,,,,FALSE,FALSE,FALSE,FALSE,FALSE,
,,,,,,,,,,,,,,FALSE,FALSE,FALSE,FALSE,FALSE,
,,,,,,,,,,,,,,FALSE,FALSE,FALSE,FALSE,FALSE,
,,,,,,,,,,,,,,FALSE,FALSE,FALSE,FALSE,FALSE,
,,,,,,,,,,,,,,FALSE,FALSE,FALSE,FALSE,FALSE,
,,,,,,,,,,,,,,FALSE,FALSE,FALSE,FALSE,FALSE,
,,,,,,,,,,,,,,FALSE,FALSE,FALSE,FALSE,FALSE,
,,,,,,,,,,,,,,FALSE,FALSE,FALSE,FALSE,FALSE,
,,,,,,,,,,,,,,FALSE,FALSE,FALSE,FALSE,FALSE,
,,,,,,,,,,,,,,FALSE,FALSE,FALSE,FALSE,FALSE,
,,,,,,,,,,,,,,FALSE,FALSE,FALSE,FALSE,FALSE,
,,,,,,,,,,,,,,FALSE,FALSE,FALSE,FALSE,FALSE,
,,,,,,,,,,,,,,FALSE,FALSE,FALSE,FALSE,FALSE,
,,,,,,,,,,,,,,FALSE,FALSE,FALSE,FALSE,FALSE,
,,,,,,,,,,,,,,FALSE,FALSE,FALSE,FALSE,FALSE,
,,,,,,,,,,,,,,FALSE,FALSE,FALSE,FALSE,FALSE,
,,,,,,,,,,,,,,FALSE,FALSE,FALSE,FALSE,FALSE,
,,,,,,,,,,,,,,FALSE,FALSE,FALSE,FALSE,FALSE,
,,,,,,,,,,,,,,FALSE,FALSE,FALSE,FALSE,FALSE,
,,,,,,,,,,,,,,FALSE,FALSE,FALSE,FALSE,FALSE,
,,,,,,,,,,,,,,FALSE,FALSE,FALSE,FALSE,FALSE,
,,,,,,,,,,,,,,FALSE,FALSE,FALSE,FALSE,FALSE,
,,,,,,,,,,,,,,FALSE,FALSE,FALSE,FALSE,FALSE,
,,,,,,,,,,,,,,FALSE,FALSE,FALSE,FALSE,FALSE,
,,,,,,,,,,,,,,FALSE,FALSE,FALSE,FALSE,FALSE,
,,,,,,,,,,,,,,FALSE,FALSE,FALSE,FALSE,FALSE,
,,,,,,,,,,,,,,FALSE,FALSE,FALSE,FALSE,FALSE,
,,,,,,,,,,,,,,FALSE,FALSE,FALSE,FALSE,FALSE,
,,,,,,,,,,,,,,FALSE,FALSE,FALSE,FALSE,FALSE,
,,,,,,,,,,,,,,FALSE,FALSE,FALSE,FALSE,FALSE,
,,,,,,,,,,,,,,FALSE,FALSE,FALSE,FALSE,FALSE,
,,,,,,,,,,,,,,FALSE,FALSE,FALSE,FALSE,FALSE,
,,,,,,,,,,,,,,FALSE,FALSE,FALSE,FALSE,FALSE,
,,,,,,,,,,,,,,FALSE,FALSE,FALSE,FALSE,FALSE,
,,,,,,,,,,,,,,FALSE,FALSE,FALSE,FALSE,FALSE,
,,,,,,,,,,,,,,FALSE,FALSE,FALSE,FALSE,FALSE,
,,,,,,,,,,,,,,FALSE,FALSE,FALSE,FALSE,FALSE,
,,,,,,,,,,,,,,FALSE,FALSE,FALSE,FALSE,FALSE,
,,,,,,,,,,,,,,FALSE,FALSE,FALSE,FALSE,FALSE,
,,,,,,,,,,,,,,FALSE,FALSE,FALSE,FALSE,FALSE,
,,,,,,,,,,,,,,FALSE,FALSE,FALSE,FALSE,FALSE,
,,,,,,,,,,,,,,FALSE,FALSE,FALSE,FALSE,FALSE,
,,,,,,,,,,,,,,FALSE,FALSE,FALSE,FALSE,FALSE,
,,,,,,,,,,,,,,FALSE,FALSE,FALSE,FALSE,FALSE,
,,,,,,,,,,,,,,FALSE,FALSE,FALSE,FALSE,FALSE,
,,,,,,,,,,,,,,FALSE,FALSE,FALSE,FALSE,FALSE,
,,,,,,,,,,,,,,FALSE,FALSE,FALSE,FALSE,FALSE,
,,,,,,,,,,,,,,FALSE,FALSE,FALSE,FALSE,FALSE,
,,,,,,,,,,,,,,FALSE,FALSE,FALSE,FALSE,FALSE,
,,,,,,,,,,,,,,FALSE,FALSE,FALSE,FALSE,FALSE,
,,,,,,,,,,,,,,FALSE,FALSE,FALSE,FALSE,FALSE,
,,,,,,,,,,,,,,FALSE,FALSE,FALSE,FALSE,FALSE,
,,,,,,,,,,,,,,FALSE,FALSE,FALSE,FALSE,FALSE,
,,,,,,,,,,,,,,FALSE,FALSE,FALSE,FALSE,FALSE,
,,,,,,,,,,,,,,FALSE,FALSE,FALSE,FALSE,FALSE,
,,,,,,,,,,,,,,FALSE,FALSE,FALSE,FALSE,FALSE,
,,,,,,,,,,,,,,FALSE,FALSE,FALSE,FALSE,FALSE,
,,,,,,,,,,,,,,FALSE,FALSE,FALSE,FALSE,FALSE,
,,,,,,,,,,,,,,FALSE,FALSE,FALSE,FALSE,FALSE,
,,,,,,,,,,,,,,FALSE,FALSE,FALSE,FALSE,FALSE,
,,,,,,,,,,,,,,FALSE,FALSE,FALSE,FALSE,FALSE,
,,,,,,,,,,,,,,FALSE,FALSE,FALSE,FALSE,FALSE,
,,,,,,,,,,,,,,FALSE,FALSE,FALSE,FALSE,FALSE,
,,,,,,,,,,,,,,FALSE,FALSE,FALSE,FALSE,FALSE,
,,,,,,,,,,,,,,FALSE,FALSE,FALSE,FALSE,FALSE,
,,,,,,,,,,,,,,FALSE,FALSE,FALSE,FALSE,FALSE,
,,,,,,,,,,,,,,FALSE,FALSE,FALSE,FALSE,FALSE,
,,,,,,,,,,,,,,FALSE,FALSE,FALSE,FALSE,FALSE,
,,,,,,,,,,,,,,FALSE,FALSE,FALSE,FALSE,FALSE,
,,,,,,,,,,,,,,FALSE,FALSE,FALSE,FALSE,FALSE,
,,,,,,,,,,,,,,FALSE,FALSE,FALSE,FALSE,FALSE,
,,,,,,,,,,,,,,FALSE,FALSE,FALSE,FALSE,FALSE,
,,,,,,,,,,,,,,FALSE,FALSE,FALSE,FALSE,FALSE,
,,,,,,,,,,,,,,FALSE,FALSE,FALSE,FALSE,FALSE,
,,,,,,,,,,,,,,FALSE,FALSE,FALSE,FALSE,FALSE,
,,,,,,,,,,,,,,FALSE,FALSE,FALSE,FALSE,FALSE,
,,,,,,,,,,,,,,FALSE,FALSE,FALSE,FALSE,FALSE,
,,,,,,,,,,,,,,FALSE,FALSE,FALSE,FALSE,FALSE,
,,,,,,,,,,,,,,FALSE,FALSE,FALSE,FALSE,FALSE,
,,,,,,,,,,,,,,FALSE,FALSE,FALSE,FALSE,FALSE,
,,,,,,,,,,,,,,FALSE,FALSE,FALSE,FALSE,FALSE,
,,,,,,,,,,,,,,FALSE,FALSE,FALSE,FALSE,FALSE,
,,,,,,,,,,,,,,FALSE,FALSE,FALSE,FALSE,FALSE,
,,,,,,,,,,,,,,FALSE,FALSE,FALSE,FALSE,FALSE,
,,,,,,,,,,,,,,FALSE,FALSE,FALSE,FALSE,FALSE,
,,,,,,,,,,,,,,FALSE,FALSE,FALSE,FALSE,FALSE,
,,,,,,,,,,,,,,FALSE,FALSE,FALSE,FALSE,FALSE,
,,,,,,,,,,,,,,FALSE,FALSE,FALSE,FALSE,FALSE,
,,,,,,,,,,,,,,FALSE,FALSE,FALSE,FALSE,FALSE,
,,,,,,,,,,,,,,FALSE,FALSE,FALSE,FALSE,FALSE,
,,,,,,,,,,,,,,FALSE,FALSE,FALSE,FALSE,FALSE,
,,,,,,,,,,,,,,FALSE,FALSE,FALSE,FALSE,FALSE,
,,,,,,,,,,,,,,FALSE,FALSE,FALSE,FALSE,FALSE,
,,,,,,,,,,,,,,FALSE,FALSE,FALSE,FALSE,FALSE,
,,,,,,,,,,,,,,FALSE,FALSE,FALSE,FALSE,FALSE,
,,,,,,,,,,,,,,FALSE,FALSE,FALSE,FALSE,FALSE,
,,,,,,,,,,,,,,FALSE,FALSE,FALSE,FALSE,FALSE,
,,,,,,,,,,,,,,FALSE,FALSE,FALSE,FALSE,FALSE,
,,,,,,,,,,,,,,FALSE,FALSE,FALSE,FALSE,FALSE,
,,,,,,,,,,,,,,FALSE,FALSE,FALSE,FALSE,FALSE,
,,,,,,,,,,,,,,FALSE,FALSE,FALSE,FALSE,FALSE,
,,,,,,,,,,,,,,FALSE,FALSE,FALSE,FALSE,FALSE,
,,,,,,,,,,,,,,FALSE,FALSE,FALSE,FALSE,FALSE,
,,,,,,,,,,,,,,FALSE,FALSE,FALSE,FALSE,FALSE,
,,,,,,,,,,,,,,FALSE,FALSE,FALSE,FALSE,FALSE,
,,,,,,,,,,,,,,FALSE,FALSE,FALSE,FALSE,FALSE,
,,,,,,,,,,,,,,FALSE,FALSE,FALSE,FALSE,FALSE,
,,,,,,,,,,,,,,FALSE,FALSE,FALSE,FALSE,FALSE,
,,,,,,,,,,,,,,FALSE,FALSE,FALSE,FALSE,FALSE,
,,,,,,,,,,,,,,FALSE,FALSE,FALSE,FALSE,FALSE,
,,,,,,,,,,,,,,FALSE,FALSE,FALSE,FALSE,FALSE,
,,,,,,,,,,,,,,FALSE,FALSE,FALSE,FALSE,FALSE,
,,,,,,,,,,,,,,FALSE,FALSE,FALSE,FALSE,FALSE,
,,,,,,,,,,,,,,FALSE,FALSE,FALSE,FALSE,FALSE,
,,,,,,,,,,,,,,FALSE,FALSE,FALSE,FALSE,FALSE,
,,,,,,,,,,,,,,FALSE,FALSE,FALSE,FALSE,FALSE,
,,,,,,,,,,,,,,FALSE,FALSE,FALSE,FALSE,FALSE,
,,,,,,,,,,,,,,FALSE,FALSE,FALSE,FALSE,FALSE,
,,,,,,,,,,,,,,FALSE,FALSE,FALSE,FALSE,FALSE,
,,,,,,,,,,,,,,FALSE,FALSE,FALSE,FALSE,FALSE,
,,,,,,,,,,,,,,FALSE,FALSE,FALSE,FALSE,FALSE,
,,,,,,,,,,,,,,FALSE,FALSE,FALSE,FALSE,FALSE,
,,,,,,,,,,,,,,FALSE,FALSE,FALSE,FALSE,FALSE,
,,,,,,,,,,,,,,FALSE,FALSE,FALSE,FALSE,FALSE,
,,,,,,,,,,,,,,FALSE,FALSE,FALSE,FALSE,FALSE,
,,,,,,,,,,,,,,FALSE,FALSE,FALSE,FALSE,FALSE,
,,,,,,,,,,,,,,FALSE,FALSE,FALSE,FALSE,FALSE,
,,,,,,,,,,,,,,FALSE,FALSE,FALSE,FALSE,FALSE,
,,,,,,,,,,,,,,FALSE,FALSE,FALSE,FALSE,FALSE,
,,,,,,,,,,,,,,FALSE,FALSE,FALSE,FALSE,FALSE,
,,,,,,,,,,,,,,FALSE,FALSE,FALSE,FALSE,FALSE,
,,,,,,,,,,,,,,FALSE,FALSE,FALSE,FALSE,FALSE,
,,,,,,,,,,,,,,FALSE,FALSE,FALSE,FALSE,FALSE,
,,,,,,,,,,,,,,FALSE,FALSE,FALSE,FALSE,FALSE,
,,,,,,,,,,,,,,FALSE,FALSE,FALSE,FALSE,FALSE,
,,,,,,,,,,,,,,FALSE,FALSE,FALSE,FALSE,FALSE,
,,,,,,,,,,,,,,FALSE,FALSE,FALSE,FALSE,FALSE,
,,,,,,,,,,,,,,FALSE,FALSE,FALSE,FALSE,FALSE,
,,,,,,,,,,,,,,FALSE,FALSE,FALSE,FALSE,FALSE,
,,,,,,,,,,,,,,FALSE,FALSE,FALSE,FALSE,FALSE,
,,,,,,,,,,,,,,FALSE,FALSE,FALSE,FALSE,FALSE,
,,,,,,,,,,,,,,FALSE,FALSE,FALSE,FALSE,FALSE,
,,,,,,,,,,,,,,FALSE,FALSE,FALSE,FALSE,FALSE,
,,,,,,,,,,,,,,FALSE,FALSE,FALSE,FALSE,FALSE,
,,,,,,,,,,,,,,FALSE,FALSE,FALSE,FALSE,FALSE,
,,,,,,,,,,,,,,FALSE,FALSE,FALSE,FALSE,FALSE,
,,,,,,,,,,,,,,FALSE,FALSE,FALSE,FALSE,FALSE,
,,,,,,,,,,,,,,FALSE,FALSE,FALSE,FALSE,FALSE,
,,,,,,,,,,,,,,FALSE,FALSE,FALSE,FALSE,FALSE,
,,,,,,,,,,,,,,FALSE,FALSE,FALSE,FALSE,FALSE,
,,,,,,,,,,,,,,FALSE,FALSE,FALSE,FALSE,FALSE,
,,,,,,,,,,,,,,FALSE,FALSE,FALSE,FALSE,FALSE,
,,,,,,,,,,,,,,FALSE,FALSE,FALSE,FALSE,FALSE,
,,,,,,,,,,,,,,FALSE,FALSE,FALSE,FALSE,FALSE,
,,,,,,,,,,,,,,FALSE,FALSE,FALSE,FALSE,FALSE,
,,,,,,,,,,,,,,FALSE,FALSE,FALSE,FALSE,FALSE,
,,,,,,,,,,,,,,FALSE,FALSE,FALSE,FALSE,FALSE,
,,,,,,,,,,,,,,FALSE,FALSE,FALSE,FALSE,FALSE,
,,,,,,,,,,,,,,FALSE,FALSE,FALSE,FALSE,FALSE,
,,,,,,,,,,,,,,FALSE,FALSE,FALSE,FALSE,FALSE,
,,,,,,,,,,,,,,FALSE,FALSE,FALSE,FALSE,FALSE,
,,,,,,,,,,,,,,FALSE,FALSE,FALSE,FALSE,FALSE,
,,,,,,,,,,,,,,FALSE,FALSE,FALSE,FALSE,FALSE,
,,,,,,,,,,,,,,FALSE,FALSE,FALSE,FALSE,FALSE,
,,,,,,,,,,,,,,FALSE,FALSE,FALSE,FALSE,FALSE,
,,,,,,,,,,,,,,FALSE,FALSE,FALSE,FALSE,FALSE,
,,,,,,,,,,,,,,FALSE,FALSE,FALSE,FALSE,FALSE,
,,,,,,,,,,,,,,FALSE,FALSE,FALSE,FALSE,FALSE,
,,,,,,,,,,,,,,FALSE,FALSE,FALSE,FALSE,FALSE,
,,,,,,,,,,,,,,FALSE,FALSE,FALSE,FALSE,FALSE,
,,,,,,,,,,,,,,FALSE,FALSE,FALSE,FALSE,FALSE,
,,,,,,,,,,,,,,FALSE,FALSE,FALSE,FALSE,FALSE,
,,,,,,,,,,,,,,FALSE,FALSE,FALSE,FALSE,FALSE,
,,,,,,,,,,,,,,FALSE,FALSE,FALSE,FALSE,FALSE,
,,,,,,,,,,,,,,FALSE,FALSE,FALSE,FALSE,FALSE,
,,,,,,,,,,,,,,FALSE,FALSE,FALSE,FALSE,FALSE,
,,,,,,,,,,,,,,FALSE,FALSE,FALSE,FALSE,FALSE,
,,,,,,,,,,,,,,FALSE,FALSE,FALSE,FALSE,FALSE,
,,,,,,,,,,,,,,FALSE,FALSE,FALSE,FALSE,FALSE,
,,,,,,,,,,,,,,FALSE,FALSE,FALSE,FALSE,FALSE,
,,,,,,,,,,,,,,FALSE,FALSE,FALSE,FALSE,FALSE,
,,,,,,,,,,,,,,FALSE,FALSE,FALSE,FALSE,FALSE,
,,,,,,,,,,,,,,FALSE,FALSE,FALSE,FALSE,FALSE,
,,,,,,,,,,,,,,FALSE,FALSE,FALSE,FALSE,FALSE,
,,,,,,,,,,,,,,FALSE,FALSE,FALSE,FALSE,FALSE,
,,,,,,,,,,,,,,FALSE,FALSE,FALSE,FALSE,FALSE,
,,,,,,,,,,,,,,FALSE,FALSE,FALSE,FALSE,FALSE,
,,,,,,,,,,,,,,FALSE,FALSE,FALSE,FALSE,FALSE,
,,,,,,,,,,,,,,FALSE,FALSE,FALSE,FALSE,FALSE,
,,,,,,,,,,,,,,FALSE,FALSE,FALSE,FALSE,FALSE,
,,,,,,,,,,,,,,FALSE,FALSE,FALSE,FALSE,FALSE,
,,,,,,,,,,,,,,FALSE,FALSE,FALSE,FALSE,FALSE,
,,,,,,,,,,,,,,FALSE,FALSE,FALSE,FALSE,FALSE,
,,,,,,,,,,,,,,FALSE,FALSE,FALSE,FALSE,FALSE,
,,,,,,,,,,,,,,FALSE,FALSE,FALSE,FALSE,FALSE,
,,,,,,,,,,,,,,FALSE,FALSE,FALSE,FALSE,FALSE,
,,,,,,,,,,,,,,FALSE,FALSE,FALSE,FALSE,FALSE,
,,,,,,,,,,,,,,FALSE,FALSE,FALSE,FALSE,FALSE,
,,,,,,,,,,,,,,FALSE,FALSE,FALSE,FALSE,FALSE,
,,,,,,,,,,,,,,FALSE,FALSE,FALSE,FALSE,FALSE,
,,,,,,,,,,,,,,FALSE,FALSE,FALSE,FALSE,FALSE,
,,,,,,,,,,,,,,FALSE,FALSE,FALSE,FALSE,FALSE,
,,,,,,,,,,,,,,FALSE,FALSE,FALSE,FALSE,FALSE,
,,,,,,,,,,,,,,FALSE,FALSE,FALSE,FALSE,FALSE,
,,,,,,,,,,,,,,FALSE,FALSE,FALSE,FALSE,FALSE,
,,,,,,,,,,,,,,FALSE,FALSE,FALSE,FALSE,FALSE,
,,,,,,,,,,,,,,FALSE,FALSE,FALSE,FALSE,FALSE,
,,,,,,,,,,,,,,FALSE,FALSE,FALSE,FALSE,FALSE,
,,,,,,,,,,,,,,FALSE,FALSE,FALSE,FALSE,FALSE,
,,,,,,,,,,,,,,FALSE,FALSE,FALSE,FALSE,FALSE,
,,,,,,,,,,,,,,FALSE,FALSE,FALSE,FALSE,FALSE,
,,,,,,,,,,,,,,FALSE,FALSE,FALSE,FALSE,FALSE,
,,,,,,,,,,,,,,FALSE,FALSE,FALSE,FALSE,FALSE,
,,,,,,,,,,,,,,FALSE,FALSE,FALSE,FALSE,FALSE,
,,,,,,,,,,,,,,FALSE,FALSE,FALSE,FALSE,FALSE,
,,,,,,,,,,,,,,FALSE,FALSE,FALSE,FALSE,FALSE,
,,,,,,,,,,,,,,FALSE,FALSE,FALSE,FALSE,FALSE,
,,,,,,,,,,,,,,FALSE,FALSE,FALSE,FALSE,FALSE,
,,,,,,,,,,,,,,FALSE,FALSE,FALSE,FALSE,FALSE,
,,,,,,,,,,,,,,FALSE,FALSE,FALSE,FALSE,FALSE,
,,,,,,,,,,,,,,FALSE,FALSE,FALSE,FALSE,FALSE,
,,,,,,,,,,,,,,FALSE,FALSE,FALSE,FALSE,FALSE,
,,,,,,,,,,,,,,FALSE,FALSE,FALSE,FALSE,FALSE,
,,,,,,,,,,,,,,FALSE,FALSE,FALSE,FALSE,FALSE,
,,,,,,,,,,,,,,FALSE,FALSE,FALSE,FALSE,FALSE,
,,,,,,,,,,,,,,FALSE,FALSE,FALSE,FALSE,FALSE,
,,,,,,,,,,,,,,FALSE,FALSE,FALSE,FALSE,FALSE,
,,,,,,,,,,,,,,FALSE,FALSE,FALSE,FALSE,FALSE,
,,,,,,,,,,,,,,FALSE,FALSE,FALSE,FALSE,FALSE,
,,,,,,,,,,,,,,FALSE,FALSE,FALSE,FALSE,FALSE,
,,,,,,,,,,,,,,FALSE,FALSE,FALSE,FALSE,FALSE,
,,,,,,,,,,,,,,FALSE,FALSE,FALSE,FALSE,FALSE,
,,,,,,,,,,,,,,FALSE,FALSE,FALSE,FALSE,FALSE,
,,,,,,,,,,,,,,FALSE,FALSE,FALSE,FALSE,FALSE,
,,,,,,,,,,,,,,FALSE,FALSE,FALSE,FALSE,FALSE,
,,,,,,,,,,,,,,FALSE,FALSE,FALSE,FALSE,FALSE,
,,,,,,,,,,,,,,FALSE,FALSE,FALSE,FALSE,FALSE,
,,,,,,,,,,,,,,FALSE,FALSE,FALSE,FALSE,FALSE,
,,,,,,,,,,,,,,FALSE,FALSE,FALSE,FALSE,FALSE,
,,,,,,,,,,,,,,FALSE,FALSE,FALSE,FALSE,FALSE,
,,,,,,,,,,,,,,FALSE,FALSE,FALSE,FALSE,FALSE,
,,,,,,,,,,,,,,FALSE,FALSE,FALSE,FALSE,FALSE,
,,,,,,,,,,,,,,FALSE,FALSE,FALSE,FALSE,FALSE,
,,,,,,,,,,,,,,FALSE,FALSE,FALSE,FALSE,FALSE,
,,,,,,,,,,,,,,FALSE,FALSE,FALSE,FALSE,FALSE,
,,,,,,,,,,,,,,FALSE,FALSE,FALSE,FALSE,FALSE,
,,,,,,,,,,,,,,FALSE,FALSE,FALSE,FALSE,FALSE,
,,,,,,,,,,,,,,FALSE,FALSE,FALSE,FALSE,FALSE,
,,,,,,,,,,,,,,FALSE,FALSE,FALSE,FALSE,FALSE,
,,,,,,,,,,,,,,FALSE,FALSE,FALSE,FALSE,FALSE,
,,,,,,,,,,,,,,FALSE,FALSE,FALSE,FALSE,FALSE,
,,,,,,,,,,,,,,FALSE,FALSE,FALSE,FALSE,FALSE,
,,,,,,,,,,,,,,FALSE,FALSE,FALSE,FALSE,FALSE,
,,,,,,,,,,,,,,FALSE,FALSE,FALSE,FALSE,FALSE,
,,,,,,,,,,,,,,FALSE,FALSE,FALSE,FALSE,FALSE,
,,,,,,,,,,,,,,FALSE,FALSE,FALSE,FALSE,FALSE,
,,,,,,,,,,,,,,FALSE,FALSE,FALSE,FALSE,FALSE,
,,,,,,,,,,,,,,FALSE,FALSE,FALSE,FALSE,FALSE,
,,,,,,,,,,,,,,FALSE,FALSE,FALSE,FALSE,FALSE,
,,,,,,,,,,,,,,FALSE,FALSE,FALSE,FALSE,FALSE,
,,,,,,,,,,,,,,FALSE,FALSE,FALSE,FALSE,FALSE,
,,,,,,,,,,,,,,FALSE,FALSE,FALSE,FALSE,FALSE,
,,,,,,,,,,,,,,FALSE,FALSE,FALSE,FALSE,FALSE,
,,,,,,,,,,,,,,FALSE,FALSE,FALSE,FALSE,FALSE,
,,,,,,,,,,,,,,FALSE,FALSE,FALSE,FALSE,FALSE,
,,,,,,,,,,,,,,FALSE,FALSE,FALSE,FALSE,FALSE,
,,,,,,,,,,,,,,FALSE,FALSE,FALSE,FALSE,FALSE,
,,,,,,,,,,,,,,FALSE,FALSE,FALSE,FALSE,FALSE,
,,,,,,,,,,,,,,FALSE,FALSE,FALSE,FALSE,FALSE,
,,,,,,,,,,,,,,FALSE,FALSE,FALSE,FALSE,FALSE,
,,,,,,,,,,,,,,FALSE,FALSE,FALSE,FALSE,FALSE,
,,,,,,,,,,,,,,FALSE,FALSE,FALSE,FALSE,FALSE,
,,,,,,,,,,,,,,FALSE,FALSE,FALSE,FALSE,FALSE,
,,,,,,,,,,,,,,FALSE,FALSE,FALSE,FALSE,FALSE,
,,,,,,,,,,,,,,FALSE,FALSE,FALSE,FALSE,FALSE,
,,,,,,,,,,,,,,FALSE,FALSE,FALSE,FALSE,FALSE,
,,,,,,,,,,,,,,FALSE,FALSE,FALSE,FALSE,FALSE,
,,,,,,,,,,,,,,FALSE,FALSE,FALSE,FALSE,FALSE,
,,,,,,,,,,,,,,FALSE,FALSE,FALSE,FALSE,FALSE,
,,,,,,,,,,,,,,FALSE,FALSE,FALSE,FALSE,FALSE,
,,,,,,,,,,,,,,FALSE,FALSE,FALSE,FALSE,FALSE,
,,,,,,,,,,,,,,FALSE,FALSE,FALSE,FALSE,FALSE,
,,,,,,,,,,,,,,FALSE,FALSE,FALSE,FALSE,FALSE,
,,,,,,,,,,,,,,FALSE,FALSE,FALSE,FALSE,FALSE,
,,,,,,,,,,,,,,FALSE,FALSE,FALSE,FALSE,FALSE,
,,,,,,,,,,,,,,FALSE,FALSE,FALSE,FALSE,FALSE,
,,,,,,,,,,,,,,FALSE,FALSE,FALSE,FALSE,FALSE,
,,,,,,,,,,,,,,FALSE,FALSE,FALSE,FALSE,FALSE,
,,,,,,,,,,,,,,FALSE,FALSE,FALSE,FALSE,FALSE,
,,,,,,,,,,,,,,FALSE,FALSE,FALSE,FALSE,FALSE,
,,,,,,,,,,,,,,FALSE,FALSE,FALSE,FALSE,FALSE,
,,,,,,,,,,,,,,FALSE,FALSE,FALSE,FALSE,FALSE,
,,,,,,,,,,,,,,FALSE,FALSE,FALSE,FALSE,FALSE,
,,,,,,,,,,,,,,FALSE,FALSE,FALSE,FALSE,FALSE,
,,,,,,,,,,,,,,FALSE,FALSE,FALSE,FALSE,FALSE,
,,,,,,,,,,,,,,FALSE,FALSE,FALSE,FALSE,FALSE,
,,,,,,,,,,,,,,FALSE,FALSE,FALSE,FALSE,FALSE,
,,,,,,,,,,,,,,FALSE,FALSE,FALSE,FALSE,FALSE,
,,,,,,,,,,,,,,FALSE,FALSE,FALSE,FALSE,FALSE,
,,,,,,,,,,,,,,FALSE,FALSE,FALSE,FALSE,FALSE,
,,,,,,,,,,,,,,FALSE,FALSE,FALSE,FALSE,FALSE,
,,,,,,,,,,,,,,FALSE,FALSE,FALSE,FALSE,FALSE,
,,,,,,,,,,,,,,FALSE,FALSE,FALSE,FALSE,FALSE,
,,,,,,,,,,,,,,FALSE,FALSE,FALSE,FALSE,FALSE,
,,,,,,,,,,,,,,FALSE,FALSE,FALSE,FALSE,FALSE,
,,,,,,,,,,,,,,FALSE,FALSE,FALSE,FALSE,FALSE,
,,,,,,,,,,,,,,FALSE,FALSE,FALSE,FALSE,FALSE,
,,,,,,,,,,,,,,FALSE,FALSE,FALSE,FALSE,FALSE,
,,,,,,,,,,,,,,FALSE,FALSE,FALSE,FALSE,FALSE,
,,,,,,,,,,,,,,FALSE,FALSE,FALSE,FALSE,FALSE,
,,,,,,,,,,,,,,FALSE,FALSE,FALSE,FALSE,FALSE,
,,,,,,,,,,,,,,FALSE,FALSE,FALSE,FALSE,FALSE,
,,,,,,,,,,,,,,FALSE,FALSE,FALSE,FALSE,FALSE,
,,,,,,,,,,,,,,FALSE,FALSE,FALSE,FALSE,FALSE,
,,,,,,,,,,,,,,FALSE,FALSE,FALSE,FALSE,FALSE,
,,,,,,,,,,,,,,FALSE,FALSE,FALSE,FALSE,FALSE,
,,,,,,,,,,,,,,FALSE,FALSE,FALSE,FALSE,FALSE,
,,,,,,,,,,,,,,FALSE,FALSE,FALSE,FALSE,FALSE,
,,,,,,,,,,,,,,FALSE,FALSE,FALSE,FALSE,FALSE,
,,,,,,,,,,,,,,FALSE,FALSE,FALSE,FALSE,FALSE,
,,,,,,,,,,,,,,FALSE,FALSE,FALSE,FALSE,FALSE,
,,,,,,,,,,,,,,FALSE,FALSE,FALSE,FALSE,FALSE,
,,,,,,,,,,,,,,FALSE,FALSE,FALSE,FALSE,FALSE,
,,,,,,,,,,,,,,FALSE,FALSE,FALSE,FALSE,FALSE,
,,,,,,,,,,,,,,FALSE,FALSE,FALSE,FALSE,FALSE,
,,,,,,,,,,,,,,FALSE,FALSE,FALSE,FALSE,FALSE,
,,,,,,,,,,,,,,FALSE,FALSE,FALSE,FALSE,FALSE,
,,,,,,,,,,,,,,FALSE,FALSE,FALSE,FALSE,FALSE,
,,,,,,,,,,,,,,FALSE,FALSE,FALSE,FALSE,FALSE,
,,,,,,,,,,,,,,FALSE,FALSE,FALSE,FALSE,FALSE,
,,,,,,,,,,,,,,FALSE,FALSE,FALSE,FALSE,FALSE,
,,,,,,,,,,,,,,FALSE,FALSE,FALSE,FALSE,FALSE,
,,,,,,,,,,,,,,FALSE,FALSE,FALSE,FALSE,FALSE,
,,,,,,,,,,,,,,FALSE,FALSE,FALSE,FALSE,FALSE,
,,,,,,,,,,,,,,FALSE,FALSE,FALSE,FALSE,FALSE,
,,,,,,,,,,,,,,FALSE,FALSE,FALSE,FALSE,FALSE,
,,,,,,,,,,,,,,FALSE,FALSE,FALSE,FALSE,FALSE,
,,,,,,,,,,,,,,FALSE,FALSE,FALSE,FALSE,FALSE,
,,,,,,,,,,,,,,FALSE,FALSE,FALSE,FALSE,FALSE,
,,,,,,,,,,,,,,FALSE,FALSE,FALSE,FALSE,FALSE,
,,,,,,,,,,,,,,FALSE,FALSE,FALSE,FALSE,FALSE,
,,,,,,,,,,,,,,FALSE,FALSE,FALSE,FALSE,FALSE,
,,,,,,,,,,,,,,FALSE,FALSE,FALSE,FALSE,FALSE,
,,,,,,,,,,,,,,FALSE,FALSE,FALSE,FALSE,FALSE,
,,,,,,,,,,,,,,FALSE,FALSE,FALSE,FALSE,FALSE,
,,,,,,,,,,,,,,FALSE,FALSE,FALSE,FALSE,FALSE,
,,,,,,,,,,,,,,FALSE,FALSE,FALSE,FALSE,FALSE,
,,,,,,,,,,,,,,FALSE,FALSE,FALSE,FALSE,FALSE,
,,,,,,,,,,,,,,FALSE,FALSE,FALSE,FALSE,FALSE,
,,,,,,,,,,,,,,FALSE,FALSE,FALSE,FALSE,FALSE,
,,,,,,,,,,,,,,FALSE,FALSE,FALSE,FALSE,FALSE,
,,,,,,,,,,,,,,FALSE,FALSE,FALSE,FALSE,FALSE,
,,,,,,,,,,,,,,FALSE,FALSE,FALSE,FALSE,FALSE,
,,,,,,,,,,,,,,FALSE,FALSE,FALSE,FALSE,FALSE,
,,,,,,,,,,,,,,FALSE,FALSE,FALSE,FALSE,FALSE,
,,,,,,,,,,,,,,FALSE,FALSE,FALSE,FALSE,FALSE,
,,,,,,,,,,,,,,FALSE,FALSE,FALSE,FALSE,FALSE,
,,,,,,,,,,,,,,FALSE,FALSE,FALSE,FALSE,FALSE,
,,,,,,,,,,,,,,FALSE,FALSE,FALSE,FALSE,FALSE,
,,,,,,,,,,,,,,FALSE,FALSE,FALSE,FALSE,FALSE,
,,,,,,,,,,,,,,FALSE,FALSE,FALSE,FALSE,FALSE,
,,,,,,,,,,,,,,FALSE,FALSE,FALSE,FALSE,FALSE,
,,,,,,,,,,,,,,FALSE,FALSE,FALSE,FALSE,FALSE,
,,,,,,,,,,,,,,FALSE,FALSE,FALSE,FALSE,FALSE,
,,,,,,,,,,,,,,FALSE,FALSE,FALSE,FALSE,FALSE,
,,,,,,,,,,,,,,FALSE,FALSE,FALSE,FALSE,FALSE,
,,,,,,,,,,,,,,FALSE,FALSE,FALSE,FALSE,FALSE,
,,,,,,,,,,,,,,FALSE,FALSE,FALSE,FALSE,FALSE,
,,,,,,,,,,,,,,FALSE,FALSE,FALSE,FALSE,FALSE,
,,,,,,,,,,,,,,FALSE,FALSE,FALSE,FALSE,FALSE,
,,,,,,,,,,,,,,FALSE,FALSE,FALSE,FALSE,FALSE,
,,,,,,,,,,,,,,FALSE,FALSE,FALSE,FALSE,FALSE,
,,,,,,,,,,,,,,FALSE,FALSE,FALSE,FALSE,FALSE,
,,,,,,,,,,,,,,FALSE,FALSE,FALSE,FALSE,FALSE,
,,,,,,,,,,,,,,FALSE,FALSE,FALSE,FALSE,FALSE,
,,,,,,,,,,,,,,FALSE,FALSE,FALSE,FALSE,FALSE,
,,,,,,,,,,,,,,FALSE,FALSE,FALSE,FALSE,FALSE,
,,,,,,,,,,,,,,FALSE,FALSE,FALSE,FALSE,FALSE,
,,,,,,,,,,,,,,FALSE,FALSE,FALSE,FALSE,FALSE,
,,,,,,,,,,,,,,FALSE,FALSE,FALSE,FALSE,FALSE,
,,,,,,,,,,,,,,FALSE,FALSE,FALSE,FALSE,FALSE,
,,,,,,,,,,,,,,FALSE,FALSE,FALSE,FALSE,FALSE,
,,,,,,,,,,,,,,FALSE,FALSE,FALSE,FALSE,FALSE,
,,,,,,,,,,,,,,FALSE,FALSE,FALSE,FALSE,FALSE,
,,,,,,,,,,,,,,FALSE,FALSE,FALSE,FALSE,FALSE,
,,,,,,,,,,,,,,FALSE,FALSE,FALSE,FALSE,FALSE,
,,,,,,,,,,,,,,FALSE,FALSE,FALSE,FALSE,FALSE,
,,,,,,,,,,,,,,FALSE,FALSE,FALSE,FALSE,FALSE,
,,,,,,,,,,,,,,FALSE,FALSE,FALSE,FALSE,FALSE,
,,,,,,,,,,,,,,FALSE,FALSE,FALSE,FALSE,FALSE,
,,,,,,,,,,,,,,FALSE,FALSE,FALSE,FALSE,FALSE,
,,,,,,,,,,,,,,FALSE,FALSE,FALSE,FALSE,FALSE,
,,,,,,,,,,,,,,FALSE,FALSE,FALSE,FALSE,FALSE,
,,,,,,,,,,,,,,FALSE,FALSE,FALSE,FALSE,FALSE,
,,,,,,,,,,,,,,FALSE,FALSE,FALSE,FALSE,FALSE,
,,,,,,,,,,,,,,FALSE,FALSE,FALSE,FALSE,FALSE,
,,,,,,,,,,,,,,FALSE,FALSE,FALSE,FALSE,FALSE,
,,,,,,,,,,,,,,FALSE,FALSE,FALSE,FALSE,FALSE,
,,,,,,,,,,,,,,FALSE,FALSE,FALSE,FALSE,FALSE,
,,,,,,,,,,,,,,FALSE,FALSE,FALSE,FALSE,FALSE,
,,,,,,,,,,,,,,FALSE,FALSE,FALSE,FALSE,FALSE,
,,,,,,,,,,,,,,FALSE,FALSE,FALSE,FALSE,FALSE,
,,,,,,,,,,,,,,FALSE,FALSE,FALSE,FALSE,FALSE,
,,,,,,,,,,,,,,FALSE,FALSE,FALSE,FALSE,FALSE,
,,,,,,,,,,,,,,FALSE,FALSE,FALSE,FALSE,FALSE,
,,,,,,,,,,,,,,FALSE,FALSE,FALSE,FALSE,FALSE,
,,,,,,,,,,,,,,FALSE,FALSE,FALSE,FALSE,FALSE,
,,,,,,,,,,,,,,FALSE,FALSE,FALSE,FALSE,FALSE,
,,,,,,,,,,,,,,FALSE,FALSE,FALSE,FALSE,FALSE,
,,,,,,,,,,,,,,FALSE,FALSE,FALSE,FALSE,FALSE,
,,,,,,,,,,,,,,FALSE,FALSE,FALSE,FALSE,FALSE,
,,,,,,,,,,,,,,FALSE,FALSE,FALSE,FALSE,FALSE,
,,,,,,,,,,,,,,FALSE,FALSE,FALSE,FALSE,FALSE,
,,,,,,,,,,,,,,FALSE,FALSE,FALSE,FALSE,FALSE,
,,,,,,,,,,,,,,FALSE,FALSE,FALSE,FALSE,FALSE,
,,,,,,,,,,,,,,FALSE,FALSE,FALSE,FALSE,FALSE,
,,,,,,,,,,,,,,FALSE,FALSE,FALSE,FALSE,FALSE,
,,,,,,,,,,,,,,FALSE,FALSE,FALSE,FALSE,FALSE,
,,,,,,,,,,,,,,FALSE,FALSE,FALSE,FALSE,FALSE,
,,,,,,,,,,,,,,FALSE,FALSE,FALSE,FALSE,FALSE,
,,,,,,,,,,,,,,FALSE,FALSE,FALSE,FALSE,FALSE,
,,,,,,,,,,,,,,FALSE,FALSE,FALSE,FALSE,FALSE,
,,,,,,,,,,,,,,FALSE,FALSE,FALSE,FALSE,FALSE,
,,,,,,,,,,,,,,FALSE,FALSE,FALSE,FALSE,FALSE,
,,,,,,,,,,,,,,FALSE,FALSE,FALSE,FALSE,FALSE,
,,,,,,,,,,,,,,FALSE,FALSE,FALSE,FALSE,FALSE,
,,,,,,,,,,,,,,FALSE,FALSE,FALSE,FALSE,FALSE,
,,,,,,,,,,,,,,FALSE,FALSE,FALSE,FALSE,FALSE,
,,,,,,,,,,,,,,FALSE,FALSE,FALSE,FALSE,FALSE,
,,,,,,,,,,,,,,FALSE,FALSE,FALSE,FALSE,FALSE,
,,,,,,,,,,,,,,FALSE,FALSE,FALSE,FALSE,FALSE,
,,,,,,,,,,,,,,FALSE,FALSE,FALSE,FALSE,FALSE,
,,,,,,,,,,,,,,FALSE,FALSE,FALSE,FALSE,FALSE,
,,,,,,,,,,,,,,FALSE,FALSE,FALSE,FALSE,FALSE,
,,,,,,,,,,,,,,FALSE,FALSE,FALSE,FALSE,FALSE,
,,,,,,,,,,,,,,FALSE,FALSE,FALSE,FALSE,FALSE,
,,,,,,,,,,,,,,FALSE,FALSE,FALSE,FALSE,FALSE,
,,,,,,,,,,,,,,FALSE,FALSE,FALSE,FALSE,FALSE,
,,,,,,,,,,,,,,FALSE,FALSE,FALSE,FALSE,FALSE,
,,,,,,,,,,,,,,FALSE,FALSE,FALSE,FALSE,FALSE,
,,,,,,,,,,,,,,FALSE,FALSE,FALSE,FALSE,FALSE,
,,,,,,,,,,,,,,FALSE,FALSE,FALSE,FALSE,FALSE,
,,,,,,,,,,,,,,FALSE,FALSE,FALSE,FALSE,FALSE,
,,,,,,,,,,,,,,FALSE,FALSE,FALSE,FALSE,FALSE,
,,,,,,,,,,,,,,FALSE,FALSE,FALSE,FALSE,FALSE,
,,,,,,,,,,,,,,FALSE,FALSE,FALSE,FALSE,FALSE,
,,,,,,,,,,,,,,FALSE,FALSE,FALSE,FALSE,FALSE,
,,,,,,,,,,,,,,FALSE,FALSE,FALSE,FALSE,FALSE,
,,,,,,,,,,,,,,FALSE,FALSE,FALSE,FALSE,FALSE,
,,,,,,,,,,,,,,FALSE,FALSE,FALSE,FALSE,FALSE,
,,,,,,,,,,,,,,FALSE,FALSE,FALSE,FALSE,FALSE,
,,,,,,,,,,,,,,FALSE,FALSE,FALSE,FALSE,FALSE,
,,,,,,,,,,,,,,FALSE,FALSE,FALSE,FALSE,FALSE,
,,,,,,,,,,,,,,FALSE,FALSE,FALSE,FALSE,FALSE,
,,,,,,,,,,,,,,FALSE,FALSE,FALSE,FALSE,FALSE,
,,,,,,,,,,,,,,FALSE,FALSE,FALSE,FALSE,FALSE,
,,,,,,,,,,,,,,FALSE,FALSE,FALSE,FALSE,FALSE,
,,,,,,,,,,,,,,FALSE,FALSE,FALSE,FALSE,FALSE,
,,,,,,,,,,,,,,FALSE,FALSE,FALSE,FALSE,FALSE,
,,,,,,,,,,,,,,FALSE,FALSE,FALSE,FALSE,FALSE,
,,,,,,,,,,,,,,FALSE,FALSE,FALSE,FALSE,FALSE,
,,,,,,,,,,,,,,FALSE,FALSE,FALSE,FALSE,FALSE,
,,,,,,,,,,,,,,FALSE,FALSE,FALSE,FALSE,FALSE,
,,,,,,,,,,,,,,FALSE,FALSE,FALSE,FALSE,FALSE,
,,,,,,,,,,,,,,FALSE,FALSE,FALSE,FALSE,FALSE,
,,,,,,,,,,,,,,FALSE,FALSE,FALSE,FALSE,FALSE,
,,,,,,,,,,,,,,FALSE,FALSE,FALSE,FALSE,FALSE,
,,,,,,,,,,,,,,FALSE,FALSE,FALSE,FALSE,FALSE,
,,,,,,,,,,,,,,FALSE,FALSE,FALSE,FALSE,FALSE,
,,,,,,,,,,,,,,FALSE,FALSE,FALSE,FALSE,FALSE,
,,,,,,,,,,,,,,FALSE,FALSE,FALSE,FALSE,FALSE,
,,,,,,,,,,,,,,FALSE,FALSE,FALSE,FALSE,FALSE,
,,,,,,,,,,,,,,FALSE,FALSE,FALSE,FALSE,FALSE,
,,,,,,,,,,,,,,FALSE,FALSE,FALSE,FALSE,FALSE,
,,,,,,,,,,,,,,FALSE,FALSE,FALSE,FALSE,FALSE,
,,,,,,,,,,,,,,FALSE,FALSE,FALSE,FALSE,FALSE,
,,,,,,,,,,,,,,FALSE,FALSE,FALSE,FALSE,FALSE,
,,,,,,,,,,,,,,FALSE,FALSE,FALSE,FALSE,FALSE,
,,,,,,,,,,,,,,FALSE,FALSE,FALSE,FALSE,FALSE,
,,,,,,,,,,,,,,FALSE,FALSE,FALSE,FALSE,FALSE,
,,,,,,,,,,,,,,FALSE,FALSE,FALSE,FALSE,FALSE,
,,,,,,,,,,,,,,FALSE,FALSE,FALSE,FALSE,FALSE,
,,,,,,,,,,,,,,FALSE,FALSE,FALSE,FALSE,FALSE,
,,,,,,,,,,,,,,FALSE,FALSE,FALSE,FALSE,FALSE,
,,,,,,,,,,,,,,FALSE,FALSE,FALSE,FALSE,FALSE,
,,,,,,,,,,,,,,FALSE,FALSE,FALSE,FALSE,FALSE,
,,,,,,,,,,,,,,FALSE,FALSE,FALSE,FALSE,FALSE,
,,,,,,,,,,,,,,FALSE,FALSE,FALSE,FALSE,FALSE,
,,,,,,,,,,,,,,FALSE,FALSE,FALSE,FALSE,FALSE,
,,,,,,,,,,,,,,FALSE,FALSE,FALSE,FALSE,FALSE,
,,,,,,,,,,,,,,FALSE,FALSE,FALSE,FALSE,FALSE,
,,,,,,,,,,,,,,FALSE,FALSE,FALSE,FALSE,FALSE,
,,,,,,,,,,,,,,FALSE,FALSE,FALSE,FALSE,FALSE,
,,,,,,,,,,,,,,FALSE,FALSE,FALSE,FALSE,FALSE,
,,,,,,,,,,,,,,FALSE,FALSE,FALSE,FALSE,FALSE,
,,,,,,,,,,,,,,FALSE,FALSE,FALSE,FALSE,FALSE,
,,,,,,,,,,,,,,FALSE,FALSE,FALSE,FALSE,FALSE,
,,,,,,,,,,,,,,FALSE,FALSE,FALSE,FALSE,FALSE,
,,,,,,,,,,,,,,FALSE,FALSE,FALSE,FALSE,FALSE,
,,,,,,,,,,,,,,FALSE,FALSE,FALSE,FALSE,FALSE,
,,,,,,,,,,,,,,FALSE,FALSE,FALSE,FALSE,FALSE,
,,,,,,,,,,,,,,FALSE,FALSE,FALSE,FALSE,FALSE,
,,,,,,,,,,,,,,FALSE,FALSE,FALSE,FALSE,FALSE,
,,,,,,,,,,,,,,FALSE,FALSE,FALSE,FALSE,FALSE,
,,,,,,,,,,,,,,FALSE,FALSE,FALSE,FALSE,FALSE,
,,,,,,,,,,,,,,FALSE,FALSE,FALSE,FALSE,FALSE,
,,,,,,,,,,,,,,FALSE,FALSE,FALSE,FALSE,FALSE,
,,,,,,,,,,,,,,FALSE,FALSE,FALSE,FALSE,FALSE,
,,,,,,,,,,,,,,FALSE,FALSE,FALSE,FALSE,FALSE,
,,,,,,,,,,,,,,FALSE,FALSE,FALSE,FALSE,FALSE,
,,,,,,,,,,,,,,FALSE,FALSE,FALSE,FALSE,FALSE,
,,,,,,,,,,,,,,FALSE,FALSE,FALSE,FALSE,FALSE,
,,,,,,,,,,,,,,FALSE,FALSE,FALSE,FALSE,FALSE,
,,,,,,,,,,,,,,FALSE,FALSE,FALSE,FALSE,FALSE,
,,,,,,,,,,,,,,FALSE,FALSE,FALSE,FALSE,FALSE,
,,,,,,,,,,,,,,FALSE,FALSE,FALSE,FALSE,FALSE,
,,,,,,,,,,,,,,FALSE,FALSE,FALSE,FALSE,FALSE,
,,,,,,,,,,,,,,FALSE,FALSE,FALSE,FALSE,FALSE,
,,,,,,,,,,,,,,FALSE,FALSE,FALSE,FALSE,FALSE,
,,,,,,,,,,,,,,FALSE,FALSE,FALSE,FALSE,FALSE,
,,,,,,,,,,,,,,FALSE,FALSE,FALSE,FALSE,FALSE,
,,,,,,,,,,,,,,FALSE,FALSE,FALSE,FALSE,FALSE,
,,,,,,,,,,,,,,FALSE,FALSE,FALSE,FALSE,FALSE,
,,,,,,,,,,,,,,FALSE,FALSE,FALSE,FALSE,FALSE,
,,,,,,,,,,,,,,FALSE,FALSE,FALSE,FALSE,FALSE,
,,,,,,,,,,,,,,FALSE,FALSE,FALSE,FALSE,FALSE,
,,,,,,,,,,,,,,FALSE,FALSE,FALSE,FALSE,FALSE,
,,,,,,,,,,,,,,FALSE,FALSE,FALSE,FALSE,FALSE,
,,,,,,,,,,,,,,FALSE,FALSE,FALSE,FALSE,FALSE,
,,,,,,,,,,,,,,FALSE,FALSE,FALSE,FALSE,FALSE,
,,,,,,,,,,,,,,FALSE,FALSE,FALSE,FALSE,FALSE,
,,,,,,,,,,,,,,FALSE,FALSE,FALSE,FALSE,FALSE,
,,,,,,,,,,,,,,FALSE,FALSE,FALSE,FALSE,FALSE,
,,,,,,,,,,,,,,FALSE,FALSE,FALSE,FALSE,FALSE,
,,,,,,,,,,,,,,FALSE,FALSE,FALSE,FALSE,FALSE,
,,,,,,,,,,,,,,FALSE,FALSE,FALSE,FALSE,FALSE,
,,,,,,,,,,,,,,FALSE,FALSE,FALSE,FALSE,FALSE,
,,,,,,,,,,,,,,FALSE,FALSE,FALSE,FALSE,FALSE,
,,,,,,,,,,,,,,FALSE,FALSE,FALSE,FALSE,FALSE,
,,,,,,,,,,,,,,FALSE,FALSE,FALSE,FALSE,FALSE,
,,,,,,,,,,,,,,FALSE,FALSE,FALSE,FALSE,FALSE,
,,,,,,,,,,,,,,FALSE,FALSE,FALSE,FALSE,FALSE,
,,,,,,,,,,,,,,FALSE,FALSE,FALSE,FALSE,FALSE,
,,,,,,,,,,,,,,FALSE,FALSE,FALSE,FALSE,FALSE,
,,,,,,,,,,,,,,FALSE,FALSE,FALSE,FALSE,FALSE,
,,,,,,,,,,,,,,FALSE,FALSE,FALSE,FALSE,FALSE,
,,,,,,,,,,,,,,FALSE,FALSE,FALSE,FALSE,FALSE,
,,,,,,,,,,,,,,FALSE,FALSE,FALSE,FALSE,FALSE,
,,,,,,,,,,,,,,FALSE,FALSE,FALSE,FALSE,FALSE,
,,,,,,,,,,,,,,FALSE,FALSE,FALSE,FALSE,FALSE,
,,,,,,,,,,,,,,FALSE,FALSE,FALSE,FALSE,FALSE,
,,,,,,,,,,,,,,FALSE,FALSE,FALSE,FALSE,FALSE,
,,,,,,,,,,,,,,FALSE,FALSE,FALSE,FALSE,FALSE,
,,,,,,,,,,,,,,FALSE,FALSE,FALSE,FALSE,FALSE,
,,,,,,,,,,,,,,FALSE,FALSE,FALSE,FALSE,FALSE,
,,,,,,,,,,,,,,FALSE,FALSE,FALSE,FALSE,FALSE,
,,,,,,,,,,,,,,FALSE,FALSE,FALSE,FALSE,FALSE,
,,,,,,,,,,,,,,FALSE,FALSE,FALSE,FALSE,FALSE,
,,,,,,,,,,,,,,FALSE,FALSE,FALSE,FALSE,FALSE,
,,,,,,,,,,,,,,FALSE,FALSE,FALSE,FALSE,FALSE,
,,,,,,,,,,,,,,FALSE,FALSE,FALSE,FALSE,FALSE,
,,,,,,,,,,,,,,FALSE,FALSE,FALSE,FALSE,FALSE,
,,,,,,,,,,,,,,FALSE,FALSE,FALSE,FALSE,FALSE,
,,,,,,,,,,,,,,FALSE,FALSE,FALSE,FALSE,FALSE,
,,,,,,,,,,,,,,FALSE,FALSE,FALSE,FALSE,FALSE,
,,,,,,,,,,,,,,FALSE,FALSE,FALSE,FALSE,FALSE,
,,,,,,,,,,,,,,FALSE,FALSE,FALSE,FALSE,FALSE,
,,,,,,,,,,,,,,FALSE,FALSE,FALSE,FALSE,FALSE,
,,,,,,,,,,,,,,FALSE,FALSE,FALSE,FALSE,FALSE,
,,,,,,,,,,,,,,FALSE,FALSE,FALSE,FALSE,FALSE,
,,,,,,,,,,,,,,FALSE,FALSE,FALSE,FALSE,FALSE,
,,,,,,,,,,,,,,FALSE,FALSE,FALSE,FALSE,FALSE,
,,,,,,,,,,,,,,FALSE,FALSE,FALSE,FALSE,FALSE,
,,,,,,,,,,,,,,FALSE,FALSE,FALSE,FALSE,FALSE,
,,,,,,,,,,,,,,FALSE,FALSE,FALSE,FALSE,FALSE,
,,,,,,,,,,,,,,FALSE,FALSE,FALSE,FALSE,FALSE,
,,,,,,,,,,,,,,FALSE,FALSE,FALSE,FALSE,FALSE,
,,,,,,,,,,,,,,FALSE,FALSE,FALSE,FALSE,FALSE,
,,,,,,,,,,,,,,FALSE,FALSE,FALSE,FALSE,FALSE,
,,,,,,,,,,,,,,FALSE,FALSE,FALSE,FALSE,FALSE,
,,,,,,,,,,,,,,FALSE,FALSE,FALSE,FALSE,FALSE,
,,,,,,,,,,,,,,FALSE,FALSE,FALSE,FALSE,FALSE,
,,,,,,,,,,,,,,FALSE,FALSE,FALSE,FALSE,FALSE,
,,,,,,,,,,,,,,FALSE,FALSE,FALSE,FALSE,FALSE,
,,,,,,,,,,,,,,FALSE,FALSE,FALSE,FALSE,FALSE,
,,,,,,,,,,,,,,FALSE,FALSE,FALSE,FALSE,FALSE,
,,,,,,,,,,,,,,FALSE,FALSE,FALSE,FALSE,FALSE,
,,,,,,,,,,,,,,FALSE,FALSE,FALSE,FALSE,FALSE,
,,,,,,,,,,,,,,FALSE,FALSE,FALSE,FALSE,FALSE,
,,,,,,,,,,,,,,FALSE,FALSE,FALSE,FALSE,FALSE,
,,,,,,,,,,,,,,FALSE,FALSE,FALSE,FALSE,FALSE,
,,,,,,,,,,,,,,FALSE,FALSE,FALSE,FALSE,FALSE,
,,,,,,,,,,,,,,FALSE,FALSE,FALSE,FALSE,FALSE,
,,,,,,,,,,,,,,FALSE,FALSE,FALSE,FALSE,FALSE,
,,,,,,,,,,,,,,FALSE,FALSE,FALSE,FALSE,FALSE,
,,,,,,,,,,,,,,FALSE,FALSE,FALSE,FALSE,FALSE,
,,,,,,,,,,,,,,FALSE,FALSE,FALSE,FALSE,FALSE,
,,,,,,,,,,,,,,FALSE,FALSE,FALSE,FALSE,FALSE,
,,,,,,,,,,,,,,FALSE,FALSE,FALSE,FALSE,FALSE,
,,,,,,,,,,,,,,FALSE,FALSE,FALSE,FALSE,FALSE,
,,,,,,,,,,,,,,FALSE,FALSE,FALSE,FALSE,FALSE,
,,,,,,,,,,,,,,FALSE,FALSE,FALSE,FALSE,FALSE,
,,,,,,,,,,,,,,FALSE,FALSE,FALSE,FALSE,FALSE,
,,,,,,,,,,,,,,FALSE,FALSE,FALSE,FALSE,FALSE,
,,,,,,,,,,,,,,FALSE,FALSE,FALSE,FALSE,FALSE,
,,,,,,,,,,,,,,FALSE,FALSE,FALSE,FALSE,FALSE,
,,,,,,,,,,,,,,FALSE,FALSE,FALSE,FALSE,FALSE,
,,,,,,,,,,,,,,FALSE,FALSE,FALSE,FALSE,FALSE,
,,,,,,,,,,,,,,FALSE,FALSE,FALSE,FALSE,FALSE,
,,,,,,,,,,,,,,FALSE,FALSE,FALSE,FALSE,FALSE,
,,,,,,,,,,,,,,FALSE,FALSE,FALSE,FALSE,FALSE,
,,,,,,,,,,,,,,FALSE,FALSE,FALSE,FALSE,FALSE,
,,,,,,,,,,,,,,FALSE,FALSE,FALSE,FALSE,FALSE,
,,,,,,,,,,,,,,FALSE,FALSE,FALSE,FALSE,FALSE,
,,,,,,,,,,,,,,FALSE,FALSE,FALSE,FALSE,FALSE,
,,,,,,,,,,,,,,FALSE,FALSE,FALSE,FALSE,FALSE,
,,,,,,,,,,,,,,FALSE,FALSE,FALSE,FALSE,FALSE,
,,,,,,,,,,,,,,FALSE,FALSE,FALSE,FALSE,FALSE,
,,,,,,,,,,,,,,FALSE,FALSE,FALSE,FALSE,FALSE,
,,,,,,,,,,,,,,FALSE,FALSE,FALSE,FALSE,FALSE,
,,,,,,,,,,,,,,FALSE,FALSE,FALSE,FALSE,FALSE,
,,,,,,,,,,,,,,FALSE,FALSE,FALSE,FALSE,FALSE,
,,,,,,,,,,,,,,FALSE,FALSE,FALSE,FALSE,FALSE,
,,,,,,,,,,,,,,FALSE,FALSE,FALSE,FALSE,FALSE,
,,,,,,,,,,,,,,FALSE,FALSE,FALSE,FALSE,FALSE,
,,,,,,,,,,,,,,FALSE,FALSE,FALSE,FALSE,FALSE,
,,,,,,,,,,,,,,FALSE,FALSE,FALSE,FALSE,FALSE,
,,,,,,,,,,,,,,FALSE,FALSE,FALSE,FALSE,FALSE,
,,,,,,,,,,,,,,FALSE,FALSE,FALSE,FALSE,FALSE,
,,,,,,,,,,,,,,FALSE,FALSE,FALSE,FALSE,FALSE,
,,,,,,,,,,,,,,FALSE,FALSE,FALSE,FALSE,FALSE,
,,,,,,,,,,,,,,FALSE,FALSE,FALSE,FALSE,FALSE,
,,,,,,,,,,,,,,FALSE,FALSE,FALSE,FALSE,FALSE,
,,,,,,,,,,,,,,FALSE,FALSE,FALSE,FALSE,FALSE,
,,,,,,,,,,,,,,FALSE,FALSE,FALSE,FALSE,FALSE,
,,,,,,,,,,,,,,FALSE,FALSE,FALSE,FALSE,FALSE,
,,,,,,,,,,,,,,FALSE,FALSE,FALSE,FALSE,FALSE,
,,,,,,,,,,,,,,FALSE,FALSE,FALSE,FALSE,FALSE,
,,,,,,,,,,,,,,FALSE,FALSE,FALSE,FALSE,FALSE,
,,,,,,,,,,,,,,FALSE,FALSE,FALSE,FALSE,FALSE,
,,,,,,,,,,,,,,FALSE,FALSE,FALSE,FALSE,FALSE,
,,,,,,,,,,,,,,FALSE,FALSE,FALSE,FALSE,FALSE,
,,,,,,,,,,,,,,FALSE,FALSE,FALSE,FALSE,FALSE,
,,,,,,,,,,,,,,FALSE,FALSE,FALSE,FALSE,FALSE,
,,,,,,,,,,,,,,FALSE,FALSE,FALSE,FALSE,FALSE,
,,,,,,,,,,,,,,FALSE,FALSE,FALSE,FALSE,FALSE,
,,,,,,,,,,,,,,FALSE,FALSE,FALSE,FALSE,FALSE,
,,,,,,,,,,,,,,FALSE,FALSE,FALSE,FALSE,FALSE,
,,,,,,,,,,,,,,FALSE,FALSE,FALSE,FALSE,FALSE,
,,,,,,,,,,,,,,FALSE,FALSE,FALSE,FALSE,FALSE,
,,,,,,,,,,,,,,FALSE,FALSE,FALSE,FALSE,FALSE,
,,,,,,,,,,,,,,FALSE,FALSE,FALSE,FALSE,FALSE,
,,,,,,,,,,,,,,FALSE,FALSE,FALSE,FALSE,FALSE,
,,,,,,,,,,,,,,FALSE,FALSE,FALSE,FALSE,FALSE,
,,,,,,,,,,,,,,FALSE,FALSE,FALSE,FALSE,FALSE,
,,,,,,,,,,,,,,FALSE,FALSE,FALSE,FALSE,FALSE,
,,,,,,,,,,,,,,FALSE,FALSE,FALSE,FALSE,FALSE,
,,,,,,,,,,,,,,FALSE,FALSE,FALSE,FALSE,FALSE,
,,,,,,,,,,,,,,FALSE,FALSE,FALSE,FALSE,FALSE,
,,,,,,,,,,,,,,FALSE,FALSE,FALSE,FALSE,FALSE,
,,,,,,,,,,,,,,FALSE,FALSE,FALSE,FALSE,FALSE,
,,,,,,,,,,,,,,FALSE,FALSE,FALSE,FALSE,FALSE,
,,,,,,,,,,,,,,FALSE,FALSE,FALSE,FALSE,FALSE,
,,,,,,,,,,,,,,FALSE,FALSE,FALSE,FALSE,FALSE,
,,,,,,,,,,,,,,FALSE,FALSE,FALSE,FALSE,FALSE,
,,,,,,,,,,,,,,FALSE,FALSE,FALSE,FALSE,FALSE,
,,,,,,,,,,,,,,FALSE,FALSE,FALSE,FALSE,FALSE,
,,,,,,,,,,,,,,FALSE,FALSE,FALSE,FALSE,FALSE,
,,,,,,,,,,,,,,FALSE,FALSE,FALSE,FALSE,FALSE,
,,,,,,,,,,,,,,FALSE,FALSE,FALSE,FALSE,FALSE,
,,,,,,,,,,,,,,FALSE,FALSE,FALSE,FALSE,FALSE,
,,,,,,,,,,,,,,FALSE,FALSE,FALSE,FALSE,FALSE,
,,,,,,,,,,,,,,FALSE,FALSE,FALSE,FALSE,FALSE,
,,,,,,,,,,,,,,FALSE,FALSE,FALSE,FALSE,FALSE,
,,,,,,,,,,,,,,FALSE,FALSE,FALSE,FALSE,FALSE,
,,,,,,,,,,,,,,FALSE,FALSE,FALSE,FALSE,FALSE,
,,,,,,,,,,,,,,FALSE,FALSE,FALSE,FALSE,FALSE,
,,,,,,,,,,,,,,FALSE,FALSE,FALSE,FALSE,FALSE,
,,,,,,,,,,,,,,FALSE,FALSE,FALSE,FALSE,FALSE,
,,,,,,,,,,,,,,FALSE,FALSE,FALSE,FALSE,FALSE,
,,,,,,,,,,,,,,FALSE,FALSE,FALSE,FALSE,FALSE,
,,,,,,,,,,,,,,FALSE,FALSE,FALSE,FALSE,FALSE,
,,,,,,,,,,,,,,FALSE,FALSE,FALSE,FALSE,FALSE,
,,,,,,,,,,,,,,FALSE,FALSE,FALSE,FALSE,FALSE,
,,,,,,,,,,,,,,FALSE,FALSE,FALSE,FALSE,FALSE,
,,,,,,,,,,,,,,FALSE,FALSE,FALSE,FALSE,FALSE,
,,,,,,,,,,,,,,FALSE,FALSE,FALSE,FALSE,FALSE,
,,,,,,,,,,,,,,FALSE,FALSE,FALSE,FALSE,FALSE,
,,,,,,,,,,,,,,FALSE,FALSE,FALSE,FALSE,FALSE,
,,,,,,,,,,,,,,FALSE,FALSE,FALSE,FALSE,FALSE,
,,,,,,,,,,,,,,FALSE,FALSE,FALSE,FALSE,FALSE,
,,,,,,,,,,,,,,FALSE,FALSE,FALSE,FALSE,FALSE,
,,,,,,,,,,,,,,FALSE,FALSE,FALSE,FALSE,FALSE,
,,,,,,,,,,,,,,FALSE,FALSE,FALSE,FALSE,FALSE,
,,,,,,,,,,,,,,FALSE,FALSE,FALSE,FALSE,FALSE,
,,,,,,,,,,,,,,FALSE,FALSE,FALSE,FALSE,FALSE,
,,,,,,,,,,,,,,FALSE,FALSE,FALSE,FALSE,FALSE,
,,,,,,,,,,,,,,FALSE,FALSE,FALSE,FALSE,FALSE,
,,,,,,,,,,,,,,FALSE,FALSE,FALSE,FALSE,FALSE,
,,,,,,,,,,,,,,FALSE,FALSE,FALSE,FALSE,FALSE,
,,,,,,,,,,,,,,FALSE,FALSE,FALSE,FALSE,FALSE,
,,,,,,,,,,,,,,FALSE,FALSE,FALSE,FALSE,FALSE,
,,,,,,,,,,,,,,FALSE,FALSE,FALSE,FALSE,FALSE,
,,,,,,,,,,,,,,FALSE,FALSE,FALSE,FALSE,FALSE,
,,,,,,,,,,,,,,FALSE,FALSE,FALSE,FALSE,FALSE,
,,,,,,,,,,,,,,FALSE,FALSE,FALSE,FALSE,FALSE,
,,,,,,,,,,,,,,FALSE,FALSE,FALSE,FALSE,FALSE,
,,,,,,,,,,,,,,FALSE,FALSE,FALSE,FALSE,FALSE,
,,,,,,,,,,,,,,FALSE,FALSE,FALSE,FALSE,FALSE,
,,,,,,,,,,,,,,FALSE,FALSE,FALSE,FALSE,FALSE,
,,,,,,,,,,,,,,FALSE,FALSE,FALSE,FALSE,FALSE,
,,,,,,,,,,,,,,FALSE,FALSE,FALSE,FALSE,FALSE,
,,,,,,,,,,,,,,FALSE,FALSE,FALSE,FALSE,FALSE,
,,,,,,,,,,,,,,FALSE,FALSE,FALSE,FALSE,FALSE,
,,,,,,,,,,,,,,FALSE,FALSE,FALSE,FALSE,FALSE,
,,,,,,,,,,,,,,FALSE,FALSE,FALSE,FALSE,FALSE,
,,,,,,,,,,,,,,FALSE,FALSE,FALSE,FALSE,FALSE,
,,,,,,,,,,,,,,FALSE,FALSE,FALSE,FALSE,FALSE,
,,,,,,,,,,,,,,FALSE,FALSE,FALSE,FALSE,FALSE,
,,,,,,,,,,,,,,FALSE,FALSE,FALSE,FALSE,FALSE,
,,,,,,,,,,,,,,FALSE,FALSE,FALSE,FALSE,FALSE,
,,,,,,,,,,,,,,FALSE,FALSE,FALSE,FALSE,FALSE,
,,,,,,,,,,,,,,FALSE,FALSE,FALSE,FALSE,FALSE,
,,,,,,,,,,,,,,FALSE,FALSE,FALSE,FALSE,FALSE,
,,,,,,,,,,,,,,FALSE,FALSE,FALSE,FALSE,FALSE,
,,,,,,,,,,,,,,FALSE,FALSE,FALSE,FALSE,FALSE,
,,,,,,,,,,,,,,FALSE,FALSE,FALSE,FALSE,FALSE,
,,,,,,,,,,,,,,FALSE,FALSE,FALSE,FALSE,FALSE,
,,,,,,,,,,,,,,FALSE,FALSE,FALSE,FALSE,FALSE,
,,,,,,,,,,,,,,FALSE,FALSE,FALSE,FALSE,FALSE,
,,,,,,,,,,,,,,FALSE,FALSE,FALSE,FALSE,FALSE,
,,,,,,,,,,,,,,FALSE,FALSE,FALSE,FALSE,FALSE,
,,,,,,,,,,,,,,FALSE,FALSE,FALSE,FALSE,FALSE,
,,,,,,,,,,,,,,FALSE,FALSE,FALSE,FALSE,FALSE,
,,,,,,,,,,,,,,FALSE,FALSE,FALSE,FALSE,FALSE,
,,,,,,,,,,,,,,FALSE,FALSE,FALSE,FALSE,FALSE,
,,,,,,,,,,,,,,FALSE,FALSE,FALSE,FALSE,FALSE,
,,,,,,,,,,,,,,FALSE,FALSE,FALSE,FALSE,FALSE,
,,,,,,,,,,,,,,FALSE,FALSE,FALSE,FALSE,FALSE,
,,,,,,,,,,,,,,FALSE,FALSE,FALSE,FALSE,FALSE,
,,,,,,,,,,,,,,FALSE,FALSE,FALSE,FALSE,FALSE,
,,,,,,,,,,,,,,FALSE,FALSE,FALSE,FALSE,FALSE,
,,,,,,,,,,,,,,FALSE,FALSE,FALSE,FALSE,FALSE,
,,,,,,,,,,,,,,FALSE,FALSE,FALSE,FALSE,FALSE,
,,,,,,,,,,,,,,FALSE,FALSE,FALSE,FALSE,FALSE,
,,,,,,,,,,,,,,FALSE,FALSE,FALSE,FALSE,FALSE,
,,,,,,,,,,,,,,FALSE,FALSE,FALSE,FALSE,FALSE,
,,,,,,,,,,,,,,FALSE,FALSE,FALSE,FALSE,FALSE,
,,,,,,,,,,,,,,FALSE,FALSE,FALSE,FALSE,FALSE,
,,,,,,,,,,,,,,FALSE,FALSE,FALSE,FALSE,FALSE,
,,,,,,,,,,,,,,FALSE,FALSE,FALSE,FALSE,FALSE,
,,,,,,,,,,,,,,FALSE,FALSE,FALSE,FALSE,FALSE,
,,,,,,,,,,,,,,FALSE,FALSE,FALSE,FALSE,FALSE,
,,,,,,,,,,,,,,FALSE,FALSE,FALSE,FALSE,FALSE,
,,,,,,,,,,,,,,FALSE,FALSE,FALSE,FALSE,FALSE,
,,,,,,,,,,,,,,FALSE,FALSE,FALSE,FALSE,FALSE,
,,,,,,,,,,,,,,FALSE,FALSE,FALSE,FALSE,FALSE,
,,,,,,,,,,,,,,FALSE,FALSE,FALSE,FALSE,FALSE,
,,,,,,,,,,,,,,FALSE,FALSE,FALSE,FALSE,FALSE,
,,,,,,,,,,,,,,FALSE,FALSE,FALSE,FALSE,FALSE,
,,,,,,,,,,,,,,FALSE,FALSE,FALSE,FALSE,FALSE,
,,,,,,,,,,,,,,FALSE,FALSE,FALSE,FALSE,FALSE,
,,,,,,,,,,,,,,FALSE,FALSE,FALSE,FALSE,FALSE,
,,,,,,,,,,,,,,FALSE,FALSE,FALSE,FALSE,FALSE,
,,,,,,,,,,,,,,FALSE,FALSE,FALSE,FALSE,FALSE,
,,,,,,,,,,,,,,FALSE,FALSE,FALSE,FALSE,FALSE,
,,,,,,,,,,,,,,FALSE,FALSE,FALSE,FALSE,FALSE,
,,,,,,,,,,,,,,FALSE,FALSE,FALSE,FALSE,FALSE,
,,,,,,,,,,,,,,FALSE,FALSE,FALSE,FALSE,FALSE,
,,,,,,,,,,,,,,FALSE,FALSE,FALSE,FALSE,FALSE,
,,,,,,,,,,,,,,FALSE,FALSE,FALSE,FALSE,FALSE,
,,,,,,,,,,,,,,FALSE,FALSE,FALSE,FALSE,FALSE,
,,,,,,,,,,,,,,FALSE,FALSE,FALSE,FALSE,FALSE,
,,,,,,,,,,,,,,FALSE,FALSE,FALSE,FALSE,FALSE,
,,,,,,,,,,,,,,FALSE,FALSE,FALSE,FALSE,FALSE,
,,,,,,,,,,,,,,FALSE,FALSE,FALSE,FALSE,FALSE,
,,,,,,,,,,,,,,FALSE,FALSE,FALSE,FALSE,FALSE,
,,,,,,,,,,,,,,FALSE,FALSE,FALSE,FALSE,FALSE,
,,,,,,,,,,,,,,FALSE,FALSE,FALSE,FALSE,FALSE,
,,,,,,,,,,,,,,FALSE,FALSE,FALSE,FALSE,FALSE,
,,,,,,,,,,,,,,FALSE,FALSE,FALSE,FALSE,FALSE,
,,,,,,,,,,,,,,FALSE,FALSE,FALSE,FALSE,FALSE,
,,,,,,,,,,,,,,FALSE,FALSE,FALSE,FALSE,FALSE,
,,,,,,,,,,,,,,FALSE,FALSE,FALSE,FALSE,FALSE,
,,,,,,,,,,,,,,FALSE,FALSE,FALSE,FALSE,FALSE,
,,,,,,,,,,,,,,FALSE,FALSE,FALSE,FALSE,FALSE,
,,,,,,,,,,,,,,FALSE,FALSE,FALSE,FALSE,FALSE,
,,,,,,,,,,,,,,FALSE,FALSE,FALSE,FALSE,FALSE,
,,,,,,,,,,,,,,FALSE,FALSE,FALSE,FALSE,FALSE,
,,,,,,,,,,,,,,FALSE,FALSE,FALSE,FALSE,FALSE,
,,,,,,,,,,,,,,FALSE,FALSE,FALSE,FALSE,FALSE,
,,,,,,,,,,,,,,FALSE,FALSE,FALSE,FALSE,FALSE,
,,,,,,,,,,,,,,FALSE,FALSE,FALSE,FALSE,FALSE,
,,,,,,,,,,,,,,FALSE,FALSE,FALSE,FALSE,FALSE,
,,,,,,,,,,,,,,FALSE,FALSE,FALSE,FALSE,FALSE,
,,,,,,,,,,,,,,FALSE,FALSE,FALSE,FALSE,FALSE,
,,,,,,,,,,,,,,FALSE,FALSE,FALSE,FALSE,FALSE,
,,,,,,,,,,,,,,FALSE,FALSE,FALSE,FALSE,FALSE,
,,,,,,,,,,,,,,FALSE,FALSE,FALSE,FALSE,FALSE,
,,,,,,,,,,,,,,FALSE,FALSE,FALSE,FALSE,FALSE,
,,,,,,,,,,,,,,FALSE,FALSE,FALSE,FALSE,FALSE,
,,,,,,,,,,,,,,FALSE,FALSE,FALSE,FALSE,FALSE,
,,,,,,,,,,,,,,FALSE,FALSE,FALSE,FALSE,FALSE,
,,,,,,,,,,,,,,FALSE,FALSE,FALSE,FALSE,FALSE,
,,,,,,,,,,,,,,FALSE,FALSE,FALSE,FALSE,FALSE,
,,,,,,,,,,,,,,FALSE,FALSE,FALSE,FALSE,FALSE,
,,,,,,,,,,,,,,FALSE,FALSE,FALSE,FALSE,FALSE,
,,,,,,,,,,,,,,FALSE,FALSE,FALSE,FALSE,FALSE,
,,,,,,,,,,,,,,FALSE,FALSE,FALSE,FALSE,FALSE,
,,,,,,,,,,,,,,FALSE,FALSE,FALSE,FALSE,FALSE,
,,,,,,,,,,,,,,FALSE,FALSE,FALSE,FALSE,FALSE,
,,,,,,,,,,,,,,FALSE,FALSE,FALSE,FALSE,FALSE,
,,,,,,,,,,,,,,FALSE,FALSE,FALSE,FALSE,FALSE,
,,,,,,,,,,,,,,FALSE,FALSE,FALSE,FALSE,FALSE,
,,,,,,,,,,,,,,FALSE,FALSE,FALSE,FALSE,FALSE,
,,,,,,,,,,,,,,FALSE,FALSE,FALSE,FALSE,FALSE,
,,,,,,,,,,,,,,FALSE,FALSE,FALSE,FALSE,FALSE,
,,,,,,,,,,,,,,FALSE,FALSE,FALSE,FALSE,FALSE,
,,,,,,,,,,,,,,FALSE,FALSE,FALSE,FALSE,FALSE,
,,,,,,,,,,,,,,FALSE,FALSE,FALSE,FALSE,FALSE,
,,,,,,,,,,,,,,FALSE,FALSE,FALSE,FALSE,FALSE,
,,,,,,,,,,,,,,FALSE,FALSE,FALSE,FALSE,FALSE,
,,,,,,,,,,,,,,FALSE,FALSE,FALSE,FALSE,FALSE,
,,,,,,,,,,,,,,FALSE,FALSE,FALSE,FALSE,FALSE,
,,,,,,,,,,,,,,FALSE,FALSE,FALSE,FALSE,FALSE,
,,,,,,,,,,,,,,FALSE,FALSE,FALSE,FALSE,FALSE,
,,,,,,,,,,,,,,FALSE,FALSE,FALSE,FALSE,FALSE,
,,,,,,,,,,,,,,FALSE,FALSE,FALSE,FALSE,FALSE,
,,,,,,,,,,,,,,FALSE,FALSE,FALSE,FALSE,FALSE,
,,,,,,,,,,,,,,FALSE,FALSE,FALSE,FALSE,FALSE,
,,,,,,,,,,,,,,FALSE,FALSE,FALSE,FALSE,FALSE,
,,,,,,,,,,,,,,FALSE,FALSE,FALSE,FALSE,FALSE,
,,,,,,,,,,,,,,FALSE,FALSE,FALSE,FALSE,FALSE,
,,,,,,,,,,,,,,FALSE,FALSE,FALSE,FALSE,FALSE,
,,,,,,,,,,,,,,FALSE,FALSE,FALSE,FALSE,FALSE,
,,,,,,,,,,,,,,FALSE,FALSE,FALSE,FALSE,FALSE,
,,,,,,,,,,,,,,FALSE,FALSE,FALSE,FALSE,FALSE,
,,,,,,,,,,,,,,FALSE,FALSE,FALSE,FALSE,FALSE,
,,,,,,,,,,,,,,FALSE,FALSE,FALSE,FALSE,FALSE,
,,,,,,,,,,,,,,FALSE,FALSE,FALSE,FALSE,FALSE,
,,,,,,,,,,,,,,FALSE,FALSE,FALSE,FALSE,FALSE,
,,,,,,,,,,,,,,FALSE,FALSE,FALSE,FALSE,FALSE,
,,,,,,,,,,,,,,FALSE,FALSE,FALSE,FALSE,FALSE,
,,,,,,,,,,,,,,FALSE,FALSE,FALSE,FALSE,FALSE,
,,,,,,,,,,,,,,FALSE,FALSE,FALSE,FALSE,FALSE,
,,,,,,,,,,,,,,FALSE,FALSE,FALSE,FALSE,FALSE,
,,,,,,,,,,,,,,FALSE,FALSE,FALSE,FALSE,FALSE,
,,,,,,,,,,,,,,FALSE,FALSE,FALSE,FALSE,FALSE,
,,,,,,,,,,,,,,FALSE,FALSE,FALSE,FALSE,FALSE,
,,,,,,,,,,,,,,FALSE,FALSE,FALSE,FALSE,FALSE,
,,,,,,,,,,,,,,FALSE,FALSE,FALSE,FALSE,FALSE,
,,,,,,,,,,,,,,FALSE,FALSE,FALSE,FALSE,FALSE,
,,,,,,,,,,,,,,FALSE,FALSE,FALSE,FALSE,FALSE,
,,,,,,,,,,,,,,FALSE,FALSE,FALSE,FALSE,FALSE,
,,,,,,,,,,,,,,FALSE,FALSE,FALSE,FALSE,FALSE,
,,,,,,,,,,,,,,FALSE,FALSE,FALSE,FALSE,FALSE,
,,,,,,,,,,,,,,FALSE,FALSE,FALSE,FALSE,FALSE,
,,,,,,,,,,,,,,FALSE,FALSE,FALSE,FALSE,FALSE,
,,,,,,,,,,,,,,FALSE,FALSE,FALSE,FALSE,FALSE,
,,,,,,,,,,,,,,FALSE,FALSE,FALSE,FALSE,FALSE,
,,,,,,,,,,,,,,FALSE,FALSE,FALSE,FALSE,FALSE,
,,,,,,,,,,,,,,FALSE,FALSE,FALSE,FALSE,FALSE,
,,,,,,,,,,,,,,FALSE,FALSE,FALSE,FALSE,FALSE,
,,,,,,,,,,,,,,FALSE,FALSE,FALSE,FALSE,FALSE,
,,,,,,,,,,,,,,FALSE,FALSE,FALSE,FALSE,FALSE,
,,,,,,,,,,,,,,FALSE,FALSE,FALSE,FALSE,FALSE,
,,,,,,,,,,,,,,FALSE,FALSE,FALSE,FALSE,FALSE,
,,,,,,,,,,,,,,FALSE,FALSE,FALSE,FALSE,FALSE,
,,,,,,,,,,,,,,FALSE,FALSE,FALSE,FALSE,FALSE,
,,,,,,,,,,,,,,FALSE,FALSE,FALSE,FALSE,FALSE,
,,,,,,,,,,,,,,FALSE,FALSE,FALSE,FALSE,FALSE,
,,,,,,,,,,,,,,FALSE,FALSE,FALSE,FALSE,FALSE,
,,,,,,,,,,,,,,FALSE,FALSE,FALSE,FALSE,FALSE,
,,,,,,,,,,,,,,FALSE,FALSE,FALSE,FALSE,FALSE,
,,,,,,,,,,,,,,FALSE,FALSE,FALSE,FALSE,FALSE,
,,,,,,,,,,,,,,FALSE,FALSE,FALSE,FALSE,FALSE,
,,,,,,,,,,,,,,FALSE,FALSE,FALSE,FALSE,FALSE,
,,,,,,,,,,,,,,FALSE,FALSE,FALSE,FALSE,FALSE,
,,,,,,,,,,,,,,FALSE,FALSE,FALSE,FALSE,FALSE,
,,,,,,,,,,,,,,FALSE,FALSE,FALSE,FALSE,FALSE,
,,,,,,,,,,,,,,FALSE,FALSE,FALSE,FALSE,FALSE,
,,,,,,,,,,,,,,FALSE,FALSE,FALSE,FALSE,FALSE,
,,,,,,,,,,,,,,FALSE,FALSE,FALSE,FALSE,FALSE,
,,,,,,,,,,,,,,FALSE,FALSE,FALSE,FALSE,FALSE,
,,,,,,,,,,,,,,FALSE,FALSE,FALSE,FALSE,FALSE,
,,,,,,,,,,,,,,FALSE,FALSE,FALSE,FALSE,FALSE,
,,,,,,,,,,,,,,FALSE,FALSE,FALSE,FALSE,FALSE,
,,,,,,,,,,,,,,FALSE,FALSE,FALSE,FALSE,FALSE,
,,,,,,,,,,,,,,FALSE,FALSE,FALSE,FALSE,FALSE,
,,,,,,,,,,,,,,FALSE,FALSE,FALSE,FALSE,FALSE,
,,,,,,,,,,,,,,FALSE,FALSE,FALSE,FALSE,FALSE,
,,,,,,,,,,,,,,FALSE,FALSE,FALSE,FALSE,FALSE,
,,,,,,,,,,,,,,FALSE,FALSE,FALSE,FALSE,FALSE,
,,,,,,,,,,,,,,FALSE,FALSE,FALSE,FALSE,FALSE,
,,,,,,,,,,,,,,FALSE,FALSE,FALSE,FALSE,FALSE,
,,,,,,,,,,,,,,FALSE,FALSE,FALSE,FALSE,FALSE,
,,,,,,,,,,,,,,FALSE,FALSE,FALSE,FALSE,FALSE,
,,,,,,,,,,,,,,FALSE,FALSE,FALSE,FALSE,FALSE,
,,,,,,,,,,,,,,FALSE,FALSE,FALSE,FALSE,FALSE,
,,,,,,,,,,,,,,FALSE,FALSE,FALSE,FALSE,FALSE,
,,,,,,,,,,,,,,FALSE,FALSE,FALSE,FALSE,FALSE,
,,,,,,,,,,,,,,FALSE,FALSE,FALSE,FALSE,FALSE,
,,,,,,,,,,,,,,FALSE,FALSE,FALSE,FALSE,FALSE,
,,,,,,,,,,,,,,FALSE,FALSE,FALSE,FALSE,FALSE,
,,,,,,,,,,,,,,FALSE,FALSE,FALSE,FALSE,FALSE,
,,,,,,,,,,,,,,FALSE,FALSE,FALSE,FALSE,FALSE,
,,,,,,,,,,,,,,FALSE,FALSE,FALSE,FALSE,FALSE,
,,,,,,,,,,,,,,FALSE,FALSE,FALSE,FALSE,FALSE,
,,,,,,,,,,,,,,FALSE,FALSE,FALSE,FALSE,FALSE,
,,,,,,,,,,,,,,FALSE,FALSE,FALSE,FALSE,FALSE,
,,,,,,,,,,,,,,FALSE,FALSE,FALSE,FALSE,FALSE,
,,,,,,,,,,,,,,FALSE,FALSE,FALSE,FALSE,FALSE,
,,,,,,,,,,,,,,FALSE,FALSE,FALSE,FALSE,FALSE,
,,,,,,,,,,,,,,FALSE,FALSE,FALSE,FALSE,FALSE,
,,,,,,,,,,,,,,FALSE,FALSE,FALSE,FALSE,FALSE,
,,,,,,,,,,,,,,FALSE,FALSE,FALSE,FALSE,FALSE,
,,,,,,,,,,,,,,FALSE,FALSE,FALSE,FALSE,FALSE,
,,,,,,,,,,,,,,FALSE,FALSE,FALSE,FALSE,FALSE,
,,,,,,,,,,,,,,FALSE,FALSE,FALSE,FALSE,FALSE,
,,,,,,,,,,,,,,FALSE,FALSE,FALSE,FALSE,FALSE,
,,,,,,,,,,,,,,FALSE,FALSE,FALSE,FALSE,FALSE,
,,,,,,,,,,,,,,FALSE,FALSE,FALSE,FALSE,FALSE,
,,,,,,,,,,,,,,FALSE,FALSE,FALSE,FALSE,FALSE,
,,,,,,,,,,,,,,FALSE,FALSE,FALSE,FALSE,FALSE,
,,,,,,,,,,,,,,FALSE,FALSE,FALSE,FALSE,FALSE,
,,,,,,,,,,,,,,FALSE,FALSE,FALSE,FALSE,FALSE,
,,,,,,,,,,,,,,FALSE,FALSE,FALSE,FALSE,FALSE,
,,,,,,,,,,,,,,FALSE,FALSE,FALSE,FALSE,FALSE,
,,,,,,,,,,,,,,FALSE,FALSE,FALSE,FALSE,FALSE,
,,,,,,,,,,,,,,FALSE,FALSE,FALSE,FALSE,FALSE,
,,,,,,,,,,,,,,FALSE,FALSE,FALSE,FALSE,FALSE,
,,,,,,,,,,,,,,FALSE,FALSE,FALSE,FALSE,FALSE,
,,,,,,,,,,,,,,FALSE,FALSE,FALSE,FALSE,FALSE,
,,,,,,,,,,,,,,FALSE,FALSE,FALSE,FALSE,FALSE,
,,,,,,,,,,,,,,FALSE,FALSE,FALSE,FALSE,FALSE,
,,,,,,,,,,,,,,FALSE,FALSE,FALSE,FALSE,FALSE,
,,,,,,,,,,,,,,FALSE,FALSE,FALSE,FALSE,FALSE,
,,,,,,,,,,,,,,FALSE,FALSE,FALSE,FALSE,FALSE,
,,,,,,,,,,,,,,FALSE,FALSE,FALSE,FALSE,FALSE,
,,,,,,,,,,,,,,FALSE,FALSE,FALSE,FALSE,FALSE,
,,,,,,,,,,,,,,FALSE,FALSE,FALSE,FALSE,FALSE,
,,,,,,,,,,,,,,FALSE,FALSE,FALSE,FALSE,FALSE,
,,,,,,,,,,,,,,FALSE,FALSE,FALSE,FALSE,FALSE,
,,,,,,,,,,,,,,FALSE,FALSE,FALSE,FALSE,FALSE,
,,,,,,,,,,,,,,FALSE,FALSE,FALSE,FALSE,FALSE,
,,,,,,,,,,,,,,FALSE,FALSE,FALSE,FALSE,FALSE,
,,,,,,,,,,,,,,FALSE,FALSE,FALSE,FALSE,FALSE,
,,,,,,,,,,,,,,FALSE,FALSE,FALSE,FALSE,FALSE,
,,,,,,,,,,,,,,FALSE,FALSE,FALSE,FALSE,FALSE,
,,,,,,,,,,,,,,FALSE,FALSE,FALSE,FALSE,FALSE,
,,,,,,,,,,,,,,FALSE,FALSE,FALSE,FALSE,FALSE,
,,,,,,,,,,,,,,FALSE,FALSE,FALSE,FALSE,FALSE,
,,,,,,,,,,,,,,FALSE,FALSE,FALSE,FALSE,FALSE,
,,,,,,,,,,,,,,FALSE,FALSE,FALSE,FALSE,FALSE,
,,,,,,,,,,,,,,FALSE,FALSE,FALSE,FALSE,FALSE,
,,,,,,,,,,,,,,FALSE,FALSE,FALSE,FALSE,FALSE,
,,,,,,,,,,,,,,FALSE,FALSE,FALSE,FALSE,FALSE,
,,,,,,,,,,,,,,FALSE,FALSE,FALSE,FALSE,FALSE,
,,,,,,,,,,,,,,FALSE,FALSE,FALSE,FALSE,FALSE,
,,,,,,,,,,,,,,FALSE,FALSE,FALSE,FALSE,FALSE,
,,,,,,,,,,,,,,FALSE,FALSE,FALSE,FALSE,FALSE,
,,,,,,,,,,,,,,FALSE,FALSE,FALSE,FALSE,FALSE,
,,,,,,,,,,,,,,FALSE,FALSE,FALSE,FALSE,FALSE,
,,,,,,,,,,,,,,FALSE,FALSE,FALSE,FALSE,FALSE,
,,,,,,,,,,,,,,FALSE,FALSE,FALSE,FALSE,FALSE,
,,,,,,,,,,,,,,FALSE,FALSE,FALSE,FALSE,FALSE,
,,,,,,,,,,,,,,FALSE,FALSE,FALSE,FALSE,FALSE,
,,,,,,,,,,,,,,FALSE,FALSE,FALSE,FALSE,FALSE,
,,,,,,,,,,,,,,FALSE,FALSE,FALSE,FALSE,FALSE,
,,,,,,,,,,,,,,FALSE,FALSE,FALSE,FALSE,FALSE,
,,,,,,,,,,,,,,FALSE,FALSE,FALSE,FALSE,FALSE,
,,,,,,,,,,,,,,FALSE,FALSE,FALSE,FALSE,FALSE,
,,,,,,,,,,,,,,FALSE,FALSE,FALSE,FALSE,FALSE,
,,,,,,,,,,,,,,FALSE,FALSE,FALSE,FALSE,FALSE,
,,,,,,,,,,,,,,FALSE,FALSE,FALSE,FALSE,FALSE,
,,,,,,,,,,,,,,FALSE,FALSE,FALSE,FALSE,FALSE,
,,,,,,,,,,,,,,FALSE,FALSE,FALSE,FALSE,FALSE,
,,,,,,,,,,,,,,FALSE,FALSE,FALSE,FALSE,FALSE,
,,,,,,,,,,,,,,FALSE,FALSE,FALSE,FALSE,FALSE,
,,,,,,,,,,,,,,FALSE,FALSE,FALSE,FALSE,FALSE,
,,,,,,,,,,,,,,FALSE,FALSE,FALSE,FALSE,FALSE,
,,,,,,,,,,,,,,FALSE,FALSE,FALSE,FALSE,FALSE,
,,,,,,,,,,,,,,FALSE,FALSE,FALSE,FALSE,FALSE,
,,,,,,,,,,,,,,FALSE,FALSE,FALSE,FALSE,FALSE,
,,,,,,,,,,,,,,FALSE,FALSE,FALSE,FALSE,FALSE,
,,,,,,,,,,,,,,FALSE,FALSE,FALSE,FALSE,FALSE,
,,,,,,,,,,,,,,FALSE,FALSE,FALSE,FALSE,FALSE,
,,,,,,,,,,,,,,FALSE,FALSE,FALSE,FALSE,FALSE,
,,,,,,,,,,,,,,FALSE,FALSE,FALSE,FALSE,FALSE,
,,,,,,,,,,,,,,FALSE,FALSE,FALSE,FALSE,FALSE,
,,,,,,,,,,,,,,FALSE,FALSE,FALSE,FALSE,FALSE,
,,,,,,,,,,,,,,FALSE,FALSE,FALSE,FALSE,FALSE,
,,,,,,,,,,,,,,FALSE,FALSE,FALSE,FALSE,FALSE,
,,,,,,,,,,,,,,FALSE,FALSE,FALSE,FALSE,FALSE,
,,,,,,,,,,,,,,FALSE,FALSE,FALSE,FALSE,FALSE,
,,,,,,,,,,,,,,FALSE,FALSE,FALSE,FALSE,FALSE,
,,,,,,,,,,,,,,FALSE,FALSE,FALSE,FALSE,FALSE,
,,,,,,,,,,,,,,FALSE,FALSE,FALSE,FALSE,FALSE,
,,,,,,,,,,,,,,FALSE,FALSE,FALSE,FALSE,FALSE,
,,,,,,,,,,,,,,FALSE,FALSE,FALSE,FALSE,FALSE,
,,,,,,,,,,,,,,FALSE,FALSE,FALSE,FALSE,FALSE,
,,,,,,,,,,,,,,FALSE,FALSE,FALSE,FALSE,FALSE,
,,,,,,,,,,,,,,FALSE,FALSE,FALSE,FALSE,FALSE,
,,,,,,,,,,,,,,FALSE,FALSE,FALSE,FALSE,FALSE,
,,,,,,,,,,,,,,FALSE,FALSE,FALSE,FALSE,FALSE,
,,,,,,,,,,,,,,FALSE,FALSE,FALSE,FALSE,FALSE,
,,,,,,,,,,,,,,FALSE,FALSE,FALSE,FALSE,FALSE,
,,,,,,,,,,,,,,FALSE,FALSE,FALSE,FALSE,FALSE,
,,,,,,,,,,,,,,FALSE,FALSE,FALSE,FALSE,FALSE,
,,,,,,,,,,,,,,FALSE,FALSE,FALSE,FALSE,FALSE,
,,,,,,,,,,,,,,FALSE,FALSE,FALSE,FALSE,FALSE,
,,,,,,,,,,,,,,FALSE,FALSE,FALSE,FALSE,FALSE,
,,,,,,,,,,,,,,FALSE,FALSE,FALSE,FALSE,FALSE,
,,,,,,,,,,,,,,FALSE,FALSE,FALSE,FALSE,FALSE,
,,,,,,,,,,,,,,FALSE,FALSE,FALSE,FALSE,FALSE,
,,,,,,,,,,,,,,FALSE,FALSE,FALSE,FALSE,FALSE,
,,,,,,,,,,,,,,FALSE,FALSE,FALSE,FALSE,FALSE,
,,,,,,,,,,,,,,FALSE,FALSE,FALSE,FALSE,FALSE,
,,,,,,,,,,,,,,FALSE,FALSE,FALSE,FALSE,FALSE,
,,,,,,,,,,,,,,FALSE,FALSE,FALSE,FALSE,FALSE,
,,,,,,,,,,,,,,FALSE,FALSE,FALSE,FALSE,FALSE,
,,,,,,,,,,,,,,FALSE,FALSE,FALSE,FALSE,FALSE,
,,,,,,,,,,,,,,FALSE,FALSE,FALSE,FALSE,FALSE,
,,,,,,,,,,,,,,FALSE,FALSE,FALSE,FALSE,FALSE,
,,,,,,,,,,,,,,FALSE,FALSE,FALSE,FALSE,FALSE,
,,,,,,,,,,,,,,FALSE,FALSE,FALSE,FALSE,FALSE,
,,,,,,,,,,,,,,FALSE,FALSE,FALSE,FALSE,FALSE,
,,,,,,,,,,,,,,FALSE,FALSE,FALSE,FALSE,FALSE,
,,,,,,,,,,,,,,FALSE,FALSE,FALSE,FALSE,FALSE,
,,,,,,,,,,,,,,FALSE,FALSE,FALSE,FALSE,FALSE,
,,,,,,,,,,,,,,FALSE,FALSE,FALSE,FALSE,FALSE,
,,,,,,,,,,,,,,FALSE,FALSE,FALSE,FALSE,FALSE,
,,,,,,,,,,,,,,FALSE,FALSE,FALSE,FALSE,FALSE,
,,,,,,,,,,,,,,FALSE,FALSE,FALSE,FALSE,FALSE,
,,,,,,,,,,,,,,FALSE,FALSE,FALSE,FALSE,FALSE,
,,,,,,,,,,,,,,FALSE,FALSE,FALSE,FALSE,FALSE,
,,,,,,,,,,,,,,FALSE,FALSE,FALSE,FALSE,FALSE,
,,,,,,,,,,,,,,FALSE,FALSE,FALSE,FALSE,FALSE,
,,,,,,,,,,,,,,FALSE,FALSE,FALSE,FALSE,FALSE,
,,,,,,,,,,,,,,FALSE,FALSE,FALSE,FALSE,FALSE,
,,,,,,,,,,,,,,FALSE,FALSE,FALSE,FALSE,FALSE,
,,,,,,,,,,,,,,FALSE,FALSE,FALSE,FALSE,FALSE,
,,,,,,,,,,,,,,FALSE,FALSE,FALSE,FALSE,FALSE,
,,,,,,,,,,,,,,FALSE,FALSE,FALSE,FALSE,FALSE,
,,,,,,,,,,,,,,FALSE,FALSE,FALSE,FALSE,FALSE,
,,,,,,,,,,,,,,FALSE,FALSE,FALSE,FALSE,FALSE,
,,,,,,,,,,,,,,FALSE,FALSE,FALSE,FALSE,FALSE,
,,,,,,,,,,,,,,FALSE,FALSE,FALSE,FALSE,FALSE,
,,,,,,,,,,,,,,FALSE,FALSE,FALSE,FALSE,FALSE,
,,,,,,,,,,,,,,FALSE,FALSE,FALSE,FALSE,FALSE,
,,,,,,,,,,,,,,FALSE,FALSE,FALSE,FALSE,FALSE,
,,,,,,,,,,,,,,FALSE,FALSE,FALSE,FALSE,FALSE,
,,,,,,,,,,,,,,FALSE,FALSE,FALSE,FALSE,FALSE,
,,,,,,,,,,,,,,FALSE,FALSE,FALSE,FALSE,FALSE,
,,,,,,,,,,,,,,FALSE,FALSE,FALSE,FALSE,FALSE,
,,,,,,,,,,,,,,FALSE,FALSE,FALSE,FALSE,FALSE,
,,,,,,,,,,,,,,FALSE,FALSE,FALSE,FALSE,FALSE,
,,,,,,,,,,,,,,FALSE,FALSE,FALSE,FALSE,FALSE,
,,,,,,,,,,,,,,FALSE,FALSE,FALSE,FALSE,FALSE,
,,,,,,,,,,,,,,FALSE,FALSE,FALSE,FALSE,FALSE,
,,,,,,,,,,,,,,FALSE,FALSE,FALSE,FALSE,FALSE,
,,,,,,,,,,,,,,FALSE,FALSE,FALSE,FALSE,FALSE,
,,,,,,,,,,,,,,FALSE,FALSE,FALSE,FALSE,FALSE,
,,,,,,,,,,,,,,FALSE,FALSE,FALSE,FALSE,FALSE,
,,,,,,,,,,,,,,FALSE,FALSE,FALSE,FALSE,FALSE,
,,,,,,,,,,,,,,FALSE,FALSE,FALSE,FALSE,FALSE,
,,,,,,,,,,,,,,FALSE,FALSE,FALSE,FALSE,FALSE,
,,,,,,,,,,,,,,FALSE,FALSE,FALSE,FALSE,FALSE,
,,,,,,,,,,,,,,FALSE,FALSE,FALSE,FALSE,FALSE,
,,,,,,,,,,,,,,FALSE,FALSE,FALSE,FALSE,FALSE,
,,,,,,,,,,,,,,FALSE,FALSE,FALSE,FALSE,FALSE,
,,,,,,,,,,,,,,FALSE,FALSE,FALSE,FALSE,FALSE,
,,,,,,,,,,,,,,FALSE,FALSE,FALSE,FALSE,FALSE,
,,,,,,,,,,,,,,FALSE,FALSE,FALSE,FALSE,FALSE,
,,,,,,,,,,,,,,FALSE,FALSE,FALSE,FALSE,FALSE,
,,,,,,,,,,,,,,FALSE,FALSE,FALSE,FALSE,FALSE,
,,,,,,,,,,,,,,FALSE,FALSE,FALSE,FALSE,FALSE,
,,,,,,,,,,,,,,FALSE,FALSE,FALSE,FALSE,FALSE,
,,,,,,,,,,,,,,FALSE,FALSE,FALSE,FALSE,FALSE,
,,,,,,,,,,,,,,FALSE,FALSE,FALSE,FALSE,FALSE,
,,,,,,,,,,,,,,FALSE,FALSE,FALSE,FALSE,FALSE,
,,,,,,,,,,,,,,FALSE,FALSE,FALSE,FALSE,FALSE,
,,,,,,,,,,,,,,FALSE,FALSE,FALSE,FALSE,FALSE,
,,,,,,,,,,,,,,FALSE,FALSE,FALSE,FALSE,FALSE,
,,,,,,,,,,,,,,FALSE,FALSE,FALSE,FALSE,FALSE,
,,,,,,,,,,,,,,FALSE,FALSE,FALSE,FALSE,FALSE,
,,,,,,,,,,,,,,FALSE,FALSE,FALSE,FALSE,FALSE,
,,,,,,,,,,,,,,FALSE,FALSE,FALSE,FALSE,FALSE,
,,,,,,,,,,,,,,FALSE,FALSE,FALSE,FALSE,FALSE,
,,,,,,,,,,,,,,FALSE,FALSE,FALSE,FALSE,FALSE,
,,,,,,,,,,,,,,FALSE,FALSE,FALSE,FALSE,FALSE,
,,,,,,,,,,,,,,FALSE,FALSE,FALSE,FALSE,FALSE,
,,,,,,,,,,,,,,FALSE,FALSE,FALSE,FALSE,FALSE,
,,,,,,,,,,,,,,FALSE,FALSE,FALSE,FALSE,FALSE,
,,,,,,,,,,,,,,FALSE,FALSE,FALSE,FALSE,FALSE,
,,,,,,,,,,,,,,FALSE,FALSE,FALSE,FALSE,FALSE,
,,,,,,,,,,,,,,FALSE,FALSE,FALSE,FALSE,FALSE,
,,,,,,,,,,,,,,FALSE,FALSE,FALSE,FALSE,FALSE,
,,,,,,,,,,,,,,FALSE,FALSE,FALSE,FALSE,FALSE,
,,,,,,,,,,,,,,FALSE,FALSE,FALSE,FALSE,FALSE,
,,,,,,,,,,,,,,FALSE,FALSE,FALSE,FALSE,FALSE,
,,,,,,,,,,,,,,FALSE,FALSE,FALSE,FALSE,FALSE,
,,,,,,,,,,,,,,FALSE,FALSE,FALSE,FALSE,FALSE,
,,,,,,,,,,,,,,FALSE,FALSE,FALSE,FALSE,FALSE,
,,,,,,,,,,,,,,FALSE,FALSE,FALSE,FALSE,FALSE,
,,,,,,,,,,,,,,FALSE,FALSE,FALSE,FALSE,FALSE,
,,,,,,,,,,,,,,FALSE,FALSE,FALSE,FALSE,FALSE,
,,,,,,,,,,,,,,FALSE,FALSE,FALSE,FALSE,FALSE,
,,,,,,,,,,,,,,FALSE,FALSE,FALSE,FALSE,FALSE,
,,,,,,,,,,,,,,FALSE,FALSE,FALSE,FALSE,FALSE,
,,,,,,,,,,,,,,FALSE,FALSE,FALSE,FALSE,FALSE,
,,,,,,,,,,,,,,FALSE,FALSE,FALSE,FALSE,FALSE,
,,,,,,,,,,,,,,FALSE,FALSE,FALSE,FALSE,FALSE,
,,,,,,,,,,,,,,FALSE,FALSE,FALSE,FALSE,FALSE,
,,,,,,,,,,,,,,FALSE,FALSE,FALSE,FALSE,FALSE,
,,,,,,,,,,,,,,FALSE,FALSE,FALSE,FALSE,FALSE,
,,,,,,,,,,,,,,FALSE,FALSE,FALSE,FALSE,FALSE,
,,,,,,,,,,,,,,FALSE,FALSE,FALSE,FALSE,FALSE,
,,,,,,,,,,,,,,FALSE,FALSE,FALSE,FALSE,FALSE,
,,,,,,,,,,,,,,FALSE,FALSE,FALSE,FALSE,FALSE,
,,,,,,,,,,,,,,FALSE,FALSE,FALSE,FALSE,FALSE,
,,,,,,,,,,,,,,FALSE,FALSE,FALSE,FALSE,FALSE,
,,,,,,,,,,,,,,FALSE,FALSE,FALSE,FALSE,FALSE,
,,,,,,,,,,,,,,FALSE,FALSE,FALSE,FALSE,FALSE,
,,,,,,,,,,,,,,FALSE,FALSE,FALSE,FALSE,FALSE,
,,,,,,,,,,,,,,FALSE,FALSE,FALSE,FALSE,FALSE,
,,,,,,,,,,,,,,FALSE,FALSE,FALSE,FALSE,FALSE,
,,,,,,,,,,,,,,FALSE,FALSE,FALSE,FALSE,FALSE,
,,,,,,,,,,,,,,FALSE,FALSE,FALSE,FALSE,FALSE,
,,,,,,,,,,,,,,FALSE,FALSE,FALSE,FALSE,FALSE,
,,,,,,,,,,,,,,FALSE,FALSE,FALSE,FALSE,FALSE,
,,,,,,,,,,,,,,FALSE,FALSE,FALSE,FALSE,FALSE,
,,,,,,,,,,,,,,FALSE,FALSE,FALSE,FALSE,FALSE,
,,,,,,,,,,,,,,FALSE,FALSE,FALSE,FALSE,FALSE,
,,,,,,,,,,,,,,FALSE,FALSE,FALSE,FALSE,FALSE,
,,,,,,,,,,,,,,FALSE,FALSE,FALSE,FALSE,FALSE,
,,,,,,,,,,,,,,FALSE,FALSE,FALSE,FALSE,FALSE,
,,,,,,,,,,,,,,FALSE,FALSE,FALSE,FALSE,FALSE,
,,,,,,,,,,,,,,FALSE,FALSE,FALSE,FALSE,FALSE,
,,,,,,,,,,,,,,FALSE,FALSE,FALSE,FALSE,FALSE,
,,,,,,,,,,,,,,FALSE,FALSE,FALSE,FALSE,FALSE,
,,,,,,,,,,,,,,FALSE,FALSE,FALSE,FALSE,FALSE,
,,,,,,,,,,,,,,FALSE,FALSE,FALSE,FALSE,FALSE,
,,,,,,,,,,,,,,FALSE,FALSE,FALSE,FALSE,FALSE,
,,,,,,,,,,,,,,FALSE,FALSE,FALSE,FALSE,FALSE,
,,,,,,,,,,,,,,FALSE,FALSE,FALSE,FALSE,FALSE,
,,,,,,,,,,,,,,FALSE,FALSE,FALSE,FALSE,FALSE,
,,,,,,,,,,,,,,FALSE,FALSE,FALSE,FALSE,FALSE,
,,,,,,,,,,,,,,FALSE,FALSE,FALSE,FALSE,FALSE,
,,,,,,,,,,,,,,FALSE,FALSE,FALSE,FALSE,FALSE,
,,,,,,,,,,,,,,FALSE,FALSE,FALSE,FALSE,FALSE,
,,,,,,,,,,,,,,FALSE,FALSE,FALSE,FALSE,FALSE,
,,,,,,,,,,,,,,FALSE,FALSE,FALSE,FALSE,FALSE,
,,,,,,,,,,,,,,FALSE,FALSE,FALSE,FALSE,FALSE,
,,,,,,,,,,,,,,FALSE,FALSE,FALSE,FALSE,FALSE,
,,,,,,,,,,,,,,FALSE,FALSE,FALSE,FALSE,FALSE,
,,,,,,,,,,,,,,FALSE,FALSE,FALSE,FALSE,FALSE,
,,,,,,,,,,,,,,FALSE,FALSE,FALSE,FALSE,FALSE,
,,,,,,,,,,,,,,FALSE,FALSE,FALSE,FALSE,FALSE,
,,,,,,,,,,,,,,FALSE,FALSE,FALSE,FALSE,FALSE,
,,,,,,,,,,,,,,FALSE,FALSE,FALSE,FALSE,FALSE,
,,,,,,,,,,,,,,FALSE,FALSE,FALSE,FALSE,FALSE,
,,,,,,,,,,,,,,FALSE,FALSE,FALSE,FALSE,FALSE,
,,,,,,,,,,,,,,FALSE,FALSE,FALSE,FALSE,FALSE,
,,,,,,,,,,,,,,FALSE,FALSE,FALSE,FALSE,FALSE,
,,,,,,,,,,,,,,FALSE,FALSE,FALSE,FALSE,FALSE,
,,,,,,,,,,,,,,FALSE,FALSE,FALSE,FALSE,FALSE,
,,,,,,,,,,,,,,FALSE,FALSE,FALSE,FALSE,FALSE,
,,,,,,,,,,,,,,FALSE,FALSE,FALSE,FALSE,FALSE,
,,,,,,,,,,,,,,FALSE,FALSE,FALSE,FALSE,FALSE,
,,,,,,,,,,,,,,FALSE,FALSE,FALSE,FALSE,FALSE,
,,,,,,,,,,,,,,FALSE,FALSE,FALSE,FALSE,FALSE,
,,,,,,,,,,,,,,FALSE,FALSE,FALSE,FALSE,FALSE,
,,,,,,,,,,,,,,FALSE,FALSE,FALSE,FALSE,FALSE,
,,,,,,,,,,,,,,FALSE,FALSE,FALSE,FALSE,FALSE,
,,,,,,,,,,,,,,FALSE,FALSE,FALSE,FALSE,FALSE,
,,,,,,,,,,,,,,FALSE,FALSE,FALSE,FALSE,FALSE,
,,,,,,,,,,,,,,FALSE,FALSE,FALSE,FALSE,FALSE,
,,,,,,,,,,,,,,FALSE,FALSE,FALSE,FALSE,FALSE,
,,,,,,,,,,,,,,FALSE,FALSE,FALSE,FALSE,FALSE,
,,,,,,,,,,,,,,FALSE,FALSE,FALSE,FALSE,FALSE,
,,,,,,,,,,,,,,FALSE,FALSE,FALSE,FALSE,FALSE,
,,,,,,,,,,,,,,FALSE,FALSE,FALSE,FALSE,FALSE,
,,,,,,,,,,,,,,FALSE,FALSE,FALSE,FALSE,FALSE,
,,,,,,,,,,,,,,FALSE,FALSE,FALSE,FALSE,FALSE,
,,,,,,,,,,,,,,FALSE,FALSE,FALSE,FALSE,FALSE,
,,,,,,,,,,,,,,FALSE,FALSE,FALSE,FALSE,FALSE,
,,,,,,,,,,,,,,FALSE,FALSE,FALSE,FALSE,FALSE,
,,,,,,,,,,,,,,FALSE,FALSE,FALSE,FALSE,FALSE,
,,,,,,,,,,,,,,FALSE,FALSE,FALSE,FALSE,FALSE,
,,,,,,,,,,,,,,FALSE,FALSE,FALSE,FALSE,FALSE,
,,,,,,,,,,,,,,FALSE,FALSE,FALSE,FALSE,FALSE,
,,,,,,,,,,,,,,FALSE,FALSE,FALSE,FALSE,FALSE,
,,,,,,,,,,,,,,FALSE,FALSE,FALSE,FALSE,FALSE,
,,,,,,,,,,,,,,FALSE,FALSE,FALSE,FALSE,FALSE,
,,,,,,,,,,,,,,FALSE,FALSE,FALSE,FALSE,FALSE,
,,,,,,,,,,,,,,FALSE,FALSE,FALSE,FALSE,FALSE,
,,,,,,,,,,,,,,FALSE,FALSE,FALSE,FALSE,FALSE,
,,,,,,,,,,,,,,FALSE,FALSE,FALSE,FALSE,FALSE,
,,,,,,,,,,,,,,FALSE,FALSE,FALSE,FALSE,FALSE,
,,,,,,,,,,,,,,FALSE,FALSE,FALSE,FALSE,FALSE,
,,,,,,,,,,,,,,FALSE,FALSE,FALSE,FALSE,FALSE,
,,,,,,,,,,,,,,FALSE,FALSE,FALSE,FALSE,FALSE,
,,,,,,,,,,,,,,FALSE,FALSE,FALSE,FALSE,FALSE,
,,,,,,,,,,,,,,FALSE,FALSE,FALSE,FALSE,FALSE,
,,,,,,,,,,,,,,FALSE,FALSE,FALSE,FALSE,FALSE,
,,,,,,,,,,,,,,FALSE,FALSE,FALSE,FALSE,FALSE,
,,,,,,,,,,,,,,FALSE,FALSE,FALSE,FALSE,FALSE,
,,,,,,,,,,,,,,FALSE,FALSE,FALSE,FALSE,FALSE,
,,,,,,,,,,,,,,FALSE,FALSE,FALSE,FALSE,FALSE,
,,,,,,,,,,,,,,FALSE,FALSE,FALSE,FALSE,FALSE,
,,,,,,,,,,,,,,FALSE,FALSE,FALSE,FALSE,FALSE,
,,,,,,,,,,,,,,FALSE,FALSE,FALSE,FALSE,FALSE,
,,,,,,,,,,,,,,FALSE,FALSE,FALSE,FALSE,FALSE,
,,,,,,,,,,,,,,FALSE,FALSE,FALSE,FALSE,FALSE,
,,,,,,,,,,,,,,FALSE,FALSE,FALSE,FALSE,FALSE,
,,,,,,,,,,,,,,FALSE,FALSE,FALSE,FALSE,FALSE,
,,,,,,,,,,,,,,FALSE,FALSE,FALSE,FALSE,FALSE,
,,,,,,,,,,,,,,FALSE,FALSE,FALSE,FALSE,FALSE,
,,,,,,,,,,,,,,FALSE,FALSE,FALSE,FALSE,FALSE,
,,,,,,,,,,,,,,FALSE,FALSE,FALSE,FALSE,FALSE,
,,,,,,,,,,,,,,FALSE,FALSE,FALSE,FALSE,FALSE,
,,,,,,,,,,,,,,FALSE,FALSE,FALSE,FALSE,FALSE,
,,,,,,,,,,,,,,FALSE,FALSE,FALSE,FALSE,FALSE,
,,,,,,,,,,,,,,FALSE,FALSE,FALSE,FALSE,FALSE,
,,,,,,,,,,,,,,FALSE,FALSE,FALSE,FALSE,FALSE,
,,,,,,,,,,,,,,FALSE,FALSE,FALSE,FALSE,FALSE,
,,,,,,,,,,,,,,FALSE,FALSE,FALSE,FALSE,FALSE,
,,,,,,,,,,,,,,FALSE,FALSE,FALSE,FALSE,FALSE,
,,,,,,,,,,,,,,FALSE,FALSE,FALSE,FALSE,FALSE,
,,,,,,,,,,,,,,FALSE,FALSE,FALSE,FALSE,FALSE,
,,,,,,,,,,,,,,FALSE,FALSE,FALSE,FALSE,FALSE,
,,,,,,,,,,,,,,FALSE,FALSE,FALSE,FALSE,FALSE,
,,,,,,,,,,,,,,FALSE,FALSE,FALSE,FALSE,FALSE,
,,,,,,,,,,,,,,FALSE,FALSE,FALSE,FALSE,FALSE,
,,,,,,,,,,,,,,FALSE,FALSE,FALSE,FALSE,FALSE,
,,,,,,,,,,,,,,FALSE,FALSE,FALSE,FALSE,FALSE,
,,,,,,,,,,,,,,FALSE,FALSE,FALSE,FALSE,FALSE,
,,,,,,,,,,,,,,FALSE,FALSE,FALSE,FALSE,FALSE,
,,,,,,,,,,,,,,FALSE,FALSE,FALSE,FALSE,FALSE,
,,,,,,,,,,,,,,FALSE,FALSE,FALSE,FALSE,FALSE,
,,,,,,,,,,,,,,FALSE,FALSE,FALSE,FALSE,FALSE,
,,,,,,,,,,,,,,FALSE,FALSE,FALSE,FALSE,FALSE,
,,,,,,,,,,,,,,FALSE,FALSE,FALSE,FALSE,FALSE,
,,,,,,,,,,,,,,FALSE,FALSE,FALSE,FALSE,FALSE,
,,,,,,,,,,,,,,FALSE,FALSE,FALSE,FALSE,FALSE,
,,,,,,,,,,,,,,FALSE,FALSE,FALSE,FALSE,FALSE,
,,,,,,,,,,,,,,FALSE,FALSE,FALSE,FALSE,FALSE,
,,,,,,,,,,,,,,FALSE,FALSE,FALSE,FALSE,FALSE,
,,,,,,,,,,,,,,FALSE,FALSE,FALSE,FALSE,FALSE,
,,,,,,,,,,,,,,FALSE,FALSE,FALSE,FALSE,FALSE,
,,,,,,,,,,,,,,FALSE,FALSE,FALSE,FALSE,FALSE,
,,,,,,,,,,,,,,FALSE,FALSE,FALSE,FALSE,FALSE,
,,,,,,,,,,,,,,FALSE,FALSE,FALSE,FALSE,FALSE,
,,,,,,,,,,,,,,FALSE,FALSE,FALSE,FALSE,FALSE,
,,,,,,,,,,,,,,FALSE,FALSE,FALSE,FALSE,FALSE,
,,,,,,,,,,,,,,FALSE,FALSE,FALSE,FALSE,FALSE,
,,,,,,,,,,,,,,FALSE,FALSE,FALSE,FALSE,FALSE,
,,,,,,,,,,,,,,FALSE,FALSE,FALSE,FALSE,FALSE,
,,,,,,,,,,,,,,FALSE,FALSE,FALSE,FALSE,FALSE,
,,,,,,,,,,,,,,FALSE,FALSE,FALSE,FALSE,FALSE,
,,,,,,,,,,,,,,FALSE,FALSE,FALSE,FALSE,FALSE,
,,,,,,,,,,,,,,FALSE,FALSE,FALSE,FALSE,FALSE,
,,,,,,,,,,,,,,FALSE,FALSE,FALSE,FALSE,FALSE,
,,,,,,,,,,,,,,FALSE,FALSE,FALSE,FALSE,FALSE,
,,,,,,,,,,,,,,FALSE,FALSE,FALSE,FALSE,FALSE,
,,,,,,,,,,,,,,FALSE,FALSE,FALSE,FALSE,FALSE,
,,,,,,,,,,,,,,FALSE,FALSE,FALSE,FALSE,FALSE,
,,,,,,,,,,,,,,FALSE,FALSE,FALSE,FALSE,FALSE,
,,,,,,,,,,,,,,FALSE,FALSE,FALSE,FALSE,FALSE,
,,,,,,,,,,,,,,FALSE,FALSE,FALSE,FALSE,FALSE,
,,,,,,,,,,,,,,FALSE,FALSE,FALSE,FALSE,FALSE,
,,,,,,,,,,,,,,FALSE,FALSE,FALSE,FALSE,FALSE,
,,,,,,,,,,,,,,FALSE,FALSE,FALSE,FALSE,FALSE,
,,,,,,,,,,,,,,FALSE,FALSE,FALSE,FALSE,FALSE,
,,,,,,,,,,,,,,FALSE,FALSE,FALSE,FALSE,FALSE,
,,,,,,,,,,,,,,FALSE,FALSE,FALSE,FALSE,FALSE,
,,,,,,,,,,,,,,FALSE,FALSE,FALSE,FALSE,FALSE,
,,,,,,,,,,,,,,FALSE,FALSE,FALSE,FALSE,FALSE,
,,,,,,,,,,,,,,FALSE,FALSE,FALSE,FALSE,FALSE,
,,,,,,,,,,,,,,FALSE,FALSE,FALSE,FALSE,FALSE,
,,,,,,,,,,,,,,FALSE,FALSE,FALSE,FALSE,FALSE,
,,,,,,,,,,,,,,FALSE,FALSE,FALSE,FALSE,FALSE,
,,,,,,,,,,,,,,FALSE,FALSE,FALSE,FALSE,FALSE,
,,,,,,,,,,,,,,FALSE,FALSE,FALSE,FALSE,FALSE,
,,,,,,,,,,,,,,FALSE,FALSE,FALSE,FALSE,FALSE,
,,,,,,,,,,,,,,FALSE,FALSE,FALSE,FALSE,FALSE,
,,,,,,,,,,,,,,FALSE,FALSE,FALSE,FALSE,FALSE,
,,,,,,,,,,,,,,FALSE,FALSE,FALSE,FALSE,FALSE,
,,,,,,,,,,,,,,FALSE,FALSE,FALSE,FALSE,FALSE,
,,,,,,,,,,,,,,FALSE,FALSE,FALSE,FALSE,FALSE,
,,,,,,,,,,,,,,FALSE,FALSE,FALSE,FALSE,FALSE,
,,,,,,,,,,,,,,FALSE,FALSE,FALSE,FALSE,FALSE,
,,,,,,,,,,,,,,FALSE,FALSE,FALSE,FALSE,FALSE,
,,,,,,,,,,,,,,FALSE,FALSE,FALSE,FALSE,FALSE,
,,,,,,,,,,,,,,FALSE,FALSE,FALSE,FALSE,FALSE,
,,,,,,,,,,,,,,FALSE,FALSE,FALSE,FALSE,FALSE,
,,,,,,,,,,,,,,FALSE,FALSE,FALSE,FALSE,FALSE,
,,,,,,,,,,,,,,FALSE,FALSE,FALSE,FALSE,FALSE,
,,,,,,,,,,,,,,FALSE,FALSE,FALSE,FALSE,FALSE,
,,,,,,,,,,,,,,FALSE,FALSE,FALSE,FALSE,FALSE,
,,,,,,,,,,,,,,FALSE,FALSE,FALSE,FALSE,FALSE,
,,,,,,,,,,,,,,FALSE,FALSE,FALSE,FALSE,FALSE,
,,,,,,,,,,,,,,FALSE,FALSE,FALSE,FALSE,FALSE,
,,,,,,,,,,,,,,FALSE,FALSE,FALSE,FALSE,FALSE,
,,,,,,,,,,,,,,FALSE,FALSE,FALSE,FALSE,FALSE,
,,,,,,,,,,,,,,FALSE,FALSE,FALSE,FALSE,FALSE,
,,,,,,,,,,,,,,FALSE,FALSE,FALSE,FALSE,FALSE,
,,,,,,,,,,,,,,FALSE,FALSE,FALSE,FALSE,FALSE,
,,,,,,,,,,,,,,FALSE,FALSE,FALSE,FALSE,FALSE,
,,,,,,,,,,,,,,FALSE,FALSE,FALSE,FALSE,FALSE,
,,,,,,,,,,,,,,FALSE,FALSE,FALSE,FALSE,FALSE,
,,,,,,,,,,,,,,FALSE,FALSE,FALSE,FALSE,FALSE,
,,,,,,,,,,,,,,FALSE,FALSE,FALSE,FALSE,FALSE,
,,,,,,,,,,,,,,FALSE,FALSE,FALSE,FALSE,FALSE,
,,,,,,,,,,,,,,FALSE,FALSE,FALSE,FALSE,FALSE,
,,,,,,,,,,,,,,FALSE,FALSE,FALSE,FALSE,FALSE,
,,,,,,,,,,,,,,FALSE,FALSE,FALSE,FALSE,FALSE,
,,,,,,,,,,,,,,FALSE,FALSE,FALSE,FALSE,FALSE,
,,,,,,,,,,,,,,FALSE,FALSE,FALSE,FALSE,FALSE,
,,,,,,,,,,,,,,FALSE,FALSE,FALSE,FALSE,FALSE,
,,,,,,,,,,,,,,FALSE,FALSE,FALSE,FALSE,FALSE,
,,,,,,,,,,,,,,FALSE,FALSE,FALSE,FALSE,FALSE,
,,,,,,,,,,,,,,FALSE,FALSE,FALSE,FALSE,FALSE,
,,,,,,,,,,,,,,FALSE,FALSE,FALSE,FALSE,FALSE,
,,,,,,,,,,,,,,FALSE,FALSE,FALSE,FALSE,FALSE,
,,,,,,,,,,,,,,FALSE,FALSE,FALSE,FALSE,FALSE,
,,,,,,,,,,,,,,FALSE,FALSE,FALSE,FALSE,FALSE,
,,,,,,,,,,,,,,FALSE,FALSE,FALSE,FALSE,FALSE,
,,,,,,,,,,,,,,FALSE,FALSE,FALSE,FALSE,FALSE,
,,,,,,,,,,,,,,FALSE,FALSE,FALSE,FALSE,FALSE,
,,,,,,,,,,,,,,FALSE,FALSE,FALSE,FALSE,FALSE,
,,,,,,,,,,,,,,FALSE,FALSE,FALSE,FALSE,FALSE,
,,,,,,,,,,,,,,FALSE,FALSE,FALSE,FALSE,FALSE,
,,,,,,,,,,,,,,FALSE,FALSE,FALSE,FALSE,FALSE,
,,,,,,,,,,,,,,FALSE,FALSE,FALSE,FALSE,FALSE,
,,,,,,,,,,,,,,FALSE,FALSE,FALSE,FALSE,FALSE,
,,,,,,,,,,,,,,FALSE,FALSE,FALSE,FALSE,FALSE,
,,,,,,,,,,,,,,FALSE,FALSE,FALSE,FALSE,FALSE,
,,,,,,,,,,,,,,FALSE,FALSE,FALSE,FALSE,FALSE,
,,,,,,,,,,,,,,FALSE,FALSE,FALSE,FALSE,FALSE,
,,,,,,,,,,,,,,FALSE,FALSE,FALSE,FALSE,FALSE,
,,,,,,,,,,,,,,FALSE,FALSE,FALSE,FALSE,FALSE,
,,,,,,,,,,,,,,FALSE,FALSE,FALSE,FALSE,FALSE,
,,,,,,,,,,,,,,FALSE,FALSE,FALSE,FALSE,FALSE,
,,,,,,,,,,,,,,FALSE,FALSE,FALSE,FALSE,FALSE,
,,,,,,,,,,,,,,FALSE,FALSE,FALSE,FALSE,FALSE,
,,,,,,,,,,,,,,FALSE,FALSE,FALSE,FALSE,FALSE,
,,,,,,,,,,,,,,FALSE,FALSE,FALSE,FALSE,FALSE,
,,,,,,,,,,,,,,FALSE,FALSE,FALSE,FALSE,FALSE,
,,,,,,,,,,,,,,FALSE,FALSE,FALSE,FALSE,FALSE,
,,,,,,,,,,,,,,FALSE,FALSE,FALSE,FALSE,FALSE,
,,,,,,,,,,,,,,FALSE,FALSE,FALSE,FALSE,FALSE,
,,,,,,,,,,,,,,FALSE,FALSE,FALSE,FALSE,FALSE,
,,,,,,,,,,,,,,FALSE,FALSE,FALSE,FALSE,FALSE,
,,,,,,,,,,,,,,FALSE,FALSE,FALSE,FALSE,FALSE,
,,,,,,,,,,,,,,FALSE,FALSE,FALSE,FALSE,FALSE,
,,,,,,,,,,,,,,FALSE,FALSE,FALSE,FALSE,FALSE,
,,,,,,,,,,,,,,FALSE,FALSE,FALSE,FALSE,FALSE,
,,,,,,,,,,,,,,FALSE,FALSE,FALSE,FALSE,FALSE,
,,,,,,,,,,,,,,FALSE,FALSE,FALSE,FALSE,FALSE,
,,,,,,,,,,,,,,FALSE,FALSE,FALSE,FALSE,FALSE,
,,,,,,,,,,,,,,FALSE,FALSE,FALSE,FALSE,FALSE,
,,,,,,,,,,,,,,FALSE,FALSE,FALSE,FALSE,FALSE,
,,,,,,,,,,,,,,FALSE,FALSE,FALSE,FALSE,FALSE,
,,,,,,,,,,,,,,FALSE,FALSE,FALSE,FALSE,FALSE,
,,,,,,,,,,,,,,FALSE,FALSE,FALSE,FALSE,FALSE,
,,,,,,,,,,,,,,FALSE,FALSE,FALSE,FALSE,FALSE,
,,,,,,,,,,,,,,FALSE,FALSE,FALSE,FALSE,FALSE,
,,,,,,,,,,,,,,FALSE,FALSE,FALSE,FALSE,FALSE,
,,,,,,,,,,,,,,FALSE,FALSE,FALSE,FALSE,FALSE,
,,,,,,,,,,,,,,FALSE,FALSE,FALSE,FALSE,FALSE,
,,,,,,,,,,,,,,FALSE,FALSE,FALSE,FALSE,FALSE,
,,,,,,,,,,,,,,FALSE,FALSE,FALSE,FALSE,FALSE,
,,,,,,,,,,,,,,FALSE,FALSE,FALSE,FALSE,FALSE,
,,,,,,,,,,,,,,FALSE,FALSE,FALSE,FALSE,FALSE,
,,,,,,,,,,,,,,FALSE,FALSE,FALSE,FALSE,FALSE,
,,,,,,,,,,,,,,FALSE,FALSE,FALSE,FALSE,FALSE,
,,,,,,,,,,,,,,FALSE,FALSE,FALSE,FALSE,FALSE,
,,,,,,,,,,,,,,FALSE,FALSE,FALSE,FALSE,FALSE,
,,,,,,,,,,,,,,FALSE,FALSE,FALSE,FALSE,FALSE,
,,,,,,,,,,,,,,FALSE,FALSE,FALSE,FALSE,FALSE,
,,,,,,,,,,,,,,FALSE,FALSE,FALSE,FALSE,FALSE,
,,,,,,,,,,,,,,FALSE,FALSE,FALSE,FALSE,FALSE,
,,,,,,,,,,,,,,FALSE,FALSE,FALSE,FALSE,FALSE,
,,,,,,,,,,,,,,FALSE,FALSE,FALSE,FALSE,FALSE,
,,,,,,,,,,,,,,FALSE,FALSE,FALSE,FALSE,FALSE,
,,,,,,,,,,,,,,FALSE,FALSE,FALSE,FALSE,FALSE,
,,,,,,,,,,,,,,FALSE,FALSE,FALSE,FALSE,FALSE,
,,,,,,,,,,,,,,FALSE,FALSE,FALSE,FALSE,FALSE,
,,,,,,,,,,,,,,FALSE,FALSE,FALSE,FALSE,FALSE,
,,,,,,,,,,,,,,FALSE,FALSE,FALSE,FALSE,FALSE,
,,,,,,,,,,,,,,FALSE,FALSE,FALSE,FALSE,FALSE,
,,,,,,,,,,,,,,FALSE,FALSE,FALSE,FALSE,FALSE,
,,,,,,,,,,,,,,FALSE,FALSE,FALSE,FALSE,FALSE,
,,,,,,,,,,,,,,FALSE,FALSE,FALSE,FALSE,FALSE,
,,,,,,,,,,,,,,FALSE,FALSE,FALSE,FALSE,FALSE,
,,,,,,,,,,,,,,FALSE,FALSE,FALSE,FALSE,FALSE,
,,,,,,,,,,,,,,FALSE,FALSE,FALSE,FALSE,FALSE,
,,,,,,,,,,,,,,FALSE,FALSE,FALSE,FALSE,FALSE,
,,,,,,,,,,,,,,FALSE,FALSE,FALSE,FALSE,FALSE,
,,,,,,,,,,,,,,FALSE,FALSE,FALSE,FALSE,FALSE,
,,,,,,,,,,,,,,FALSE,FALSE,FALSE,FALSE,FALSE,
,,,,,,,,,,,,,,FALSE,FALSE,FALSE,FALSE,FALSE,
,,,,,,,,,,,,,,FALSE,FALSE,FALSE,FALSE,FALSE,
,,,,,,,,,,,,,,FALSE,FALSE,FALSE,FALSE,FALSE,
,,,,,,,,,,,,,,FALSE,FALSE,FALSE,FALSE,FALSE,
,,,,,,,,,,,,,,FALSE,FALSE,FALSE,FALSE,FALSE,
,,,,,,,,,,,,,,FALSE,FALSE,FALSE,FALSE,FALSE,
,,,,,,,,,,,,,,FALSE,FALSE,FALSE,FALSE,FALSE,
,,,,,,,,,,,,,,FALSE,FALSE,FALSE,FALSE,FALSE,
,,,,,,,,,,,,,,FALSE,FALSE,FALSE,FALSE,FALSE,
,,,,,,,,,,,,,,FALSE,FALSE,FALSE,FALSE,FALSE,
,,,,,,,,,,,,,,FALSE,FALSE,FALSE,FALSE,FALSE,
,,,,,,,,,,,,,,FALSE,FALSE,FALSE,FALSE,FALSE,
,,,,,,,,,,,,,,FALSE,FALSE,FALSE,FALSE,FALSE,
,,,,,,,,,,,,,,FALSE,FALSE,FALSE,FALSE,FALSE,
,,,,,,,,,,,,,,FALSE,FALSE,FALSE,FALSE,FALSE,
,,,,,,,,,,,,,,FALSE,FALSE,FALSE,FALSE,FALSE,
,,,,,,,,,,,,,,FALSE,FALSE,FALSE,FALSE,FALSE,
,,,,,,,,,,,,,,FALSE,FALSE,FALSE,FALSE,FALSE,
,,,,,,,,,,,,,,FALSE,FALSE,FALSE,FALSE,FALSE,
,,,,,,,,,,,,,,FALSE,FALSE,FALSE,FALSE,FALSE,
,,,,,,,,,,,,,,FALSE,FALSE,FALSE,FALSE,FALSE,
,,,,,,,,,,,,,,FALSE,FALSE,FALSE,FALSE,FALSE,
,,,,,,,,,,,,,,FALSE,FALSE,FALSE,FALSE,FALSE,
,,,,,,,,,,,,,,FALSE,FALSE,FALSE,FALSE,FALSE,
,,,,,,,,,,,,,,FALSE,FALSE,FALSE,FALSE,FALSE,
,,,,,,,,,,,,,,FALSE,FALSE,FALSE,FALSE,FALSE,
,,,,,,,,,,,,,,FALSE,FALSE,FALSE,FALSE,FALSE,
,,,,,,,,,,,,,,FALSE,FALSE,FALSE,FALSE,FALSE,
,,,,,,,,,,,,,,FALSE,FALSE,FALSE,FALSE,FALSE,
,,,,,,,,,,,,,,FALSE,FALSE,FALSE,FALSE,FALSE,
,,,,,,,,,,,,,,FALSE,FALSE,FALSE,FALSE,FALSE,
,,,,,,,,,,,,,,FALSE,FALSE,FALSE,FALSE,FALSE,
,,,,,,,,,,,,,,FALSE,FALSE,FALSE,FALSE,FALSE,
,,,,,,,,,,,,,,FALSE,FALSE,FALSE,FALSE,FALSE,
,,,,,,,,,,,,,,FALSE,FALSE,FALSE,FALSE,FALSE,
,,,,,,,,,,,,,,FALSE,FALSE,FALSE,FALSE,FALSE,
,,,,,,,,,,,,,,FALSE,FALSE,FALSE,FALSE,FALSE,
,,,,,,,,,,,,,,FALSE,FALSE,FALSE,FALSE,FALSE,
,,,,,,,,,,,,,,FALSE,FALSE,FALSE,FALSE,FALSE,
,,,,,,,,,,,,,,FALSE,FALSE,FALSE,FALSE,FALSE,
,,,,,,,,,,,,,,FALSE,FALSE,FALSE,FALSE,FALSE,
,,,,,,,,,,,,,,FALSE,FALSE,FALSE,FALSE,FALSE,
,,,,,,,,,,,,,,FALSE,FALSE,FALSE,FALSE,FALSE,
,,,,,,,,,,,,,,FALSE,FALSE,FALSE,FALSE,FALSE,
,,,,,,,,,,,,,,FALSE,FALSE,FALSE,FALSE,FALSE,
,,,,,,,,,,,,,,FALSE,FALSE,FALSE,FALSE,FALSE,
,,,,,,,,,,,,,,FALSE,FALSE,FALSE,FALSE,FALSE,
,,,,,,,,,,,,,,FALSE,FALSE,FALSE,FALSE,FALSE,
,,,,,,,,,,,,,,FALSE,FALSE,FALSE,FALSE,FALSE,
,,,,,,,,,,,,,,FALSE,FALSE,FALSE,FALSE,FALSE,
,,,,,,,,,,,,,,FALSE,FALSE,FALSE,FALSE,FALSE,
,,,,,,,,,,,,,,FALSE,FALSE,FALSE,FALSE,FALSE,
,,,,,,,,,,,,,,FALSE,FALSE,FALSE,FALSE,FALSE,
,,,,,,,,,,,,,,FALSE,FALSE,FALSE,FALSE,FALSE,
,,,,,,,,,,,,,,FALSE,FALSE,FALSE,FALSE,FALSE,
,,,,,,,,,,,,,,FALSE,FALSE,FALSE,FALSE,FALSE,
,,,,,,,,,,,,,,FALSE,FALSE,FALSE,FALSE,FALSE,
,,,,,,,,,,,,,,FALSE,FALSE,FALSE,FALSE,FALSE,
,,,,,,,,,,,,,,FALSE,FALSE,FALSE,FALSE,FALSE,
,,,,,,,,,,,,,,FALSE,FALSE,FALSE,FALSE,FALSE,
,,,,,,,,,,,,,,FALSE,FALSE,FALSE,FALSE,FALSE,
,,,,,,,,,,,,,,FALSE,FALSE,FALSE,FALSE,FALSE,
,,,,,,,,,,,,,,FALSE,FALSE,FALSE,FALSE,FALSE,
,,,,,,,,,,,,,,FALSE,FALSE,FALSE,FALSE,FALSE,
,,,,,,,,,,,,,,FALSE,FALSE,FALSE,FALSE,FALSE,
,,,,,,,,,,,,,,FALSE,FALSE,FALSE,FALSE,FALSE,
,,,,,,,,,,,,,,FALSE,FALSE,FALSE,FALSE,FALSE,
,,,,,,,,,,,,,,FALSE,FALSE,FALSE,FALSE,FALSE,
,,,,,,,,,,,,,,FALSE,FALSE,FALSE,FALSE,FALSE,
,,,,,,,,,,,,,,FALSE,FALSE,FALSE,FALSE,FALSE,
,,,,,,,,,,,,,,FALSE,FALSE,FALSE,FALSE,FALSE,
,,,,,,,,,,,,,,FALSE,FALSE,FALSE,FALSE,FALSE,
,,,,,,,,,,,,,,FALSE,FALSE,FALSE,FALSE,FALSE,
,,,,,,,,,,,,,,FALSE,FALSE,FALSE,FALSE,FALSE,
,,,,,,,,,,,,,,FALSE,FALSE,FALSE,FALSE,FALSE,
,,,,,,,,,,,,,,FALSE,FALSE,FALSE,FALSE,FALSE,
,,,,,,,,,,,,,,FALSE,FALSE,FALSE,FALSE,FALSE,
,,,,,,,,,,,,,,FALSE,FALSE,FALSE,FALSE,FALSE,
,,,,,,,,,,,,,,FALSE,FALSE,FALSE,FALSE,FALSE,
,,,,,,,,,,,,,,FALSE,FALSE,FALSE,FALSE,FALSE,
,,,,,,,,,,,,,,FALSE,FALSE,FALSE,FALSE,FALSE,
,,,,,,,,,,,,,,FALSE,FALSE,FALSE,FALSE,FALSE,
,,,,,,,,,,,,,,FALSE,FALSE,FALSE,FALSE,FALSE,
,,,,,,,,,,,,,,FALSE,FALSE,FALSE,FALSE,FALSE,
,,,,,,,,,,,,,,FALSE,FALSE,FALSE,FALSE,FALSE,
,,,,,,,,,,,,,,FALSE,FALSE,FALSE,FALSE,FALSE,
,,,,,,,,,,,,,,FALSE,FALSE,FALSE,FALSE,FALSE,
,,,,,,,,,,,,,,FALSE,FALSE,FALSE,FALSE,FALSE,
,,,,,,,,,,,,,,FALSE,FALSE,FALSE,FALSE,FALSE,
,,,,,,,,,,,,,,FALSE,FALSE,FALSE,FALSE,FALSE,
,,,,,,,,,,,,,,FALSE,FALSE,FALSE,FALSE,FALSE,
,,,,,,,,,,,,,,FALSE,FALSE,FALSE,FALSE,FALSE,
,,,,,,,,,,,,,,FALSE,FALSE,FALSE,FALSE,FALSE,
,,,,,,,,,,,,,,FALSE,FALSE,FALSE,FALSE,FALSE,
,,,,,,,,,,,,,,FALSE,FALSE,FALSE,FALSE,FALSE,
,,,,,,,,,,,,,,FALSE,FALSE,FALSE,FALSE,FALSE,
,,,,,,,,,,,,,,FALSE,FALSE,FALSE,FALSE,FALSE,
,,,,,,,,,,,,,,FALSE,FALSE,FALSE,FALSE,FALSE,
,,,,,,,,,,,,,,FALSE,FALSE,FALSE,FALSE,FALSE,
,,,,,,,,,,,,,,FALSE,FALSE,FALSE,FALSE,FALSE,
,,,,,,,,,,,,,,FALSE,FALSE,FALSE,FALSE,FALSE,
,,,,,,,,,,,,,,FALSE,FALSE,FALSE,FALSE,FALSE,
,,,,,,,,,,,,,,FALSE,FALSE,FALSE,FALSE,FALSE,
,,,,,,,,,,,,,,FALSE,FALSE,FALSE,FALSE,FALSE,
,,,,,,,,,,,,,,FALSE,FALSE,FALSE,FALSE,FALSE,
,,,,,,,,,,,,,,FALSE,FALSE,FALSE,FALSE,FALSE,
,,,,,,,,,,,,,,FALSE,FALSE,FALSE,FALSE,FALSE,
,,,,,,,,,,,,,,FALSE,FALSE,FALSE,FALSE,FALSE,
,,,,,,,,,,,,,,FALSE,FALSE,FALSE,FALSE,FALSE,
,,,,,,,,,,,,,,FALSE,FALSE,FALSE,FALSE,FALSE,
,,,,,,,,,,,,,,FALSE,FALSE,FALSE,FALSE,FALSE,
,,,,,,,,,,,,,,FALSE,FALSE,FALSE,FALSE,FALSE,
,,,,,,,,,,,,,,FALSE,FALSE,FALSE,FALSE,FALSE,
,,,,,,,,,,,,,,FALSE,FALSE,FALSE,FALSE,FALSE,
,,,,,,,,,,,,,,FALSE,FALSE,FALSE,FALSE,FALSE,
,,,,,,,,,,,,,,FALSE,FALSE,FALSE,FALSE,FALSE,
,,,,,,,,,,,,,,FALSE,FALSE,FALSE,FALSE,FALSE,
,,,,,,,,,,,,,,FALSE,FALSE,FALSE,FALSE,FALSE,
,,,,,,,,,,,,,,FALSE,FALSE,FALSE,FALSE,FALSE,
,,,,,,,,,,,,,,FALSE,FALSE,FALSE,FALSE,FALSE,
,,,,,,,,,,,,,,FALSE,FALSE,FALSE,FALSE,FALSE,
,,,,,,,,,,,,,,FALSE,FALSE,FALSE,FALSE,FALSE,
,,,,,,,,,,,,,,FALSE,FALSE,FALSE,FALSE,FALSE,
,,,,,,,,,,,,,,FALSE,FALSE,FALSE,FALSE,FALSE,
,,,,,,,,,,,,,,FALSE,FALSE,FALSE,FALSE,FALSE,
,,,,,,,,,,,,,,FALSE,FALSE,FALSE,FALSE,FALSE,
,,,,,,,,,,,,,,FALSE,FALSE,FALSE,FALSE,FALSE,
,,,,,,,,,,,,,,FALSE,FALSE,FALSE,FALSE,FALSE,
,,,,,,,,,,,,,,FALSE,FALSE,FALSE,FALSE,FALSE,
,,,,,,,,,,,,,,FALSE,FALSE,FALSE,FALSE,FALSE,
,,,,,,,,,,,,,,FALSE,FALSE,FALSE,FALSE,FALSE,
,,,,,,,,,,,,,,FALSE,FALSE,FALSE,FALSE,FALSE,
,,,,,,,,,,,,,,FALSE,FALSE,FALSE,FALSE,FALSE,
,,,,,,,,,,,,,,FALSE,FALSE,FALSE,FALSE,FALSE,
,,,,,,,,,,,,,,FALSE,FALSE,FALSE,FALSE,FALSE,
,,,,,,,,,,,,,,FALSE,FALSE,FALSE,FALSE,FALSE,
,,,,,,,,,,,,,,FALSE,FALSE,FALSE,FALSE,FALSE,
,,,,,,,,,,,,,,FALSE,FALSE,FALSE,FALSE,FALSE,
,,,,,,,,,,,,,,FALSE,FALSE,FALSE,FALSE,FALSE,
,,,,,,,,,,,,,,FALSE,FALSE,FALSE,FALSE,FALSE,
,,,,,,,,,,,,,,FALSE,FALSE,FALSE,FALSE,FALSE,
,,,,,,,,,,,,,,FALSE,FALSE,FALSE,FALSE,FALSE,
,,,,,,,,,,,,,,FALSE,FALSE,FALSE,FALSE,FALSE,
,,,,,,,,,,,,,,FALSE,FALSE,FALSE,FALSE,FALSE,
,,,,,,,,,,,,,,FALSE,FALSE,FALSE,FALSE,FALSE,
,,,,,,,,,,,,,,FALSE,FALSE,FALSE,FALSE,FALSE,
,,,,,,,,,,,,,,FALSE,FALSE,FALSE,FALSE,FALSE,
,,,,,,,,,,,,,,FALSE,FALSE,FALSE,FALSE,FALSE,
,,,,,,,,,,,,,,FALSE,FALSE,FALSE,FALSE,FALSE,
,,,,,,,,,,,,,,FALSE,FALSE,FALSE,FALSE,FALSE,
,,,,,,,,,,,,,,FALSE,FALSE,FALSE,FALSE,FALSE,
,,,,,,,,,,,,,,FALSE,FALSE,FALSE,FALSE,FALSE,
,,,,,,,,,,,,,,FALSE,FALSE,FALSE,FALSE,FALSE,
,,,,,,,,,,,,,,FALSE,FALSE,FALSE,FALSE,FALSE,
,,,,,,,,,,,,,,FALSE,FALSE,FALSE,FALSE,FALSE,
,,,,,,,,,,,,,,FALSE,FALSE,FALSE,FALSE,FALSE,
,,,,,,,,,,,,,,FALSE,FALSE,FALSE,FALSE,FALSE,
,,,,,,,,,,,,,,FALSE,FALSE,FALSE,FALSE,FALSE,
,,,,,,,,,,,,,,FALSE,FALSE,FALSE,FALSE,FALSE,
,,,,,,,,,,,,,,FALSE,FALSE,FALSE,FALSE,FALSE,
,,,,,,,,,,,,,,FALSE,FALSE,FALSE,FALSE,FALSE,
,,,,,,,,,,,,,,FALSE,FALSE,FALSE,FALSE,FALSE,
,,,,,,,,,,,,,,FALSE,FALSE,FALSE,FALSE,FALSE,
,,,,,,,,,,,,,,FALSE,FALSE,FALSE,FALSE,FALSE,
,,,,,,,,,,,,,,FALSE,FALSE,FALSE,FALSE,FALSE,
,,,,,,,,,,,,,,FALSE,FALSE,FALSE,FALSE,FALSE,
,,,,,,,,,,,,,,FALSE,FALSE,FALSE,FALSE,FALSE,
,,,,,,,,,,,,,,FALSE,FALSE,FALSE,FALSE,FALSE,
,,,,,,,,,,,,,,FALSE,FALSE,FALSE,FALSE,FALSE,
,,,,,,,,,,,,,,FALSE,FALSE,FALSE,FALSE,FALSE,
,,,,,,,,,,,,,,FALSE,FALSE,FALSE,FALSE,FALSE,
,,,,,,,,,,,,,,FALSE,FALSE,FALSE,FALSE,FALSE,
,,,,,,,,,,,,,,FALSE,FALSE,FALSE,FALSE,FALSE,
,,,,,,,,,,,,,,FALSE,FALSE,FALSE,FALSE,FALSE,
,,,,,,,,,,,,,,FALSE,FALSE,FALSE,FALSE,FALSE,
,,,,,,,,,,,,,,FALSE,FALSE,FALSE,FALSE,FALSE,
,,,,,,,,,,,,,,FALSE,FALSE,FALSE,FALSE,FALSE,
,,,,,,,,,,,,,,FALSE,FALSE,FALSE,FALSE,FALSE,
,,,,,,,,,,,,,,FALSE,FALSE,FALSE,FALSE,FALSE,
,,,,,,,,,,,,,,FALSE,FALSE,FALSE,FALSE,FALSE,
,,,,,,,,,,,,,,FALSE,FALSE,FALSE,FALSE,FALSE,
,,,,,,,,,,,,,,FALSE,FALSE,FALSE,FALSE,FALSE,
,,,,,,,,,,,,,,FALSE,FALSE,FALSE,FALSE,FALSE,
,,,,,,,,,,,,,,FALSE,FALSE,FALSE,FALSE,FALSE,
,,,,,,,,,,,,,,FALSE,FALSE,FALSE,FALSE,FALSE,
,,,,,,,,,,,,,,FALSE,FALSE,FALSE,FALSE,FALSE,
,,,,,,,,,,,,,,FALSE,FALSE,FALSE,FALSE,FALSE,
,,,,,,,,,,,,,,FALSE,FALSE,FALSE,FALSE,FALSE,
,,,,,,,,,,,,,,FALSE,FALSE,FALSE,FALSE,FALSE,
,,,,,,,,,,,,,,FALSE,FALSE,FALSE,FALSE,FALSE,
,,,,,,,,,,,,,,FALSE,FALSE,FALSE,FALSE,FALSE,
,,,,,,,,,,,,,,FALSE,FALSE,FALSE,FALSE,FALSE,
,,,,,,,,,,,,,,FALSE,FALSE,FALSE,FALSE,FALSE,
,,,,,,,,,,,,,,FALSE,FALSE,FALSE,FALSE,FALSE,
,,,,,,,,,,,,,,FALSE,FALSE,FALSE,FALSE,FALSE,
,,,,,,,,,,,,,,FALSE,FALSE,FALSE,FALSE,FALSE,
,,,,,,,,,,,,,,FALSE,FALSE,FALSE,FALSE,FALSE,
,,,,,,,,,,,,,,FALSE,FALSE,FALSE,FALSE,FALSE,
,,,,,,,,,,,,,,FALSE,FALSE,FALSE,FALSE,FALSE,
,,,,,,,,,,,,,,FALSE,FALSE,FALSE,FALSE,FALSE,
,,,,,,,,,,,,,,FALSE,FALSE,FALSE,FALSE,FALSE,
,,,,,,,,,,,,,,FALSE,FALSE,FALSE,FALSE,FALSE,
,,,,,,,,,,,,,,FALSE,FALSE,FALSE,FALSE,FALSE,
,,,,,,,,,,,,,,FALSE,FALSE,FALSE,FALSE,FALSE,
,,,,,,,,,,,,,,FALSE,FALSE,FALSE,FALSE,FALSE,
,,,,,,,,,,,,,,FALSE,FALSE,FALSE,FALSE,FALSE,
,,,,,,,,,,,,,,FALSE,FALSE,FALSE,FALSE,FALSE,
,,,,,,,,,,,,,,FALSE,FALSE,FALSE,FALSE,FALSE,
,,,,,,,,,,,,,,FALSE,FALSE,FALSE,FALSE,FALSE,
,,,,,,,,,,,,,,FALSE,FALSE,FALSE,FALSE,FALSE,
,,,,,,,,,,,,,,FALSE,FALSE,FALSE,FALSE,FALSE,
,,,,,,,,,,,,,,FALSE,FALSE,FALSE,FALSE,FALSE,
,,,,,,,,,,,,,,FALSE,FALSE,FALSE,FALSE,FALSE,
,,,,,,,,,,,,,,FALSE,FALSE,FALSE,FALSE,FALSE,
,,,,,,,,,,,,,,FALSE,FALSE,FALSE,FALSE,FALSE,
,,,,,,,,,,,,,,FALSE,FALSE,FALSE,FALSE,FALSE,
,,,,,,,,,,,,,,FALSE,FALSE,FALSE,FALSE,FALSE,
,,,,,,,,,,,,,,FALSE,FALSE,FALSE,FALSE,FALSE,
,,,,,,,,,,,,,,FALSE,FALSE,FALSE,FALSE,FALSE,
,,,,,,,,,,,,,,FALSE,FALSE,FALSE,FALSE,FALSE,
,,,,,,,,,,,,,,FALSE,FALSE,FALSE,FALSE,FALSE,
,,,,,,,,,,,,,,FALSE,FALSE,FALSE,FALSE,FALSE,
,,,,,,,,,,,,,,FALSE,FALSE,FALSE,FALSE,FALSE,
,,,,,,,,,,,,,,FALSE,FALSE,FALSE,FALSE,FALSE,
,,,,,,,,,,,,,,FALSE,FALSE,FALSE,FALSE,FALSE,
,,,,,,,,,,,,,,FALSE,FALSE,FALSE,FALSE,FALSE,
,,,,,,,,,,,,,,FALSE,FALSE,FALSE,FALSE,FALSE,
,,,,,,,,,,,,,,FALSE,FALSE,FALSE,FALSE,FALSE,
,,,,,,,,,,,,,,FALSE,FALSE,FALSE,FALSE,FALSE,
,,,,,,,,,,,,,,FALSE,FALSE,FALSE,FALSE,FALSE,
,,,,,,,,,,,,,,FALSE,FALSE,FALSE,FALSE,FALSE,
,,,,,,,,,,,,,,FALSE,FALSE,FALSE,FALSE,FALSE,
,,,,,,,,,,,,,,FALSE,FALSE,FALSE,FALSE,FALSE,
,,,,,,,,,,,,,,FALSE,FALSE,FALSE,FALSE,FALSE,
,,,,,,,,,,,,,,FALSE,FALSE,FALSE,FALSE,FALSE,
,,,,,,,,,,,,,,FALSE,FALSE,FALSE,FALSE,FALSE,
,,,,,,,,,,,,,,FALSE,FALSE,FALSE,FALSE,FALSE,
,,,,,,,,,,,,,,FALSE,FALSE,FALSE,FALSE,FALSE,
,,,,,,,,,,,,,,FALSE,FALSE,FALSE,FALSE,FALSE,
,,,,,,,,,,,,,,FALSE,FALSE,FALSE,FALSE,FALSE,
,,,,,,,,,,,,,,FALSE,FALSE,FALSE,FALSE,FALSE,
,,,,,,,,,,,,,,FALSE,FALSE,FALSE,FALSE,FALSE,
,,,,,,,,,,,,,,FALSE,FALSE,FALSE,FALSE,FALSE,
,,,,,,,,,,,,,,FALSE,FALSE,FALSE,FALSE,FALSE,
,,,,,,,,,,,,,,FALSE,FALSE,FALSE,FALSE,FALSE,
,,,,,,,,,,,,,,FALSE,FALSE,FALSE,FALSE,FALSE,
,,,,,,,,,,,,,,FALSE,FALSE,FALSE,FALSE,FALSE,
,,,,,,,,,,,,,,FALSE,FALSE,FALSE,FALSE,FALSE,
,,,,,,,,,,,,,,FALSE,FALSE,FALSE,FALSE,FALSE,
,,,,,,,,,,,,,,FALSE,FALSE,FALSE,FALSE,FALSE,
,,,,,,,,,,,,,,FALSE,FALSE,FALSE,FALSE,FALSE,
,,,,,,,,,,,,,,FALSE,FALSE,FALSE,FALSE,FALSE,
,,,,,,,,,,,,,,FALSE,FALSE,FALSE,FALSE,FALSE,
,,,,,,,,,,,,,,FALSE,FALSE,FALSE,FALSE,FALSE,
,,,,,,,,,,,,,,FALSE,FALSE,FALSE,FALSE,FALSE,
,,,,,,,,,,,,,,FALSE,FALSE,FALSE,FALSE,FALSE,
,,,,,,,,,,,,,,FALSE,FALSE,FALSE,FALSE,FALSE,
,,,,,,,,,,,,,,FALSE,FALSE,FALSE,FALSE,FALSE,
,,,,,,,,,,,,,,FALSE,FALSE,FALSE,FALSE,FALSE,
,,,,,,,,,,,,,,FALSE,FALSE,FALSE,FALSE,FALSE,
,,,,,,,,,,,,,,FALSE,FALSE,FALSE,FALSE,FALSE,
,,,,,,,,,,,,,,FALSE,FALSE,FALSE,FALSE,FALSE,
,,,,,,,,,,,,,,FALSE,FALSE,FALSE,FALSE,FALSE,
,,,,,,,,,,,,,,FALSE,FALSE,FALSE,FALSE,FALSE,
,,,,,,,,,,,,,,FALSE,FALSE,FALSE,FALSE,FALSE,
,,,,,,,,,,,,,,FALSE,FALSE,FALSE,FALSE,FALSE,
,,,,,,,,,,,,,,FALSE,FALSE,FALSE,FALSE,FALSE,
,,,,,,,,,,,,,,FALSE,FALSE,FALSE,FALSE,FALSE,
,,,,,,,,,,,,,,FALSE,FALSE,FALSE,FALSE,FALSE,
,,,,,,,,,,,,,,FALSE,FALSE,FALSE,FALSE,FALSE,
,,,,,,,,,,,,,,FALSE,FALSE,FALSE,FALSE,FALSE,
,,,,,,,,,,,,,,FALSE,FALSE,FALSE,FALSE,FALSE,
,,,,,,,,,,,,,,FALSE,FALSE,FALSE,FALSE,FALSE,
,,,,,,,,,,,,,,FALSE,FALSE,FALSE,FALSE,FALSE,
,,,,,,,,,,,,,,FALSE,FALSE,FALSE,FALSE,FALSE,
,,,,,,,,,,,,,,FALSE,FALSE,FALSE,FALSE,FALSE,
,,,,,,,,,,,,,,FALSE,FALSE,FALSE,FALSE,FALSE,
,,,,,,,,,,,,,,FALSE,FALSE,FALSE,FALSE,FALSE,
,,,,,,,,,,,,,,FALSE,FALSE,FALSE,FALSE,FALSE,
,,,,,,,,,,,,,,FALSE,FALSE,FALSE,FALSE,FALSE,
,,,,,,,,,,,,,,FALSE,FALSE,FALSE,FALSE,FALSE,
,,,,,,,,,,,,,,FALSE,FALSE,FALSE,FALSE,FALSE,
,,,,,,,,,,,,,,FALSE,FALSE,FALSE,FALSE,FALSE,
,,,,,,,,,,,,,,FALSE,FALSE,FALSE,FALSE,FALSE,
,,,,,,,,,,,,,,FALSE,FALSE,FALSE,FALSE,FALSE,
,,,,,,,,,,,,,,FALSE,FALSE,FALSE,FALSE,FALSE,
,,,,,,,,,,,,,,FALSE,FALSE,FALSE,FALSE,FALSE,
,,,,,,,,,,,,,,FALSE,FALSE,FALSE,FALSE,FALSE,
,,,,,,,,,,,,,,FALSE,FALSE,FALSE,FALSE,FALSE,
,,,,,,,,,,,,,,FALSE,FALSE,FALSE,FALSE,FALSE,
,,,,,,,,,,,,,,FALSE,FALSE,FALSE,FALSE,FALSE,
,,,,,,,,,,,,,,FALSE,FALSE,FALSE,FALSE,FALSE,
,,,,,,,,,,,,,,FALSE,FALSE,FALSE,FALSE,FALSE,
,,,,,,,,,,,,,,FALSE,FALSE,FALSE,FALSE,FALSE,
,,,,,,,,,,,,,,FALSE,FALSE,FALSE,FALSE,FALSE,
,,,,,,,,,,,,,,FALSE,FALSE,FALSE,FALSE,FALSE,
,,,,,,,,,,,,,,FALSE,FALSE,FALSE,FALSE,FALSE,
,,,,,,,,,,,,,,FALSE,FALSE,FALSE,FALSE,FALSE,
,,,,,,,,,,,,,,FALSE,FALSE,FALSE,FALSE,FALSE,
,,,,,,,,,,,,,,FALSE,FALSE,FALSE,FALSE,FALSE,
,,,,,,,,,,,,,,FALSE,FALSE,FALSE,FALSE,FALSE,
,,,,,,,,,,,,,,FALSE,FALSE,FALSE,FALSE,FALSE,
,,,,,,,,,,,,,,FALSE,FALSE,FALSE,FALSE,FALSE,
,,,,,,,,,,,,,,FALSE,FALSE,FALSE,FALSE,FALSE,
,,,,,,,,,,,,,,FALSE,FALSE,FALSE,FALSE,FALSE,
,,,,,,,,,,,,,,FALSE,FALSE,FALSE,FALSE,FALSE,
,,,,,,,,,,,,,,FALSE,FALSE,FALSE,FALSE,FALSE,
,,,,,,,,,,,,,,FALSE,FALSE,FALSE,FALSE,FALSE,
,,,,,,,,,,,,,,FALSE,FALSE,FALSE,FALSE,FALSE,
,,,,,,,,,,,,,,FALSE,FALSE,FALSE,FALSE,FALSE,
,,,,,,,,,,,,,,FALSE,FALSE,FALSE,FALSE,FALSE,
,,,,,,,,,,,,,,FALSE,FALSE,FALSE,FALSE,FALSE,
,,,,,,,,,,,,,,FALSE,FALSE,FALSE,FALSE,FALSE,
,,,,,,,,,,,,,,FALSE,FALSE,FALSE,FALSE,FALSE,
,,,,,,,,,,,,,,FALSE,FALSE,FALSE,FALSE,FALSE,
,,,,,,,,,,,,,,FALSE,FALSE,FALSE,FALSE,FALSE,
,,,,,,,,,,,,,,FALSE,FALSE,FALSE,FALSE,FALSE,
,,,,,,,,,,,,,,FALSE,FALSE,FALSE,FALSE,FALSE,
,,,,,,,,,,,,,,FALSE,FALSE,FALSE,FALSE,FALSE,
,,,,,,,,,,,,,,FALSE,FALSE,FALSE,FALSE,FALSE,
,,,,,,,,,,,,,,FALSE,FALSE,FALSE,FALSE,FALSE,
,,,,,,,,,,,,,,FALSE,FALSE,FALSE,FALSE,FALSE,
,,,,,,,,,,,,,,FALSE,FALSE,FALSE,FALSE,FALSE,
,,,,,,,,,,,,,,FALSE,FALSE,FALSE,FALSE,FALSE,
,,,,,,,,,,,,,,FALSE,FALSE,FALSE,FALSE,FALSE,
,,,,,,,,,,,,,,FALSE,FALSE,FALSE,FALSE,FALSE,
,,,,,,,,,,,,,,FALSE,FALSE,FALSE,FALSE,FALSE,
,,,,,,,,,,,,,,FALSE,FALSE,FALSE,FALSE,FALSE,
,,,,,,,,,,,,,,FALSE,FALSE,FALSE,FALSE,FALSE,
,,,,,,,,,,,,,,FALSE,FALSE,FALSE,FALSE,FALSE,
,,,,,,,,,,,,,,FALSE,FALSE,FALSE,FALSE,FALSE,
,,,,,,,,,,,,,,FALSE,FALSE,FALSE,FALSE,FALSE,
,,,,,,,,,,,,,,FALSE,FALSE,FALSE,FALSE,FALSE,
,,,,,,,,,,,,,,FALSE,FALSE,FALSE,FALSE,FALSE,
,,,,,,,,,,,,,,FALSE,FALSE,FALSE,FALSE,FALSE,
,,,,,,,,,,,,,,FALSE,FALSE,FALSE,FALSE,FALSE,
,,,,,,,,,,,,,,FALSE,FALSE,FALSE,FALSE,FALSE,
,,,,,,,,,,,,,,FALSE,FALSE,FALSE,FALSE,FALSE,
,,,,,,,,,,,,,,FALSE,FALSE,FALSE,FALSE,FALSE,
,,,,,,,,,,,,,,FALSE,FALSE,FALSE,FALSE,FALSE,
,,,,,,,,,,,,,,FALSE,FALSE,FALSE,FALSE,FALSE,
,,,,,,,,,,,,,,FALSE,FALSE,FALSE,FALSE,FALSE,
,,,,,,,,,,,,,,FALSE,FALSE,FALSE,FALSE,FALSE,
,,,,,,,,,,,,,,FALSE,FALSE,FALSE,FALSE,FALSE,
,,,,,,,,,,,,,,FALSE,FALSE,FALSE,FALSE,FALSE,
,,,,,,,,,,,,,,FALSE,FALSE,FALSE,FALSE,FALSE,
,,,,,,,,,,,,,,FALSE,FALSE,FALSE,FALSE,FALSE,
,,,,,,,,,,,,,,FALSE,FALSE,FALSE,FALSE,FALSE,
,,,,,,,,,,,,,,FALSE,FALSE,FALSE,FALSE,FALSE,
,,,,,,,,,,,,,,FALSE,FALSE,FALSE,FALSE,FALSE,
,,,,,,,,,,,,,,FALSE,FALSE,FALSE,FALSE,FALSE,
,,,,,,,,,,,,,,FALSE,FALSE,FALSE,FALSE,FALSE,
,,,,,,,,,,,,,,FALSE,FALSE,FALSE,FALSE,FALSE,
,,,,,,,,,,,,,,FALSE,FALSE,FALSE,FALSE,FALSE,
,,,,,,,,,,,,,,FALSE,FALSE,FALSE,FALSE,FALSE,
,,,,,,,,,,,,,,FALSE,FALSE,FALSE,FALSE,FALSE,
,,,,,,,,,,,,,,FALSE,FALSE,FALSE,FALSE,FALSE,
,,,,,,,,,,,,,,FALSE,FALSE,FALSE,FALSE,FALSE,
,,,,,,,,,,,,,,FALSE,FALSE,FALSE,FALSE,FALSE,
,,,,,,,,,,,,,,FALSE,FALSE,FALSE,FALSE,FALSE,
,,,,,,,,,,,,,,FALSE,FALSE,FALSE,FALSE,FALSE,
,,,,,,,,,,,,,,FALSE,FALSE,FALSE,FALSE,FALSE,
,,,,,,,,,,,,,,FALSE,FALSE,FALSE,FALSE,FALSE,
,,,,,,,,,,,,,,FALSE,FALSE,FALSE,FALSE,FALSE,
,,,,,,,,,,,,,,FALSE,FALSE,FALSE,FALSE,FALSE,
,,,,,,,,,,,,,,FALSE,FALSE,FALSE,FALSE,FALSE,
,,,,,,,,,,,,,,FALSE,FALSE,FALSE,FALSE,FALSE,
,,,,,,,,,,,,,,FALSE,FALSE,FALSE,FALSE,FALSE,
,,,,,,,,,,,,,,FALSE,FALSE,FALSE,FALSE,FALSE,
,,,,,,,,,,,,,,FALSE,FALSE,FALSE,FALSE,FALSE,
,,,,,,,,,,,,,,FALSE,FALSE,FALSE,FALSE,FALSE,
,,,,,,,,,,,,,,FALSE,FALSE,FALSE,FALSE,FALSE,
,,,,,,,,,,,,,,FALSE,FALSE,FALSE,FALSE,FALSE,
,,,,,,,,,,,,,,FALSE,FALSE,FALSE,FALSE,FALSE,
,,,,,,,,,,,,,,FALSE,FALSE,FALSE,FALSE,FALSE,
,,,,,,,,,,,,,,FALSE,FALSE,FALSE,FALSE,FALSE,
,,,,,,,,,,,,,,FALSE,FALSE,FALSE,FALSE,FALSE,
,,,,,,,,,,,,,,FALSE,FALSE,FALSE,FALSE,FALSE,
,,,,,,,,,,,,,,FALSE,FALSE,FALSE,FALSE,FALSE,
,,,,,,,,,,,,,,FALSE,FALSE,FALSE,FALSE,FALSE,
,,,,,,,,,,,,,,FALSE,FALSE,FALSE,FALSE,FALSE,
,,,,,,,,,,,,,,FALSE,FALSE,FALSE,FALSE,FALSE,
,,,,,,,,,,,,,,FALSE,FALSE,FALSE,FALSE,FALSE,
,,,,,,,,,,,,,,FALSE,FALSE,FALSE,FALSE,FALSE,
,,,,,,,,,,,,,,FALSE,FALSE,FALSE,FALSE,FALSE,
,,,,,,,,,,,,,,FALSE,FALSE,FALSE,FALSE,FALSE,
,,,,,,,,,,,,,,FALSE,FALSE,FALSE,FALSE,FALSE,
,,,,,,,,,,,,,,FALSE,FALSE,FALSE,FALSE,FALSE,
,,,,,,,,,,,,,,FALSE,FALSE,FALSE,FALSE,FALSE,
,,,,,,,,,,,,,,FALSE,FALSE,FALSE,FALSE,FALSE,
,,,,,,,,,,,,,,FALSE,FALSE,FALSE,FALSE,FALSE,
,,,,,,,,,,,,,,FALSE,FALSE,FALSE,FALSE,FALSE,
,,,,,,,,,,,,,,FALSE,FALSE,FALSE,FALSE,FALSE,
,,,,,,,,,,,,,,FALSE,FALSE,FALSE,FALSE,FALSE,
,,,,,,,,,,,,,,FALSE,FALSE,FALSE,FALSE,FALSE,
,,,,,,,,,,,,,,FALSE,FALSE,FALSE,FALSE,FALSE,
,,,,,,,,,,,,,,FALSE,FALSE,FALSE,FALSE,FALSE,
,,,,,,,,,,,,,,FALSE,FALSE,FALSE,FALSE,FALSE,
,,,,,,,,,,,,,,FALSE,FALSE,FALSE,FALSE,FALSE,
,,,,,,,,,,,,,,FALSE,FALSE,FALSE,FALSE,FALSE,
,,,,,,,,,,,,,,FALSE,FALSE,FALSE,FALSE,FALSE,
,,,,,,,,,,,,,,FALSE,FALSE,FALSE,FALSE,FALSE,
,,,,,,,,,,,,,,FALSE,FALSE,FALSE,FALSE,FALSE,
,,,,,,,,,,,,,,FALSE,FALSE,FALSE,FALSE,FALSE,
,,,,,,,,,,,,,,FALSE,FALSE,FALSE,FALSE,FALSE,
,,,,,,,,,,,,,,FALSE,FALSE,FALSE,FALSE,FALSE,
,,,,,,,,,,,,,,FALSE,FALSE,FALSE,FALSE,FALSE,
,,,,,,,,,,,,,,FALSE,FALSE,FALSE,FALSE,FALSE,
,,,,,,,,,,,,,,FALSE,FALSE,FALSE,FALSE,FALSE,
,,,,,,,,,,,,,,FALSE,FALSE,FALSE,FALSE,FALSE,
,,,,,,,,,,,,,,FALSE,FALSE,FALSE,FALSE,FALSE,
,,,,,,,,,,,,,,FALSE,FALSE,FALSE,FALSE,FALSE,
,,,,,,,,,,,,,,FALSE,FALSE,FALSE,FALSE,FALSE,
,,,,,,,,,,,,,,FALSE,FALSE,FALSE,FALSE,FALSE,
,,,,,,,,,,,,,,FALSE,FALSE,FALSE,FALSE,FALSE,
,,,,,,,,,,,,,,FALSE,FALSE,FALSE,FALSE,FALSE,
,,,,,,,,,,,,,,FALSE,FALSE,FALSE,FALSE,FALSE,
,,,,,,,,,,,,,,FALSE,FALSE,FALSE,FALSE,FALSE,
,,,,,,,,,,,,,,FALSE,FALSE,FALSE,FALSE,FALSE,
,,,,,,,,,,,,,,FALSE,FALSE,FALSE,FALSE,FALSE,
,,,,,,,,,,,,,,FALSE,FALSE,FALSE,FALSE,FALSE,
,,,,,,,,,,,,,,FALSE,FALSE,FALSE,FALSE,FALSE,
,,,,,,,,,,,,,,FALSE,FALSE,FALSE,FALSE,FALSE,
,,,,,,,,,,,,,,FALSE,FALSE,FALSE,FALSE,FALSE,
,,,,,,,,,,,,,,FALSE,FALSE,FALSE,FALSE,FALSE,
,,,,,,,,,,,,,,FALSE,FALSE,FALSE,FALSE,FALSE,
,,,,,,,,,,,,,,FALSE,FALSE,FALSE,FALSE,FALSE,
,,,,,,,,,,,,,,FALSE,FALSE,FALSE,FALSE,FALSE,
,,,,,,,,,,,,,,FALSE,FALSE,FALSE,FALSE,FALSE,
,,,,,,,,,,,,,,FALSE,FALSE,FALSE,FALSE,FALSE,
,,,,,,,,,,,,,,FALSE,FALSE,FALSE,FALSE,FALSE,
,,,,,,,,,,,,,,FALSE,FALSE,FALSE,FALSE,FALSE,
,,,,,,,,,,,,,,FALSE,FALSE,FALSE,FALSE,FALSE,
,,,,,,,,,,,,,,FALSE,FALSE,FALSE,FALSE,FALSE,
,,,,,,,,,,,,,,FALSE,FALSE,FALSE,FALSE,FALSE,
,,,,,,,,,,,,,,FALSE,FALSE,FALSE,FALSE,FALSE,
,,,,,,,,,,,,,,FALSE,FALSE,FALSE,FALSE,FALSE,
,,,,,,,,,,,,,,FALSE,FALSE,FALSE,FALSE,FALSE,
,,,,,,,,,,,,,,FALSE,FALSE,FALSE,FALSE,FALSE,
,,,,,,,,,,,,,,FALSE,FALSE,FALSE,FALSE,FALSE,
,,,,,,,,,,,,,,FALSE,FALSE,FALSE,FALSE,FALSE,
,,,,,,,,,,,,,,FALSE,FALSE,FALSE,FALSE,FALSE,
,,,,,,,,,,,,,,FALSE,FALSE,FALSE,FALSE,FALSE,
,,,,,,,,,,,,,,FALSE,FALSE,FALSE,FALSE,FALSE,
,,,,,,,,,,,,,,FALSE,FALSE,FALSE,FALSE,FALSE,
,,,,,,,,,,,,,,FALSE,FALSE,FALSE,FALSE,FALSE,
,,,,,,,,,,,,,,FALSE,FALSE,FALSE,FALSE,FALSE,
,,,,,,,,,,,,,,FALSE,FALSE,FALSE,FALSE,FALSE,
,,,,,,,,,,,,,,FALSE,FALSE,FALSE,FALSE,FALSE,
,,,,,,,,,,,,,,FALSE,FALSE,FALSE,FALSE,FALSE,
,,,,,,,,,,,,,,FALSE,FALSE,FALSE,FALSE,FALSE,
,,,,,,,,,,,,,,FALSE,FALSE,FALSE,FALSE,FALSE,
,,,,,,,,,,,,,,FALSE,FALSE,FALSE,FALSE,FALSE,
,,,,,,,,,,,,,,FALSE,FALSE,FALSE,FALSE,FALSE,
,,,,,,,,,,,,,,FALSE,FALSE,FALSE,FALSE,FALSE,
,,,,,,,,,,,,,,FALSE,FALSE,FALSE,FALSE,FALSE,
,,,,,,,,,,,,,,FALSE,FALSE,FALSE,FALSE,FALSE,
,,,,,,,,,,,,,,FALSE,FALSE,FALSE,FALSE,FALSE,
,,,,,,,,,,,,,,FALSE,FALSE,FALSE,FALSE,FALSE,
,,,,,,,,,,,,,,FALSE,FALSE,FALSE,FALSE,FALSE,
,,,,,,,,,,,,,,FALSE,FALSE,FALSE,FALSE,FALSE,
,,,,,,,,,,,,,,FALSE,FALSE,FALSE,FALSE,FALSE,
,,,,,,,,,,,,,,FALSE,FALSE,FALSE,FALSE,FALSE,
,,,,,,,,,,,,,,FALSE,FALSE,FALSE,FALSE,FALSE,
,,,,,,,,,,,,,,FALSE,FALSE,FALSE,FALSE,FALSE,
,,,,,,,,,,,,,,FALSE,FALSE,FALSE,FALSE,FALSE,
,,,,,,,,,,,,,,FALSE,FALSE,FALSE,FALSE,FALSE,
,,,,,,,,,,,,,,FALSE,FALSE,FALSE,FALSE,FALSE,
,,,,,,,,,,,,,,FALSE,FALSE,FALSE,FALSE,FALSE,
,,,,,,,,,,,,,,FALSE,FALSE,FALSE,FALSE,FALSE,
,,,,,,,,,,,,,,FALSE,FALSE,FALSE,FALSE,FALSE,
,,,,,,,,,,,,,,FALSE,FALSE,FALSE,FALSE,FALSE,
,,,,,,,,,,,,,,FALSE,FALSE,FALSE,FALSE,FALSE,
,,,,,,,,,,,,,,FALSE,FALSE,FALSE,FALSE,FALSE,
,,,,,,,,,,,,,,FALSE,FALSE,FALSE,FALSE,FALSE,
,,,,,,,,,,,,,,FALSE,FALSE,FALSE,FALSE,FALSE,
,,,,,,,,,,,,,,FALSE,FALSE,FALSE,FALSE,FALSE,
,,,,,,,,,,,,,,FALSE,FALSE,FALSE,FALSE,FALSE,
,,,,,,,,,,,,,,FALSE,FALSE,FALSE,FALSE,FALSE,
,,,,,,,,,,,,,,FALSE,FALSE,FALSE,FALSE,FALSE,
,,,,,,,,,,,,,,FALSE,FALSE,FALSE,FALSE,FALSE,
,,,,,,,,,,,,,,FALSE,FALSE,FALSE,FALSE,FALSE,
,,,,,,,,,,,,,,FALSE,FALSE,FALSE,FALSE,FALSE,
,,,,,,,,,,,,,,FALSE,FALSE,FALSE,FALSE,FALSE,
,,,,,,,,,,,,,,FALSE,FALSE,FALSE,FALSE,FALSE,
,,,,,,,,,,,,,,FALSE,FALSE,FALSE,FALSE,FALSE,
,,,,,,,,,,,,,,FALSE,FALSE,FALSE,FALSE,FALSE,
,,,,,,,,,,,,,,FALSE,FALSE,FALSE,FALSE,FALSE,
,,,,,,,,,,,,,,FALSE,FALSE,FALSE,FALSE,FALSE,
,,,,,,,,,,,,,,FALSE,FALSE,FALSE,FALSE,FALSE,
,,,,,,,,,,,,,,FALSE,FALSE,FALSE,FALSE,FALSE,
,,,,,,,,,,,,,,FALSE,FALSE,FALSE,FALSE,FALSE,
,,,,,,,,,,,,,,FALSE,FALSE,FALSE,FALSE,FALSE,
,,,,,,,,,,,,,,FALSE,FALSE,FALSE,FALSE,FALSE,
,,,,,,,,,,,,,,FALSE,FALSE,FALSE,FALSE,FALSE,
,,,,,,,,,,,,,,FALSE,FALSE,FALSE,FALSE,FALSE,
,,,,,,,,,,,,,,FALSE,FALSE,FALSE,FALSE,FALSE,
,,,,,,,,,,,,,,FALSE,FALSE,FALSE,FALSE,FALSE,
,,,,,,,,,,,,,,FALSE,FALSE,FALSE,FALSE,FALSE,
,,,,,,,,,,,,,,FALSE,FALSE,FALSE,FALSE,FALSE,
,,,,,,,,,,,,,,FALSE,FALSE,FALSE,FALSE,FALSE,
,,,,,,,,,,,,,,FALSE,FALSE,FALSE,FALSE,FALSE,
,,,,,,,,,,,,,,FALSE,FALSE,FALSE,FALSE,FALSE,
,,,,,,,,,,,,,,FALSE,FALSE,FALSE,FALSE,FALSE,
,,,,,,,,,,,,,,FALSE,FALSE,FALSE,FALSE,FALSE,
,,,,,,,,,,,,,,FALSE,FALSE,FALSE,FALSE,FALSE,
,,,,,,,,,,,,,,FALSE,FALSE,FALSE,FALSE,FALSE,
,,,,,,,,,,,,,,FALSE,FALSE,FALSE,FALSE,FALSE,
,,,,,,,,,,,,,,FALSE,FALSE,FALSE,FALSE,FALSE,
,,,,,,,,,,,,,,FALSE,FALSE,FALSE,FALSE,FALSE,
,,,,,,,,,,,,,,FALSE,FALSE,FALSE,FALSE,FALSE,
,,,,,,,,,,,,,,FALSE,FALSE,FALSE,FALSE,FALSE,
,,,,,,,,,,,,,,FALSE,FALSE,FALSE,FALSE,FALSE,
,,,,,,,,,,,,,,FALSE,FALSE,FALSE,FALSE,FALSE,
,,,,,,,,,,,,,,FALSE,FALSE,FALSE,FALSE,FALSE,
,,,,,,,,,,,,,,FALSE,FALSE,FALSE,FALSE,FALSE,
,,,,,,,,,,,,,,FALSE,FALSE,FALSE,FALSE,FALSE,
,,,,,,,,,,,,,,FALSE,FALSE,FALSE,FALSE,FALSE,
,,,,,,,,,,,,,,FALSE,FALSE,FALSE,FALSE,FALSE,
,,,,,,,,,,,,,,FALSE,FALSE,FALSE,FALSE,FALSE,
,,,,,,,,,,,,,,FALSE,FALSE,FALSE,FALSE,FALSE,
,,,,,,,,,,,,,,FALSE,FALSE,FALSE,FALSE,FALSE,
,,,,,,,,,,,,,,FALSE,FALSE,FALSE,FALSE,FALSE,
,,,,,,,,,,,,,,FALSE,FALSE,FALSE,FALSE,FALSE,
,,,,,,,,,,,,,,FALSE,FALSE,FALSE,FALSE,FALSE,
,,,,,,,,,,,,,,FALSE,FALSE,FALSE,FALSE,FALSE,
,,,,,,,,,,,,,,FALSE,FALSE,FALSE,FALSE,FALSE,
,,,,,,,,,,,,,,FALSE,FALSE,FALSE,FALSE,FALSE,
,,,,,,,,,,,,,,FALSE,FALSE,FALSE,FALSE,FALSE,
,,,,,,,,,,,,,,FALSE,FALSE,FALSE,FALSE,FALSE,
,,,,,,,,,,,,,,FALSE,FALSE,FALSE,FALSE,FALSE,
,,,,,,,,,,,,,,FALSE,FALSE,FALSE,FALSE,FALSE,
,,,,,,,,,,,,,,FALSE,FALSE,FALSE,FALSE,FALSE,
,,,,,,,,,,,,,,FALSE,FALSE,FALSE,FALSE,FALSE,
,,,,,,,,,,,,,,FALSE,FALSE,FALSE,FALSE,FALSE,
,,,,,,,,,,,,,,FALSE,FALSE,FALSE,FALSE,FALSE,
,,,,,,,,,,,,,,FALSE,FALSE,FALSE,FALSE,FALSE,
,,,,,,,,,,,,,,FALSE,FALSE,FALSE,FALSE,FALSE,
,,,,,,,,,,,,,,FALSE,FALSE,FALSE,FALSE,FALSE,
,,,,,,,,,,,,,,FALSE,FALSE,FALSE,FALSE,FALSE,
,,,,,,,,,,,,,,FALSE,FALSE,FALSE,FALSE,FALSE,
,,,,,,,,,,,,,,FALSE,FALSE,FALSE,FALSE,FALSE,
,,,,,,,,,,,,,,FALSE,FALSE,FALSE,FALSE,FALSE,
,,,,,,,,,,,,,,FALSE,FALSE,FALSE,FALSE,FALSE,
,,,,,,,,,,,,,,FALSE,FALSE,FALSE,FALSE,FALSE,
,,,,,,,,,,,,,,FALSE,FALSE,FALSE,FALSE,FALSE,
,,,,,,,,,,,,,,FALSE,FALSE,FALSE,FALSE,FALSE,
,,,,,,,,,,,,,,FALSE,FALSE,FALSE,FALSE,FALSE,
,,,,,,,,,,,,,,FALSE,FALSE,FALSE,FALSE,FALSE,
,,,,,,,,,,,,,,FALSE,FALSE,FALSE,FALSE,FALSE,
,,,,,,,,,,,,,,FALSE,FALSE,FALSE,FALSE,FALSE,
,,,,,,,,,,,,,,FALSE,FALSE,FALSE,FALSE,FALSE,
,,,,,,,,,,,,,,FALSE,FALSE,FALSE,FALSE,FALSE,
,,,,,,,,,,,,,,FALSE,FALSE,FALSE,FALSE,FALSE,
,,,,,,,,,,,,,,FALSE,FALSE,FALSE,FALSE,FALSE,
,,,,,,,,,,,,,,FALSE,FALSE,FALSE,FALSE,FALSE,
,,,,,,,,,,,,,,FALSE,FALSE,FALSE,FALSE,FALSE,
,,,,,,,,,,,,,,FALSE,FALSE,FALSE,FALSE,FALSE,
,,,,,,,,,,,,,,FALSE,FALSE,FALSE,FALSE,FALSE,
,,,,,,,,,,,,,,FALSE,FALSE,FALSE,FALSE,FALSE,
,,,,,,,,,,,,,,FALSE,FALSE,FALSE,FALSE,FALSE,
,,,,,,,,,,,,,,FALSE,FALSE,FALSE,FALSE,FALSE,
,,,,,,,,,,,,,,FALSE,FALSE,FALSE,FALSE,FALSE,
,,,,,,,,,,,,,,FALSE,FALSE,FALSE,FALSE,FALSE,
,,,,,,,,,,,,,,FALSE,FALSE,FALSE,FALSE,FALSE,
,,,,,,,,,,,,,,FALSE,FALSE,FALSE,FALSE,FALSE,
,,,,,,,,,,,,,,FALSE,FALSE,FALSE,FALSE,FALSE,
,,,,,,,,,,,,,,FALSE,FALSE,FALSE,FALSE,FALSE,
,,,,,,,,,,,,,,FALSE,FALSE,FALSE,FALSE,FALSE,
,,,,,,,,,,,,,,FALSE,FALSE,FALSE,FALSE,FALSE,
,,,,,,,,,,,,,,FALSE,FALSE,FALSE,FALSE,FALSE,
,,,,,,,,,,,,,,FALSE,FALSE,FALSE,FALSE,FALSE,
,,,,,,,,,,,,,,FALSE,FALSE,FALSE,FALSE,FALSE,
,,,,,,,,,,,,,,FALSE,FALSE,FALSE,FALSE,FALSE,
,,,,,,,,,,,,,,FALSE,FALSE,FALSE,FALSE,FALSE,
,,,,,,,,,,,,,,FALSE,FALSE,FALSE,FALSE,FALSE,
,,,,,,,,,,,,,,FALSE,FALSE,FALSE,FALSE,FALSE,
,,,,,,,,,,,,,,FALSE,FALSE,FALSE,FALSE,FALSE,
,,,,,,,,,,,,,,FALSE,FALSE,FALSE,FALSE,FALSE,
,,,,,,,,,,,,,,FALSE,FALSE,FALSE,FALSE,FALSE,
,,,,,,,,,,,,,,FALSE,FALSE,FALSE,FALSE,FALSE,
,,,,,,,,,,,,,,FALSE,FALSE,FALSE,FALSE,FALSE,
,,,,,,,,,,,,,,FALSE,FALSE,FALSE,FALSE,FALSE,
,,,,,,,,,,,,,,FALSE,FALSE,FALSE,FALSE,FALSE,
,,,,,,,,,,,,,,FALSE,FALSE,FALSE,FALSE,FALSE,
,,,,,,,,,,,,,,FALSE,FALSE,FALSE,FALSE,FALSE,
,,,,,,,,,,,,,,FALSE,FALSE,FALSE,FALSE,FALSE,
,,,,,,,,,,,,,,FALSE,FALSE,FALSE,FALSE,FALSE,
,,,,,,,,,,,,,,FALSE,FALSE,FALSE,FALSE,FALSE,
,,,,,,,,,,,,,,FALSE,FALSE,FALSE,FALSE,FALSE,
,,,,,,,,,,,,,,FALSE,FALSE,FALSE,FALSE,FALSE,
,,,,,,,,,,,,,,FALSE,FALSE,FALSE,FALSE,FALSE,
,,,,,,,,,,,,,,FALSE,FALSE,FALSE,FALSE,FALSE,
,,,,,,,,,,,,,,FALSE,FALSE,FALSE,FALSE,FALSE,
,,,,,,,,,,,,,,FALSE,FALSE,FALSE,FALSE,FALSE,
,,,,,,,,,,,,,,FALSE,FALSE,FALSE,FALSE,FALSE,
,,,,,,,,,,,,,,FALSE,FALSE,FALSE,FALSE,FALSE,
,,,,,,,,,,,,,,FALSE,FALSE,FALSE,FALSE,FALSE,
,,,,,,,,,,,,,,FALSE,FALSE,FALSE,FALSE,FALSE,
,,,,,,,,,,,,,,FALSE,FALSE,FALSE,FALSE,FALSE,
,,,,,,,,,,,,,,FALSE,FALSE,FALSE,FALSE,FALSE,
,,,,,,,,,,,,,,FALSE,FALSE,FALSE,FALSE,FALSE,
,,,,,,,,,,,,,,FALSE,FALSE,FALSE,FALSE,FALSE,
,,,,,,,,,,,,,,FALSE,FALSE,FALSE,FALSE,FALSE,
,,,,,,,,,,,,,,FALSE,FALSE,FALSE,FALSE,FALSE,
,,,,,,,,,,,,,,FALSE,FALSE,FALSE,FALSE,FALSE,
,,,,,,,,,,,,,,FALSE,FALSE,FALSE,FALSE,FALSE,
,,,,,,,,,,,,,,FALSE,FALSE,FALSE,FALSE,FALSE,
,,,,,,,,,,,,,,FALSE,FALSE,FALSE,FALSE,FALSE,
,,,,,,,,,,,,,,FALSE,FALSE,FALSE,FALSE,FALSE,
,,,,,,,,,,,,,,FALSE,FALSE,FALSE,FALSE,FALSE,
,,,,,,,,,,,,,,FALSE,FALSE,FALSE,FALSE,FALSE,
,,,,,,,,,,,,,,FALSE,FALSE,FALSE,FALSE,FALSE,
,,,,,,,,,,,,,,FALSE,FALSE,FALSE,FALSE,FALSE,
,,,,,,,,,,,,,,FALSE,FALSE,FALSE,FALSE,FALSE,
,,,,,,,,,,,,,,FALSE,FALSE,FALSE,FALSE,FALSE,
,,,,,,,,,,,,,,FALSE,FALSE,FALSE,FALSE,FALSE,
,,,,,,,,,,,,,,FALSE,FALSE,FALSE,FALSE,FALSE,
,,,,,,,,,,,,,,FALSE,FALSE,FALSE,FALSE,FALSE,
,,,,,,,,,,,,,,FALSE,FALSE,FALSE,FALSE,FALSE,
,,,,,,,,,,,,,,FALSE,FALSE,FALSE,FALSE,FALSE,
,,,,,,,,,,,,,,FALSE,FALSE,FALSE,FALSE,FALSE,
,,,,,,,,,,,,,,FALSE,FALSE,FALSE,FALSE,FALSE,
,,,,,,,,,,,,,,FALSE,FALSE,FALSE,FALSE,FALSE,
,,,,,,,,,,,,,,FALSE,FALSE,FALSE,FALSE,FALSE,
,,,,,,,,,,,,,,FALSE,FALSE,FALSE,FALSE,FALSE,
,,,,,,,,,,,,,,FALSE,FALSE,FALSE,FALSE,FALSE,
,,,,,,,,,,,,,,FALSE,FALSE,FALSE,FALSE,FALSE,
,,,,,,,,,,,,,,FALSE,FALSE,FALSE,FALSE,FALSE,
,,,,,,,,,,,,,,FALSE,FALSE,FALSE,FALSE,FALSE,
,,,,,,,,,,,,,,FALSE,FALSE,FALSE,FALSE,FALSE,
,,,,,,,,,,,,,,FALSE,FALSE,FALSE,FALSE,FALSE,
,,,,,,,,,,,,,,FALSE,FALSE,FALSE,FALSE,FALSE,
,,,,,,,,,,,,,,FALSE,FALSE,FALSE,FALSE,FALSE,
,,,,,,,,,,,,,,FALSE,FALSE,FALSE,FALSE,FALSE,
,,,,,,,,,,,,,,FALSE,FALSE,FALSE,FALSE,FALSE,
,,,,,,,,,,,,,,FALSE,FALSE,FALSE,FALSE,FALSE,
,,,,,,,,,,,,,,FALSE,FALSE,FALSE,FALSE,FALSE,
,,,,,,,,,,,,,,FALSE,FALSE,FALSE,FALSE,FALSE,
,,,,,,,,,,,,,,FALSE,FALSE,FALSE,FALSE,FALSE,
,,,,,,,,,,,,,,FALSE,FALSE,FALSE,FALSE,FALSE,
,,,,,,,,,,,,,,FALSE,FALSE,FALSE,FALSE,FALSE,
,,,,,,,,,,,,,,FALSE,FALSE,FALSE,FALSE,FALSE,
,,,,,,,,,,,,,,FALSE,FALSE,FALSE,FALSE,FALSE,
,,,,,,,,,,,,,,FALSE,FALSE,FALSE,FALSE,FALSE,
,,,,,,,,,,,,,,FALSE,FALSE,FALSE,FALSE,FALSE,
,,,,,,,,,,,,,,FALSE,FALSE,FALSE,FALSE,FALSE,
,,,,,,,,,,,,,,FALSE,FALSE,FALSE,FALSE,FALSE,
,,,,,,,,,,,,,,FALSE,FALSE,FALSE,FALSE,FALSE,
,,,,,,,,,,,,,,FALSE,FALSE,FALSE,FALSE,FALSE,
,,,,,,,,,,,,,,FALSE,FALSE,FALSE,FALSE,FALSE,
,,,,,,,,,,,,,,FALSE,FALSE,FALSE,FALSE,FALSE,
,,,,,,,,,,,,,,FALSE,FALSE,FALSE,FALSE,FALSE,
,,,,,,,,,,,,,,FALSE,FALSE,FALSE,FALSE,FALSE,
,,,,,,,,,,,,,,FALSE,FALSE,FALSE,FALSE,FALSE,
,,,,,,,,,,,,,,FALSE,FALSE,FALSE,FALSE,FALSE,
,,,,,,,,,,,,,,FALSE,FALSE,FALSE,FALSE,FALSE,
,,,,,,,,,,,,,,FALSE,FALSE,FALSE,FALSE,FALSE,
,,,,,,,,,,,,,,FALSE,FALSE,FALSE,FALSE,FALSE,
,,,,,,,,,,,,,,FALSE,FALSE,FALSE,FALSE,FALSE,
,,,,,,,,,,,,,,FALSE,FALSE,FALSE,FALSE,FALSE,
,,,,,,,,,,,,,,FALSE,FALSE,FALSE,FALSE,FALSE,
,,,,,,,,,,,,,,FALSE,FALSE,FALSE,FALSE,FALSE,
,,,,,,,,,,,,,,FALSE,FALSE,FALSE,FALSE,FALSE,
,,,,,,,,,,,,,,FALSE,FALSE,FALSE,FALSE,FALSE,
,,,,,,,,,,,,,,FALSE,FALSE,FALSE,FALSE,FALSE,
,,,,,,,,,,,,,,FALSE,FALSE,FALSE,FALSE,FALSE,
,,,,,,,,,,,,,,FALSE,FALSE,FALSE,FALSE,FALSE,
,,,,,,,,,,,,,,FALSE,FALSE,FALSE,FALSE,FALSE,
,,,,,,,,,,,,,,FALSE,FALSE,FALSE,FALSE,FALSE,
,,,,,,,,,,,,,,FALSE,FALSE,FALSE,FALSE,FALSE,
,,,,,,,,,,,,,,FALSE,FALSE,FALSE,FALSE,FALSE,
,,,,,,,,,,,,,,FALSE,FALSE,FALSE,FALSE,FALSE,
,,,,,,,,,,,,,,FALSE,FALSE,FALSE,FALSE,FALSE,
,,,,,,,,,,,,,,FALSE,FALSE,FALSE,FALSE,FALSE,
,,,,,,,,,,,,,,FALSE,FALSE,FALSE,FALSE,FALSE,
,,,,,,,,,,,,,,FALSE,FALSE,FALSE,FALSE,FALSE,
,,,,,,,,,,,,,,FALSE,FALSE,FALSE,FALSE,FALSE,
,,,,,,,,,,,,,,FALSE,FALSE,FALSE,FALSE,FALSE,
,,,,,,,,,,,,,,FALSE,FALSE,FALSE,FALSE,FALSE,
,,,,,,,,,,,,,,FALSE,FALSE,FALSE,FALSE,FALSE,
,,,,,,,,,,,,,,FALSE,FALSE,FALSE,FALSE,FALSE,
,,,,,,,,,,,,,,FALSE,FALSE,FALSE,FALSE,FALSE,
,,,,,,,,,,,,,,FALSE,FALSE,FALSE,FALSE,FALSE,
,,,,,,,,,,,,,,FALSE,FALSE,FALSE,FALSE,FALSE,
,,,,,,,,,,,,,,FALSE,FALSE,FALSE,FALSE,FALSE,
,,,,,,,,,,,,,,FALSE,FALSE,FALSE,FALSE,FALSE,
,,,,,,,,,,,,,,FALSE,FALSE,FALSE,FALSE,FALSE,
,,,,,,,,,,,,,,FALSE,FALSE,FALSE,FALSE,FALSE,
,,,,,,,,,,,,,,FALSE,FALSE,FALSE,FALSE,FALSE,
,,,,,,,,,,,,,,FALSE,FALSE,FALSE,FALSE,FALSE,
,,,,,,,,,,,,,,FALSE,FALSE,FALSE,FALSE,FALSE,
,,,,,,,,,,,,,,FALSE,FALSE,FALSE,FALSE,FALSE,
,,,,,,,,,,,,,,FALSE,FALSE,FALSE,FALSE,FALSE,
,,,,,,,,,,,,,,FALSE,FALSE,FALSE,FALSE,FALSE,
,,,,,,,,,,,,,,FALSE,FALSE,FALSE,FALSE,FALSE,
,,,,,,,,,,,,,,FALSE,FALSE,FALSE,FALSE,FALSE,
,,,,,,,,,,,,,,FALSE,FALSE,FALSE,FALSE,FALSE,
,,,,,,,,,,,,,,FALSE,FALSE,FALSE,FALSE,FALSE,
,,,,,,,,,,,,,,FALSE,FALSE,FALSE,FALSE,FALSE,
,,,,,,,,,,,,,,FALSE,FALSE,FALSE,FALSE,FALSE,
,,,,,,,,,,,,,,FALSE,FALSE,FALSE,FALSE,FALSE,
,,,,,,,,,,,,,,FALSE,FALSE,FALSE,FALSE,FALSE,
,,,,,,,,,,,,,,FALSE,FALSE,FALSE,FALSE,FALSE,
,,,,,,,,,,,,,,FALSE,FALSE,FALSE,FALSE,FALSE,
,,,,,,,,,,,,,,FALSE,FALSE,FALSE,FALSE,FALSE,
,,,,,,,,,,,,,,FALSE,FALSE,FALSE,FALSE,FALSE,
,,,,,,,,,,,,,,FALSE,FALSE,FALSE,FALSE,FALSE,
,,,,,,,,,,,,,,FALSE,FALSE,FALSE,FALSE,FALSE,
,,,,,,,,,,,,,,FALSE,FALSE,FALSE,FALSE,FALSE,
,,,,,,,,,,,,,,FALSE,FALSE,FALSE,FALSE,FALSE,
,,,,,,,,,,,,,,FALSE,FALSE,FALSE,FALSE,FALSE,
,,,,,,,,,,,,,,FALSE,FALSE,FALSE,FALSE,FALSE,
,,,,,,,,,,,,,,FALSE,FALSE,FALSE,FALSE,FALSE,
,,,,,,,,,,,,,,FALSE,FALSE,FALSE,FALSE,FALSE,
,,,,,,,,,,,,,,FALSE,FALSE,FALSE,FALSE,FALSE,
,,,,,,,,,,,,,,FALSE,FALSE,FALSE,FALSE,FALSE,
,,,,,,,,,,,,,,FALSE,FALSE,FALSE,FALSE,FALSE,
,,,,,,,,,,,,,,FALSE,FALSE,FALSE,FALSE,FALSE,
,,,,,,,,,,,,,,FALSE,FALSE,FALSE,FALSE,FALSE,
,,,,,,,,,,,,,,FALSE,FALSE,FALSE,FALSE,FALSE,
,,,,,,,,,,,,,,FALSE,FALSE,FALSE,FALSE,FALSE,
,,,,,,,,,,,,,,FALSE,FALSE,FALSE,FALSE,FALSE,
,,,,,,,,,,,,,,FALSE,FALSE,FALSE,FALSE,FALSE,
,,,,,,,,,,,,,,FALSE,FALSE,FALSE,FALSE,FALSE,
,,,,,,,,,,,,,,FALSE,FALSE,FALSE,FALSE,FALSE,
,,,,,,,,,,,,,,FALSE,FALSE,FALSE,FALSE,FALSE,
,,,,,,,,,,,,,,FALSE,FALSE,FALSE,FALSE,FALSE,
,,,,,,,,,,,,,,FALSE,FALSE,FALSE,FALSE,FALSE,
,,,,,,,,,,,,,,FALSE,FALSE,FALSE,FALSE,FALSE,
,,,,,,,,,,,,,,FALSE,FALSE,FALSE,FALSE,FALSE,
,,,,,,,,,,,,,,FALSE,FALSE,FALSE,FALSE,FALSE,
,,,,,,,,,,,,,,FALSE,FALSE,FALSE,FALSE,FALSE,
,,,,,,,,,,,,,,FALSE,FALSE,FALSE,FALSE,FALSE,
,,,,,,,,,,,,,,FALSE,FALSE,FALSE,FALSE,FALSE,
,,,,,,,,,,,,,,FALSE,FALSE,FALSE,FALSE,FALSE,
,,,,,,,,,,,,,,FALSE,FALSE,FALSE,FALSE,FALSE,
,,,,,,,,,,,,,,FALSE,FALSE,FALSE,FALSE,FALSE,
,,,,,,,,,,,,,,FALSE,FALSE,FALSE,FALSE,FALSE,
,,,,,,,,,,,,,,FALSE,FALSE,FALSE,FALSE,FALSE,
,,,,,,,,,,,,,,FALSE,FALSE,FALSE,FALSE,FALSE,
,,,,,,,,,,,,,,FALSE,FALSE,FALSE,FALSE,FALSE,
,,,,,,,,,,,,,,FALSE,FALSE,FALSE,FALSE,FALSE,
,,,,,,,,,,,,,,FALSE,FALSE,FALSE,FALSE,FALSE,
,,,,,,,,,,,,,,FALSE,FALSE,FALSE,FALSE,FALSE,
,,,,,,,,,,,,,,FALSE,FALSE,FALSE,FALSE,FALSE,
,,,,,,,,,,,,,,FALSE,FALSE,FALSE,FALSE,FALSE,
,,,,,,,,,,,,,,FALSE,FALSE,FALSE,FALSE,FALSE,
,,,,,,,,,,,,,,FALSE,FALSE,FALSE,FALSE,FALSE,
,,,,,,,,,,,,,,FALSE,FALSE,FALSE,FALSE,FALSE,
,,,,,,,,,,,,,,FALSE,FALSE,FALSE,FALSE,FALSE,
,,,,,,,,,,,,,,FALSE,FALSE,FALSE,FALSE,FALSE,
,,,,,,,,,,,,,,FALSE,FALSE,FALSE,FALSE,FALSE,
,,,,,,,,,,,,,,FALSE,FALSE,FALSE,FALSE,FALSE,
,,,,,,,,,,,,,,FALSE,FALSE,FALSE,FALSE,FALSE,
,,,,,,,,,,,,,,FALSE,FALSE,FALSE,FALSE,FALSE,
,,,,,,,,,,,,,,FALSE,FALSE,FALSE,FALSE,FALSE,
,,,,,,,,,,,,,,FALSE,FALSE,FALSE,FALSE,FALSE,
,,,,,,,,,,,,,,FALSE,FALSE,FALSE,FALSE,FALSE,
,,,,,,,,,,,,,,FALSE,FALSE,FALSE,FALSE,FALSE,
,,,,,,,,,,,,,,FALSE,FALSE,FALSE,FALSE,FALSE,
,,,,,,,,,,,,,,FALSE,FALSE,FALSE,FALSE,FALSE,
,,,,,,,,,,,,,,FALSE,FALSE,FALSE,FALSE,FALSE,
,,,,,,,,,,,,,,FALSE,FALSE,FALSE,FALSE,FALSE,
,,,,,,,,,,,,,,FALSE,FALSE,FALSE,FALSE,FALSE,
,,,,,,,,,,,,,,FALSE,FALSE,FALSE,FALSE,FALSE,
,,,,,,,,,,,,,,FALSE,FALSE,FALSE,FALSE,FALSE,
,,,,,,,,,,,,,,FALSE,FALSE,FALSE,FALSE,FALSE,
,,,,,,,,,,,,,,FALSE,FALSE,FALSE,FALSE,FALSE,
,,,,,,,,,,,,,,FALSE,FALSE,FALSE,FALSE,FALSE,
,,,,,,,,,,,,,,FALSE,FALSE,FALSE,FALSE,FALSE,
,,,,,,,,,,,,,,FALSE,FALSE,FALSE,FALSE,FALSE,
,,,,,,,,,,,,,,FALSE,FALSE,FALSE,FALSE,FALSE,
,,,,,,,,,,,,,,FALSE,FALSE,FALSE,FALSE,FALSE,
,,,,,,,,,,,,,,FALSE,FALSE,FALSE,FALSE,FALSE,
,,,,,,,,,,,,,,FALSE,FALSE,FALSE,FALSE,FALSE,
,,,,,,,,,,,,,,FALSE,FALSE,FALSE,FALSE,FALSE,
,,,,,,,,,,,,,,FALSE,FALSE,FALSE,FALSE,FALSE,
,,,,,,,,,,,,,,FALSE,FALSE,FALSE,FALSE,FALSE,
,,,,,,,,,,,,,,FALSE,FALSE,FALSE,FALSE,FALSE,
,,,,,,,,,,,,,,FALSE,FALSE,FALSE,FALSE,FALSE,
,,,,,,,,,,,,,,FALSE,FALSE,FALSE,FALSE,FALSE,
,,,,,,,,,,,,,,FALSE,FALSE,FALSE,FALSE,FALSE,
,,,,,,,,,,,,,,FALSE,FALSE,FALSE,FALSE,FALSE,
,,,,,,,,,,,,,,FALSE,FALSE,FALSE,FALSE,FALSE,
,,,,,,,,,,,,,,FALSE,FALSE,FALSE,FALSE,FALSE,
,,,,,,,,,,,,,,FALSE,FALSE,FALSE,FALSE,FALSE,
,,,,,,,,,,,,,,FALSE,FALSE,FALSE,FALSE,FALSE,
,,,,,,,,,,,,,,FALSE,FALSE,FALSE,FALSE,FALSE,
,,,,,,,,,,,,,,FALSE,FALSE,FALSE,FALSE,FALSE,
,,,,,,,,,,,,,,FALSE,FALSE,FALSE,FALSE,FALSE,
,,,,,,,,,,,,,,FALSE,FALSE,FALSE,FALSE,FALSE,
,,,,,,,,,,,,,,FALSE,FALSE,FALSE,FALSE,FALSE,
,,,,,,,,,,,,,,FALSE,FALSE,FALSE,FALSE,FALSE,
,,,,,,,,,,,,,,FALSE,FALSE,FALSE,FALSE,FALSE,
,,,,,,,,,,,,,,FALSE,FALSE,FALSE,FALSE,FALSE,
,,,,,,,,,,,,,,FALSE,FALSE,FALSE,FALSE,FALSE,
,,,,,,,,,,,,,,FALSE,FALSE,FALSE,FALSE,FALSE,
,,,,,,,,,,,,,,FALSE,FALSE,FALSE,FALSE,FALSE,
,,,,,,,,,,,,,,FALSE,FALSE,FALSE,FALSE,FALSE,
,,,,,,,,,,,,,,FALSE,FALSE,FALSE,FALSE,FALSE,
,,,,,,,,,,,,,,FALSE,FALSE,FALSE,FALSE,FALSE,
,,,,,,,,,,,,,,FALSE,FALSE,FALSE,FALSE,FALSE,
,,,,,,,,,,,,,,FALSE,FALSE,FALSE,FALSE,FALSE,
,,,,,,,,,,,,,,FALSE,FALSE,FALSE,FALSE,FALSE,
,,,,,,,,,,,,,,FALSE,FALSE,FALSE,FALSE,FALSE,
,,,,,,,,,,,,,,FALSE,FALSE,FALSE,FALSE,FALSE,
,,,,,,,,,,,,,,FALSE,FALSE,FALSE,FALSE,FALSE,
,,,,,,,,,,,,,,FALSE,FALSE,FALSE,FALSE,FALSE,
,,,,,,,,,,,,,,FALSE,FALSE,FALSE,FALSE,FALSE,
,,,,,,,,,,,,,,FALSE,FALSE,FALSE,FALSE,FALSE,
,,,,,,,,,,,,,,FALSE,FALSE,FALSE,FALSE,FALSE,
,,,,,,,,,,,,,,FALSE,FALSE,FALSE,FALSE,FALSE,
,,,,,,,,,,,,,,FALSE,FALSE,FALSE,FALSE,FALSE,
,,,,,,,,,,,,,,FALSE,FALSE,FALSE,FALSE,FALSE,
,,,,,,,,,,,,,,FALSE,FALSE,FALSE,FALSE,FALSE,
,,,,,,,,,,,,,,FALSE,FALSE,FALSE,FALSE,FALSE,
,,,,,,,,,,,,,,FALSE,FALSE,FALSE,FALSE,FALSE,
,,,,,,,,,,,,,,FALSE,FALSE,FALSE,FALSE,FALSE,
,,,,,,,,,,,,,,FALSE,FALSE,FALSE,FALSE,FALSE,
,,,,,,,,,,,,,,FALSE,FALSE,FALSE,FALSE,FALSE,
,,,,,,,,,,,,,,FALSE,FALSE,FALSE,FALSE,FALSE,
,,,,,,,,,,,,,,FALSE,FALSE,FALSE,FALSE,FALSE,
,,,,,,,,,,,,,,FALSE,FALSE,FALSE,FALSE,FALSE,
,,,,,,,,,,,,,,FALSE,FALSE,FALSE,FALSE,FALSE,
,,,,,,,,,,,,,,FALSE,FALSE,FALSE,FALSE,FALSE,
,,,,,,,,,,,,,,FALSE,FALSE,FALSE,FALSE,FALSE,
,,,,,,,,,,,,,,FALSE,FALSE,FALSE,FALSE,FALSE,
,,,,,,,,,,,,,,FALSE,FALSE,FALSE,FALSE,FALSE,
,,,,,,,,,,,,,,FALSE,FALSE,FALSE,FALSE,FALSE,
,,,,,,,,,,,,,,FALSE,FALSE,FALSE,FALSE,FALSE,
,,,,,,,,,,,,,,FALSE,FALSE,FALSE,FALSE,FALSE,
,,,,,,,,,,,,,,FALSE,FALSE,FALSE,FALSE,FALSE,
,,,,,,,,,,,,,,FALSE,FALSE,FALSE,FALSE,FALSE,
,,,,,,,,,,,,,,FALSE,FALSE,FALSE,FALSE,FALSE,
,,,,,,,,,,,,,,FALSE,FALSE,FALSE,FALSE,FALSE,
,,,,,,,,,,,,,,FALSE,FALSE,FALSE,FALSE,FALSE,
,,,,,,,,,,,,,,FALSE,FALSE,FALSE,FALSE,FALSE,
,,,,,,,,,,,,,,FALSE,FALSE,FALSE,FALSE,FALSE,
,,,,,,,,,,,,,,FALSE,FALSE,FALSE,FALSE,FALSE,
,,,,,,,,,,,,,,FALSE,FALSE,FALSE,FALSE,FALSE,
,,,,,,,,,,,,,,FALSE,FALSE,FALSE,FALSE,FALSE,
,,,,,,,,,,,,,,FALSE,FALSE,FALSE,FALSE,FALSE,
,,,,,,,,,,,,,,FALSE,FALSE,FALSE,FALSE,FALSE,
,,,,,,,,,,,,,,FALSE,FALSE,FALSE,FALSE,FALSE,
,,,,,,,,,,,,,,FALSE,FALSE,FALSE,FALSE,FALSE,
,,,,,,,,,,,,,,FALSE,FALSE,FALSE,FALSE,FALSE,
,,,,,,,,,,,,,,FALSE,FALSE,FALSE,FALSE,FALSE,
,,,,,,,,,,,,,,FALSE,FALSE,FALSE,FALSE,FALSE,
,,,,,,,,,,,,,,FALSE,FALSE,FALSE,FALSE,FALSE,
,,,,,,,,,,,,,,FALSE,FALSE,FALSE,FALSE,FALSE,
,,,,,,,,,,,,,,FALSE,FALSE,FALSE,FALSE,FALSE,
,,,,,,,,,,,,,,FALSE,FALSE,FALSE,FALSE,FALSE,
,,,,,,,,,,,,,,FALSE,FALSE,FALSE,FALSE,FALSE,
,,,,,,,,,,,,,,FALSE,FALSE,FALSE,FALSE,FALSE,
,,,,,,,,,,,,,,FALSE,FALSE,FALSE,FALSE,FALSE,
,,,,,,,,,,,,,,FALSE,FALSE,FALSE,FALSE,FALSE,
,,,,,,,,,,,,,,FALSE,FALSE,FALSE,FALSE,FALSE,
,,,,,,,,,,,,,,FALSE,FALSE,FALSE,FALSE,FALSE,
,,,,,,,,,,,,,,FALSE,FALSE,FALSE,FALSE,FALSE,
,,,,,,,,,,,,,,FALSE,FALSE,FALSE,FALSE,FALSE,
,,,,,,,,,,,,,,FALSE,FALSE,FALSE,FALSE,FALSE,
,,,,,,,,,,,,,,FALSE,FALSE,FALSE,FALSE,FALSE,
,,,,,,,,,,,,,,FALSE,FALSE,FALSE,FALSE,FALSE,
,,,,,,,,,,,,,,FALSE,FALSE,FALSE,FALSE,FALSE,
,,,,,,,,,,,,,,FALSE,FALSE,FALSE,FALSE,FALSE,
,,,,,,,,,,,,,,FALSE,FALSE,FALSE,FALSE,FALSE,
,,,,,,,,,,,,,,FALSE,FALSE,FALSE,FALSE,FALSE,
,,,,,,,,,,,,,,FALSE,FALSE,FALSE,FALSE,FALSE,
,,,,,,,,,,,,,,FALSE,FALSE,FALSE,FALSE,FALSE,
,,,,,,,,,,,,,,FALSE,FALSE,FALSE,FALSE,FALSE,
,,,,,,,,,,,,,,FALSE,FALSE,FALSE,FALSE,FALSE,
,,,,,,,,,,,,,,FALSE,FALSE,FALSE,FALSE,FALSE,
,,,,,,,,,,,,,,FALSE,FALSE,FALSE,FALSE,FALSE,
,,,,,,,,,,,,,,FALSE,FALSE,FALSE,FALSE,FALSE,
,,,,,,,,,,,,,,FALSE,FALSE,FALSE,FALSE,FALSE,
,,,,,,,,,,,,,,FALSE,FALSE,FALSE,FALSE,FALSE,
,,,,,,,,,,,,,,FALSE,FALSE,FALSE,FALSE,FALSE,
,,,,,,,,,,,,,,FALSE,FALSE,FALSE,FALSE,FALSE,
,,,,,,,,,,,,,,FALSE,FALSE,FALSE,FALSE,FALSE,
,,,,,,,,,,,,,,FALSE,FALSE,FALSE,FALSE,FALSE,
,,,,,,,,,,,,,,FALSE,FALSE,FALSE,FALSE,FALSE,
,,,,,,,,,,,,,,FALSE,FALSE,FALSE,FALSE,FALSE,
,,,,,,,,,,,,,,FALSE,FALSE,FALSE,FALSE,FALSE,
,,,,,,,,,,,,,,FALSE,FALSE,FALSE,FALSE,FALSE,
,,,,,,,,,,,,,,FALSE,FALSE,FALSE,FALSE,FALSE,
,,,,,,,,,,,,,,FALSE,FALSE,FALSE,FALSE,FALSE,
,,,,,,,,,,,,,,FALSE,FALSE,FALSE,FALSE,FALSE,
,,,,,,,,,,,,,,FALSE,FALSE,FALSE,FALSE,FALSE,
,,,,,,,,,,,,,,FALSE,FALSE,FALSE,FALSE,FALSE,
,,,,,,,,,,,,,,FALSE,FALSE,FALSE,FALSE,FALSE,
,,,,,,,,,,,,,,FALSE,FALSE,FALSE,FALSE,FALSE,
,,,,,,,,,,,,,,FALSE,FALSE,FALSE,FALSE,FALSE,
,,,,,,,,,,,,,,FALSE,FALSE,FALSE,FALSE,FALSE,
,,,,,,,,,,,,,,FALSE,FALSE,FALSE,FALSE,FALSE,
,,,,,,,,,,,,,,FALSE,FALSE,FALSE,FALSE,FALSE,
,,,,,,,,,,,,,,FALSE,FALSE,FALSE,FALSE,FALSE,
,,,,,,,,,,,,,,FALSE,FALSE,FALSE,FALSE,FALSE,
,,,,,,,,,,,,,,FALSE,FALSE,FALSE,FALSE,FALSE,
,,,,,,,,,,,,,,FALSE,FALSE,FALSE,FALSE,FALSE,
,,,,,,,,,,,,,,FALSE,FALSE,FALSE,FALSE,FALSE,
,,,,,,,,,,,,,,FALSE,FALSE,FALSE,FALSE,FALSE,
,,,,,,,,,,,,,,FALSE,FALSE,FALSE,FALSE,FALSE,
,,,,,,,,,,,,,,FALSE,FALSE,FALSE,FALSE,FALSE,
,,,,,,,,,,,,,,FALSE,FALSE,FALSE,FALSE,FALSE,
,,,,,,,,,,,,,,FALSE,FALSE,FALSE,FALSE,FALSE,
,,,,,,,,,,,,,,FALSE,FALSE,FALSE,FALSE,FALSE,
,,,,,,,,,,,,,,FALSE,FALSE,FALSE,FALSE,FALSE,
,,,,,,,,,,,,,,FALSE,FALSE,FALSE,FALSE,FALSE,
,,,,,,,,,,,,,,FALSE,FALSE,FALSE,FALSE,FALSE,
,,,,,,,,,,,,,,FALSE,FALSE,FALSE,FALSE,FALSE,
,,,,,,,,,,,,,,FALSE,FALSE,FALSE,FALSE,FALSE,
,,,,,,,,,,,,,,FALSE,FALSE,FALSE,FALSE,FALSE,
,,,,,,,,,,,,,,FALSE,FALSE,FALSE,FALSE,FALSE,
,,,,,,,,,,,,,,FALSE,FALSE,FALSE,FALSE,FALSE,
,,,,,,,,,,,,,,FALSE,FALSE,FALSE,FALSE,FALSE,
,,,,,,,,,,,,,,FALSE,FALSE,FALSE,FALSE,FALSE,
,,,,,,,,,,,,,,FALSE,FALSE,FALSE,FALSE,FALSE,
,,,,,,,,,,,,,,FALSE,FALSE,FALSE,FALSE,FALSE,
,,,,,,,,,,,,,,FALSE,FALSE,FALSE,FALSE,FALSE,
,,,,,,,,,,,,,,FALSE,FALSE,FALSE,FALSE,FALSE,
,,,,,,,,,,,,,,FALSE,FALSE,FALSE,FALSE,FALSE,
,,,,,,,,,,,,,,FALSE,FALSE,FALSE,FALSE,FALSE,
,,,,,,,,,,,,,,FALSE,FALSE,FALSE,FALSE,FALSE,
,,,,,,,,,,,,,,FALSE,FALSE,FALSE,FALSE,FALSE,
,,,,,,,,,,,,,,FALSE,FALSE,FALSE,FALSE,FALSE,
,,,,,,,,,,,,,,FALSE,FALSE,FALSE,FALSE,FALSE,
,,,,,,,,,,,,,,FALSE,FALSE,FALSE,FALSE,FALSE,
,,,,,,,,,,,,,,FALSE,FALSE,FALSE,FALSE,FALSE,
,,,,,,,,,,,,,,FALSE,FALSE,FALSE,FALSE,FALSE,
,,,,,,,,,,,,,,FALSE,FALSE,FALSE,FALSE,FALSE,
,,,,,,,,,,,,,,FALSE,FALSE,FALSE,FALSE,FALSE,
,,,,,,,,,,,,,,FALSE,FALSE,FALSE,FALSE,FALSE,
,,,,,,,,,,,,,,FALSE,FALSE,FALSE,FALSE,FALSE,
,,,,,,,,,,,,,,FALSE,FALSE,FALSE,FALSE,FALSE,
,,,,,,,,,,,,,,FALSE,FALSE,FALSE,FALSE,FALSE,
,,,,,,,,,,,,,,FALSE,FALSE,FALSE,FALSE,FALSE,
,,,,,,,,,,,,,,FALSE,FALSE,FALSE,FALSE,FALSE,
,,,,,,,,,,,,,,FALSE,FALSE,FALSE,FALSE,FALSE,
,,,,,,,,,,,,,,FALSE,FALSE,FALSE,FALSE,FALSE,
,,,,,,,,,,,,,,FALSE,FALSE,FALSE,FALSE,FALSE,
,,,,,,,,,,,,,,FALSE,FALSE,FALSE,FALSE,FALSE,
,,,,,,,,,,,,,,FALSE,FALSE,FALSE,FALSE,FALSE,
,,,,,,,,,,,,,,FALSE,FALSE,FALSE,FALSE,FALSE,
,,,,,,,,,,,,,,FALSE,FALSE,FALSE,FALSE,FALSE,
,,,,,,,,,,,,,,FALSE,FALSE,FALSE,FALSE,FALSE,
,,,,,,,,,,,,,,FALSE,FALSE,FALSE,FALSE,FALSE,
,,,,,,,,,,,,,,FALSE,FALSE,FALSE,FALSE,FALSE,
,,,,,,,,,,,,,,FALSE,FALSE,FALSE,FALSE,FALSE,
,,,,,,,,,,,,,,FALSE,FALSE,FALSE,FALSE,FALSE,
,,,,,,,,,,,,,,FALSE,FALSE,FALSE,FALSE,FALSE,
,,,,,,,,,,,,,,FALSE,FALSE,FALSE,FALSE,FALSE,
,,,,,,,,,,,,,,FALSE,FALSE,FALSE,FALSE,FALSE,
,,,,,,,,,,,,,,FALSE,FALSE,FALSE,FALSE,FALSE,
,,,,,,,,,,,,,,FALSE,FALSE,FALSE,FALSE,FALSE,
,,,,,,,,,,,,,,FALSE,FALSE,FALSE,FALSE,FALSE,
,,,,,,,,,,,,,,FALSE,FALSE,FALSE,FALSE,FALSE,
,,,,,,,,,,,,,,FALSE,FALSE,FALSE,FALSE,FALSE,
,,,,,,,,,,,,,,FALSE,FALSE,FALSE,FALSE,FALSE,
,,,,,,,,,,,,,,FALSE,FALSE,FALSE,FALSE,FALSE,
,,,,,,,,,,,,,,FALSE,FALSE,FALSE,FALSE,FALSE,
,,,,,,,,,,,,,,FALSE,FALSE,FALSE,FALSE,FALSE,
,,,,,,,,,,,,,,FALSE,FALSE,FALSE,FALSE,FALSE,
,,,,,,,,,,,,,,FALSE,FALSE,FALSE,FALSE,FALSE,
,,,,,,,,,,,,,,FALSE,FALSE,FALSE,FALSE,FALSE,
,,,,,,,,,,,,,,FALSE,FALSE,FALSE,FALSE,FALSE,
,,,,,,,,,,,,,,FALSE,FALSE,FALSE,FALSE,FALSE,
,,,,,,,,,,,,,,FALSE,FALSE,FALSE,FALSE,FALSE,
,,,,,,,,,,,,,,FALSE,FALSE,FALSE,FALSE,FALSE,
,,,,,,,,,,,,,,FALSE,FALSE,FALSE,FALSE,FALSE,
,,,,,,,,,,,,,,FALSE,FALSE,FALSE,FALSE,FALSE,
,,,,,,,,,,,,,,FALSE,FALSE,FALSE,FALSE,FALSE,
,,,,,,,,,,,,,,FALSE,FALSE,FALSE,FALSE,FALSE,
,,,,,,,,,,,,,,FALSE,FALSE,FALSE,FALSE,FALSE,
,,,,,,,,,,,,,,FALSE,FALSE,FALSE,FALSE,FALSE,
,,,,,,,,,,,,,,FALSE,FALSE,FALSE,FALSE,FALSE,
,,,,,,,,,,,,,,FALSE,FALSE,FALSE,FALSE,FALSE,
,,,,,,,,,,,,,,FALSE,FALSE,FALSE,FALSE,FALSE,
,,,,,,,,,,,,,,FALSE,FALSE,FALSE,FALSE,FALSE,
,,,,,,,,,,,,,,FALSE,FALSE,FALSE,FALSE,FALSE,
,,,,,,,,,,,,,,FALSE,FALSE,FALSE,FALSE,FALSE,
,,,,,,,,,,,,,,FALSE,FALSE,FALSE,FALSE,FALSE,
,,,,,,,,,,,,,,FALSE,FALSE,FALSE,FALSE,FALSE,
,,,,,,,,,,,,,,FALSE,FALSE,FALSE,FALSE,FALSE,
,,,,,,,,,,,,,,FALSE,FALSE,FALSE,FALSE,FALSE,
,,,,,,,,,,,,,,FALSE,FALSE,FALSE,FALSE,FALSE,
,,,,,,,,,,,,,,FALSE,FALSE,FALSE,FALSE,FALSE,
,,,,,,,,,,,,,,FALSE,FALSE,FALSE,FALSE,FALSE,
,,,,,,,,,,,,,,FALSE,FALSE,FALSE,FALSE,FALSE,
,,,,,,,,,,,,,,FALSE,FALSE,FALSE,FALSE,FALSE,
,,,,,,,,,,,,,,FALSE,FALSE,FALSE,FALSE,FALSE,
,,,,,,,,,,,,,,FALSE,FALSE,FALSE,FALSE,FALSE,
,,,,,,,,,,,,,,FALSE,FALSE,FALSE,FALSE,FALSE,
,,,,,,,,,,,,,,FALSE,FALSE,FALSE,FALSE,FALSE,
,,,,,,,,,,,,,,FALSE,FALSE,FALSE,FALSE,FALSE,
,,,,,,,,,,,,,,FALSE,FALSE,FALSE,FALSE,FALSE,
,,,,,,,,,,,,,,FALSE,FALSE,FALSE,FALSE,FALSE,
,,,,,,,,,,,,,,FALSE,FALSE,FALSE,FALSE,FALSE,
,,,,,,,,,,,,,,FALSE,FALSE,FALSE,FALSE,FALSE,
,,,,,,,,,,,,,,FALSE,FALSE,FALSE,FALSE,FALSE,
,,,,,,,,,,,,,,FALSE,FALSE,FALSE,FALSE,FALSE,
,,,,,,,,,,,,,,FALSE,FALSE,FALSE,FALSE,FALSE,
,,,,,,,,,,,,,,FALSE,FALSE,FALSE,FALSE,FALSE,
,,,,,,,,,,,,,,FALSE,FALSE,FALSE,FALSE,FALSE,
,,,,,,,,,,,,,,FALSE,FALSE,FALSE,FALSE,FALSE,
,,,,,,,,,,,,,,FALSE,FALSE,FALSE,FALSE,FALSE,
,,,,,,,,,,,,,,FALSE,FALSE,FALSE,FALSE,FALSE,
,,,,,,,,,,,,,,FALSE,FALSE,FALSE,FALSE,FALSE,
,,,,,,,,,,,,,,FALSE,FALSE,FALSE,FALSE,FALSE,
,,,,,,,,,,,,,,FALSE,FALSE,FALSE,FALSE,FALSE,
,,,,,,,,,,,,,,FALSE,FALSE,FALSE,FALSE,FALSE,
,,,,,,,,,,,,,,FALSE,FALSE,FALSE,FALSE,FALSE,
,,,,,,,,,,,,,,FALSE,FALSE,FALSE,FALSE,FALSE,
,,,,,,,,,,,,,,FALSE,FALSE,FALSE,FALSE,FALSE,
,,,,,,,,,,,,,,FALSE,FALSE,FALSE,FALSE,FALSE,
,,,,,,,,,,,,,,FALSE,FALSE,FALSE,FALSE,FALSE,
,,,,,,,,,,,,,,FALSE,FALSE,FALSE,FALSE,FALSE,
,,,,,,,,,,,,,,FALSE,FALSE,FALSE,FALSE,FALSE,
,,,,,,,,,,,,,,FALSE,FALSE,FALSE,FALSE,FALSE,
,,,,,,,,,,,,,,FALSE,FALSE,FALSE,FALSE,FALSE,
,,,,,,,,,,,,,,FALSE,FALSE,FALSE,FALSE,FALSE,
,,,,,,,,,,,,,,FALSE,FALSE,FALSE,FALSE,FALSE,
,,,,,,,,,,,,,,FALSE,FALSE,FALSE,FALSE,FALSE,
,,,,,,,,,,,,,,FALSE,FALSE,FALSE,FALSE,FALSE,
,,,,,,,,,,,,,,FALSE,FALSE,FALSE,FALSE,FALSE,
,,,,,,,,,,,,,,FALSE,FALSE,FALSE,FALSE,FALSE,
,,,,,,,,,,,,,,FALSE,FALSE,FALSE,FALSE,FALSE,
,,,,,,,,,,,,,,FALSE,FALSE,FALSE,FALSE,FALSE,
,,,,,,,,,,,,,,FALSE,FALSE,FALSE,FALSE,FALSE,
,,,,,,,,,,,,,,FALSE,FALSE,FALSE,FALSE,FALSE,
,,,,,,,,,,,,,,FALSE,FALSE,FALSE,FALSE,FALSE,
,,,,,,,,,,,,,,FALSE,FALSE,FALSE,FALSE,FALSE,
,,,,,,,,,,,,,,FALSE,FALSE,FALSE,FALSE,FALSE,
,,,,,,,,,,,,,,FALSE,FALSE,FALSE,FALSE,FALSE,
,,,,,,,,,,,,,,FALSE,FALSE,FALSE,FALSE,FALSE,
,,,,,,,,,,,,,,FALSE,FALSE,FALSE,FALSE,FALSE,
,,,,,,,,,,,,,,FALSE,FALSE,FALSE,FALSE,FALSE,
,,,,,,,,,,,,,,FALSE,FALSE,FALSE,FALSE,FALSE,
,,,,,,,,,,,,,,FALSE,FALSE,FALSE,FALSE,FALSE,
,,,,,,,,,,,,,,FALSE,FALSE,FALSE,FALSE,FALSE,
,,,,,,,,,,,,,,FALSE,FALSE,FALSE,FALSE,FALSE,
,,,,,,,,,,,,,,FALSE,FALSE,FALSE,FALSE,FALSE,
,,,,,,,,,,,,,,FALSE,FALSE,FALSE,FALSE,FALSE,
,,,,,,,,,,,,,,FALSE,FALSE,FALSE,FALSE,FALSE,
,,,,,,,,,,,,,,FALSE,FALSE,FALSE,FALSE,FALSE,
,,,,,,,,,,,,,,FALSE,FALSE,FALSE,FALSE,FALSE,
,,,,,,,,,,,,,,FALSE,FALSE,FALSE,FALSE,FALSE,
,,,,,,,,,,,,,,FALSE,FALSE,FALSE,FALSE,FALSE,
,,,,,,,,,,,,,,FALSE,FALSE,FALSE,FALSE,FALSE,
,,,,,,,,,,,,,,FALSE,FALSE,FALSE,FALSE,FALSE,
,,,,,,,,,,,,,,FALSE,FALSE,FALSE,FALSE,FALSE,
,,,,,,,,,,,,,,FALSE,FALSE,FALSE,FALSE,FALSE,
,,,,,,,,,,,,,,FALSE,FALSE,FALSE,FALSE,FALSE,
,,,,,,,,,,,,,,FALSE,FALSE,FALSE,FALSE,FALSE,
,,,,,,,,,,,,,,FALSE,FALSE,FALSE,FALSE,FALSE,
,,,,,,,,,,,,,,FALSE,FALSE,FALSE,FALSE,FALSE,
,,,,,,,,,,,,,,FALSE,FALSE,FALSE,FALSE,FALSE,
,,,,,,,,,,,,,,FALSE,FALSE,FALSE,FALSE,FALSE,
,,,,,,,,,,,,,,FALSE,FALSE,FALSE,FALSE,FALSE,
,,,,,,,,,,,,,,FALSE,FALSE,FALSE,FALSE,FALSE,
,,,,,,,,,,,,,,FALSE,FALSE,FALSE,FALSE,FALSE,
,,,,,,,,,,,,,,FALSE,FALSE,FALSE,FALSE,FALSE,
,,,,,,,,,,,,,,FALSE,FALSE,FALSE,FALSE,FALSE,
,,,,,,,,,,,,,,FALSE,FALSE,FALSE,FALSE,FALSE,
,,,,,,,,,,,,,,FALSE,FALSE,FALSE,FALSE,FALSE,
,,,,,,,,,,,,,,FALSE,FALSE,FALSE,FALSE,FALSE,
,,,,,,,,,,,,,,FALSE,FALSE,FALSE,FALSE,FALSE,
,,,,,,,,,,,,,,FALSE,FALSE,FALSE,FALSE,FALSE,
,,,,,,,,,,,,,,FALSE,FALSE,FALSE,FALSE,FALSE,
,,,,,,,,,,,,,,FALSE,FALSE,FALSE,FALSE,FALSE,
,,,,,,,,,,,,,,FALSE,FALSE,FALSE,FALSE,FALSE,
,,,,,,,,,,,,,,FALSE,FALSE,FALSE,FALSE,FALSE,
,,,,,,,,,,,,,,FALSE,FALSE,FALSE,FALSE,FALSE,
,,,,,,,,,,,,,,FALSE,FALSE,FALSE,FALSE,FALSE,
,,,,,,,,,,,,,,FALSE,FALSE,FALSE,FALSE,FALSE,
,,,,,,,,,,,,,,FALSE,FALSE,FALSE,FALSE,FALSE,
,,,,,,,,,,,,,,FALSE,FALSE,FALSE,FALSE,FALSE,
,,,,,,,,,,,,,,FALSE,FALSE,FALSE,FALSE,FALSE,
,,,,,,,,,,,,,,FALSE,FALSE,FALSE,FALSE,FALSE,
,,,,,,,,,,,,,,FALSE,FALSE,FALSE,FALSE,FALSE,
,,,,,,,,,,,,,,FALSE,FALSE,FALSE,FALSE,FALSE,
,,,,,,,,,,,,,,FALSE,FALSE,FALSE,FALSE,FALSE,
,,,,,,,,,,,,,,FALSE,FALSE,FALSE,FALSE,FALSE,
,,,,,,,,,,,,,,FALSE,FALSE,FALSE,FALSE,FALSE,
,,,,,,,,,,,,,,FALSE,FALSE,FALSE,FALSE,FALSE,
,,,,,,,,,,,,,,FALSE,FALSE,FALSE,FALSE,FALSE,
,,,,,,,,,,,,,,FALSE,FALSE,FALSE,FALSE,FALSE,
,,,,,,,,,,,,,,FALSE,FALSE,FALSE,FALSE,FALSE,
,,,,,,,,,,,,,,FALSE,FALSE,FALSE,FALSE,FALSE,
,,,,,,,,,,,,,,FALSE,FALSE,FALSE,FALSE,FALSE,
,,,,,,,,,,,,,,FALSE,FALSE,FALSE,FALSE,FALSE,
,,,,,,,,,,,,,,FALSE,FALSE,FALSE,FALSE,FALSE,
,,,,,,,,,,,,,,FALSE,FALSE,FALSE,FALSE,FALSE,
,,,,,,,,,,,,,,FALSE,FALSE,FALSE,FALSE,FALSE,
,,,,,,,,,,,,,,FALSE,FALSE,FALSE,FALSE,FALSE,
,,,,,,,,,,,,,,FALSE,FALSE,FALSE,FALSE,FALSE,
,,,,,,,,,,,,,,FALSE,FALSE,FALSE,FALSE,FALSE,
,,,,,,,,,,,,,,FALSE,FALSE,FALSE,FALSE,FALSE,
,,,,,,,,,,,,,,FALSE,FALSE,FALSE,FALSE,FALSE,
,,,,,,,,,,,,,,FALSE,FALSE,FALSE,FALSE,FALSE,
,,,,,,,,,,,,,,FALSE,FALSE,FALSE,FALSE,FALSE,
,,,,,,,,,,,,,,FALSE,FALSE,FALSE,FALSE,FALSE,
,,,,,,,,,,,,,,FALSE,FALSE,FALSE,FALSE,FALSE,
,,,,,,,,,,,,,,FALSE,FALSE,FALSE,FALSE,FALSE,
,,,,,,,,,,,,,,FALSE,FALSE,FALSE,FALSE,FALSE,
,,,,,,,,,,,,,,FALSE,FALSE,FALSE,FALSE,FALSE,
,,,,,,,,,,,,,,FALSE,FALSE,FALSE,FALSE,FALSE,
,,,,,,,,,,,,,,FALSE,FALSE,FALSE,FALSE,FALSE,
,,,,,,,,,,,,,,FALSE,FALSE,FALSE,FALSE,FALSE,
,,,,,,,,,,,,,,FALSE,FALSE,FALSE,FALSE,FALSE,
,,,,,,,,,,,,,,FALSE,FALSE,FALSE,FALSE,FALSE,
,,,,,,,,,,,,,,FALSE,FALSE,FALSE,FALSE,FALSE,
,,,,,,,,,,,,,,FALSE,FALSE,FALSE,FALSE,FALSE,
,,,,,,,,,,,,,,FALSE,FALSE,FALSE,FALSE,FALSE,
,,,,,,,,,,,,,,FALSE,FALSE,FALSE,FALSE,FALSE,
,,,,,,,,,,,,,,FALSE,FALSE,FALSE,FALSE,FALSE,
,,,,,,,,,,,,,,FALSE,FALSE,FALSE,FALSE,FALSE,
,,,,,,,,,,,,,,FALSE,FALSE,FALSE,FALSE,FALSE,
,,,,,,,,,,,,,,FALSE,FALSE,FALSE,FALSE,FALSE,
,,,,,,,,,,,,,,FALSE,FALSE,FALSE,FALSE,FALSE,
,,,,,,,,,,,,,,FALSE,FALSE,FALSE,FALSE,FALSE,
,,,,,,,,,,,,,,FALSE,FALSE,FALSE,FALSE,FALSE,
,,,,,,,,,,,,,,FALSE,FALSE,FALSE,FALSE,FALSE,
,,,,,,,,,,,,,,FALSE,FALSE,FALSE,FALSE,FALSE,
,,,,,,,,,,,,,,FALSE,FALSE,FALSE,FALSE,FALSE,
,,,,,,,,,,,,,,FALSE,FALSE,FALSE,FALSE,FALSE,
,,,,,,,,,,,,,,FALSE,FALSE,FALSE,FALSE,FALSE,
,,,,,,,,,,,,,,FALSE,FALSE,FALSE,FALSE,FALSE,
,,,,,,,,,,,,,,FALSE,FALSE,FALSE,FALSE,FALSE,
,,,,,,,,,,,,,,FALSE,FALSE,FALSE,FALSE,FALSE,
,,,,,,,,,,,,,,FALSE,FALSE,FALSE,FALSE,FALSE,
,,,,,,,,,,,,,,FALSE,FALSE,FALSE,FALSE,FALSE,
,,,,,,,,,,,,,,FALSE,FALSE,FALSE,FALSE,FALSE,
,,,,,,,,,,,,,,FALSE,FALSE,FALSE,FALSE,FALSE,
,,,,,,,,,,,,,,FALSE,FALSE,FALSE,FALSE,FALSE,
,,,,,,,,,,,,,,FALSE,FALSE,FALSE,FALSE,FALSE,
,,,,,,,,,,,,,,FALSE,FALSE,FALSE,FALSE,FALSE,
,,,,,,,,,,,,,,FALSE,FALSE,FALSE,FALSE,FALSE,
,,,,,,,,,,,,,,FALSE,FALSE,FALSE,FALSE,FALSE,
,,,,,,,,,,,,,,FALSE,FALSE,FALSE,FALSE,FALSE,
,,,,,,,,,,,,,,FALSE,FALSE,FALSE,FALSE,FALSE,
,,,,,,,,,,,,,,FALSE,FALSE,FALSE,FALSE,FALSE,
,,,,,,,,,,,,,,FALSE,FALSE,FALSE,FALSE,FALSE,
,,,,,,,,,,,,,,FALSE,FALSE,FALSE,FALSE,FALSE,
,,,,,,,,,,,,,,FALSE,FALSE,FALSE,FALSE,FALSE,
,,,,,,,,,,,,,,FALSE,FALSE,FALSE,FALSE,FALSE,
,,,,,,,,,,,,,,FALSE,FALSE,FALSE,FALSE,FALSE,
,,,,,,,,,,,,,,FALSE,FALSE,FALSE,FALSE,FALSE,
,,,,,,,,,,,,,,FALSE,FALSE,FALSE,FALSE,FALSE,
,,,,,,,,,,,,,,FALSE,FALSE,FALSE,FALSE,FALSE,
,,,,,,,,,,,,,,FALSE,FALSE,FALSE,FALSE,FALSE,
,,,,,,,,,,,,,,FALSE,FALSE,FALSE,FALSE,FALSE,
,,,,,,,,,,,,,,FALSE,FALSE,FALSE,FALSE,FALSE,
,,,,,,,,,,,,,,FALSE,FALSE,FALSE,FALSE,FALSE,
,,,,,,,,,,,,,,FALSE,FALSE,FALSE,FALSE,FALSE,
,,,,,,,,,,,,,,FALSE,FALSE,FALSE,FALSE,FALSE,
,,,,,,,,,,,,,,FALSE,FALSE,FALSE,FALSE,FALSE,
,,,,,,,,,,,,,,FALSE,FALSE,FALSE,FALSE,FALSE,
,,,,,,,,,,,,,,FALSE,FALSE,FALSE,FALSE,FALSE,
,,,,,,,,,,,,,,FALSE,FALSE,FALSE,FALSE,FALSE,
,,,,,,,,,,,,,,FALSE,FALSE,FALSE,FALSE,FALSE,
,,,,,,,,,,,,,,FALSE,FALSE,FALSE,FALSE,FALSE,
,,,,,,,,,,,,,,FALSE,FALSE,FALSE,FALSE,FALSE,
,,,,,,,,,,,,,,FALSE,FALSE,FALSE,FALSE,FALSE,
,,,,,,,,,,,,,,FALSE,FALSE,FALSE,FALSE,FALSE,
,,,,,,,,,,,,,,FALSE,FALSE,FALSE,FALSE,FALSE,
,,,,,,,,,,,,,,FALSE,FALSE,FALSE,FALSE,FALSE,
,,,,,,,,,,,,,,FALSE,FALSE,FALSE,FALSE,FALSE,
,,,,,,,,,,,,,,FALSE,FALSE,FALSE,FALSE,FALSE,
,,,,,,,,,,,,,,FALSE,FALSE,FALSE,FALSE,FALSE,
,,,,,,,,,,,,,,FALSE,FALSE,FALSE,FALSE,FALSE,
,,,,,,,,,,,,,,FALSE,FALSE,FALSE,FALSE,FALSE,
,,,,,,,,,,,,,,FALSE,FALSE,FALSE,FALSE,FALSE,
,,,,,,,,,,,,,,FALSE,FALSE,FALSE,FALSE,FALSE,
,,,,,,,,,,,,,,FALSE,FALSE,FALSE,FALSE,FALSE,
,,,,,,,,,,,,,,FALSE,FALSE,FALSE,FALSE,FALSE,
,,,,,,,,,,,,,,FALSE,FALSE,FALSE,FALSE,FALSE,
,,,,,,,,,,,,,,FALSE,FALSE,FALSE,FALSE,FALSE,
,,,,,,,,,,,,,,FALSE,FALSE,FALSE,FALSE,FALSE,
,,,,,,,,,,,,,,FALSE,FALSE,FALSE,FALSE,FALSE,
,,,,,,,,,,,,,,FALSE,FALSE,FALSE,FALSE,FALSE,
,,,,,,,,,,,,,,FALSE,FALSE,FALSE,FALSE,FALSE,
,,,,,,,,,,,,,,FALSE,FALSE,FALSE,FALSE,FALSE,
,,,,,,,,,,,,,,FALSE,FALSE,FALSE,FALSE,FALSE,
,,,,,,,,,,,,,,FALSE,FALSE,FALSE,FALSE,FALSE,
,,,,,,,,,,,,,,FALSE,FALSE,FALSE,FALSE,FALSE,
,,,,,,,,,,,,,,FALSE,FALSE,FALSE,FALSE,FALSE,
,,,,,,,,,,,,,,FALSE,FALSE,FALSE,FALSE,FALSE,
,,,,,,,,,,,,,,FALSE,FALSE,FALSE,FALSE,FALSE,
,,,,,,,,,,,,,,FALSE,FALSE,FALSE,FALSE,FALSE,
,,,,,,,,,,,,,,FALSE,FALSE,FALSE,FALSE,FALSE,
,,,,,,,,,,,,,,FALSE,FALSE,FALSE,FALSE,FALSE,
,,,,,,,,,,,,,,FALSE,FALSE,FALSE,FALSE,FALSE,
,,,,,,,,,,,,,,FALSE,FALSE,FALSE,FALSE,FALSE,
,,,,,,,,,,,,,,FALSE,FALSE,FALSE,FALSE,FALSE,
,,,,,,,,,,,,,,FALSE,FALSE,FALSE,FALSE,FALSE,
,,,,,,,,,,,,,,FALSE,FALSE,FALSE,FALSE,FALSE,
,,,,,,,,,,,,,,FALSE,FALSE,FALSE,FALSE,FALSE,
,,,,,,,,,,,,,,FALSE,FALSE,FALSE,FALSE,FALSE,
,,,,,,,,,,,,,,FALSE,FALSE,FALSE,FALSE,FALSE,
,,,,,,,,,,,,,,FALSE,FALSE,FALSE,FALSE,FALSE,
,,,,,,,,,,,,,,FALSE,FALSE,FALSE,FALSE,FALSE,
,,,,,,,,,,,,,,FALSE,FALSE,FALSE,FALSE,FALSE,
,,,,,,,,,,,,,,FALSE,FALSE,FALSE,FALSE,FALSE,
,,,,,,,,,,,,,,FALSE,FALSE,FALSE,FALSE,FALSE,
,,,,,,,,,,,,,,FALSE,FALSE,FALSE,FALSE,FALSE,
,,,,,,,,,,,,,,FALSE,FALSE,FALSE,FALSE,FALSE,
,,,,,,,,,,,,,,FALSE,FALSE,FALSE,FALSE,FALSE,
,,,,,,,,,,,,,,FALSE,FALSE,FALSE,FALSE,FALSE,
,,,,,,,,,,,,,,FALSE,FALSE,FALSE,FALSE,FALSE,
,,,,,,,,,,,,,,FALSE,FALSE,FALSE,FALSE,FALSE,
,,,,,,,,,,,,,,FALSE,FALSE,FALSE,FALSE,FALSE,
,,,,,,,,,,,,,,FALSE,FALSE,FALSE,FALSE,FALSE,
,,,,,,,,,,,,,,FALSE,FALSE,FALSE,FALSE,FALSE,
,,,,,,,,,,,,,,FALSE,FALSE,FALSE,FALSE,FALSE,
,,,,,,,,,,,,,,FALSE,FALSE,FALSE,FALSE,FALSE,
,,,,,,,,,,,,,,FALSE,FALSE,FALSE,FALSE,FALSE,
,,,,,,,,,,,,,,FALSE,FALSE,FALSE,FALSE,FALSE,
,,,,,,,,,,,,,,FALSE,FALSE,FALSE,FALSE,FALSE,
,,,,,,,,,,,,,,FALSE,FALSE,FALSE,FALSE,FALSE,
,,,,,,,,,,,,,,FALSE,FALSE,FALSE,FALSE,FALSE,
,,,,,,,,,,,,,,FALSE,FALSE,FALSE,FALSE,FALSE,
,,,,,,,,,,,,,,FALSE,FALSE,FALSE,FALSE,FALSE,
,,,,,,,,,,,,,,FALSE,FALSE,FALSE,FALSE,FALSE,
,,,,,,,,,,,,,,FALSE,FALSE,FALSE,FALSE,FALSE,
,,,,,,,,,,,,,,FALSE,FALSE,FALSE,FALSE,FALSE,
,,,,,,,,,,,,,,FALSE,FALSE,FALSE,FALSE,FALSE,
,,,,,,,,,,,,,,FALSE,FALSE,FALSE,FALSE,FALSE,
,,,,,,,,,,,,,,FALSE,FALSE,FALSE,FALSE,FALSE,
,,,,,,,,,,,,,,FALSE,FALSE,FALSE,FALSE,FALSE,
,,,,,,,,,,,,,,FALSE,FALSE,FALSE,FALSE,FALSE,
,,,,,,,,,,,,,,FALSE,FALSE,FALSE,FALSE,FALSE,
,,,,,,,,,,,,,,FALSE,FALSE,FALSE,FALSE,FALSE,
,,,,,,,,,,,,,,FALSE,FALSE,FALSE,FALSE,FALSE,
,,,,,,,,,,,,,,FALSE,FALSE,FALSE,FALSE,FALSE,
,,,,,,,,,,,,,,FALSE,FALSE,FALSE,FALSE,FALSE,
,,,,,,,,,,,,,,FALSE,FALSE,FALSE,FALSE,FALSE,
,,,,,,,,,,,,,,FALSE,FALSE,FALSE,FALSE,FALSE,
,,,,,,,,,,,,,,FALSE,FALSE,FALSE,FALSE,FALSE,
,,,,,,,,,,,,,,FALSE,FALSE,FALSE,FALSE,FALSE,
,,,,,,,,,,,,,,FALSE,FALSE,FALSE,FALSE,FALSE,
,,,,,,,,,,,,,,FALSE,FALSE,FALSE,FALSE,FALSE,
,,,,,,,,,,,,,,FALSE,FALSE,FALSE,FALSE,FALSE,
,,,,,,,,,,,,,,FALSE,FALSE,FALSE,FALSE,FALSE,