ID,Código,Fecha Depósito,Nombre entidad que deposita,Texto depositado,Pólizas/Cláusulas,Temas,PDF
IDPOL00001,POL320250172,7/10/2025,ZURICH SANTANDER SEGUROS DE VIDA CHILE S.A.,POLIZA DE SEGURO DE ASISTENCIA A PERSONAS EN VIAJE,,- Asistencia Vida,
IDPOL00002,CAD320250171,7/10/2025,ZURICH CHILE SEGUROS DE VIDA S.A.,INDEMNIZACIÓN POR ACTO QUIRÚRGICO DE URGENCIAS,"POL220130565
 POL220240152
 POL220250019",- Salud,
IDPOL00003,CAD120250168,25/9/2025,CHUBB SEGUROS CHILE S.A.,COBERTURA ADICIONAL DE ROTURA ACCIDENTAL DE CRISTALES,POL120250147,- Incendio,
IDPOL00004,CAD120250167,25/9/2025,CHUBB SEGUROS CHILE S.A.,COBERTURA ADICIONAL DE PÉRDIDA DE INGRESOS POR ARRIENDO,POL120250147,- Incendio,
IDPOL00005,CAD120250166,25/9/2025,CHUBB SEGUROS CHILE S.A.,COBERTURA ADICIONAL DE INHABITABILIDAD DE INMUEBLES,POL120250147,- Incendio,
IDPOL00006,CAD120250165,25/9/2025,CHUBB SEGUROS CHILE S.A.,COBERTURA ADICIONAL DE INCENDIO Y DAÑOS MATERIALES POR SISMO,POL120250147,- Incendio,
IDPOL00007,CAD120250164,25/9/2025,CHUBB SEGUROS CHILE S.A.,"COBERTURA ADICIONAL DE INCENDIO Y DAÑOS MATERIALES CAUSADOS POR VIENTO, INUNDACIÓN Y DESBORDAMIENTO DE CAUCES",POL120250147,- Incendio,
IDPOL00008,CAD120250163,25/9/2025,CHUBB SEGUROS CHILE S.A.,COBERTURA ADICIONAL DE INCENDIO Y DAÑOS MATERIALES CAUSADOS POR CONSTRUCCION O DEMOLICION DE EDIFICIOS COLINDANTES,POL120250147,- Incendio,
IDPOL00009,CAD120250162,25/9/2025,CHUBB SEGUROS CHILE S.A.,COBERTURA ADICIONAL DE INCENDIO Y DAÑOS MATERIALES CAUSADOS POR COMBUSTION ESPONTANEA,POL120250147,- Incendio,
IDPOL00010,CAD120250161,25/9/2025,CHUBB SEGUROS CHILE S.A.,COBERTURA ADICIONAL DE INCENDIO Y DAÑOS MATERIALES CAUSADOS POR COLISIÓN DE VEHÍCULOS,POL120250147,- Incendio,
IDPOL00011,CAD120250160,25/9/2025,CHUBB SEGUROS CHILE S.A.,COBERTURA ADICIONAL DE INCENDIO Y DAÑOS MATERIALES CAUSADOS POR COLISIÓN DE OBJETOS FLOTANTES,POL120250147,- Incendio,
IDPOL00012,CAD120250159,25/9/2025,CHUBB SEGUROS CHILE S.A.,COBERTURA ADICIONAL DE INCENDIO Y DAÑOS MATERIALES CAUSADOS POR CAIDA Y COLISION DE AERONAVES,POL120250147,- Incendio,
IDPOL00013,CAD120250158,25/9/2025,CHUBB SEGUROS CHILE S.A.,"COBERTURA ADICIONAL DE INCENDIO Y DAÑOS MATERIALES CAUSADOS POR AVALANCHA, ALUVION Y DESLIZAMIENTO",POL120250147,- Incendio,
IDPOL00014,CAD120250157,25/9/2025,CHUBB SEGUROS CHILE S.A.,"COBERTURA ADICIONAL DE INCENDIO Y DAÑOS MATERIALES CAUSADOS POR MAREMOTO, TSUNAMI, MAREJADAS Y SALIDA DE MAR",POL120250147,- Incendio,
IDPOL00015,CAD120250156,25/9/2025,CHUBB SEGUROS CHILE S.A.,"COBERTURA ADICIONAL DE INCENDIO Y DAÑOS MATERIALES A CONSECUENCIA DIRECTA DE HUELGA, SAQUEO, DESORDEN POPULAR O ACTOS TERRORISTAS PARA ESTABLECIMIENTOS EDUCACIONALES ADQUIRIDOS CON CRÉDITOS CORFO",POL120250147,- Incendio,
IDPOL00016,CAD120250155,25/9/2025,CHUBB SEGUROS CHILE S.A.,COBERTURA ADICIONAL DE INCENDIO Y DAÑOS MATERIALES A CONSECUENCIA DE FENOMENOS DE LA NATURALEZA,POL120250147,- Incendio,
IDPOL00017,CAD120250154,25/9/2025,CHUBB SEGUROS CHILE S.A.,COBERTURA ADICIONAL DE INCENDIO A CONSECUENCIA FENOMENOS DE LA NATURALEZA EXCEPTO SISMO,POL120250147,- Incendio,
IDPOL00018,CAD120250153,25/9/2025,CHUBB SEGUROS CHILE S.A.,COBERTURA ADICIONAL DE DAÑOS MATERIALES CAUSADOS SALIDA DE MAR,POL120250147,- Incendio,
IDPOL00019,CAD120250152,25/9/2025,CHUBB SEGUROS CHILE S.A.,"COBERTURA ADICIONAL DE DAÑOS MATERIALES CAUSADOS POR ROTURAS DE CAÑERÍAS, DESAGÜES Y POR DESBORDAMIENTO DE ESTANQUES MATRICES",POL120250147,- Incendio,
IDPOL00020,CAD120250151,25/9/2025,CHUBB SEGUROS CHILE S.A.,COBERTURA ADICIONAL DE DAÑOS MATERIALES CAUSADOS POR PESO DE NIEVE O HIELO,POL120250147,- Incendio,
IDPOL00021,CAD120250150,25/9/2025,CHUBB SEGUROS CHILE S.A.,COBERTURA ADICIONAL DE DAÑOS MATERIALES CAUSADOS POR EXPLOSIÓN,POL120250147,- Incendio,
IDPOL00022,CAD120250149,25/9/2025,CHUBB SEGUROS CHILE S.A.,COBERTURA ADICIONAL DE DAÑOS MATERIALES CASUSADOS POR ROBO,POL120250147,- Robo,
IDPOL00023,CAD120250148,25/9/2025,CHUBB SEGUROS CHILE S.A.,COBERTURA ADICIONAL DE DAÑO ELECTRICO,POL120250147,- Incendio,
IDPOL00024,POL120250147,25/9/2025,CHUBB SEGUROS CHILE S.A.,SEGURO DE INCENDIO,"CAD120250148
 CAD120250149
 CAD120250150
 CAD120250151
 CAD120250152
 CAD120250153
 CAD120250154
 CAD120250155
 CAD120250156
 CAD120250157
 CAD120250158
 CAD120250159
 CAD120250160
 CAD120250161
 CAD120250162
 CAD120250163
 CAD120250164
 CAD120250165
 CAD120250166
 CAD120250167
 CAD120250168",- Incendio,
IDPOL00025,CAD320250146,23/9/2025,ZURICH CHILE SEGUROS DE VIDA S.A.,CLAUSULA ADICIONAL DE DESCUENTO EN FARMACIAS,"POL220150684
 POL220190151
 POL220250140",- Salud,
IDPOL00026,POL120250145,11/9/2025,ORION SEGUROS GENERALES S.A.,SEGURO DE CIBER RIESGOS,,- Multirriesgo,
IDPOL00027,POL120250144,11/9/2025,BCI SEGUROS GENERALES S.A.,PÓLIZA SEGUROS PARA MASCOTAS,,- Varios Seg. Generales,
IDPOL00028,CAD320250143,11/9/2025,ZURICH CHILE SEGUROS DE VIDA S.A.,CLÁUSULA DE URGENCIA DENTAL,"POL220150684
 POL220190151
 POL220250140",- Salud,
IDPOL00029,CAD320250142,11/9/2025,ZURICH CHILE SEGUROS DE VIDA S.A.,CLAUSULA ADICIONAL ONCOLÓGICA,"POL220130760
 POL220140209
 POL220140223
 POL220150684
 POL220150752
 POL220150753
 POL220160208
 POL220160213
 POL220160215
 POL220190151
 POL220220105
 POL220250140
 POL320180108",- Salud,
IDPOL00030,CAD220250141,11/9/2025,ZURICH CHILE SEGUROS DE VIDA S.A.,CLÁUSULA DE INDEMNIZACIÓN POR ACTO QUIRÚRGICO,"POL220130760
 POL220140223
 POL220150684
 POL220190151
 POL220250140",- Vida,
IDPOL00031,POL220250140,10/9/2025,ZURICH CHILE SEGUROS DE VIDA S.A.,SEGURO DE VIDA PROTECCIÓN FAMILIAR,"CAD220130761
 CAD220130762
 CAD220130763
 CAD220130764
 CAD220130765
 CAD220130766
 CAD220130767
 CAD220130768
 CAD220130769
 CAD220130772
 CAD220130773
 CAD220130774
 CAD220130775
 CAD220130776
 CAD220160011
 CAD220160280
 CAD220230441
 CAD220250141
 CAD320150803
 CAD320190152
 CAD320220016
 CAD320220080
 CAD320230403
 CAD320230442
 CAD320230450
 CAD320250142
 CAD320250143
 CAD320250146",- Vida,
IDPOL00032,CAD120250139,9/9/2025,CHUBB SEGUROS CHILE S.A.,CLÁUSULA CHILENA PARA HUELGA. TRANSPORTE TERRESTRE,POL120250138,- Transportes y Cascos,
IDPOL00033,POL120250138,9/9/2025,CHUBB SEGUROS CHILE S.A.,POLIZA DE TRANSPORTE TERRESTRE (CARGA). CONDICIONES RESTRINGIDAS,CAD120250139,- Transportes y Cascos,
IDPOL00034,CAD120250137,9/9/2025,CHUBB SEGUROS CHILE S.A.,CLAUSULA CHILENA PARA GUERRA. MERCADERIAS AVION,POL120250135,- Transportes y Cascos,
IDPOL00035,CAD120250136,9/9/2025,CHUBB SEGUROS CHILE S.A.,CLAUSULA CHILENA PARA HUELGA. MERCADERIAS AVION,POL120250135,- Transportes y Cascos,
IDPOL00036,POL120250135,9/9/2025,CHUBB SEGUROS CHILE S.A.,PÓLIZA CHILENA PARA MERCANCIAS (AVIÓN). CONDICIONES RESTRINGIDAS,"CAD120250136
 CAD120250137",- Transportes y Cascos,
IDPOL00037,POL320250134,27/8/2025,ZURICH SANTANDER SEGUROS DE VIDA CHILE S.A.,PÓLIZA INDIVIDUAL DE SEGURO ONCOLÓGICO,,- Salud,
IDPOL00038,CAD120250133,21/8/2025,ZURICH CHILE SEGUROS GENERALES S.A.,CLAUSULA ADICIONAL DE ASISTENCIA DOMICILIARIA,POL120160058,- Multirriesgo,
IDPOL00039,CAD120250132,19/8/2025,ASOCIACION DE ASEGURADORES DE CHILE A.G.,CLÁUSULA ADICIONAL DE RESPONSABILIDAD CIVIL POR USO DE ARMAS DE FUEGO,POL120131531,- Responsabilidad Civil,
IDPOL00040,CAD120250131,14/8/2025,ASSURANT CHILE COMPAÑIA DE SEGUROS GENERALES S.A.,Cláusula adicional de robo para equipos móviles o portátiles.,POL120130572,- Robo,
IDPOL00041,CAD220250125,31/7/2025,CMF,CLÁUSULA ADICIONAL DE AUMENTO DIFERIDO Y VITALICIO DE PENSIÓN,POL220220026,"- Depositada por CMF
 - Previsionales",
IDPOL00042,POL320250122,23/7/2025,METLIFE CHILE SEGUROS DE VIDA S.A.,CONDICIONES GENERALES SEGURO MULTIRIESGO VIDA Y SALUD,,"- Accidentes Personales
 - Salud",
IDPOL00043,CAD120250121,18/7/2025,CHUBB SEGUROS CHILE S.A.,CLÁUSULA CHILENA PARA GUERRA. TRANSPORTE MARÍTIMO (ALIMENTOS CONGELADOS Y REFRIGERADOS),POL120250118,- Transportes y Cascos,
IDPOL00044,CAD120250120,18/7/2025,CHUBB SEGUROS CHILE S.A.,CLÁUSULA CHILENA PARA HUELGA (ALIMENTOS CONGELADOS),POL120250118,- Transportes y Cascos,
IDPOL00045,CAD120250119,18/7/2025,CHUBB SEGUROS CHILE S.A.,CLÁUSULA CHILENA PARA HUELGA. TRANSPORTE MARÍTIMO,POL120250118,- Transportes y Cascos,
IDPOL00046,POL120250118,17/7/2025,CHUBB SEGUROS CHILE S.A.,"POLIZA DE TRANSPORTE MARITIMO PARA CARGA \""C\""","CAD120250119
 CAD120250120
 CAD120250121",- Transportes y Cascos,
IDPOL00047,POL220250117,9/7/2025,MAPFRE COMPAÑIA DE SEGUROS DE VIDA DE CHILE S.A.,SEGURO COLECTIVO DE DESGRAVAMEN,,- Desgravamen,
IDPOL00048,CAD320250116,7/7/2025,CHUBB SEGUROS CHILE S.A.,COBERTURA ADICIONAL DE TRANSFERENCIA DE FONDOS EN CASO DE EMERGENCIA JUSTIFICADA,POL320250111,- Accidentes Personales,
IDPOL00049,CAD320250115,7/7/2025,CHUBB SEGUROS CHILE S.A.,COBERTURA ADICIONAL DE FRANQUICIA DE VEHÍCULO,POL320250111,- Accidentes Personales,
IDPOL00050,CAD320250114,7/7/2025,CHUBB SEGUROS CHILE S.A.,COBERTURA ADICIONAL DE ROBO DE EQUIPAMIENTO TECNOLOGICO,POL320250111,- Accidentes Personales,
IDPOL00051,CAD320250113,7/7/2025,CHUBB SEGUROS CHILE S.A.,COBERTURA ADICIONAL DE INDEMNIZACIÓN POR DEMORA DE VIAJE,POL320250111,- Accidentes Personales,
IDPOL00052,CAD320250112,7/7/2025,CHUBB SEGUROS CHILE S.A.,COBERTURA ADICIONAL DE INDEMNIZACIÓN POR DEMORA DE EQUIPAJE,POL320250111,- Accidentes Personales,
IDPOL00053,POL320250111,7/7/2025,CHUBB SEGUROS CHILE S.A.,SEGURO DE ACCIDENTES PERSONALES Y ASISTENCIA EN VIAJES,"CAD320250112
 CAD320250113
 CAD320250114
 CAD320250115
 CAD320250116",- Accidentes Personales,
IDPOL00054,CAD120250110,7/7/2025,CHUBB SEGUROS CHILE S.A.,COBERTURA ADICIONAL DE INDEMNIZACIÓN POR DEMORA DE EQUIPAJE,POL120250108,- Otro tema,
IDPOL00055,CAD320250109,4/7/2025,ZURICH CHILE SEGUROS DE VIDA S.A.,CLAUSULA ADICIONAL DE PRESTACIONES AMBULATORIAS,"POL320130206
 POL320130568
 POL320180108
 POL320200085","- Accidentes Personales
 - Salud",
IDPOL00056,POL120250108,4/7/2025,CHUBB SEGUROS CHILE S.A.,SEGURO DE ACCIDENTES PERSONALES Y ASISTENCIA EN VIAJES,CAD120250110,- Otro tema,
IDPOL00057,CAD120250107,27/6/2025,SOUTHBRIDGE COMPAÑIA DE SEGUROS GENERALES S.A.,CLÁUSULA ADICIONAL DE RESPONSABILIDAD CIVIL DEL SEGURO PARA VEHICULOS MOTORIZADOS PERDIDA TOTAL,POL120250106,- Vehiculos Motorizados,
IDPOL00058,POL120250106,19/6/2025,SOUTHBRIDGE COMPAÑIA DE SEGUROS GENERALES S.A.,POLIZA DE SEGURO PARA VEHICULOS MOTORIZADOS PERDIDA TOTAL,CAD120250107,"- Otro tema
 - Vehiculos Motorizados",
IDPOL00059,POL320250105,18/6/2025,METLIFE CHILE SEGUROS DE VIDA S.A.,CONDICIONES GENERALES SEGURO MULTIRIESGO,,- Salud,
IDPOL00060,POL120250103,6/6/2025,SEGUROS GENERALES SURAMERICANA S.A.,PÓLIZA INDIVIDUAL DE PRESTACIONES MÉDICAS DE SALUD,,- Otro tema,
IDPOL00061,POL320250102,5/6/2025,ZURICH SANTANDER SEGUROS DE VIDA CHILE S.A.,POLIZA DE SEGURO DE ASISTENCIA A PERSONAS EN VIAJE,,- Asistencia Vida,
IDPOL00062,POL320250101,4/6/2025,METLIFE CHILE SEGUROS DE VIDA S.A.,CONDICIONES GENERALES SEGURO PARA GASTOS MÉDICOS ONCOLÓGICOS,,- Salud,
IDPOL00063,POL320250099,29/5/2025,METLIFE CHILE SEGUROS DE VIDA S.A.,CONDICIONES GENERALES SEGURO PARA GASTOS MÉDICOS ONCOLÓGICOS,,- Salud,
IDPOL00064,CAD120250098,28/5/2025,CHUBB SEGUROS CHILE S.A.,PÉRDIDA DE INGRESOS POR IMPEDIMENTO DE ACCESO O IMPEDIMENTO DE OPERAR A RAIZ DE UN SISMO,POL120250033,- Incendio,
IDPOL00065,CAD120250097,28/5/2025,CHUBB SEGUROS CHILE S.A.,PÉRDIDA DE INGRESOS POR IMPEDIMENTO DE ACCESO O IMPEDIMENTO DE OPERAR A RAIZ DE DAÑOS A LAS INSTALACIONES POR ROBO,POL120250033,- Incendio,
IDPOL00066,POL320250096,26/5/2025,CHUBB SEGUROS CHILE S.A.,SEGURO ACCIDENTES PERSONALES Y HOSPITALIZACIÓN,,- Accidentes Personales,
IDPOL00067,CAD120250094,22/5/2025,SOUTHBRIDGE COMPAÑIA DE SEGUROS GENERALES S.A.,CLÁUSULA ADICIONAL DE RESPONSABILIDAD CIVIL DEL SEGURO PARA VEHICULOS MOTORIZADOS PERDIDA TOTAL,POL120250039,- Vehiculos Motorizados,
IDPOL00068,CAD120250092,16/5/2025,CHUBB SEGUROS CHILE S.A.,CLÁUSULA ADICIONAL DE ROBO CON VIOLENCIA EN LAS PERSONAS,POL120250091,- Robo,
IDPOL00069,POL120250091,16/5/2025,CHUBB SEGUROS CHILE S.A.,PÓLIZA DE ROBO CON FUERZA EN LAS COSAS,CAD120250092,- Robo,
IDPOL00070,POL120250090,16/5/2025,CHUBB SEGUROS CHILE S.A.,PÓLIZA DE SEGURO DE CRISTALES,,- Incendio,
IDPOL00071,POL120250089,16/5/2025,CHUBB SEGUROS CHILE S.A.,PÓLIZA DE SEGURO DE PÉRDIDA O DAÑO MATERIAL POR ACTOS DE TERRORISMO,,- Incendio,
IDPOL00072,POL320250088,16/5/2025,METLIFE CHILE SEGUROS DE VIDA S.A.,SEGURO COLECTIVO COMPLEMENTARIO DE SALUD,"CAD320220178
 CAD320220179
 CAD320240003",- Salud,
IDPOL00073,POL320250087,14/5/2025,METLIFE CHILE SEGUROS DE VIDA S.A.,SEGURO COLECTIVO COMPLEMENTARIO DE SALUD,"CAD320200106
 CAD320200107",- Salud,
IDPOL00074,CAD220250086,7/5/2025,COMPAÑIA DE SEGUROS DE VIDA CONSORCIO NACIONAL DE SEGUROS S.A.,CLAUSULA DE INVALIDEZ DOS TERCIOS,POL220200101,- Vida,
IDPOL00075,CAD120250085,7/5/2025,CHUBB SEGUROS CHILE S.A.,CLÁUSULA ADICIONAL DE ASISTENCIA PYME LOGÍSTICA,POL120250074,- Transportes y Cascos,
IDPOL00076,CAD120250084,7/5/2025,CHUBB SEGUROS CHILE S.A.,CLÁUSULA CHILENA PARA HUELGA (ALIMENTOS CONGELADOS),POL120250075,- Transportes y Cascos,
IDPOL00077,CAD120250083,7/5/2025,CHUBB SEGUROS CHILE S.A.,CLÁUSULA CHILENA PARA GUERRA. TRANSPORTE MARÍTIMO (ALIMENTOS CONGELADOS Y REFRIGERADOS),POL120250075,- Transportes y Cascos,
IDPOL00078,CAD120250082,7/5/2025,CHUBB SEGUROS CHILE S.A.,CLÁUSULA CHILENA PARA HUELGA. TRANSPORTE TERRESTRE,POL120250077,- Transportes y Cascos,
IDPOL00079,CAD120250081,7/5/2025,CHUBB SEGUROS CHILE S.A.,CLÁUSULA CHILENA PARA HUELGA. MERCADERÍAS AVIÓN,POL120250073,- Transportes y Cascos,
IDPOL00080,CAD120250080,7/5/2025,CHUBB SEGUROS CHILE S.A.,CLÁUSULA CHILENA PARA GUERRA. MERCADERÍAS AVIÓN,POL120250073,- Transportes y Cascos,
IDPOL00081,CAD120250079,6/5/2025,CHUBB SEGUROS CHILE S.A.,CLÁUSULA CHILENA PARA HUELGA. TRANSPORTE MARÍTIMO,POL120250072,- Transportes y Cascos,
IDPOL00082,CAD120250078,6/5/2025,CHUBB SEGUROS CHILE S.A.,CLÁUSULA CHILENA PARA GUERRA. TRANSPORTE MARÍTIMO,POL120250072,- Transportes y Cascos,
IDPOL00083,POL120250077,6/5/2025,CHUBB SEGUROS CHILE S.A.,PÓLIZA DETRANSPORTE TERRESTRE (CARGA). TODO RIESGO PARA TRÁFICOS TRANSNACIONALES.,CAD120250082,- Transportes y Cascos,
IDPOL00084,POL120250076,6/5/2025,CHUBB SEGUROS CHILE S.A.,POLIZA DE GARANTIA EXTENDIDA,,- Otro tema,
IDPOL00085,POL120250075,5/5/2025,CHUBB SEGUROS CHILE S.A.,"PÓLIZA PARA ALIMENTOS CONGELADOS \""A\"" (EXCLUYENDO CARNE
 CONGELADA)","CAD120250083
 CAD120250084",- Transportes y Cascos,
IDPOL00086,POL120250074,5/5/2025,CHUBB SEGUROS CHILE S.A.,PÓLIZA DE TRANSPORTE TERRESTRE (CARGA). CONDICIONES RESTRINGIDAS,CAD120250085,- Transportes y Cascos,
IDPOL00087,POL120250073,5/5/2025,CHUBB SEGUROS CHILE S.A.,PÓLIZA CHILENA PARA MERCANCIAS (AVIÓN). EXCLUYENDO LOS ENVIOS HECHOS POR CORREO,"CAD120250080
 CAD120250081",- Transportes y Cascos,
IDPOL00088,POL120250072,5/5/2025,CHUBB SEGUROS CHILE S.A.,"PÓLIZA DE TRANSPORTE MARÍTIMO PARA CARGA \""A\""","CAD120250078
 CAD120250079",- Transportes y Cascos,
IDPOL00089,POL320250071,30/4/2025,COMPAÑIA DE SEGUROS DE VIDA CONSORCIO NACIONAL DE SEGUROS S.A.,PÓLIZA DE SEGURO DE PROTECCIÓN ONCOLÓGICA,CAD320230300,- Salud,
IDPOL00090,CAD320250070,30/4/2025,BUPA COMPAÑIA DE SEGUROS DE VIDA S.A.,Cobertura de Odontología,POL320250069,- Salud,
IDPOL00091,POL320250069,30/4/2025,BUPA COMPAÑIA DE SEGUROS DE VIDA S.A.,SEGURO COLECTIVO COMPLEMENTARIO DE SALUD,CAD320250070,- Salud,
IDPOL00092,CAD120250068,28/4/2025,CHUBB SEGUROS CHILE S.A.,COBERTURA ADICIONAL DE INCENDIO A CONSECUENCIA FENOMENOS DE LA NATURALEZA EXCEPTO SISMO,POL120240159,- Incendio,
IDPOL00093,POL320250066,21/4/2025,METLIFE CHILE SEGUROS DE VIDA S.A.,CONDICIONADO GENERAL PRESTACIONES MÉDICAS DE ALTO COSTO,,- Salud,
IDPOL00094,POL320250065,17/4/2025,METLIFE CHILE SEGUROS DE VIDA S.A.,SEGURO COLECTIVO COMPLEMENTARIO DE SALUD,"CAD320220178
 CAD320220179
 CAD320240003",- Salud,
IDPOL00095,CAD120250064,15/4/2025,BCI SEGUROS GENERALES S.A.,CLÁUSULA DE DAÑOS MATERIALES A CONSECUENCIA DE SISMO,POL120250051,- Vehiculos Motorizados,
IDPOL00096,CAD120250063,15/4/2025,BCI SEGUROS GENERALES S.A.,CLAUSULA DE ROBO DE ACCESORIOS,POL120250051,- Vehiculos Motorizados,
IDPOL00097,CAD120250062,15/4/2025,BCI SEGUROS GENERALES S.A.,"CLÁUSULA DE DAÑOS MATERIALES A CONSECUENCIA DE RIESGOS DE LA
 NATURALEZA",POL120250051,- Vehiculos Motorizados,
IDPOL00098,CAD120250061,15/4/2025,BCI SEGUROS GENERALES S.A.,CLÁUSULA DE DAÑOS A TERCEROS CAUSADOS POR LA CARGA,POL120250051,- Vehiculos Motorizados,
IDPOL00099,CAD120250060,15/4/2025,BCI SEGUROS GENERALES S.A.,CLÁUSULA DE DAÑOS MATERIALES CAUSADOS POR LA PROPIA CARGA,POL120250051,- Vehiculos Motorizados,
IDPOL00100,CAD120250059,15/4/2025,BCI SEGUROS GENERALES S.A.,"CLAUSULA DE DAÑOS MATERIALES A CONSECUENCIA DE HUELGA Y
 TERRORISMO",POL120250051,- Vehiculos Motorizados,
IDPOL00101,CAD120250058,15/4/2025,BCI SEGUROS GENERALES S.A.,CLÁUSULA DE DAÑOS MATERIALES A CONSECUENCIA DE GRANIZO,POL120250051,- Vehiculos Motorizados,
IDPOL00102,CAD120250057,15/4/2025,BCI SEGUROS GENERALES S.A.,CLÁUSULA DE DEFENSA PENAL Y CONSTITUCIÓN DE FIANZAS,POL120250051,- Vehiculos Motorizados,
IDPOL00103,CAD120250056,15/4/2025,BCI SEGUROS GENERALES S.A.,"CLÁUSULA DE DAÑOS A TERCEROS CAUSADOS POR CONDUCTORES
 DEPENDIENTES",POL120250051,- Vehiculos Motorizados,
IDPOL00104,CAD120250055,15/4/2025,BCI SEGUROS GENERALES S.A.,"CLÁUSULA DE DAÑOS MATERIALES AL VEHÍCULO DURANTE VIAJES AL
 EXTRANJERO",POL120250051,- Vehiculos Motorizados,
IDPOL00105,CAD120250054,15/4/2025,BCI SEGUROS GENERALES S.A.,"CLÁUSULA DE DAÑOS MATERIALES CAUSADOS POR CONDUCTORES
 DEPENDIENTES",POL120250051,- Vehiculos Motorizados,
IDPOL00106,CAD120250053,15/4/2025,BCI SEGUROS GENERALES S.A.,CLÁUSULA DE DAÑOS MATERIALES A CONSECUENCIA DE ACTOS MALICIOSOS,POL120250051,- Vehiculos Motorizados,
IDPOL00107,POL120250052,15/4/2025,BCI SEGUROS GENERALES S.A.,PÓLIZA DE SEGUROS PARA ASISTENCIA A VEHÍCULOS,,- Asistencia Generales,
IDPOL00108,POL120250051,15/4/2025,BCI SEGUROS GENERALES S.A.,PÓLIZA DE SEGUROS PARA VEHÍCULOS MOTORIZADOS,"CAD120250053
 CAD120250054
 CAD120250055
 CAD120250056
 CAD120250057
 CAD120250058
 CAD120250059
 CAD120250060
 CAD120250061
 CAD120250062
 CAD120250063
 CAD120250064",- Vehiculos Motorizados,
IDPOL00109,POL120250050,9/4/2025,UNNIO SEGUROS GENERALES S.A.,PÓLIZA DE SEGURO DE CAUCION DE FIEL CUMPLIMIENTO DE OBLIGACIONES EN CONTRATOS DE ARRENDAMIENTO SUJETO A LIQUIDACION,,- Garantías y Fidelidad,
IDPOL00110,POL320250049,9/4/2025,METLIFE CHILE SEGUROS DE VIDA S.A.,SEGURO COLECTIVO COMPLEMENTARIO DE SALUD,"CAD320200106
 CAD320200107",- Salud,
IDPOL00111,POL320250045,26/3/2025,SEGUROS GENERALES SURAMERICANA S.A.,SEGURO PARA CÁNCER DE MAMAS Y CÁNCER DE PRÓSTATA,,- Asistencia Generales,
IDPOL00112,CAD320250044,26/3/2025,CHUBB SEGUROS CHILE S.A.,COBERTURA ADICIONAL DE INVALIDEZ ACCIDENTAL TOTAL Y PERMANENTE,POL320250043,- Accidentes Personales,
IDPOL00113,POL320250043,26/3/2025,CHUBB SEGUROS CHILE S.A.,Seguro Oncológico Libre Elección,CAD320250044,- Salud,
IDPOL00114,POL120250039,14/3/2025,SOUTHBRIDGE COMPAÑIA DE SEGUROS GENERALES S.A.,POLIZA DE SEGURO PARA VEHICULOS MOTORIZADOS PERDIDA TOTAL,CAD120250094,- Vehiculos Motorizados,
IDPOL00115,POL120250038,14/3/2025,SOUTHBRIDGE COMPAÑIA DE SEGUROS GENERALES S.A.,POLIZA DE SEGURO PARA VEHICULOS MOTORIZADOS PERDIDA TOTAL,,- Vehiculos Motorizados,
IDPOL00116,CAD320250036,6/3/2025,CHUBB SEGUROS DE VIDA CHILE S.A.,CLÁUSULA ADICIONAL DE INCAPACIDAD PERMANENTE POR ACCIDENTE,POL220240219,- Otro tema,
IDPOL00117,CAD120250035,5/3/2025,UNNIO SEGUROS GENERALES S.A.,CLAUSULA ADICIONAL DE ROBO PARA LA PÓLIZA DE SEGURO EQUINO,POL120250034,- Varios Seg. Generales,
IDPOL00118,POL120250034,5/3/2025,UNNIO SEGUROS GENERALES S.A.,PÓLIZA DE SEGURO EQUINO,CAD120250035,- Varios Seg. Generales,
IDPOL00119,POL120250033,4/3/2025,CHUBB SEGUROS CHILE S.A.,PÓLIZA DE PÉRDIDA DE INGRESOS POR IMPEDIMENTO DE REALIZAR ACTIVIDADES COMERCIALES,"CAD120250097
 CAD120250098",- Incendio,
IDPOL00120,CAD320250032,26/2/2025,BUPA COMPAÑIA DE SEGUROS DE VIDA S.A.,Cobertura de Odontología,POL320250023,- Salud,
IDPOL00121,POL320250031,24/2/2025,BUPA COMPAÑIA DE SEGUROS DE VIDA S.A.,SEGURO COLECTIVO COMPLEMENTARIO DE SALUD,,- Salud,
IDPOL00122,CAD220250030,19/2/2025,SEGUROS DE VIDA SURA S.A.,CLAUSULA PAGO ANTICIPADO DEL CAPITAL ASEGURADO EN CASO DE INVALIDEZ PERMANENTE DOS TERCIOS,POL220131342,- Vida,
IDPOL00123,CAD220250029,18/2/2025,SEGUROS DE VIDA SURA S.A.,CLAUSULA PAGO ANTICIPADO DEL CAPITAL ASEGURADO EN CASO DE INVALIDEZ PERMANENTE DOS TERCIOS,"POL220160015
 POL220200056",- Vida,
IDPOL00124,CAD220250028,18/2/2025,SEGUROS DE VIDA SURA S.A.,CLAUSULA PAGO ANTICIPADO DE CAPITAL EN CASO DE INVALIDEZ PERMANENTE DOS TERCIOS ASOCIADO A POLIZAS APV,POL220140088,"- Ahorro Previ Voluntario (APV)
 - Vida",
IDPOL00125,CAD220250027,18/2/2025,SEGUROS DE VIDA SURA S.A.,CLAUSULA PAGO ANTICIPADO DE CAPITAL EN CASO DE INVALIDEZ ACCIDENTAL DOS TERCIOS ASOCIADO A POLIZAS APV,POL220140088,"- Ahorro Previ Voluntario (APV)
 - Vida",
IDPOL00126,CAD220250026,18/2/2025,SEGUROS DE VIDA SURA S.A.,CLAUSULA PAGO ANTICIPADO DE CAPITAL EN CASO DE INVALIDEZ ACCIDENTAL DOS TERCIOS ASOCIADO A POLIZAS APV,POL220140088,"- Ahorro Previ Voluntario (APV)
 - Vida",
IDPOL00127,POL320250025,17/2/2025,CHUBB SEGUROS CHILE S.A.,SEGURO PARA PRESTACIONES MEDICAS DE ALTO COSTO,,- Salud,
IDPOL00128,POL120250024,17/2/2025,CHUBB SEGUROS CHILE S.A.,SEGURO PARA PRESTACIONES MEDICAS DE ALTO COSTO,,- Otro tema,
IDPOL00129,POL320250023,14/2/2025,BUPA COMPAÑIA DE SEGUROS DE VIDA S.A.,SEGURO COLECTIVO COMPLEMENTARIO DE SALUD,CAD320250032,- Salud,
IDPOL00130,POL320250022,14/2/2025,BUPA COMPAÑIA DE SEGUROS DE VIDA S.A.,SEGURO COLECTIVO COMPLEMENTARIO DE SALUD.,,- Salud,
IDPOL00131,POL320250021,14/2/2025,BUPA COMPAÑIA DE SEGUROS DE VIDA S.A.,SEGURO COLECTIVO COMPLEMENTARIO DE SALUD.,,- Salud,
IDPOL00132,CAD320250020,13/2/2025,ZURICH CHILE SEGUROS DE VIDA S.A.,CLAUSULA ADICIONAL DE PRESTACIONES AMBULATORIAS,POL320180108,"- Accidentes Personales
 - Asistencia Generales",
IDPOL00133,POL220250019,13/2/2025,ZURICH CHILE SEGUROS DE VIDA S.A.,SEGURO DE VIDA,"CAD320230468
 CAD320230469
 CAD320230470
 CAD320230471
 CAD320240153
 CAD320250171",- Vida,
IDPOL00134,CAD320250018,12/2/2025,ZURICH CHILE SEGUROS DE VIDA S.A.,CLAUSULA ADICIONAL DE PRESTACIONES AMBULATORIAS,POL320180108,- Asistencia Generales,
IDPOL00135,POL120250017,11/2/2025,CHUBB SEGUROS CHILE S.A.,SEGURO DE DAÑOS Y ROBO PARA VEHICULOS MOTORIZADOS,,- Robo,
IDPOL00136,CAD120250016,5/2/2025,CHUBB SEGUROS CHILE S.A.,CLAUSULA ADICIONAL DE ROBO CON VIOLENCIA EN LAS PERSONAS,POL120240192,- Robo,
IDPOL00137,POL120250014,31/1/2025,CHUBB SEGUROS CHILE S.A.,POLIZA DE SEGURO CIBERNÉTICO,,- Otro tema,
IDPOL00138,CAD120250013,28/1/2025,CHUBB SEGUROS CHILE S.A.,CLAUSULA CHILENA PARA HUELGA TRANSPORTE MARITIMO,POL120230407,- Transportes y Cascos,
IDPOL00139,CAD120250012,28/1/2025,CHUBB SEGUROS CHILE S.A.,CLAUSULA CHILENA PARA HUELGA MERCADERIAS AVION,POL120230473,- Transportes y Cascos,
IDPOL00140,POL320250008,23/1/2025,BUPA COMPAÑIA DE SEGUROS DE VIDA S.A.,SEGURO INDIVIDUAL COMPLEMENTARIO DE SALUD,,- Salud,
IDPOL00141,POL120250005,7/1/2025,ZURICH SANTANDER SEGUROS GENERALES CHILE S.A.,SEGURO DE PÉRDIDA DE BENEFICIOS POR PERJUICIO POR PARALIZACIÓN,,- Otro tema,
IDPOL00142,POL320250004,7/1/2025,BUPA COMPAÑIA DE SEGUROS DE VIDA S.A.,SEGURO INDIVIDUAL COMPLEMENTARIO DE SALUD,,- Salud,
IDPOL00143,POL320250003,7/1/2025,METLIFE CHILE SEGUROS DE VIDA S.A.,SEGURO DE ACCIDENTES PERSONALES,"CAD220170115
 CAD320140171",- Accidentes Personales,
IDPOL00144,POL320250002,7/1/2025,METLIFE CHILE SEGUROS DE VIDA S.A.,SEGURO DE SALUD ONCOLÓGICO,"CAD220210057
 CAD220210149
 CAD220220129",- Salud,
IDPOL00145,POL320240239,26/12/2024,BUPA COMPAÑIA DE SEGUROS DE VIDA S.A.,SEGURO COLECTIVO PARA PRESTACIONES MÉDICAS DE ALTO COSTO,,- Salud,
IDPOL00146,POL320240238,26/12/2024,BUPA COMPAÑIA DE SEGUROS DE VIDA S.A.,PRESTACIONES MÉDICAS DE ALTO COSTO,,- Salud,
IDPOL00147,POL120240237,24/12/2024,CHUBB SEGUROS CHILE S.A.,PÓLIZA DE SEGURO DE PROTECCIÓN PATRIMONIAL POR ENGAÑO Y/O EXTORSIÓN,,- Robo,
IDPOL00148,CAD320240234,12/12/2024,CHUBB SEGUROS DE VIDA CHILE S.A.,"CLAUSULA DE PAGO ANTICIPADO DEL CAPITAL ASEGURADO EN CASO DE
 INVALIDEZ PERMANENTE DOS TERCIOS",POL220230383,- Accidentes Personales,
IDPOL00149,CAD320240233,12/12/2024,CHUBB SEGUROS DE VIDA CHILE S.A.,COBERTURA ADICIONAL DE INVALIDEZ ACCIDENTAL,POL220230383,- Accidentes Personales,
IDPOL00150,CAD320240232,12/12/2024,CHUBB SEGUROS DE VIDA CHILE S.A.,COBERTURA ADICIONAL DE MUERTE ACCIDENTAL,POL220230383,- Accidentes Personales,
IDPOL00151,CAD320240231,12/12/2024,CHUBB SEGUROS DE VIDA CHILE S.A.,COBERTURA ADICIONAL DE MUERTE ACCIDENTAL,POL220230383,- Accidentes Personales,
IDPOL00152,POL120240229,4/12/2024,CHUBB SEGUROS CHILE S.A.,SEGURO DE ROBO CON VIOLENCIA PARA TITULARES DE TARJETAS DE CRÉDITO Y/O DÉBITO,,- Robo,
IDPOL00153,CAD320240228,29/11/2024,CHUBB SEGUROS DE VIDA CHILE S.A.,COBERTURA ADIIONAL DE ACCIDENTES PERSONALES,POL220240219,- Accidentes Personales,
IDPOL00154,POL120240227,27/11/2024,SOUTHBRIDGE COMPAÑIA DE SEGUROS GENERALES S.A.,"SEGURO DE PROTECCIÓN PARA ENTIDADES FINANCIERAS, FRENTE A HOSPITALIZACIÓN DE SUS CLIENTES A CAUSA DE ACCIDENTES",,- Otro tema,
IDPOL00155,POL120240226,20/11/2024,ASEGURADORA PORVENIR S.A.,PÓLIZA DE RESPONSABILIDAD INTEGRAL PARA TRANSPORTE TERRESTRE DE CARGA POR TRAYECTO,,- Transportes y Cascos,
IDPOL00156,POL320240221,14/11/2024,METLIFE CHILE SEGUROS DE VIDA S.A.,SEGURO DE ACCIDENTES PERSONALES,"CAD220170251
 CAD320140336
 CAD320220065
 CAD320220066",- Accidentes Personales,
IDPOL00157,POL320240220,14/11/2024,METLIFE CHILE SEGUROS DE VIDA S.A.,Póliza Seguro Complementario de Salud,,- Salud,
IDPOL00158,POL220240219,14/11/2024,CHUBB SEGUROS DE VIDA CHILE S.A.,SEGURO COLECTIVO TEMPORAL DE VIDA,"CAD320240228
 CAD320250036",- Vida,
IDPOL00159,POL320240218,14/11/2024,METLIFE CHILE SEGUROS DE VIDA S.A.,SEGURO DE INVALIDEZ POR ACCIDENTE Y ENFERMEDAD,,- Salud,
IDPOL00160,CAD320240217,14/11/2024,CHUBB SEGUROS DE VIDA CHILE S.A.,COBERTURA ADICIONAL DENTAL,POL320240216,- Salud,
IDPOL00161,POL320240216,14/11/2024,CHUBB SEGUROS DE VIDA CHILE S.A.,SEGURO COLECTIVO COMPLEMENTARIO DE SALUD,CAD320240217,- Salud,
IDPOL00162,POL320240215,14/11/2024,METLIFE CHILE SEGUROS DE VIDA S.A.,SEGURO INIDIVIDUAL DE ACCIDENTES PERSONALES PARA OFERTA POR MEDIO DE SISTEMAS DE TELEFONIA U OTROS ANALOGOS,"CAD220170115
 CAD320140171",- Accidentes Personales,
IDPOL00163,POL320240214,14/11/2024,METLIFE CHILE SEGUROS DE VIDA S.A.,SEGURO DE ACCIDENTES PERSONALES,"CAD220170115
 CAD320130088
 CAD320131257
 CAD320140146
 CAD320190155",- Accidentes Personales,
IDPOL00164,POL220240213,14/11/2024,METLIFE CHILE SEGUROS DE VIDA S.A.,SEGURO COLECTIVO TEMPORAL DE VIDA,"CAD220140205
 CAD220140206
 CAD220170015
 CAD320130165
 CAD320130167
 CAD320130182
 CAD320130193
 CAD320130198
 CAD320130200
 CAD320130201
 CAD320131351
 CAD320140207
 CAD320140269
 CAD320150570
 CAD320160021
 CAD320170053
 CAD320170057
 CAD320180030
 CAD320190169
 CAD320220065
 CAD320220066",- Vida,
IDPOL00165,CAD120240212,11/11/2024,SEGUROS GENERALES SURAMERICANA S.A.,CLAUSULA ADICIONAL EXTORSIÓN CIBERNETICA,POL120240208,- Otro tema,
IDPOL00166,POL120240211,6/11/2024,MAPFRE COMPAÑIA DE SEGUROS GENERALES DE CHILE S.A.,PÓLIZA PARA REPARACIONES Y ROBOS MENORES DE VEHÍCULOS MOTORIZADOS,,- Vehiculos Motorizados,
IDPOL00167,POL120240209,30/10/2024,SEGUROS GENERALES SURAMERICANA S.A.,POLIZA DE CYBER,,- Otro tema,
IDPOL00168,POL120240208,30/10/2024,SEGUROS GENERALES SURAMERICANA S.A.,POLIZA DE CYBER,CAD120240212,- Otro tema,
IDPOL00169,CAD120240205,17/10/2024,CHUBB SEGUROS CHILE S.A.,COBERTURA ADICIONAL DE FRANQUICIA DE VEHÍCULO,POL320240199,- Asistencia Generales,
IDPOL00170,CAD120240204,17/10/2024,CHUBB SEGUROS CHILE S.A.,COBERTURA ADICIONAL DE TRANSFERENCIA DE FONDOS EN CASO DE EMERGENCIA JUSTIFICADA,POL320240199,- Asistencia Generales,
IDPOL00171,POL320240203,17/10/2024,BICE VIDA COMPAÑIA DE SEGUROS S.A.,POLIZA DE REEMBOLSO DE GASTOS MEDICOS POR EVENTO,,- Salud,
IDPOL00172,CAD120240202,16/10/2024,CHUBB SEGUROS CHILE S.A.,COBERTURA ADICIONAL DE ROBO DE EQUIPAMIENTO TECNOLOGICO,POL320240199,- Robo,
IDPOL00173,CAD320240201,16/10/2024,CHUBB SEGUROS CHILE S.A.,COBERTURA ADICIONAL DE INDEMNIZACIÓN POR DEMORA DE VIAJE,POL320240199,- Asistencia Generales,
IDPOL00174,CAD320240200,16/10/2024,CHUBB SEGUROS CHILE S.A.,COBERTURA ADICIONAL DE INDEMNIZACIÓN POR DEMORA DE EQUIPAJE,POL320240199,- Asistencia Generales,
IDPOL00175,POL320240199,16/10/2024,CHUBB SEGUROS CHILE S.A.,SEGURO DE ACCIDENTES PERSONALES Y ASISTENCIA EN VIAJES,"CAD120240202
 CAD120240204
 CAD120240205
 CAD320240200
 CAD320240201","- Accidentes Personales
 - Asistencia Generales",
IDPOL00176,POL120240198,11/10/2024,CHUBB SEGUROS CHILE S.A.,"PÓLIZA DE SEGURO DE RESPONSABILIDAD CIVIL PARA PROYECTOS, OBRAS O TRABAJOS",,- Responsabilidad Civil,
IDPOL00177,POL120240197,26/9/2024,CHUBB SEGUROS CHILE S.A.,"POLIZA DE TRANSPORTE MARITIMO PARA CARGA \""B\""",,- Transportes y Cascos,
IDPOL00178,CAD120240196,13/9/2024,CHUBB SEGUROS CHILE S.A.,"CLÁUSULA DE CARGA Y, O, DESCARGA",POL120240195,- Transportes y Cascos,
IDPOL00179,POL120240195,13/9/2024,CHUBB SEGUROS CHILE S.A.,PÓLIZA DE TRANSPORTE TERRESTRE (CARGA). CONDICIONES RESTRINGIDAS,CAD120240196,- Transportes y Cascos,
IDPOL00180,POL220240194,10/9/2024,METLIFE CHILE SEGUROS DE VIDA S.A.,SEGURO DE ASISTENCIA AL DECESO,,- Asistencia Vida,
IDPOL00181,POL120240192,6/9/2024,CHUBB SEGUROS CHILE S.A.,POLIZA DE SEGURO DE ROBO CON FUERZA EN LAS COSAS,CAD120250016,- Robo,
IDPOL00182,CAD320240191,6/9/2024,CHUBB SEGUROS CHILE S.A.,COBERTURA ADICIONAL DE INVALIDEZ ACCIDENTAL TOTAL Y PERMANENTE,POL320240180,- Accidentes Personales,
IDPOL00183,POL120240186,30/8/2024,CHUBB SEGUROS CHILE S.A.,Seguro de Protección Patrimonial,,- Robo,
IDPOL00184,POL320240184,29/8/2024,BICE VIDA COMPAÑIA DE SEGUROS S.A.,POLIZA DE SEGURO INDIVIDUAL DE ENFERMEDADES GRAVES,,- Salud,
IDPOL00185,POL320240182,29/8/2024,CHUBB SEGUROS CHILE S.A.,COBERTURA DE PRIMER DIAGNÓSTICO ONCOLÓGICO,,- Salud,
IDPOL00186,POL320240180,26/8/2024,CHUBB SEGUROS CHILE S.A.,SEGURO PARA PRESTACIONES MEDICAS DE ALTO COSTO,CAD320240191,"- Accidentes Personales
 - Salud",
IDPOL00187,POL320240178,23/8/2024,BUPA COMPAÑIA DE SEGUROS DE VIDA S.A.,SEGURO INDIVIDUAL COMPLEMENTARIO DE SALUD,,- Salud,
IDPOL00188,POL320240177,16/8/2024,METLIFE CHILE SEGUROS DE VIDA S.A.,POLIZA DE SEGURO DE FALLECIMIENTO ACCIDENTAL CON CUENTA DE CAPITALIZACIÓN Y AHORRO,,- Accidentes Personales,
IDPOL00189,CAD120240176,15/8/2024,CHUBB SEGUROS CHILE S.A.,COBERTURA ADICONAL DE INCENDIO A CONSECUENCIA FENOMENOS DE LA NATURALEZA EXCEPTO SISMO,POL120240159,- Incendio,
IDPOL00190,CAD120240175,15/8/2024,CHUBB SEGUROS CHILE S.A.,"COBERTURA ADICIONAL DE INCENDIO Y DAÑOS MATERIALES CAUSADOS POR VIENTO, INUNDACIÓN Y DESBORDAMIENTO DE CAUCES",POL120240159,- Incendio,
IDPOL00191,CAD120240174,15/8/2024,CHUBB SEGUROS CHILE S.A.,COBERTURA ADICIONAL DE INCENDIO Y DAÑOS MATERIALES CAUSADOS POR COLISIÓN DE VEHÍCULOS,POL120240159,- Incendio,
IDPOL00192,CAD120240173,15/8/2024,CHUBB SEGUROS CHILE S.A.,COBERTURA ADICIONAL DE INCENDIO Y DAÑOS MATERIALES POR SISMO,POL120240159,- Incendio,
IDPOL00193,CAD120240172,15/8/2024,CHUBB SEGUROS CHILE S.A.,"COBERTURA ADICIONAL DE DAÑOS MATERIALES CAUSADOS POR ROTURAS DE CAÑERÍAS, DESAGÜES Y POR DESBORDAMIENTO DE ESTANQUES MATRICES",POL120240159,- Incendio,
IDPOL00194,CAD120240171,15/8/2024,CHUBB SEGUROS CHILE S.A.,COBERTURA ADICIONAL DE DAÑOS MATERIALES CAUSADOS POR PESO DE NIEVE O HIELO,POL120240159,- Incendio,
IDPOL00195,CAD120240170,15/8/2024,CHUBB SEGUROS CHILE S.A.,COBERTURA ADICIONAL PÉRDIDA DE INGRESOS POR ARRIENDO,POL120240159,- Incendio,
IDPOL00196,CAD120240169,15/8/2024,CHUBB SEGUROS CHILE S.A.,COBERTURA ADICIONAL DE INCENDIO Y DAÑOS MATERIALES CAUSADOS POR COLISIÓN DE OBJETOS FLOTANTES,POL120240159,- Incendio,
IDPOL00197,CAD120240168,15/8/2024,CHUBB SEGUROS CHILE S.A.,"COBERTURA ADICIONAL DE INCENDIO Y DAÑOS MATERIALES CAUSADOS POR MAREMOTO, TSUNAMI, MAREJADAS Y SALIDA DE MAR",POL120240159,- Incendio,
IDPOL00198,CAD120240167,15/8/2024,CHUBB SEGUROS CHILE S.A.,COBERTURA ADICIONAL DE INCENDIO Y DAÑOS MATERIALES POR INHABITABILIDAD DE INMUEBLES,POL120240159,- Incendio,
IDPOL00199,CAD120240166,15/8/2024,CHUBB SEGUROS CHILE S.A.,"COBERTURA ADICIONAL DE INCENDIO Y DAÑOS MATERIALES A CONSECUENCIA DIRECTA DE HUELGA, SAQUEO O DESORDEN POPULAR",POL120240159,- Incendio,
IDPOL00200,CAD120240165,15/8/2024,CHUBB SEGUROS CHILE S.A.,COBERTURA ADICIONAL DE INCENDIO Y DAÑOS MATERIALES CAUSADOS POR EXPLOSIÓN,POL120240159,- Incendio,
IDPOL00201,CAD120240164,15/8/2024,CHUBB SEGUROS CHILE S.A.,COBERTURA ADICIONAL DE INCENDIO Y DAÑOS MATERIALES CAUSADOS POR CONSTRUCCIÓN O DEMOLICIÓN DE EDIFICIOS COLINDANTES,POL120240159,- Incendio,
IDPOL00202,CAD120240163,15/8/2024,CHUBB SEGUROS CHILE S.A.,COBERTURA ADICIONAL DE INCENDIO Y DAÑOS MATERIALES CAUSADOS POR COMBUSTIÓN ESPONTÁNEA,POL120240159,- Incendio,
IDPOL00203,CAD120240162,15/8/2024,CHUBB SEGUROS CHILE S.A.,COBERTURA ADICIONAL DE INCENDIO Y DAÑOS MATERIALES CAUSADOS POR COLAPSO DE EDIFICIO,POL120240159,- Incendio,
IDPOL00204,CAD120240161,15/8/2024,CHUBB SEGUROS CHILE S.A.,"COBERTURA ADICIONAL DE INCENDIO Y DAÑOS MATERIALES CAUSADOS POR AVALANCHA, ALUVIÓN Y DESLIZAMIENTO",POL120240159,- Incendio,
IDPOL00205,CAD120240160,15/8/2024,CHUBB SEGUROS CHILE S.A.,COBERTURA ADICIONAL DE INCENDIO Y DAÑOS MATERIALES CAUSADOS POR CAÍDA Y COLISIÓN DE AERONAVES,POL120240159,- Incendio,
IDPOL00206,POL120240159,15/8/2024,CHUBB SEGUROS CHILE S.A.,PÓLIZA DE SEGUROS DE INCENDIO,"CAD120240160
 CAD120240161
 CAD120240162
 CAD120240163
 CAD120240164
 CAD120240165
 CAD120240166
 CAD120240167
 CAD120240168
 CAD120240169
 CAD120240170
 CAD120240171
 CAD120240172
 CAD120240173
 CAD120240174
 CAD120240175
 CAD120240176
 CAD120250068",- Incendio,
IDPOL00207,POL120240158,14/8/2024,CHUBB SEGUROS CHILE S.A.,POLIZA DE SEGURO DE ROBO Y DAÑO ACCIDENTAL PARA ARTÍCULOS PERSONALES.,,- Robo,
IDPOL00208,POL320240157,9/8/2024,SEGUROS VIDA SECURITY PREVISION S.A.,POLIZA COLECTIVA DE ACCIDENTES PERSONALES,,- Accidentes Personales,
IDPOL00209,POL320240156,7/8/2024,METLIFE CHILE SEGUROS DE VIDA S.A.,CONDICIONADO GENERAL MULTIRIESGO ONCOLÓGICO,,- Salud,
IDPOL00210,POL320240155,6/8/2024,CHUBB SEGUROS CHILE S.A.,SEGURO COLECTIVO COMPLEMENTARIO DE SALUD,,- Salud,
IDPOL00211,POL320240154,6/8/2024,METLIFE CHILE SEGUROS DE VIDA S.A.,CONDICIONADO GENERAL MULTIRIESGO ONCOLÓGICO,,- Salud,
IDPOL00212,CAD320240153,24/7/2024,ZURICH CHILE SEGUROS DE VIDA S.A.,CLAUSULA ADICIONAL SALA DE URGENCIA,"POL220240152
 POL220250019","- Asistencia Vida
 - Salud",
IDPOL00213,POL220240152,12/7/2024,ZURICH CHILE SEGUROS DE VIDA S.A.,SEGURO DE VIDA,"CAD320230468
 CAD320230469
 CAD320230470
 CAD320230471
 CAD320240153
 CAD320250171",- Vida,
IDPOL00214,POL120240151,11/7/2024,CHUBB SEGUROS CHILE S.A.,SEGURO DE PÉRDIDA O DAÑO MATERIAL POR ACTOS DE TERRORISMO,,- Otro tema,
IDPOL00215,POL120240150,11/7/2024,CHUBB SEGUROS CHILE S.A.,POLIZA DE SEGURO REMESA DE VALORES,,"- Otro tema
 - Robo",
IDPOL00216,POL120240149,11/7/2024,CHUBB SEGUROS CHILE S.A.,SEGURO DE RESPONSABILIDAD CIVIL DE DIRECTORES Y ADMINISTRADORES DE COPROPIEDADES,,- Responsabilidad Civil,
IDPOL00217,POL120240148,11/7/2024,CHUBB SEGUROS CHILE S.A.,SEGURO DE AVERIA DE MAQUINARIA,,- Varios Seg. Generales,
IDPOL00218,POL120240147,11/7/2024,CHUBB SEGUROS CHILE S.A.,POLIZA DE SEGURO DE CRISTALES,,- Otro tema,
IDPOL00219,CAD120240146,11/7/2024,CHUBB SEGUROS CHILE S.A.,CLAUSULA DE GASTOS POR SALVAMENTO Y REMOCION DE ESCOMBROS,POL120240144,- Otro tema,
IDPOL00220,CAD120240145,11/7/2024,CHUBB SEGUROS CHILE S.A.,CLAUSULA DE SISMO,POL120240144,- Otro tema,
IDPOL00221,POL120240144,11/7/2024,CHUBB SEGUROS CHILE S.A.,POLIZA DE SEGURO DE EQUIPOS ELECTRONICOS,"CAD120240145
 CAD120240146",- Multirriesgo,
IDPOL00222,CAD120240143,11/7/2024,CHUBB SEGUROS CHILE S.A.,CLAUSULA DE ROBO CON VIOLENCIA EN LAS PERSONAS,POL120240142,- Robo,
IDPOL00223,POL120240142,11/7/2024,CHUBB SEGUROS CHILE S.A.,POLIZA DE ROBO CON FUERZA EN LAS COSAS,CAD120240143,- Robo,
IDPOL00224,CAD120240141,5/7/2024,CHUBB SEGUROS CHILE S.A.,CLAUSULA ADICIONAL DE DAÑOS MATERIALES CAUSADOS POR EXPLOSION.,POL120240124,- Incendio,
IDPOL00225,CAD120240140,5/7/2024,CHUBB SEGUROS CHILE S.A.,CLAUSULA ADICIONAL DE DAÑOS MATERIALES CAUSADOS POR AERONAVES.,POL120240124,- Incendio,
IDPOL00226,CAD120240139,5/7/2024,CHUBB SEGUROS CHILE S.A.,CLAUSULA ADICIONAL DAÑOS MATERIALES CAUSADOS POR COMBUSTION ESPONTANEA.,POL120240124,- Incendio,
IDPOL00227,CAD120240138,5/7/2024,CHUBB SEGUROS CHILE S.A.,CLAUSULA ADICIONAL DE COLAPSO DE EDIFICIO.,POL120240124,- Otro tema,
IDPOL00228,CAD120240137,5/7/2024,CHUBB SEGUROS CHILE S.A.,"CLAUSULA ADICIONAL DE DAÑOS MATERIALES POR CHOQUE O COLISION CON OBJETOS FIJOS O FLOTANTES, INCLUYENDO NAVES.",POL120240124,- Incendio,
IDPOL00229,CAD120240136,5/7/2024,CHUBB SEGUROS CHILE S.A.,"CLAUSULA ADICIONAL DE AVALANCHAS, ALUVIONES Y DESLIZAMIENTOS.",POL120240124,- Otro tema,
IDPOL00230,CAD120240135,5/7/2024,CHUBB SEGUROS CHILE S.A.,"CLAUSULA DE DAÑOS MATERIALES CAUSADOS POR VIENTO, INUNDACION Y DESBORDAMIENTO DE CAUCES",POL120240124,- Otro tema,
IDPOL00231,CAD120240134,5/7/2024,CHUBB SEGUROS CHILE S.A.,CLAUSULA ADICIONAL DE DAÑOS MATERIALES CAUSADOS POR VEHICULOS MOTORIZADOS.,POL120240124,- Otro tema,
IDPOL00232,CAD120240133,5/7/2024,CHUBB SEGUROS CHILE S.A.,CLAUSULA ADICIONAL DE DAÑOS MATERIALES CAUSADOS POR SISMO.,POL120240124,- Otro tema,
IDPOL00233,CAD120240132,5/7/2024,CHUBB SEGUROS CHILE S.A.,CLAUSULA ADICIONAL DE DAÑOS MATERIALES CAUSADOS POR SALIDA DE MAR.,POL120240124,- Otro tema,
IDPOL00234,CAD120240131,5/7/2024,CHUBB SEGUROS CHILE S.A.,CLAUSULA ADICIONAL DE DAÑOS MATERIALES CAUSADOS POR ROTURAS DE CAÑERIAS O POR DESBORDAMIENTO DE ESTANQUES MATRICES.,POL120240124,- Otro tema,
IDPOL00235,CAD120240130,5/7/2024,CHUBB SEGUROS CHILE S.A.,"CLÁUSULA DE INCENDIO Y DAÑOS MATERIALES A CONSECUENCIA DIRECTA DE HUELGA, SAQUEO O DESORDEN POPULAR.",POL120240124,- Incendio,
IDPOL00236,CAD120240129,5/7/2024,CHUBB SEGUROS CHILE S.A.,CLAUSULA ADICIONAL DE DAÑOS MATERIALES CAUSADOS POR PESO DE NIEVE O HIELO,POL120240124,- Otro tema,
IDPOL00237,CAD120240128,5/7/2024,CHUBB SEGUROS CHILE S.A.,CLAUSULA DE PERDIDA DE ENTRADAS POR ARRIENDO,POL120240124,- Incendio,
IDPOL00238,CAD120240127,5/7/2024,CHUBB SEGUROS CHILE S.A.,CLAUSULA DE INHABITABILIDAD DE VIVIENDA,POL120240124,- Incendio,
IDPOL00239,CAD120240126,5/7/2024,CHUBB SEGUROS CHILE S.A.,CLAUSULA ADICIONAL DE INCENDIO A CONSECUENCIA FENOMENOS DE LA NATURALEZA EXCEPTO SISMO.,POL120240124,- Incendio,
IDPOL00240,CAD120240125,5/7/2024,CHUBB SEGUROS CHILE S.A.,CLAUSULA ADICIONAL DE INCENDIO A CONSECUENCIA DE SISMO.,POL120240124,- Incendio,
IDPOL00241,POL120240124,5/7/2024,CHUBB SEGUROS CHILE S.A.,POLIZA DE SEGURO DE INCENDIO,"CAD120240125
 CAD120240126
 CAD120240127
 CAD120240128
 CAD120240129
 CAD120240130
 CAD120240131
 CAD120240132
 CAD120240133
 CAD120240134
 CAD120240135
 CAD120240136
 CAD120240137
 CAD120240138
 CAD120240139
 CAD120240140
 CAD120240141",- Incendio,
IDPOL00242,CAD220240122,26/6/2024,ZURICH CHILE SEGUROS DE VIDA S.A.,"CLAUSULA DE PAGO ANTICIPADO DEL CAPITAL ASEGURADO EN CASO DE INVALIDEZ PERMANENTE DOS TERCIOS, ADICIONAL A: SEGURO COLECTIVO DE DESGRAVAMEN",POL220240066,- Desgravamen,
IDPOL00243,POL320240118,24/6/2024,COMPAÑIA DE SEGUROS DE VIDA CONSORCIO NACIONAL DE SEGUROS S.A.,PÓLIZA DE REEMBOLSO DE GASTOS MÉDICOS CON DEFINICION DE PATALOGIAS,,- Salud,
IDPOL00244,POL320240117,21/6/2024,ZURICH CHILE SEGUROS DE VIDA S.A.,SEGURO DENTAL COLECTIVO,,- Salud,
IDPOL00245,POL220240116,21/6/2024,ZURICH CHILE SEGUROS DE VIDA S.A.,SEGURO COLECTIVO DE VIDA,"CAD220130596
 CAD220130597
 CAD220130893
 CAD220130896
 CAD220230315
 CAD220230316
 CAD320130888
 CAD320130889
 CAD320130890
 CAD320130891
 CAD320130892
 CAD320130894
 CAD320130895
 CAD320150815",- Vida,
IDPOL00246,POL320240115,21/6/2024,ZURICH CHILE SEGUROS DE VIDA S.A.,Seguro Complementario de Salud Colectivo,,- Salud,
IDPOL00247,CAD220240114,13/6/2024,COMPAÑIA DE SEGUROS DE VIDA CONSORCIO NACIONAL DE SEGUROS S.A.,CLÁUSULA ADICIONAL BENEFICIO POR INVALIDEZ ACCIDENTAL,POL220240111,"- Otro tema
 - Vida",
IDPOL00248,CAD220240113,13/6/2024,COMPAÑIA DE SEGUROS DE VIDA CONSORCIO NACIONAL DE SEGUROS S.A.,CLÁUSULA ADICIONAL BENEFICIO POR MUERTE ACCIDENTAL,POL220240111,"- Otro tema
 - Vida",
IDPOL00249,CAD220240112,13/6/2024,COMPAÑIA DE SEGUROS DE VIDA CONSORCIO NACIONAL DE SEGUROS S.A.,CLÁUSULA ADICIONAL DE INVALIDEZ DOS TERCIOS,POL220240111,- Otro tema,
IDPOL00250,POL220240111,13/6/2024,COMPAÑIA DE SEGUROS DE VIDA CONSORCIO NACIONAL DE SEGUROS S.A.,PÓLIZA DE SEGURO DE VIDA TEMPORAL,"CAD220130979
 CAD220130980
 CAD220131529
 CAD220131532
 CAD220131579
 CAD220150515
 CAD220240112
 CAD220240113
 CAD220240114",- Vida,
IDPOL00251,POL120240108,7/6/2024,BCI SEGUROS GENERALES S.A.,POLIZA DE SEGURO COMPRA PROTEGIDA,,- Otro tema,
IDPOL00252,CAD120240106,5/6/2024,SEGUROS GENERALES SURAMERICANA S.A.,CLAUSULA ADICIONAL DE ASISTENCIA LEGAL EMPRESARIAL,POL120131531,- Otro tema,
IDPOL00253,POL320240105,30/5/2024,BUPA COMPAÑIA DE SEGUROS DE VIDA S.A.,SEGURO ONCOLÓGICO CON ATENCIÓN NACIONAL E INTERNACIONAL,,- Salud,
IDPOL00254,CAD320240104,30/5/2024,BUPA COMPAÑIA DE SEGUROS DE VIDA S.A.,Cobertura de Odontología,POL320240014,- Salud,
IDPOL00255,POL120240098,20/5/2024,ASEGURADORA PORVENIR S.A.,PÓLIZA DE SEGURO DE CAUCIÓN PARA VEEDORES Y LIQUIDADORES DE LA LEY DE REORGANIZACIÓN Y LIQUIDACION DE ACTIVOS DE EMPRESAS Y PERSONAS,,- Garantías y Fidelidad,
IDPOL00256,POL120240094,14/5/2024,SOUTHBRIDGE COMPAÑIA DE SEGUROS GENERALES S.A.,SEGURO DE RESPONSABILIDAD CIVIL DE DIRECTORES Y EJECUTIVOS y DE RESPONSABILIDAD CIVIL PROFESIONAL PARA ADMINISTRADORES GENERALES DE FONDOS,,"- Otro tema
 - Responsabilidad Civil",
IDPOL00257,POL220240093,13/5/2024,BICE VIDA COMPAÑIA DE SEGUROS S.A.,SEGURO COLECTIVO DE VIDA CON RENTA ANUAL POR ESCOLARIDAD,"CAD220130945
 CAD220130948
 CAD220131368",- Vida,
IDPOL00258,POL220240091,1/5/2024,CHUBB SEGUROS DE VIDA CHILE S.A.,SEGURO COLECTIVO DE VIDA,,- Vida,
IDPOL00259,POL320240090,1/5/2024,CHUBB SEGUROS CHILE S.A.,"SEGURO DE PROTECCIÓN PARA EMPLEADORES POR ACCIDENTES DE
 EMPLEADOS",,- Accidentes Personales,
IDPOL00260,POL320240089,1/5/2024,CHUBB SEGUROS CHILE S.A.,SEGURO DE ACCIDENTES PERSONALES PARA TRABAJADORES,,- Accidentes Personales,
IDPOL00261,POL320240088,1/5/2024,CHUBB SEGUROS CHILE S.A.,"SEGURO DE ACCIDENTES PERSONALES PARA PASAJEROS DE VEHICULOS
 
 MOTORIZADOS",,- Accidentes Personales,
IDPOL00262,POL320240087,1/5/2024,CHUBB SEGUROS CHILE S.A.,PÓLIZA DE ACCIDENTES PERSONALES,,- Accidentes Personales,
IDPOL00263,CAD120240086,30/4/2024,CHUBB SEGUROS CHILE S.A.,CLAUSULA ADICIONAL DE INCENDIO Y DAÑOS MATERIALES CAUSADOS POR RIESGO DE LA,POL120230284,- Incendio,
IDPOL00264,CAD120240085,30/4/2024,CHUBB SEGUROS CHILE S.A.,CLAUSULA ADICIONAL DE DAÑO ELECTRICO,POL120230284,"- Incendio
 - Otro tema",
IDPOL00265,CAD120240084,30/4/2024,CHUBB SEGUROS CHILE S.A.,"CLAUSULA ADICIONAL DE DAÑOS MATERIALES A CONSECUENCIA DIRECTA DE
 
 HUELGA O DESORDEN POPULAR",POL120230284,"- Incendio
 - Otro tema",
IDPOL00266,CAD120240083,30/4/2024,CHUBB SEGUROS CHILE S.A.,CLAUSULA ADICIONAL DE SAQUEO Y DAÑOS MATERIALES POR SAQUEO DURANTE HUELGA O DESORDEN POPULAR,POL120230284,"- Incendio
 - Otro tema",
IDPOL00267,CAD120240082,30/4/2024,CHUBB SEGUROS CHILE S.A.,"CLAUSULA DE DAÑOS MATERIALES CAUSADOS POR LA CAIDA DE ÁRBOLES O
 
 RAMAS",POL120230284,"- Incendio
 - Otro tema",
IDPOL00268,CAD120240081,30/4/2024,CHUBB SEGUROS CHILE S.A.,"CLAUSULA DE DAÑOS MATERIALES CAUSADOS POR LA CAÍDA DE INSTALACIONES DE MÁSTILES, POSTES, ANTENAS DE RADIO, TELEVISIÓN O TELEFONÍA",POL120230284,- Otro tema,
IDPOL00269,CAD120240080,30/4/2024,CHUBB SEGUROS CHILE S.A.,CLAUSULA ADICIONAL DE ASISTENCIA DOMICILIARIA,POL120210233,- Asistencia Generales,
IDPOL00270,CAD120240079,30/4/2024,CHUBB SEGUROS CHILE S.A.,CLÁUSULA DE DAÑOS MATERIALES CAUSADOS POR EXPLOSIÓN,POL120210233,- Incendio,
IDPOL00271,CAD120240078,30/4/2024,CHUBB SEGUROS CHILE S.A.,CLÁUSULA DE INCENDIO Y DAÑOS MATERIALES CAUSADOS POR COLISIÓN DE OBJETOS FLOTANTES,POL120210233,- Incendio,
IDPOL00272,CAD120240077,30/4/2024,CHUBB SEGUROS CHILE S.A.,CLÁUSULA DE INCENDIO Y DAÑOS MATERIALES CAUSADOS POR ERUPCIÓN VOLCÁNICA,POL120210233,- Incendio,
IDPOL00273,POL120240076,29/4/2024,ASEGURADORA PORVENIR S.A.,POLIZA DE RESPONSABILIDAD CIVIL PROFESIONAL PARA ENTIDADES FINANCIERAS (NORMA DE CARÁCTER GENERAL 502),,- Responsabilidad Civil,
IDPOL00274,POL120240073,25/4/2024,COMPAÑIA DE SEGUROS GENERALES CONSORCIO NACIONAL DE SEGUROS S.A.,PÓLIZA DE SEGURO DE ASISTENCIA DE VIAJE,,- Asistencia Generales,
IDPOL00275,POL120240072,22/4/2024,CHUBB SEGUROS CHILE S.A.,PÓLIZA DE GARANTÍA A FAVOR DE SERVICIO NACIONAL DE ADUANAS,,- Garantías y Fidelidad,
IDPOL00276,POL120240071,22/4/2024,CHUBB SEGUROS CHILE S.A.,PÓLIZA DE GARANTÍA A PRIMER REQUERIMIENTO Y A LA VISTA,,- Garantías y Fidelidad,
IDPOL00277,POL120240070,22/4/2024,CHUBB SEGUROS CHILE S.A.,PÓLIZA DE GARANTÍA A PRIMER REQUERIMIENTO,,- Garantías y Fidelidad,
IDPOL00278,POL120240069,22/4/2024,CHUBB SEGUROS CHILE S.A.,"PÓLIZA DE SEGURO DE GARANTÍA PARA LICITACIONES, PROPUESTAS O
 SUBASTAS PÚBLICAS O PRIVADAS, DE CARÁCTER IRREVOCABLE Y DE EJECUCIÓN INMEDIATA",,- Garantías y Fidelidad,
IDPOL00279,POL120240068,19/4/2024,HDI SEGUROS S.A.,POLIZA DE FIDELIDAD FUNCIONARIA PARA EMPLEADOS PARTICULARES,,- Garantías y Fidelidad,
IDPOL00280,CAD220240067,15/4/2024,ZURICH CHILE SEGUROS DE VIDA S.A.,CLAUSULA ADICIONAL DE BENEFICIO DIARIO POR HOSPITALIZACION POR ENFERMEDAD Y/O ACCIDENTE,POL220240066,- Desgravamen,
IDPOL00281,POL220240066,15/4/2024,ZURICH CHILE SEGUROS DE VIDA S.A.,Seguro Colectivo de Desgravamen,"CAD220240067
 CAD220240122",- Desgravamen,
IDPOL00282,POL320240065,12/4/2024,BCI SEGUROS VIDA S.A.,POLIZA DE SEGURO ONCOLOGICO INDEMNIZATORIO,,- Salud,
IDPOL00283,POL320240064,10/4/2024,ZURICH SANTANDER SEGUROS DE VIDA CHILE S.A.,SEGURO DE REEMBOLSO DE GASTOS MÉDICOS PARA TRATAMIENTO ONCOLÓGICO,,- Salud,
IDPOL00284,POL320240063,10/4/2024,ZURICH SANTANDER SEGUROS DE VIDA CHILE S.A.,SEGURO DE REEMBOLSO DE GASTOS MÉDICOS PARA TRATAMIENTO ONCOLÓGICO,,- Salud,
IDPOL00285,POL320240062,10/4/2024,ZURICH SANTANDER SEGUROS DE VIDA CHILE S.A.,"SEGURO DE REEMBOLSO DE GASTOS MÉDICOS PARA TRATAMIENTO 
 
 ONCOLÓGICO",,- Salud,
IDPOL00286,POL120240061,9/4/2024,COMPAÑIA DE SEGUROS DE CREDITO CONTINENTAL S.A.,POLIZA DE SEGURO DE GARANTIA A PRIMER REQUERIMIENTO PARA ADMINISTRADORAS DE FONDOS,,- Garantías y Fidelidad,
IDPOL00287,POL120240060,9/4/2024,COMPAÑIA DE SEGUROS DE CREDITO CONTINENTAL S.A.,PÓLIZA DE GARANTÍA PARA VENTAS DE INMUEBLES,,- Garantías y Fidelidad,
IDPOL00288,POL120240059,9/4/2024,COMPAÑIA DE SEGUROS DE CREDITO CONTINENTAL S.A.,"POLIZA DE GARANTIA A FAVOR DE ADUANAS
 (Agente de Aduanas)",,- Garantías y Fidelidad,
IDPOL00289,CAD120240058,8/4/2024,ASSURANT CHILE COMPAÑIA DE SEGUROS GENERALES S.A.,CLÁUSULA ADICIONAL DE HURTO PARA DISPOSITIVOS ELECTRONICOS,POL120230365,- Otro tema,
IDPOL00290,CAD120240057,8/4/2024,ASSURANT CHILE COMPAÑIA DE SEGUROS GENERALES S.A.,CLÁUSULA ADICIONAL DE ROBO PARA DISPOSITIVOS ELECTRONICOS,POL120230365,- Robo,
IDPOL00291,POL120240055,2/4/2024,HDI SEGUROS S.A.,PÓLIZA DE SEGURO A PRIMER REQUERIMIENTO PARA EMPRESAS DE SERVICIOS TRANSITORIOS,,- Garantías y Fidelidad,
IDPOL00292,POL120240054,2/4/2024,HDI SEGUROS S.A.,PÓLIZA DE SEGURO A PRIMER REQUERIMIENTO PARA SERVICIO NACIONAL DE ADUANAS,,- Garantías y Fidelidad,
IDPOL00293,POL120240053,2/4/2024,HDI SEGUROS S.A.,PÓLIZA DE SEGURO DE GARANTIA A PRIMER REQUERIMIENTO,,- Garantías y Fidelidad,
IDPOL00294,POL120240052,2/4/2024,HDI SEGUROS S.A.,"POLIZA DE SEGURO DE CAUCIÓN A PRIMER REQUERIMIENTO PARA LICITACIONES, PROPUESTAS O SUBASTAS PÚBLICAS O PRIVADAS",,- Garantías y Fidelidad,
IDPOL00295,POL120240051,2/4/2024,HDI SEGUROS S.A.,POLIZA DE SEGURO DE CAUCIÓN DE CUMPLIMIENTO DE CONTRATO EN GENERAL CON PAGO DE INDEMNIZACIÓN SUJETO A LIQUIDACIÓN,,- Garantías y Fidelidad,
IDPOL00296,POL120240050,2/4/2024,HDI SEGUROS S.A.,PÓLIZA DE SEGURO A PRIMER REQUERIMIENTO ESPECIAL PARA ALMACENES PARTICULARES,,- Garantías y Fidelidad,
IDPOL00297,POL120240049,2/4/2024,HDI SEGUROS S.A.,PÓLIZA DE GARANTÍA A FAVOR DE ADUANAS,,- Garantías y Fidelidad,
IDPOL00298,POL120240048,2/4/2024,HDI SEGUROS S.A.,PÓLIZA DE SEGURO DE GARANTÍA A PRIMER REQUERIMIENTO PARA ADMINISTRADORAS DE FONDOS,,- Garantías y Fidelidad,
IDPOL00299,POL220240047,1/4/2024,SEGUROS DE VIDA SURA S.A.,SEGURO GARANTIZADO INCREMENTAL,,- Vida,
IDPOL00300,POL120240046,25/3/2024,ASOCIACION DE ASEGURADORES DE CHILE A.G.,PÓLIZA DE CAUCIÓN DE CUMPLIMIENTO DE CONTRATO EN GENERAL CON PAGO DE INDEMNIZACIÓN SUJETO A LIQUIDACIÓN,,- Garantías y Fidelidad,
IDPOL00301,POL120240045,25/3/2024,ASOCIACION DE ASEGURADORES DE CHILE A.G.,PÓLIZA DE GARANTÍA A PRIMER REQUERIMIENTO Y A LA VISTA,,- Garantías y Fidelidad,
IDPOL00302,POL120240044,25/3/2024,ASOCIACION DE ASEGURADORES DE CHILE A.G.,PÓLIZA DE GARANTÍA A PRIMER REQUERIMIENTO,,- Garantías y Fidelidad,
IDPOL00303,POL120240043,25/3/2024,ASOCIACION DE ASEGURADORES DE CHILE A.G.,SEGURO DE GARANTÍA A PRIMER REQUERIMIENTO SERVICIO NACIONAL DE ADUANAS,,- Garantías y Fidelidad,
IDPOL00304,POL120240042,25/3/2024,ASOCIACION DE ASEGURADORES DE CHILE A.G.,PÓLIZA DE SEGURO DE GARANTÍA O CAUCIÓN A PRIMER REQUERIMIENTO DE OBRAS PÚBLICAS,,- Garantías y Fidelidad,
IDPOL00305,CAD320240041,20/3/2024,BUPA COMPAÑIA DE SEGUROS DE VIDA S.A.,COBERTURA DE ODONTOLOGÍA,POL320190016,- Salud,
IDPOL00306,POL120240038,19/3/2024,AVLA SEGUROS DE CREDITO Y GARANTIA S.A.,PÓLIZA DE SEGURO DE GARANTÍA O CAUCIÓN A PRIMER REQUERIMIENTO DE OBRAS PÚBLICAS,,- Garantías y Fidelidad,
IDPOL00307,POL120240037,19/3/2024,AVLA SEGUROS DE CREDITO Y GARANTIA S.A.,"PÓLIZA DE SEGURO DE CAUCIÓN PARA CONTRATOS DE PROMESA DE COMPRAVENTA, CON PAGO DE INDEMNIZACIÓN SUJETO A LIQUIDACIÓN",,- Garantías y Fidelidad,
IDPOL00308,POL120240036,18/3/2024,AVLA SEGUROS DE CREDITO Y GARANTIA S.A.,PÓLIZA DE SEGURO DE CAUCIÓN PARA ADMINISTRADORAS GENERALES DE FONDOS,,- Garantías y Fidelidad,
IDPOL00309,POL120240035,18/3/2024,AVLA SEGUROS DE CREDITO Y GARANTIA S.A.,PÓLIZA DE SEGURO DE GARANTÍA A PRIMER REQUERIMIENTO PARA CONCESIONES DE OBRAS PÚBLICAS,,- Garantías y Fidelidad,
IDPOL00310,POL120240034,18/3/2024,AVLA SEGUROS DE CREDITO Y GARANTIA S.A.,PÓLIZA DE GARANTÍA DE CUMPLIMIENTO DE CONTRATO EN GENERAL Y DE EJECUCIÓN INMEDIATA,,- Garantías y Fidelidad,
IDPOL00311,POL120240033,18/3/2024,AVLA SEGUROS DE CREDITO Y GARANTIA S.A.,PÓLIZA DE GARANTÍA A PRIMER REQUERIMIENTO Y A LA VISTA,,- Garantías y Fidelidad,
IDPOL00312,POL120240032,14/3/2024,COMPAÑIA DE SEGUROS GENERALES CONSORCIO NACIONAL DE SEGUROS S.A.,"PÓLIZA DE SEGURO COLECTIVO DE DAÑOS, ROBO Y HURTO",,"- Otro tema
 - Robo",
IDPOL00313,POL120240030,12/3/2024,BCI SEGUROS GENERALES S.A.,PÓLIZA COLECTIVA DE SEGURO DE PROTECCIÓN DE EQUIPOS DE TELECOMUNICACIONES MÓVILES,,- Varios Seg. Generales,
IDPOL00314,POL320240029,5/3/2024,BUPA COMPAÑIA DE SEGUROS DE VIDA S.A.,SEGURO INDIVIDUAL COMPLEMENTARIO DE SALUD,,- Salud,
IDPOL00315,POL120240028,5/3/2024,UNNIO SEGUROS GENERALES S.A.,PÓLIZA DE SEGURO CIBERNÉTICO PYMES EN BASE A INDEMNIZACIÓN,,- Otro tema,
IDPOL00316,POL320240027,29/2/2024,METLIFE CHILE SEGUROS DE VIDA S.A.,PÓLIZA SEGURO DE GASTOS DENTALES,,- Salud,
IDPOL00317,POL120240026,28/2/2024,CHUBB SEGUROS CHILE S.A.,PÓLIZA INDIVIDUAL DE PROTECCION FINANCIERA PARA PRESTADORES ODONTOLOGICOS,,"- Otro tema
 - Responsabilidad Civil",
IDPOL00318,POL320240024,27/2/2024,BUPA COMPAÑIA DE SEGUROS DE VIDA S.A.,SEGURO COLECTIVO COMPLEMENTARIO DE SALUD,,- Salud,
IDPOL00319,POL120240022,23/2/2024,CHUBB SEGUROS CHILE S.A.,PÓLIZA INDIVIDUAL DE PROTECCION FINANCIERA PARA PRESTADORES ODONTOLOGICOS,,- Otro tema,
IDPOL00320,POL320240020,16/2/2024,CHUBB SEGUROS CHILE S.A.,PÓLIZA SEGURO DE GASTOS DENTALES,,"- Accidentes Personales
 - Salud",
IDPOL00321,POL220240019,16/2/2024,CHUBB SEGUROS DE VIDA CHILE S.A.,POLIZA DE SEGUROS DE ASISTENCIA DE DECESOS,,- Asistencia Vida,
IDPOL00322,POL320240014,7/2/2024,BUPA COMPAÑIA DE SEGUROS DE VIDA S.A.,SEGURO COLECTIVO COMPLEMENTARIO DE SALUD,CAD320240104,- Salud,
IDPOL00323,POL320240013,5/2/2024,COMPAÑIA DE SEGUROS DE VIDA CONSORCIO NACIONAL DE SEGUROS S.A.,SEGURO COLECTIVO COMPLEMENTARIO DE SALUD,CAD320180077,- Salud,
IDPOL00324,POL320240011,16/1/2024,CHUBB SEGUROS DE VIDA CHILE S.A.,SEGURO COLECTIVO INVALIDEZ PERMANENTE Y DEFINITIVA DOS TERCIOS,,"- Accidentes Personales
 - Salud",
IDPOL00325,CAD320240010,16/1/2024,CHUBB SEGUROS DE VIDA CHILE S.A.,CLÁUSULA ADICIONAL DE INCAPACIDAD PERMANENTE POR ACCIDENTE,POL220230383,- Accidentes Personales,
IDPOL00326,POL320240007,10/1/2024,CHUBB SEGUROS CHILE S.A.,SEGURO PARA PRESTACIONES MEDICAS DE ALTO COSTO,,"- Accidentes Personales
 - Salud",
IDPOL00327,POL320240005,8/1/2024,ZURICH CHILE SEGUROS DE VIDA S.A.,Seguro Complementario de Salud Colectivo,,- Salud,
IDPOL00328,POL320240004,5/1/2024,ZURICH CHILE SEGUROS DE VIDA S.A.,Seguro de Accidentes Personales y Asistencia en Viaje,,- Accidentes Personales,
IDPOL00329,CAD320240003,5/1/2024,METLIFE CHILE SEGUROS DE VIDA S.A.,CLÁUSULA DE COBERTURA DENTAL,"POL320220141
 POL320250065
 POL320250088",- Salud,
IDPOL00330,POL120240002,4/1/2024,SOUTHBRIDGE COMPAÑIA DE SEGUROS GENERALES S.A.,SEGURO DE RESPONSABILIDAD CIVIL PARA PRESTADORES INSTITUCIONALES DE SALUD,,- Responsabilidad Civil,
IDPOL00331,POL120240001,4/1/2024,SOUTHBRIDGE COMPAÑIA DE SEGUROS GENERALES S.A.,SEGURO DE RESPONSABILIDAD CIVIL PARA PRESTADORES INDIVIDUALES DE SALUD,,- Responsabilidad Civil,
IDPOL00332,POL320230493,26/12/2023,SEGUROS DE VIDA SURAMERICANA S.A.,PÓLIZA INDIVIDUAL DE PRESTACIONES MÉDICAS DE SALUD,,- Otro tema,
IDPOL00333,CAD320230492,26/12/2023,CHUBB SEGUROS CHILE S.A.,COBERTURA ADICIONAL DE INVALIDEZ ACCIDENTAL TOTAL Y PERMANENTE,POL320220041,- Accidentes Personales,
IDPOL00334,CAD320230491,26/12/2023,CHUBB SEGUROS CHILE S.A.,COBERTURA ADICIONAL DE INVALIDEZ ACCIDENTAL TOTAL Y PERMANENTE,POL320220040,- Accidentes Personales,
IDPOL00335,POL220230489,19/12/2023,BICE VIDA COMPAÑIA DE SEGUROS S.A.,PÓLIZA DE SEGURO DE VIDA INDIVIDUAL CON AHORRO,CAD320160238,"- Vida
 - Vida Flexible",
IDPOL00336,POL220230488,15/12/2023,BICE VIDA COMPAÑIA DE SEGUROS S.A.,PÓLIZA DE SEGURO DE VIDA INDIVIDUAL CON AHORRO,"CAD220130957
 CAD220130960
 CAD220130961
 CAD220131572
 CAD220140258
 CAD320160238","- Vida
 - Vida Flexible",
IDPOL00337,POL320230486,6/12/2023,METLIFE CHILE SEGUROS DE VIDA S.A.,CONDICIONADO GENERAL ENFERMEDADES GRAVES,,- Salud,
IDPOL00338,CAD220230485,5/12/2023,BICE VIDA COMPAÑIA DE SEGUROS S.A.,"CLAUSULA ADICIONAL DE ASISTENCIA QUE CUBRE GASTOS 
 GENERADOS POR EL DECESO DEL ASEGURADO",POL220130939,- Vida,
IDPOL00339,POL320230484,4/12/2023,METLIFE CHILE SEGUROS DE VIDA S.A.,"CONDICIONES GENERALES PARA CAPITAL ASEGURADO EN CASO DE
 INVALIDEZ PERMANENTE DOS TERCIOS",,- Otro tema,
IDPOL00340,POL320230483,4/12/2023,METLIFE CHILE SEGUROS DE VIDA S.A.,CONDICIONADO GENERAL ENFERMEDADES GRAVES,,- Salud,
IDPOL00341,POL320230482,4/12/2023,METLIFE CHILE SEGUROS DE VIDA S.A.,SEGURO PARA PRESTACIONES MÉDICAS DE ALTO COSTO,,- Salud,
IDPOL00342,POL220230481,4/12/2023,METLIFE CHILE SEGUROS DE VIDA S.A.,SEGURO DE VIDA FLEXIBLE CON FONDOS DE INVERSIÓN,,"- Vida
 - Vida Flexible",
IDPOL00343,POL120230480,28/11/2023,SEGUROS GENERALES SURAMERICANA S.A.,POLIZA DE CYBER,,- Otro tema,
IDPOL00344,POL320230479,23/11/2023,COMPAÑIA DE SEGUROS GENERALES CONSORCIO NACIONAL DE SEGUROS S.A.,"POLIZA DE ACCIDENTES PERSONALES PARA PASAJEROS DE VEHICULOS
 MOTORIZADOS",,- Accidentes Personales,
IDPOL00345,CAD120230474,7/11/2023,CHUBB SEGUROS CHILE S.A.,"CLAUSULA CHILENA PARA GUERRA. 
 MERCADERIAS AVION",POL120230473,- Transportes y Cascos,
IDPOL00346,POL120230473,7/11/2023,CHUBB SEGUROS CHILE S.A.,"POLIZA CHILENA PARA MERCANCIAS (AVION). EXCLUYENDO LOS
 ENVIOS HECHOS POR CORREO.","CAD120230474
 CAD120250012",- Transportes y Cascos,
IDPOL00347,CAD220230472,31/10/2023,ZURICH CHILE SEGUROS DE VIDA S.A.,CLÁUSULA DE GASTOS FUNERARIOS,POL220230467,- Asistencia Vida,
IDPOL00348,CAD320230471,31/10/2023,ZURICH CHILE SEGUROS DE VIDA S.A.,CLÁUSULA DE DIAGNÓSTICO ONCOLÓGICO,"POL220230467
 POL220240152
 POL220250019",- Salud,
IDPOL00349,CAD320230470,31/10/2023,ZURICH CHILE SEGUROS DE VIDA S.A.,CLÁUSULA DE INDEMNIZACIÓN POR ACTO QUIRÚRGICO,"POL220230467
 POL220240152
 POL220250019",- Salud,
IDPOL00350,CAD320230469,31/10/2023,ZURICH CHILE SEGUROS DE VIDA S.A.,CLÁUSULA DE INVALIDEZ ACCIDENTAL,"POL220230467
 POL220240152
 POL220250019",- Accidentes Personales,
IDPOL00351,CAD320230468,31/10/2023,ZURICH CHILE SEGUROS DE VIDA S.A.,CLÁUSULA DE MUERTE ACCIDENTAL,"POL220230467
 POL220240152
 POL220250019",- Accidentes Personales,
IDPOL00352,POL220230467,31/10/2023,ZURICH CHILE SEGUROS DE VIDA S.A.,SEGURO DE VIDA PROTECCIÓN FAMILIAR,"CAD220230472
 CAD320230468
 CAD320230469
 CAD320230470
 CAD320230471",- Vida,
IDPOL00353,POL220230466,24/10/2023,COMPAÑIA DE SEGUROS DE VIDA CONSORCIO NACIONAL DE SEGUROS S.A.,PÓLIZA COLECTIVA DE SEGURO DE FALLECIMIENTO,,- Vida,
IDPOL00354,POL120230465,23/10/2023,SOUTHBRIDGE COMPAÑIA DE SEGUROS GENERALES S.A.,PÓLIZA DE SEGURO DE PROTECCIÓN DE EQUIPOS O DISPOSITIVOS ELECTRÓNICOS,,"- Otro tema
 - Robo
 - Varios Seg. Generales",
IDPOL00355,POL320230463,18/10/2023,CHUBB SEGUROS DE VIDA CHILE S.A.,Seguro Oncológico Libre Elección,,- Salud,
IDPOL00356,POL320230462,18/10/2023,CHUBB SEGUROS DE VIDA CHILE S.A.,SEGURO PARA PRESTACIONES MEDICAS DE ALTO COSTO,,- Salud,
IDPOL00357,POL320230461,13/10/2023,METLIFE CHILE SEGUROS DE VIDA S.A.,SEGURO COMPLEMENTARIO DE SALUD,CAD320230261,- Salud,
IDPOL00358,CAD320230459,3/10/2023,BUPA COMPAÑIA DE SEGUROS DE VIDA S.A.,Cobertura de Odontología,POL320190016,- Salud,
IDPOL00359,POL320230458,26/9/2023,BUPA COMPAÑIA DE SEGUROS DE VIDA S.A.,SEGURO INDIVIDUAL COMPLEMENTARIO DE SALUD,,- Salud,
IDPOL00360,CAD320230457,22/9/2023,BUPA COMPAÑIA DE SEGUROS DE VIDA S.A.,CAD320131600,POL320190016,- Salud,
IDPOL00361,CAD220230453,12/9/2023,OHIO NATIONAL SEGUROS DE VIDA S.A.,CLAUSULA PAGO ANTICIPADO DEL CAPITAL ASEGURADO EN CASO DE INVALIDEZ TOTAL Y PERMANENTE DOS TERCIOS,POL220220208,- Vida Flexible,
IDPOL00362,CAD220230452,12/9/2023,OHIO NATIONAL SEGUROS DE VIDA S.A.,CLAUSULA DE MUERTE ACCIDENTAL,POL220220208,- Vida Flexible,
IDPOL00363,CAD220230451,12/9/2023,OHIO NATIONAL SEGUROS DE VIDA S.A.,CLAUSULA DE INVALIDEZ ACCIDENTAL,POL220220208,- Vida Flexible,
IDPOL00364,CAD320230450,8/9/2023,ZURICH CHILE SEGUROS DE VIDA S.A.,CLAUSULA ADICIONAL ONCOLOGICA,"POL220130760
 POL220140209
 POL220140223
 POL220150684
 POL220150752
 POL220150753
 POL220160208
 POL220160213
 POL220160215
 POL220190151
 POL220220105
 POL220250140
 POL320180108",- Salud,
IDPOL00365,CAD120230449,7/9/2023,SEGUROS GENERALES SURAMERICANA S.A.,CLAUSULA ADICIONAL DE INCENDIO Y DAÑOS MATERIALES CAUSADOS POR SISMO,"POL120130172
 POL120130911",- Incendio,
IDPOL00366,CAD120230448,7/9/2023,SEGUROS GENERALES SURAMERICANA S.A.,INCENDIO Y DAÑOS MATERIALES POR MAREMOTO O TSUNAMI,"POL120130172
 POL120130911",- Incendio,
IDPOL00367,CAD120230447,7/9/2023,SEGUROS GENERALES SURAMERICANA S.A.,CLAUSULA ADICIONAL DE INCENDIO Y DAÑOS MATERIALES CAUSADOS POR RIESGOS DE LA NATURALEZA,"POL120130172
 POL120130911",- Incendio,
IDPOL00368,CAD120230446,7/9/2023,SEGUROS GENERALES SURAMERICANA S.A.,CLAUSULA ADICIONAL DE INCENDIO Y DAÑOS MATERIALES CAUSADOS ACTOS TERRORISTAS,"POL120130172
 POL120130911",- Incendio,
IDPOL00369,CAD120230445,7/9/2023,SEGUROS GENERALES SURAMERICANA S.A.,CLÁUSULA DE INCENDIO Y DAÑOS MATERIALES CAUSADOS POR COMBUSTIÓN ESPONTÁNEA.,"POL120130172
 POL120130911",- Incendio,
IDPOL00370,CAD120230444,7/9/2023,SEGUROS GENERALES SURAMERICANA S.A.,CLAUSULA ADICIONAL DE DAÑOS MATERIALES CAUSADOS POR ROTURAS DE CAÑERIAS O POR DESBORDAMIENTO DE ESTANQUES MATRICES,"POL120130172
 POL120130911",- Incendio,
IDPOL00371,CAD120230443,7/9/2023,SEGUROS GENERALES SURAMERICANA S.A.,"CLÁUSULA ADICIONAL DE INCENDIO Y DAÑOS MATERIALES A CONSECUENCIA DIRECTA DE HUELGA, SAQUEO, ACTOS MALICIOSOS, CONMOCIÓN CIVIL O DESORDEN POPULAR","POL120130172
 POL120130911",- Incendio,
IDPOL00372,CAD320230442,7/9/2023,ZURICH CHILE SEGUROS DE VIDA S.A.,CLAUSULA ADICIONAL ONCOLOGICA,"POL220130760
 POL220140209
 POL220140223
 POL220150684
 POL220150752
 POL220150753
 POL220160208
 POL220160213
 POL220160215
 POL220190151
 POL220250140
 POL320180108",- Vida,
IDPOL00373,CAD220230441,7/9/2023,ZURICH CHILE SEGUROS DE VIDA S.A.,CLAUSULA ADICIONAL ONCOLOGICA,"POL220130760
 POL220140209
 POL220140223
 POL220150684
 POL220150752
 POL220150753
 POL220160208
 POL220160213
 POL220160215
 POL220190151
 POL220220105
 POL220250140
 POL320180108",- Vida,
IDPOL00374,POL320230440,6/9/2023,COMPAÑIA DE SEGUROS DE VIDA CONSORCIO NACIONAL DE SEGUROS S.A.,SEGURO INDIVIDUAL COMPLEMENTARIO DE SALUD,CAD320230300,- Salud,
IDPOL00375,POL320230439,30/8/2023,METLIFE CHILE SEGUROS DE VIDA S.A.,SEGURO PARA ENFERMEDADES GRAVES,,- Salud,
IDPOL00376,POL320230438,22/8/2023,COMPAÑIA DE SEGUROS DE VIDA CONSORCIO NACIONAL DE SEGUROS S.A.,PÓLIZA DE REEMBOLSO DE PRESTACIONES MÉDICAS,CAD320230300,- Salud,
IDPOL00377,POL320230437,22/8/2023,ZURICH SANTANDER SEGUROS DE VIDA CHILE S.A.,SEGURO COLECTIVO DE REEMBOLSO DE GASTOS MÉDICOS DE SALUD,,- Salud,
IDPOL00378,POL320230436,21/8/2023,METLIFE CHILE SEGUROS DE VIDA S.A.,SEGURO DE ACCIDENTES PERSONALES,"CAD320140336
 CAD320220065
 CAD320220066",- Accidentes Personales,
IDPOL00379,CAD320230435,18/8/2023,CHUBB SEGUROS DE VIDA CHILE S.A.,COBERTURA ADICIONAL DE INVALIDEZ ACCIDENTAL,POL220230386,- Accidentes Personales,
IDPOL00380,CAD320230434,18/8/2023,CHUBB SEGUROS DE VIDA CHILE S.A.,CLAUSULA ADICICONAL DE ENFERMEDADES GRAVES,POL220230386,- Salud,
IDPOL00381,CAD320230433,18/8/2023,CHUBB SEGUROS DE VIDA CHILE S.A.,COBERTURA ADICIONAL DE HOSPITALIZACION,POL220230386,"- Accidentes Personales
 - Salud",
IDPOL00382,CAD320230432,18/8/2023,CHUBB SEGUROS DE VIDA CHILE S.A.,COBERTURA ADICIONAL DE PAGO ANTICIPADO DEL CAPITAL ASEGURADO EN CASO DE INVALIDEZ PERMANENTE Y DEFINITIVA DOS TERCIOS,POL220230386,"- Accidentes Personales
 - Salud",
IDPOL00383,POL320230431,16/8/2023,METLIFE CHILE SEGUROS DE VIDA S.A.,SEGURO DE RENTA DIARIA POR HOSPITALIZACIÓN,,- Salud,
IDPOL00384,POL320230430,11/8/2023,CHUBB SEGUROS DE VIDA CHILE S.A.,SEGURO PARA PRESTACIONES MEDICAS DE ALTO COSTO,,- Salud,
IDPOL00385,POL320230429,11/8/2023,CHUBB SEGUROS DE VIDA CHILE S.A.,SEGURO DE SALUD ONCOLOGICO,,- Salud,
IDPOL00386,POL320230428,11/8/2023,CHUBB SEGUROS DE VIDA CHILE S.A.,SEGURO PARA PRESTACIONES MEDICAS DE ALTO COSTO NO ONCOLOGICAS,,- Salud,
IDPOL00387,POL220230427,11/8/2023,CHUBB SEGUROS DE VIDA CHILE S.A.,POLIZA DE SEGURO DE ASISTENCIA DE DECESOS,,- Asistencia Vida,
IDPOL00388,POL320230426,11/8/2023,CHUBB SEGUROS DE VIDA CHILE S.A.,SEGURO PARA PRESTACIONES MEDICAS DE ALTO COSTO,,- Salud,
IDPOL00389,POL220230425,10/8/2023,METLIFE CHILE SEGUROS DE VIDA S.A.,POLIZA DE SEGURO TEMPORAL DE VIDA,"CAD320220069
 CAD320220070
 CAD320220071
 CAD320220072",- Vida,
IDPOL00390,CAD120230424,7/8/2023,CHUBB SEGUROS CHILE S.A.,"COBERTURA ADICIONAL POR TRABAJOS EN RIBERAS, LECHOS O CAUCES DONDE CORRAN AGUAS Y A ORILLAS DE LAGOS",POL120230420,- Otro tema,
IDPOL00391,CAD120230423,7/8/2023,CHUBB SEGUROS CHILE S.A.,COBERTURA ADICIONAL POR TRABAJOS EN MUELLES O EQUIPOS FLOTANTES,POL120230420,- Otro tema,
IDPOL00392,CAD120230422,7/8/2023,CHUBB SEGUROS CHILE S.A.,COBERTURA ADICIONAL POR LABORES O TRABAJOS SUBTERRANEOS,POL120230420,- Otro tema,
IDPOL00393,CAD120230421,7/8/2023,CHUBB SEGUROS CHILE S.A.,"COBERTURA ADICIONAL GASTOS POR SALVAMENTO, REMOCION DE ESCOMBROS Y LIMPIEZA",POL120230420,- Otro tema,
IDPOL00394,POL120230420,7/8/2023,CHUBB SEGUROS CHILE S.A.,PÓLIZA DE EQUIPO MÓVIL CONTRATISTA Y EQUIPO MÓVIL AGRICOLA,"CAD120230421
 CAD120230422
 CAD120230423
 CAD120230424",- Multirriesgo,
IDPOL00395,CAD320230419,2/8/2023,CHUBB SEGUROS DE VIDA CHILE S.A.,"COBERTURA ADICIONAL PAGO ANTICIPADO DEL CAPITAL ASEGURADO EN CASO DE
 
 INVALIDEZ PERMANENTE Y DEFINITIVA DOS TERCIOS",POL220230416,- Accidentes Personales,
IDPOL00396,CAD320230418,2/8/2023,CHUBB SEGUROS DE VIDA CHILE S.A.,"COBERTURA ADICIONAL PAGO ANTICIPADO DEL CAPITAL ASEGURADO EN CASO DE
 
 INVALIDEZ PERMANENTE Y DEFINITIVA DOS TERCIOS",POL220230416,- Accidentes Personales,
IDPOL00397,CAD320230417,2/8/2023,CHUBB SEGUROS DE VIDA CHILE S.A.,COBERTURA ADICIONAL INVALIDEZ ACCIDENTAL,POL220230416,- Accidentes Personales,
IDPOL00398,POL220230416,2/8/2023,CHUBB SEGUROS DE VIDA CHILE S.A.,POLIZA SEGURO DE VIDA INDIVIDUAL,"CAD320230417
 CAD320230418
 CAD320230419",- Vida,
IDPOL00399,POL120230412,1/8/2023,METLIFE CHILE SEGUROS GENERALES S.A.,PÓLIZA DE SEGURO MULTIRRIESGOS HOGAR,"CAD120170236
 CAD120200004
 CAD120200016","- Incendio
 - Multirriesgo
 - Robo",
IDPOL00400,CAD320230411,14/7/2023,COMPAÑIA DE SEGUROS GENERALES CONSORCIO NACIONAL DE SEGUROS S.A.,CLÁUSULA ADICIONAL DE BENEFICIOS DENTALES,POL320170201,- Salud,
IDPOL00401,CAD120230410,13/7/2023,CHUBB SEGUROS CHILE S.A.,"COBERTURA ADICIONAL RESPONSABILIDAD CIVIL PARTICULAR, CABEZA DE FAMILIA",POL120230409,- Responsabilidad Civil,
IDPOL00402,POL120230409,13/7/2023,CHUBB SEGUROS CHILE S.A.,POLIZA DE SEGURO DE RESPONSABILIDAD CIVIL,CAD120230410,- Responsabilidad Civil,
IDPOL00403,CAD120230408,7/7/2023,CHUBB SEGUROS CHILE S.A.,CLAUSULA CHILENA PARA GUERRA. TRANSPORTE MARITIMO,POL120230407,- Transportes y Cascos,
IDPOL00404,POL120230407,7/7/2023,CHUBB SEGUROS CHILE S.A.,"POLIZA DE TRANSPORTE MARITIMO PARA CARGA \""A\""","CAD120230408
 CAD120250013",- Transportes y Cascos,
IDPOL00405,CAD320230403,5/7/2023,ZURICH CHILE SEGUROS DE VIDA S.A.,CLAUSULA DE URGENCIA DENTAL,"POL220150684
 POL220190151
 POL220250140",- Salud,
IDPOL00406,POL320230402,5/7/2023,RENTA NACIONAL COMPAÑIA DE SEGUROS DE VIDA S.A.,SEGURO COMPLEMENTARIO DE SALUD,,- Salud,
IDPOL00407,POL320230401,4/7/2023,METLIFE CHILE SEGUROS DE VIDA S.A.,SEGURO DE SALUD ONCOLÓGICO,"CAD220210057
 CAD220210149
 CAD220220129",- Salud,
IDPOL00408,POL120230400,4/7/2023,METLIFE CHILE SEGUROS GENERALES S.A.,SEGURO DE ROBO DE CONTENIDOS DE VEHICULOS MOTORIZADOS,,- Robo,
IDPOL00409,POL320230398,28/6/2023,METLIFE CHILE SEGUROS DE VIDA S.A.,POLIZA DE SEGURO DE FALLECIMIENTO ACCIDENTAL CON CUENTA DE CAPITALIZACIÓN Y AHORRO,"CAD320190084
 CAD320200040
 CAD320220065
 CAD320220071
 CAD320220072",- Accidentes Personales,
IDPOL00410,POL320230397,27/6/2023,METLIFE CHILE SEGUROS DE VIDA S.A.,SEGURO PARA ENFERMEDADES GRAVES,,- Salud,
IDPOL00411,POL220230396,23/6/2023,METLIFE CHILE SEGUROS DE VIDA S.A.,SEGURO COLECTIVO DE DESGRAVAMEN,"CAD220170015
 CAD320140305
 CAD320140306
 CAD320140307",- Desgravamen,
IDPOL00412,POL320230395,23/6/2023,METLIFE CHILE SEGUROS DE VIDA S.A.,SEGURO PARA PRESTACIONES MÉDICAS DE ALTO COSTO,"CAD220130244
 CAD320190121",- Salud,
IDPOL00413,POL320230394,23/6/2023,METLIFE CHILE SEGUROS DE VIDA S.A.,SEGURO COMPLEMENTARIO DE SALUD,CAD320230261,- Salud,
IDPOL00414,POL120230393,15/6/2023,METLIFE CHILE SEGUROS GENERALES S.A.,SEGURO DE REEMBOLSO POR NO USO DE BOLETOS,,"- Otro tema
 - Varios Seg. Generales",
IDPOL00415,CAD320230392,15/6/2023,CHUBB SEGUROS DE VIDA CHILE S.A.,CLÁUSULA DE COBERTURA ADICIONAL DENTAL,POL320230380,"- Accidentes Personales
 - Salud",
IDPOL00416,CAD220230391,15/6/2023,CHUBB SEGUROS DE VIDA CHILE S.A.,CLÁUSULA DE COBERTURA ADICIONAL POR CUOTA MORTUORIA,POL320230390,- Otro tema,
IDPOL00417,POL320230390,15/6/2023,CHUBB SEGUROS DE VIDA CHILE S.A.,SEGURO DE SALUD ONCOLÓGICO,CAD220230391,- Salud,
IDPOL00418,POL220230389,14/6/2023,METLIFE CHILE SEGUROS DE VIDA S.A.,POLIZA DE SEGURO TEMPORAL DE FALLECIMIENTO CON CUENTA DE CAPITALIZACIÓN Y AHORRO,,"- Vida
 - Vida Flexible",
IDPOL00419,POL320230388,14/6/2023,COMPAÑIA DE SEGUROS DE VIDA CONSORCIO NACIONAL DE SEGUROS S.A.,SEGURO INDIVIDUAL COMPLEMENTARIO DE SALUD,,- Salud,
IDPOL00420,POL220230386,2/6/2023,CHUBB SEGUROS DE VIDA CHILE S.A.,SEGURO DESGRAVAMEN COLECTIVO,"CAD320230432
 CAD320230433
 CAD320230434
 CAD320230435",- Vida,
IDPOL00421,CAD320230385,2/6/2023,CHUBB SEGUROS DE VIDA CHILE S.A.,COBERTURA ADICIONAL DENTAL,POL320230380,- Salud,
IDPOL00422,POL220230383,30/5/2023,CHUBB SEGUROS DE VIDA CHILE S.A.,SEGURO COLECTIVO TEMPORAL DE VIDA,"CAD320240010
 CAD320240231
 CAD320240232
 CAD320240233
 CAD320240234",- Vida,
IDPOL00423,POL320230382,30/5/2023,CHUBB SEGUROS DE VIDA CHILE S.A.,SEGURO DE ACCIDENTES PERSONALES,,- Accidentes Personales,
IDPOL00424,POL220230381,30/5/2023,CHUBB SEGUROS DE VIDA CHILE S.A.,SEGURO COLECTIVO TEMPORAL DE VIDA,,- Vida,
IDPOL00425,POL320230380,30/5/2023,CHUBB SEGUROS DE VIDA CHILE S.A.,SEGURO COLECTIVO COMPLEMENTARIO DE SALUD,"CAD320230385
 CAD320230392",- Salud,
IDPOL00426,CAD220230379,26/5/2023,BICE VIDA COMPAÑIA DE SEGUROS S.A.,"CLAUSULA ADICIONAL DE ASISTENCIA QUE CUBRE GASTOS
 GENERADOS POR EL DECESO DEL ASEGURADO",POL220130939,- Asistencia Vida,
IDPOL00427,CAD120230378,19/5/2023,CHUBB SEGUROS CHILE S.A.,PÉRDIDA DE INGRESOS POR ARRIENDO,POL120230346,- Incendio,
IDPOL00428,CAD120230377,19/5/2023,CHUBB SEGUROS CHILE S.A.,"INCENDIO Y DAÑOS MATERIALES A CONSECUENCIA DIRECTA DE HUELGA, SAQUEO O DESORDEN POPULAR",POL120230346,- Incendio,
IDPOL00429,CAD120230376,19/5/2023,CHUBB SEGUROS CHILE S.A.,"INCENDIO Y DAÑOS MATERIALES CAUSADOS POR MAREMOTO, TSUNAMI, MAREJADAS Y SALIDA DE MAR.",POL120230346,- Incendio,
IDPOL00430,CAD120230375,19/5/2023,CHUBB SEGUROS CHILE S.A.,INCENDIO A CONSECUENCIA FENOMENOS DE LA NATURALEZA EXCEPTO SISMO,POL120230346,- Incendio,
IDPOL00431,CAD120230374,19/5/2023,CHUBB SEGUROS CHILE S.A.,DAÑOS MATERIALES CAUSADOS POR EXPLOSIÓN,POL120230346,- Incendio,
IDPOL00432,POL320230372,18/5/2023,METLIFE CHILE SEGUROS DE VIDA S.A.,SEGURO DE ACCIDENTES PERSONALES,"CAD320140336
 CAD320220065
 CAD320220066",- Accidentes Personales,
IDPOL00433,POL320230371,18/5/2023,BCI SEGUROS GENERALES S.A.,POLIZA DE SEGURO INCAPACIDAD TEMPORAL POR HOSPITALIZACIÓN POR ENFERMEDAD Y/O ACCIDENTE,,- Salud,
IDPOL00434,POL120230370,17/5/2023,METLIFE CHILE SEGUROS GENERALES S.A.,POLIZA DE SEGURO POR DESEMPLEO O INCAPACIDAD TEMPORAL,,- Otro tema,
IDPOL00435,POL220230369,15/5/2023,SEGUROS VIDA SECURITY PREVISION S.A.,POLIZA COLECTIVA TEMPORAL DE VIDA CON AJUSTE DE CAPITAL ASOCIADO A ENFERMEDADES,,- Vida,
IDPOL00436,CAD120230366,8/5/2023,CHUBB SEGUROS CHILE S.A.,"COBERTURA ADICIONAL DE EQUIPOS ELECTRÓNICOS MÓVILES, QUE OPERAN FUERA DE LOS PREDIOS DEL ASEGURADO",POL120230337,- Otro tema,
IDPOL00437,POL120230365,2/5/2023,ASSURANT CHILE COMPAÑIA DE SEGUROS GENERALES S.A.,SEGURO DE DAÑO ACCIDENTAL A DISPOSITIVOS ELECTRÓNICOS,"CAD120240057
 CAD120240058",- Otro tema,
IDPOL00438,POL120230364,28/4/2023,CHUBB SEGUROS CHILE S.A.,PÓLIZA DE AVERÍA DE MAQUINARIA,,- Otro tema,
IDPOL00439,CAD120230363,28/4/2023,CHUBB SEGUROS CHILE S.A.,COBERTURA ADICIONAL DE INCENDIO Y DAÑOS MATERIALES CAUSADOS POR COLISIÓN DE VEHÍCULOS,POL120230346,- Otro tema,
IDPOL00440,CAD120230362,28/4/2023,CHUBB SEGUROS CHILE S.A.,"COBERTURA ADICIONAL DE INCENDIO Y DAÑOS MATERIALES A CONSECUENCIA DIRECTA DE HUELGA, SAQUEO O DESORDEN POPULAR",POL120230346,- Otro tema,
IDPOL00441,CAD120230361,28/4/2023,CHUBB SEGUROS CHILE S.A.,COBERTURA ADICIONAL DE INCENDIO A CONSECUENCIA FENOMENOS DE LA NATURALEZA EXCEPTO SISMO,POL120230346,- Incendio,
IDPOL00442,CAD120230360,28/4/2023,CHUBB SEGUROS CHILE S.A.,"COBERTURA ADICIONAL DE INCENDIO Y DAÑOS MATERIALES CAUSADOS POR MAREMOTO, TSUNAMI, MAREJADAS Y SALIDA DE MAR.",POL120230346,- Otro tema,
IDPOL00443,CAD120230359,28/4/2023,CHUBB SEGUROS CHILE S.A.,COBERTURA ADICIONAL DE DAÑOS MATERIALES CAUSADOS POR EXPLOSIÓN,POL120230346,- Incendio,
IDPOL00444,CAD120230358,28/4/2023,CHUBB SEGUROS CHILE S.A.,COBERTURA ADICIONAL DE PÉRDIDA DE INGRESOS POR ARRIENDO,POL120230346,- Incendio,
IDPOL00445,CAD120230357,28/4/2023,CHUBB SEGUROS CHILE S.A.,COBERTURA ADICIONAL DE INHABITABILIDAD DE INMUEBLES,POL120230346,- Incendio,
IDPOL00446,CAD120230356,28/4/2023,CHUBB SEGUROS CHILE S.A.,COBERTURA ADICIONAL DE INCENDIO Y DAÑOS MATERIALES POR SISMO,POL120230346,- Incendio,
IDPOL00447,CAD120230355,28/4/2023,CHUBB SEGUROS CHILE S.A.,COBERTURA ADICIONAL DE INCENDIO Y DAÑOS MATERIALES CAUSADOS POR COLISIÓN DE OBJETOS FLOTANTES,POL120230346,- Incendio,
IDPOL00448,CAD120230354,28/4/2023,CHUBB SEGUROS CHILE S.A.,COBERTURA ADICIONAL DE INCENDIO Y DAÑOS MATERIALES CAUSADOS POR CONSTRUCCION O DEMOLICION DE EDIFICIOS COLINDANTES,POL120230346,- Incendio,
IDPOL00449,CAD120230353,28/4/2023,CHUBB SEGUROS CHILE S.A.,COBERTURA ADICIONAL DE INCENDIO Y DAÑOS MATERIALES CAUSADOS POR COMBUSTION ESPONTANEA,POL120230346,- Incendio,
IDPOL00450,CAD120230352,28/4/2023,CHUBB SEGUROS CHILE S.A.,COBERTURA ADICIONAL INCENDIO Y DAÑOS MATERIALES CAUSADOS POR COLAPSO DE EDIFICIO,POL120230346,- Incendio,
IDPOL00451,CAD120230351,28/4/2023,CHUBB SEGUROS CHILE S.A.,"COBERTURA ADICIONAL DE DAÑOS MATERIALES CAUSADOS POR ROTURAS DE CAÑERÍAS, DESAGÜES Y POR DESBORDAMIENTO DE ESTANQUES MATRICES",POL120230346,- Otro tema,
IDPOL00452,CAD120230350,28/4/2023,CHUBB SEGUROS CHILE S.A.,COBERTURA DE INCENDIO Y DAÑOS MATERIALES CAUSADOS POR CAIDA Y COLISION DE AERONAVES,POL120230346,"- Incendio
 - Otro tema",
IDPOL00453,CAD120230349,28/4/2023,CHUBB SEGUROS CHILE S.A.,COBERTURA ADICIONAL DE DAÑOS MATERIALES CAUSADOS POR PESO DE NIEVE O HIELO,POL120230346,- Otro tema,
IDPOL00454,CAD120230348,28/4/2023,CHUBB SEGUROS CHILE S.A.,"COBERTURA ADICIONAL DE INCENDIO Y DAÑOS MATERIALES CAUSADOS POR AVALANCHA, ALUVION Y DESLIZAMIENTO",POL120230346,- Incendio,
IDPOL00455,CAD120230347,27/4/2023,CHUBB SEGUROS CHILE S.A.,"COBERTURA ADICIONAL DE INCENDIO Y DAÑOS MATERIALES CAUSADOS POR VIENTO, INUNDACIÓN Y DESBORDAMIENTO DE CAUCES",POL120230346,- Otro tema,
IDPOL00456,POL120230346,27/4/2023,CHUBB SEGUROS CHILE S.A.,PÓLIZA DE SEGUROS DE INCENDIO,"CAD120230347
 CAD120230348
 CAD120230349
 CAD120230350
 CAD120230351
 CAD120230352
 CAD120230353
 CAD120230354
 CAD120230355
 CAD120230356
 CAD120230357
 CAD120230358
 CAD120230359
 CAD120230360
 CAD120230361
 CAD120230362
 CAD120230363
 CAD120230374
 CAD120230375
 CAD120230376
 CAD120230377
 CAD120230378",- Incendio,
IDPOL00457,CAD120230345,27/4/2023,CHUBB SEGUROS CHILE S.A.,COBERTURA ADICIONAL DE ROBO CON VIOLENCIA EN LAS PERSONAS,POL120230344,- Robo,
IDPOL00458,POL120230344,27/4/2023,CHUBB SEGUROS CHILE S.A.,PÓLIZA DE ROBO CON FUERZA EN LAS COSAS,CAD120230345,- Robo,
IDPOL00459,CAD120230343,27/4/2023,CHUBB SEGUROS CHILE S.A.,COBERTURA ADICIONAL DE SISMO,POL120230337,- Otro tema,
IDPOL00460,CAD120230342,27/4/2023,CHUBB SEGUROS CHILE S.A.,COBERTURA ADICIONAL DE PÉRDIDA DE DATOS Y PORTADORES DE DATOS,POL120230337,- Otro tema,
IDPOL00461,CAD120230341,27/4/2023,CHUBB SEGUROS CHILE S.A.,COBERTURA ADICIONAL DE HUELGA Y MOTÍN,POL120230337,- Otro tema,
IDPOL00462,CAD120230340,27/4/2023,CHUBB SEGUROS CHILE S.A.,COBERTURA ADICIONAL GASTOS POR SALVAMENTO Y REMOCIÓN DE ESCOMBROS,POL120230337,- Otro tema,
IDPOL00463,CAD120230339,27/4/2023,CHUBB SEGUROS CHILE S.A.,COBERTURA ADICIONAL DE GASTOS POR FLETE AÉREO,POL120230337,- Otro tema,
IDPOL00464,CAD120230338,27/4/2023,CHUBB SEGUROS CHILE S.A.,COBERTURA ADICIONAL GASTOS EXTRAS POR TRABAJOS EFECTUADOS FUERA DE HORARIO NORMAL Y POR TRANSPORTES EXPRESOS,POL120230337,- Otro tema,
IDPOL00465,POL120230337,27/4/2023,CHUBB SEGUROS CHILE S.A.,PÓLIZA DE SEGURO DE EQUIPOS ELECTRÓNICOS,"CAD120230338
 CAD120230339
 CAD120230340
 CAD120230341
 CAD120230342
 CAD120230343
 CAD120230366",- Otro tema,
IDPOL00466,POL120230335,26/4/2023,CHUBB SEGUROS CHILE S.A.,PÓLIZA DE SEGURO DE PÉRDIDA O DAÑO MATERIAL POR ACTOS DE TERRORISMO,,- Otro tema,
IDPOL00467,POL120230334,26/4/2023,CHUBB SEGUROS CHILE S.A.,POLIZA DE SEGURO DE REMESA DE VALORES,,"- Otro tema
 - Robo",
IDPOL00468,POL120230333,26/4/2023,CHUBB SEGUROS CHILE S.A.,PÓLIZA DE SEGURO DE PERJUICIO POR PARALIZACIÓN,,- Incendio,
IDPOL00469,CAD120230332,26/4/2023,CHUBB SEGUROS CHILE S.A.,"COBERTURA ADICIONAL POR TRABAJOS EN RIBERAS, LECHOS O CAUCES DONDE CORRAN AGUAS Y A ORILLAS DE LAGOS",POL120230324,- Otro tema,
IDPOL00470,CAD120230331,26/4/2023,CHUBB SEGUROS CHILE S.A.,COBERTURA ADICIONAL POR TRABAJOS EN MUELLES O EQUIPOS FLOTANTES,POL120230324,- Otro tema,
IDPOL00471,CAD120230330,26/4/2023,CHUBB SEGUROS CHILE S.A.,COBERTURA ADICIONAL DE LABORES O TRABAJOS SUBTERRANEOS,POL120230324,- Otro tema,
IDPOL00472,CAD120230329,26/4/2023,CHUBB SEGUROS CHILE S.A.,COBERTURA ADICIONAL POR HUELGA Y MOTIN,POL120230324,- Otro tema,
IDPOL00473,CAD120230328,26/4/2023,CHUBB SEGUROS CHILE S.A.,"COBERTURA ADICIONAL DE GASTOS POR SALVAMENTO, REMOCION DE ESCOMBROS Y LIMPIEZA",POL120230324,- Incendio,
IDPOL00474,CAD120230327,26/4/2023,CHUBB SEGUROS CHILE S.A.,COBERTURA ADICIONAL DE GASTOS EXTRAS POR TRABAJOS EFECTUADOS FUERA DE HORARIO NORMAL Y POR TRANSPORTES EXPRESOS,POL120230324,- Otro tema,
IDPOL00475,CAD120230326,26/4/2023,CHUBB SEGUROS CHILE S.A.,COBERTURA ADICIONAL DE GASTOS DE FLETE AEREO,POL120230324,- Otro tema,
IDPOL00476,CAD120230325,26/4/2023,CHUBB SEGUROS CHILE S.A.,COBERTURA ADICIONAL ACTOS TERRORISTAS,POL120230324,- Otro tema,
IDPOL00477,POL120230324,26/4/2023,CHUBB SEGUROS CHILE S.A.,PÓLIZA DE EQUIPO MOVIL CONTRATISTA Y EQUIPO MOVIL AGRICOLA,"CAD120230325
 CAD120230326
 CAD120230327
 CAD120230328
 CAD120230329
 CAD120230330
 CAD120230331
 CAD120230332",- Otro tema,
IDPOL00478,POL120230323,25/4/2023,CHUBB SEGUROS CHILE S.A.,PÓLIZA DE SEGURO DE CRISTALES,,- Otro tema,
IDPOL00479,POL320230319,21/4/2023,SEGUROS VIDA SECURITY PREVISION S.A.,POLIZA COLECTIVA DE ACCIDENTES PERSONALES,,- Accidentes Personales,
IDPOL00480,CAD220230316,21/4/2023,ZURICH CHILE SEGUROS DE VIDA S.A.,CLÁUSULA DE INDEMNIZACIÓN POR ACTO QUIRÚRGICO,"POL220130565
 POL220240116",- Vida,
IDPOL00481,CAD220230315,20/4/2023,ZURICH CHILE SEGUROS DE VIDA S.A.,Cáncer Primario,"POL220130565
 POL220240116",- Vida,
IDPOL00482,POL120230309,17/4/2023,BCI SEGUROS GENERALES S.A.,POLIZA DE SEGURO DE PERJUICIOS A CAUSA DE INTIMIDACIÓN Y/O ROBO CON VIOLENCIA EN LAS PERSONAS,,- Otro tema,
IDPOL00483,POL120230307,14/4/2023,COMPAÑIA DE SEGUROS GENERALES CONSORCIO NACIONAL DE SEGUROS S.A.,PÓLIZA DE SEGURO DE DESEMPLEO INVOLUNTARIO,CAD320220054,- Otro tema,
IDPOL00484,POL320230306,14/4/2023,COMPAÑIA DE SEGUROS GENERALES CONSORCIO NACIONAL DE SEGUROS S.A.,PÓLIZA DE SEGURO POR INCAPACIDAD TEMPORAL,CAD320220054,- Accidentes Personales,
IDPOL00485,POL320230305,14/4/2023,BUPA COMPAÑIA DE SEGUROS DE VIDA S.A.,SEGURO PARA PRESTACIONES MÉDICAS DE ALTO COSTO,,- Salud,
IDPOL00486,POL320230302,12/4/2023,SEGUROS VIDA SECURITY PREVISION S.A.,POLIZA DE ACCIDENTES PERSONALES,,- Accidentes Personales,
IDPOL00487,POL320230301,12/4/2023,SEGUROS VIDA SECURITY PREVISION S.A.,POLIZA DE ACCIDENTES PERSONALES,,- Accidentes Personales,
IDPOL00488,CAD320230300,11/4/2023,COMPAÑIA DE SEGUROS DE VIDA CONSORCIO NACIONAL DE SEGUROS S.A.,CLÁUSULA ADICIONAL DE DESCUENTO EN FARMACIAS,"POL320131562
 POL320230438
 POL320230440
 POL320250071",- Asistencia Vida,
IDPOL00489,CAD120230299,11/4/2023,CHUBB SEGUROS CHILE S.A.,"CLÁUSULA ADICIONAL DE DAÑOS MATERIALES CAUSADOS POR CONSTRUCCIÓN
 O DEMOLICIÓN DE EDIFICIOS COLINDANTES",POL120230284,"- Hipotecario Individual, ART. 40 DFL 251",
IDPOL00490,CAD120230298,11/4/2023,CHUBB SEGUROS CHILE S.A.,"CLAUSULA ADICIONAL DE DAÑOS MATERIALES CAUSADOS POR PESO DE NIEVE
 O HIELO.",POL120230284,"- Hipotecario Individual, ART. 40 DFL 251",
IDPOL00491,CAD120230297,11/4/2023,CHUBB SEGUROS CHILE S.A.,"CLAUSULA DE DAÑOS MATERIALES CAUSADOS POR VIENTO, INUNDACION Y
 DESBORDAMIENTO DE CAUCES",POL120230284,"- Hipotecario Individual, ART. 40 DFL 251",
IDPOL00492,CAD120230296,11/4/2023,CHUBB SEGUROS CHILE S.A.,"COBERTURA ADICIONAL DE INCENDIO Y DAÑOS MATERIALES CAUSADOS POR
 SALIDA DE MAR ORIGINADA POR SISMO",POL120230284,"- Hipotecario Individual, ART. 40 DFL 251",
IDPOL00493,CAD120230295,11/4/2023,CHUBB SEGUROS CHILE S.A.,"COBERTURA ADICIONAL DE DAÑOS MATERIALES CAUSADOS POR CHOQUE O
 COLISION CON OBJETOS FIJOS O FLOTANTES, INCLUYENDO NAVES",POL120230284,- Varios Seg. Generales,
IDPOL00494,CAD120230294,11/4/2023,CHUBB SEGUROS CHILE S.A.,COBERTURA ADICIONAL DE COLAPSO DE EDIFICIO,POL120230284,- Varios Seg. Generales,
IDPOL00495,CAD120230293,11/4/2023,CHUBB SEGUROS CHILE S.A.,"COBERTURA ADICIONAL DE DAÑOS MATERIALES CAUSADOS POR VEHÍCULOS
 MOTORIZADOS",POL120230284,- Varios Seg. Generales,
IDPOL00496,CAD120230292,11/4/2023,CHUBB SEGUROS CHILE S.A.,"COBERTURA ADICIONAL DE DAÑOS MATERIALES CAUSADOS POR ROTURAS DE
 CAÑERIAS O POR DESBORDAMIENTO DE ESTANQUES MATRICES",POL120230284,- Varios Seg. Generales,
IDPOL00497,CAD120230291,11/4/2023,CHUBB SEGUROS CHILE S.A.,COBERTURA ADICIONAL DE DAÑOS MATERIALES CAUSADOS POR EXPLOSIÓN,POL120230284,- Incendio,
IDPOL00498,CAD120230290,11/4/2023,CHUBB SEGUROS CHILE S.A.,"COBERTURA ADICIONAL DE DAÑOS MATERIALES POR INCENDIO Y EXPLOSIÓN A
 CONSECUENCIA DIRECTA DE HUELGA, DESORDEN POPULAR O ACTOS
 TERRORISTAS",POL120230284,- Incendio,
IDPOL00499,CAD120230289,11/4/2023,CHUBB SEGUROS CHILE S.A.,"COBERTURA ADICIONAL DE INCENDIO Y DAÑOS MATERIALES CAUSADOS POR
 SISMO",POL120230284,"- Incendio
 - Otro tema",
IDPOL00500,CAD120230288,11/4/2023,CHUBB SEGUROS CHILE S.A.,COBERTURA DE INCENDIO Y DAÑOS MATERIALES CAUSADOS POR ERUPCIÓN,POL120230284,- Incendio,
IDPOL00501,CAD120230287,11/4/2023,CHUBB SEGUROS CHILE S.A.,COBERTURA ADICIONAL DE PERDIDA DE ENTRADAS POR ARRIENDO,POL120230284,- Incendio,
IDPOL00502,CAD120230286,11/4/2023,CHUBB SEGUROS CHILE S.A.,COBERTURA ADICIONAL DE INHABITABILIDAD DE VIVIENDA,POL120230284,- Incendio,
IDPOL00503,CAD120230285,11/4/2023,CHUBB SEGUROS CHILE S.A.,COBERTURA ADICIONAL DE DAÑOS MATERIALES CAUSADOS POR AERONAVES,POL120230284,"- Otro tema
 - Varios Seg. Generales",
IDPOL00504,POL120230284,11/4/2023,CHUBB SEGUROS CHILE S.A.,"PÓLIZA INDIVIDUAL DE INCENDIO 
 ASOCIADA A CREDITOS HIPOTECARIOS DEL ARTÍCULO 40 DEL D.F.L.N° 251 DE
 1931","CAD120230285
 CAD120230286
 CAD120230287
 CAD120230288
 CAD120230289
 CAD120230290
 CAD120230291
 CAD120230292
 CAD120230293
 CAD120230294
 CAD120230295
 CAD120230296
 CAD120230297
 CAD120230298
 CAD120230299
 CAD120240081
 CAD120240082
 CAD120240083
 CAD120240084
 CAD120240085
 CAD120240086",- Incendio,
IDPOL00505,POL320230283,10/4/2023,ZURICH SANTANDER SEGUROS GENERALES CHILE S.A.,POLIZA DE SEGURO POR INCAPACIDAD TEMPORAL,,- Salud,
IDPOL00506,POL320230282,10/4/2023,ZURICH SANTANDER SEGUROS GENERALES CHILE S.A.,POLIZA DE SEGURO DE HOSPITALIZACIÓN,,- Accidentes Personales,
IDPOL00507,POL320230281,3/4/2023,SOUTHBRIDGE COMPAÑIA DE SEGUROS GENERALES S.A.,PÓLIZA DE SEGURO ONCOLÓGICO,,- Asistencia Generales,
IDPOL00508,POL320230280,31/3/2023,BICE VIDA COMPAÑIA DE SEGUROS S.A.,POLIZA DE SEGURO COLECTIVO COMPLEMENTARIO DE SALUD,,- Salud,
IDPOL00509,POL320230279,30/3/2023,CHUBB SEGUROS CHILE S.A.,SEGURO PARA ENFERMEDADES GRAVES,,- Salud,
IDPOL00510,CAD120230278,30/3/2023,CHUBB SEGUROS CHILE S.A.,CLAUSULA ADICIONAL DE ROBO CON VIOLENCIA EN LAS PERSONAS,POL120230277,- Robo,
IDPOL00511,POL120230277,30/3/2023,CHUBB SEGUROS CHILE S.A.,POLIZA DE ROBO CON FUERZA EN LAS COSAS,CAD120230278,- Robo,
IDPOL00512,POL120230276,28/3/2023,CHUBB SEGUROS CHILE S.A.,PÓLIZA DE SEGURO CONTRA ROBO,,- Robo,
IDPOL00513,POL120230275,28/3/2023,CHUBB SEGUROS CHILE S.A.,"PÓLIZA DE SEGURO PARA ROBO, HURTO O EXTRAVIO DE CHEQUES",,- Robo,
IDPOL00514,POL120230274,28/3/2023,CHUBB SEGUROS CHILE S.A.,PÓLIZA DE SEGURO DE PROTECCION PATRIMONIAL POR ROBO O HURTO DE CÉDULA DE IDENTIDAD,,- Robo,
IDPOL00515,POL320230273,27/3/2023,BICE VIDA COMPAÑIA DE SEGUROS S.A.,POLIZA DE SEGURO COLECTIVO COMPLEMENTARIO DE SALUD,,- Salud,
IDPOL00516,POL320230269,23/3/2023,BICE VIDA COMPAÑIA DE SEGUROS S.A.,POLIZA DE SEGURO COLECTIVO COMPLEMENTARIO DE SALUD,,- Salud,
IDPOL00517,POL320230268,23/3/2023,BICE VIDA COMPAÑIA DE SEGUROS S.A.,POLIZA DE SEGURO COLECTIVO COMPLEMENTARIO DE SALUD,,- Salud,
IDPOL00518,POL220230267,22/3/2023,METLIFE CHILE SEGUROS DE VIDA S.A.,PÓLIZA DE SEGURO TEMPORAL DE VIDA CON CUENTA DE CAPITALIZACIÓN Y AHORRO,"CAD320190084
 CAD320200040
 CAD320220065
 CAD320220071
 CAD320220072",- Vida,
IDPOL00519,POL320230266,17/3/2023,SEGUROS VIDA SECURITY PREVISION S.A.,POLIZA DE ACCIDENTES PERSONALES,,- Accidentes Personales,
IDPOL00520,POL320230265,13/3/2023,CHUBB SEGUROS CHILE S.A.,SEGURO DE HOSPITALIZACIÓN POR ACCIDENTE O ENFERMEDAD,,"- Accidentes Personales
 - Salud",
IDPOL00521,POL220230264,8/3/2023,COMPAÑIA DE SEGUROS DE VIDA CONSORCIO NACIONAL DE SEGUROS S.A.,SEGURO DE VIDA INDIVIDUAL CON CUENTA ÚNICA DE INVERSIÓN,"CAD220130981
 CAD220130982
 CAD220131528
 CAD220131530
 CAD220131578
 CAD220150589
 CAD220210193
 CAD220210213
 CAD220210214
 CAD220210215
 CAD220210216
 CAD220210217","- Vida
 - Vida Flexible",
IDPOL00522,POL120230262,3/3/2023,UNNIO SEGUROS GENERALES S.A.,PÓLIZA DE SEGURO DE INCENDIO Y MULTIRIESGOS PARA PEQUEÑAS Y MEDIANAS EMPRESAS (PYMES) II,,- Multirriesgo,
IDPOL00523,CAD320230261,3/3/2023,METLIFE CHILE SEGUROS DE VIDA S.A.,SEGURO DE RENTA DIARIA POR HOSPITALIZACIÓN,"POL320230260
 POL320230394
 POL320230461",- Salud,
IDPOL00524,POL320230260,2/3/2023,METLIFE CHILE SEGUROS DE VIDA S.A.,SEGURO COMPLEMENTARIO DE SALUD,CAD320230261,- Salud,
IDPOL00525,POL120230259,2/3/2023,ZURICH SANTANDER SEGUROS GENERALES CHILE S.A.,POLIZA DE SEGURO POR DESEMPLEO INVOLUNTARIO,,- Otro tema,
IDPOL00526,CAD120230257,22/2/2023,SEGUROS GENERALES SURAMERICANA S.A.,CLAUSULA ADICIONAL DE ASISTENCIA CIBERNÉTICA EMPRESARIAL,POL120220031,- Otro tema,
IDPOL00527,CAD320230254,15/2/2023,METLIFE CHILE SEGUROS DE VIDA S.A.,CLÁUSULA DE ENFERMEDADES GRAVES,POL220230253,- Salud,
IDPOL00528,POL220230253,15/2/2023,METLIFE CHILE SEGUROS DE VIDA S.A.,SEGURO TEMPORAL DE VIDA,CAD320230254,- Vida,
IDPOL00529,POL320230247,3/2/2023,COMPAÑIA DE SEGUROS DE VIDA CONSORCIO NACIONAL DE SEGUROS S.A.,SEGURO INDIVIDUAL COMPLEMENTARIO DE SALUD,,- Salud,
IDPOL00530,POL120230246,1/2/2023,ZURICH CHILE SEGUROS GENERALES S.A.,"POLIZA DE TRANSPORTE TERRESTRE (CARGA). TODO RIESGO
 PARA TRAFICOS TRANSNACIONALES",,- Transportes y Cascos,
IDPOL00531,POL320230245,25/1/2023,ZURICH CHILE SEGUROS DE VIDA S.A.,SEGURO COLECTIVO COMPLEMENTARIO DE SALUD,,- Salud,
IDPOL00532,POL120230244,24/1/2023,UNNIO SEGUROS GENERALES S.A.,PÓLIZA DE SEGURO DE INCENDIO Y MULTIRIESGOS PARA PEQUEÑAS Y MEDIANAS EMPRESAS (PYMES),,- Multirriesgo,
IDPOL00533,POL120230243,23/1/2023,COMPAÑIA DE SEGUROS GENERALES CONSORCIO NACIONAL DE SEGUROS S.A.,PÓLIZA DE SEGURO DE RESPONSABILIDAD CIVIL PERSONAL,,- Responsabilidad Civil,
IDPOL00534,CAD120230242,19/1/2023,HDI SEGUROS S.A.,"CLAUSULA DE GASTOS POR SALVAMENTO, REMOCION DE ESCOMBROS Y LIMPIEZA",POL120230234,- Varios Seg. Generales,
IDPOL00535,CAD120230241,19/1/2023,HDI SEGUROS S.A.,CLAUSULA DE ACTOS TERRORISTAS,POL120230234,- Varios Seg. Generales,
IDPOL00536,CAD120230240,19/1/2023,HDI SEGUROS S.A.,CLAUSULA DE LABORES O TRABAJOS SUBTERRANEOS,POL120230234,- Varios Seg. Generales,
IDPOL00537,CAD120230239,19/1/2023,HDI SEGUROS S.A.,CLAUSULA DE TRABAJOS EN MUELLES O EQUIPOS FLOTANTES,POL120230234,- Varios Seg. Generales,
IDPOL00538,CAD120230238,19/1/2023,HDI SEGUROS S.A.,"CLAUSULA DE TRABAJOS EN RIBERAS, LECHOS O CAUCES DONDE CORRAN AGUAS Y A ORILLAS DE LAGOS",POL120230234,- Varios Seg. Generales,
IDPOL00539,CAD120230237,19/1/2023,HDI SEGUROS S.A.,CLAUSULA DE GASTOS DE FLETE AEREO,POL120230234,- Varios Seg. Generales,
IDPOL00540,CAD120230236,19/1/2023,HDI SEGUROS S.A.,CLAUSULA DE GASTOS EXTRAS POR TRABAJOS EFECTUADOS FUERA DE HORARIO NORMAL Y POR TRANSPORTES EXPRESOS,POL120230234,- Varios Seg. Generales,
IDPOL00541,CAD120230235,19/1/2023,HDI SEGUROS S.A.,CLAUSULA DE HUELGA Y MOTIN,POL120230234,- Varios Seg. Generales,
IDPOL00542,POL120230234,19/1/2023,HDI SEGUROS S.A.,POLIZA DE SEGURO DE EQUIPO DE CONTRATISTA PARA PÉRDIDA TOTAL Y RESPONSABILIDAD CIVIL,"CAD120230235
 CAD120230236
 CAD120230237
 CAD120230238
 CAD120230239
 CAD120230240
 CAD120230241
 CAD120230242",- Varios Seg. Generales,
IDPOL00543,POL120230233,16/1/2023,CHUBB SEGUROS CHILE S.A.,POLIZA DE SEGURO DE INCAPACIDAD TEMPORAL,,- Otro tema,
IDPOL00544,POL120230232,16/1/2023,CHUBB SEGUROS CHILE S.A.,Póliza de Seguro de Cesantía,,- Otro tema,
IDPOL00545,POL120230231,16/1/2023,HDI SEGUROS S.A.,POLIZA DE SEGURO DE EQUIPO DE CONTRATISTA RIESGOS LIMITADOS,,- Varios Seg. Generales,
IDPOL00546,POL120230230,16/1/2023,HDI SEGUROS S.A.,POLIZA DE SEGURO PARA VEHICULOS MOTORIZADOS RIESGOS LIMITADOS,,- Vehiculos Motorizados,
IDPOL00547,POL120230229,11/1/2023,METLIFE CHILE SEGUROS GENERALES S.A.,SEGURO DE ROBO DE CONTENIDOS DE VEHICULOS MOTORIZADOS,,- Robo,
IDPOL00548,POL320230228,11/1/2023,ZURICH SANTANDER SEGUROS DE VIDA CHILE S.A.,"SEGURO DE REEMBOLSO DE GASTOS MÉDICOS PARA TRATAMIENTO
 ONCOLÓGICO",,- Salud,
IDPOL00549,POL220220222,27/12/2022,OHIO NATIONAL SEGUROS DE VIDA S.A.,POLIZA DE SEGURO DE VIDA TEMPORAL,"CAD220131413
 CAD320131236
 CAD320131237
 CAD320131238
 CAD320131239",- Vida,
IDPOL00550,CAD220220221,27/12/2022,SEGUROS DE VIDA SURAMERICANA S.A.,CLÁUSULA DE COBERTURA DENTAL,POL220131675,- Otro tema,
IDPOL00551,POL120220220,23/12/2022,BCI SEGUROS GENERALES S.A.,Seguro de Protección Patrimonial para Empleadores,,- Responsabilidad Civil,
IDPOL00552,POL120220219,23/12/2022,BCI SEGUROS GENERALES S.A.,POLIZA DE SEGURO DE PERJUICIOS A CAUSA DE INTIMIDACIÓN Y/O ROBO CON VIOLENCIA EN LAS PERSONAS,,- Varios Seg. Generales,
IDPOL00553,POL320220218,21/12/2022,METLIFE CHILE SEGUROS DE VIDA S.A.,PÓLIZA DE SEGURO DE FALLECIMIENTO ACCIDENTAL CON CUENTA DE CAPITALIZACIÓN Y AHORRO,"CAD320190084
 CAD320200040
 CAD320220065
 CAD320220071
 CAD320220072",- Accidentes Personales,
IDPOL00554,POL120220217,20/12/2022,CHILENA CONSOLIDADA SEGUROS GENERALES S.A.,"POLIZA DE TRANSPORTE TERRESTRE (CARGA). TODO RIESGO
 
 PARA TRAFICOS TRANSNACIONALES",,- Transportes y Cascos,
IDPOL00555,POL120220216,20/12/2022,CHILENA CONSOLIDADA SEGUROS GENERALES S.A.,"POLIZA DE TRANSPORTE TERRESTRE (CARGA). TODO RIESGO DENTRO DEL
 
 TERRITORIO DE LA REPUBLICA DE CHILE",,- Transportes y Cascos,
IDPOL00556,POL120220215,20/12/2022,CHILENA CONSOLIDADA SEGUROS GENERALES S.A.,"POLIZA DE TRANSPORTE MARITIMO PARA CARGA \""B\""",,- Transportes y Cascos,
IDPOL00557,POL120220214,20/12/2022,ZURICH CHILE SEGUROS GENERALES S.A.,POLIZA DE TRANSPORTE MARITIMO PARA LIQUIDOS A GRANEL,,- Transportes y Cascos,
IDPOL00558,CAD320220213,20/12/2022,ZURICH CHILE SEGUROS DE VIDA S.A.,CLAUSULA ADICIONAL ONCOLOGICA,POL320180108,- Salud,
IDPOL00559,CAD320220212,20/12/2022,ZURICH CHILE SEGUROS DE VIDA S.A.,CLÁUSULA DE DIAGNÓSTICO ONCOLÓGICO,POL320180108,- Salud,
IDPOL00560,CAD320220211,14/12/2022,BICE VIDA COMPAÑIA DE SEGUROS S.A.,CLÁUSULA ADICIONAL DE HOSPITALIZACIÓN POR ENFERMEDAD O ACCIDENTE,POL220131574,- Salud,
IDPOL00561,POL220220208,12/12/2022,OHIO NATIONAL SEGUROS DE VIDA S.A.,SEGURO DE VIDA FLEXIBLE CON ALTERNATIVAS DE INVERSION,"CAD220230451
 CAD220230452
 CAD220230453",- Vida Flexible,
IDPOL00562,CAD220220207,12/12/2022,BUPA COMPAÑIA DE SEGUROS DE VIDA S.A.,CLAUSULA ADICIONAL DE MUERTE ACCIDENTAL,POL320220199,- Vida,
IDPOL00563,POL220220206,12/12/2022,BICE VIDA COMPAÑIA DE SEGUROS S.A.,PÓLIZA DE SEGURO INDIVIDUAL DE ASISTENCIA QUE CUBRE GASTOS GENERADOS POR EL DECESO DEL ASEGURADO,CAD320190160,- Asistencia Vida,
IDPOL00564,POL220220205,7/12/2022,COMPAÑIA DE SEGUROS DE VIDA CONSORCIO NACIONAL DE SEGUROS S.A.,SEGURO DE RENTA NO PREVISIONAL CON PERÍODO GARANTIZADO DE PAGO,,- Renta Privada,
IDPOL00565,POL320220204,7/12/2022,METLIFE CHILE SEGUROS DE VIDA S.A.,SEGURO COLECTIVO COMPLEMENTARIO DE SALUD,,- Salud,
IDPOL00566,POL320220199,2/12/2022,BUPA COMPAÑIA DE SEGUROS DE VIDA S.A.,SEGURO INDIVIDUAL COMPLEMENTARIO DE SALUD,CAD220220207,- Salud,
IDPOL00567,POL120220198,1/12/2022,BCI SEGUROS GENERALES S.A.,POLIZA DE SEGURO POR CESANTÍA INVOLUNTARIA,,- Varios Seg. Generales,
IDPOL00568,POL320220196,23/11/2022,SEGUROS DE VIDA SURAMERICANA S.A.,SEGURO DE ACCIDENTES PERSONALES,,- Accidentes Personales,
IDPOL00569,POL320220195,23/11/2022,SEGUROS DE VIDA SURAMERICANA S.A.,SEGURO COLECTIVO COMPLEMENTARIO DE SALUD,,- Salud,
IDPOL00570,POL320220194,23/11/2022,SEGUROS DE VIDA SURAMERICANA S.A.,SEGURO COLECTIVO COMPLEMENTARIO DE SALUD,,- Salud,
IDPOL00571,POL320220193,23/11/2022,SOUTHBRIDGE COMPAÑIA DE SEGUROS GENERALES S.A.,Póliza de Seguro Oncológico,,- Salud,
IDPOL00572,POL320220192,21/11/2022,SEGUROS DE VIDA SURAMERICANA S.A.,PÓLIZA COLECTIVO DE PRESTACIONES MÉDICAS,,- Salud,
IDPOL00573,POL320220191,21/11/2022,SEGUROS DE VIDA SURAMERICANA S.A.,SEGURO COLECTIVO PARA ENFERMEDADES GRAVES,,- Salud,
IDPOL00574,POL320220190,21/11/2022,SEGUROS DE VIDA SURAMERICANA S.A.,SEGURO DENTAL COLECTIVO,,- Salud,
IDPOL00575,CAD320220189,21/11/2022,SEGUROS DE VIDA SURAMERICANA S.A.,CLÁUSULA DE COBERTURA DENTAL,POL320131698,- Salud,
IDPOL00576,POL320220188,21/11/2022,SEGUROS DE VIDA SURAMERICANA S.A.,POLIZA COLECTIVA COMPLEMENTARIO DE SALUD,,- Salud,
IDPOL00577,POL320220187,21/11/2022,SEGUROS DE VIDA SURAMERICANA S.A.,POLIZA COLECTIVA COMPLEMENTARIO DE SALUD,,- Salud,
IDPOL00578,CAD220220186,21/11/2022,SEGUROS DE VIDA SURAMERICANA S.A.,Clausula Cobertura Dental,POL220131675,- Otro tema,
IDPOL00579,POL120220184,15/11/2022,ZURICH SANTANDER SEGUROS GENERALES CHILE S.A.,PÓLIZA DE SEGURO POR DESEMPLEO INVOLUNTARIO,,- Otro tema,
IDPOL00580,POL320220183,15/11/2022,METLIFE CHILE SEGUROS DE VIDA S.A.,SEGURO PARA PRESTACIONES MÉDICAS DE ALTO COSTO,"CAD220130244
 CAD320190121",- Salud,
IDPOL00581,POL320220180,9/11/2022,METLIFE CHILE SEGUROS DE VIDA S.A.,SEGURO COLECTIVO COMPLEMENTARIO DE SALUD,"CAD320200106
 CAD320200107",- Salud,
IDPOL00582,CAD320220179,9/11/2022,METLIFE CHILE SEGUROS DE VIDA S.A.,CLÁUSULA DE COBERTURA DENTAL,"POL320220141
 POL320250065
 POL320250088",- Salud,
IDPOL00583,CAD320220178,9/11/2022,METLIFE CHILE SEGUROS DE VIDA S.A.,EXONERACIÓN DE PAGO DE PRIMAS POR FALLECIMIENTO DEL ASEGURADO TITULAR,"POL320220141
 POL320250065
 POL320250088",- Salud,
IDPOL00584,POL120220177,8/11/2022,CHUBB SEGUROS CHILE S.A.,POLIZA DE SEGURO CIBERNÉTICO,,- Robo,
IDPOL00585,CAD220220176,7/11/2022,BICE VIDA COMPAÑIA DE SEGUROS S.A.,CLÁUSULA ADICIONAL DE RENTA ADICIONAL PARA POLIZA DE RENTA VITALICIA PRIVADA NO PREVISIONAL CON BENEFICIO DE SOBREVIVENCIA,POL220220172,- Renta Privada,
IDPOL00586,CAD220220175,7/11/2022,BICE VIDA COMPAÑIA DE SEGUROS S.A.,CLÁUSULA ADICIONAL DE RENTA ADICIONAL PARA POLIZA DE RENTA VITALICIA PRIVADA NO PREVISIONAL SIN BENEFICIO DE SOBREVIVENCIA,POL220220171,- Renta Privada,
IDPOL00587,CAD220220174,7/11/2022,BICE VIDA COMPAÑIA DE SEGUROS S.A.,CLÁUSULA ADICIONAL DE AUMENTO TEMPORAL DE RENTA,"POL220220171
 POL220220172",- Renta Privada,
IDPOL00588,CAD220220173,7/11/2022,BICE VIDA COMPAÑIA DE SEGUROS S.A.,CLÁUSULA ADICIONAL DE DISMINUCIÓN TEMPORAL DE RENTA,"POL220220171
 POL220220172",- Renta Privada,
IDPOL00589,POL220220172,4/11/2022,BICE VIDA COMPAÑIA DE SEGUROS S.A.,POLIZA DE RENTA VITALICIA PRIVADA NO PREVISIONAL CON BENEFICIO DE SOBREVIVENCIA,"CAD220160303
 CAD220220173
 CAD220220174
 CAD220220176",- Renta Privada,
IDPOL00590,POL220220171,4/11/2022,BICE VIDA COMPAÑIA DE SEGUROS S.A.,POLIZA DE RENTA VITALICIA PRIVADA NO PREVISIONAL SIN BENEFICIO DE SOBREVIVENCIA,"CAD220160302
 CAD220220173
 CAD220220174
 CAD220220175",- Renta Privada,
IDPOL00591,CAD220220170,4/11/2022,SEGUROS DE VIDA SURAMERICANA S.A.,CLAUSULA ADICIONAL SEGURO COMPLEMENTARIO DE SALUD,POL220131675,- Otro tema,
IDPOL00592,POL320220169,3/11/2022,SEGUROS DE VIDA SURAMERICANA S.A.,Póliza de Accidentes Personales,,- Accidentes Personales,
IDPOL00593,POL320220168,28/10/2022,METLIFE CHILE SEGUROS DE VIDA S.A.,Póliza Seguro Complementario de Salud,,- Salud,
IDPOL00594,POL320220167,26/10/2022,BUPA COMPAÑIA DE SEGUROS DE VIDA S.A.,SEGURO PARA PRESTACIONES MÉDICAS DE ALTO COSTO,,- Salud,
IDPOL00595,POL320220165,26/10/2022,BUPA COMPAÑIA DE SEGUROS DE VIDA S.A.,SEGURO COLECTIVO PARA PRESTACIONES MÉDICAS DE ALTO COSTO,,- Salud,
IDPOL00596,POL120220164,25/10/2022,CHILENA CONSOLIDADA SEGUROS GENERALES S.A.,"Póliza de Responsabilidad Civil para Administradores y Directivos – Instituciones Financieras
 Cobertura para la Persona Asegurada y Reembolso a la Sociedad",,- Responsabilidad Civil,
IDPOL00597,POL120220163,25/10/2022,CHILENA CONSOLIDADA SEGUROS GENERALES S.A.,"Póliza de Responsabilidad Civil para Administradores y Directivos – Instituciones Financieras
 (incluyendo Cobertura para la Sociedad para Reclamos por Operaciones de Valores)",,- Responsabilidad Civil,
IDPOL00598,POL120220162,25/10/2022,CHILENA CONSOLIDADA SEGUROS GENERALES S.A.,"Póliza de Responsabilidad Civil para Administradores y Directivos 
 Cobertura para la Persona Asegurada y Reembolso a la Sociedad",,- Responsabilidad Civil,
IDPOL00599,POL120220161,25/10/2022,CHILENA CONSOLIDADA SEGUROS GENERALES S.A.,"Póliza de Responsabilidad Civil para Administradores y Directivos
 (incluyendo Cobertura para la Sociedad para Reclamos por Operaciones de Valores)",,- Responsabilidad Civil,
IDPOL00600,POL120220160,25/10/2022,CHILENA CONSOLIDADA SEGUROS GENERALES S.A.,"Póliza de Responsabilidad Civil para Administradores y Directivos – Instituciones Financieras
 Cobertura para la Persona Asegurada y Reembolso a la Sociedad",,- Responsabilidad Civil,
IDPOL00601,POL120220159,25/10/2022,CHILENA CONSOLIDADA SEGUROS GENERALES S.A.,"Póliza de Responsabilidad Civil para Administradores y Directivos – Instituciones Financieras
 (incluyendo Cobertura para la Sociedad para Reclamos por Operaciones de Valores)",,- Responsabilidad Civil,
IDPOL00602,POL120220158,25/10/2022,CHILENA CONSOLIDADA SEGUROS GENERALES S.A.,"Póliza de Responsabilidad Civil para Administradores y Directivos 
 Cobertura para la Persona Asegurada y Reembolso a la Sociedad",,- Responsabilidad Civil,
IDPOL00603,POL120220157,25/10/2022,CHILENA CONSOLIDADA SEGUROS GENERALES S.A.,"Póliza de Responsabilidad Civil para Administradores y Directivos
 (incluyendo Cobertura para la Sociedad para Reclamos por Operaciones de Valores)",,- Responsabilidad Civil,
IDPOL00604,CAD220220156,21/10/2022,ZURICH SANTANDER SEGUROS DE VIDA CHILE S.A.,CLAUSULA DE MUERTE ACCIDENTAL,POL220220154,- Accidentes Personales,
IDPOL00605,CAD220220155,21/10/2022,ZURICH SANTANDER SEGUROS DE VIDA CHILE S.A.,CLAUSULA PAGO ANTICIPADO DEL CAPITAL ASEGURADO EN CASO DE INVALIDEZ TOTAL PERMANENTE DOS TERCIOS,POL220220154,- Otro tema,
IDPOL00606,POL220220154,21/10/2022,ZURICH SANTANDER SEGUROS DE VIDA CHILE S.A.,SEGURO DE VIDA INDIVIDUAL CON CUENTA ÚNICA DE INVERSIÓN,"CAD220220155
 CAD220220156",- Vida,
IDPOL00607,CAD120220153,19/10/2022,CHUBB SEGUROS CHILE S.A.,Cobertura adicional para circunstancias que constituyen Engaño,POL120220151,"- Otro tema
 - Robo",
IDPOL00608,POL120220152,18/10/2022,CHUBB SEGUROS CHILE S.A.,SEGURO DE ROBO DE CONTENIDOS PARA VEHICULOS MOTORIZADOS,,- Robo,
IDPOL00609,POL120220151,18/10/2022,CHUBB SEGUROS CHILE S.A.,PÓLIZA DE SEGURO DE PROTECCION PATRIMONIAL POR ROBO O HURTO DE CÉDULA Y/O CHEQUES,CAD120220153,- Robo,
IDPOL00610,POL220220150,18/10/2022,OHIO NATIONAL SEGUROS DE VIDA S.A.,SEGURO INDIVIDUAL DE DESGRAVAMEN ASOCIADO A CREDITOS HIPOTECARIOS DEL ARTÍCULO 40 DEL D.F.L. N° 251 DE 1931,,"- Hipotecario Individual, ART. 40 DFL 251",
IDPOL00611,POL120220149,5/10/2022,SOUTHBRIDGE COMPAÑIA DE SEGUROS GENERALES S.A.,PÓLIZA DE SEGURO ROBO O HURTO DE MOTOCICLETAS,,"- Robo
 - Vehiculos Motorizados",
IDPOL00612,CAD120220148,30/9/2022,ASSURANT CHILE COMPAÑIA DE SEGUROS GENERALES S.A.,Cláusula Adicional de Hurto de Dispositivos Electrónicos,POL120220147,- Varios Seg. Generales,
IDPOL00613,POL120220147,30/9/2022,ASSURANT CHILE COMPAÑIA DE SEGUROS GENERALES S.A.,SEGURO DE DAÑO ACCIDENTAL Y/O ROBO Y/O FALLA ELÉCTRICA O MECÁNICA O ELECTRÓNICA A DISPOSITIVOS ELECTRÓNICOS,CAD120220148,- Varios Seg. Generales,
IDPOL00614,CAD320220144,29/9/2022,CHUBB SEGUROS CHILE S.A.,COBERTURA ADICIONAL DE MUERTE ACCIDENTAL,POL320220140,- Accidentes Personales,
IDPOL00615,POL320220143,29/9/2022,CHUBB SEGUROS DE VIDA CHILE S.A.,POLIZA DE SEGURO DE ASISTENCIA A PERSONAS EN VIAJE,,"- Asistencia Vida
 - Otro tema",
IDPOL00616,POL320220141,28/9/2022,METLIFE CHILE SEGUROS DE VIDA S.A.,SEGURO COLECTIVO COMPLEMENTARIO DE SALUD,"CAD320220178
 CAD320220179
 CAD320240003",- Salud,
IDPOL00617,POL320220140,27/9/2022,CHUBB SEGUROS CHILE S.A.,Seguro en Viaje,CAD320220144,"- Accidentes Personales
 - Asistencia Generales",
IDPOL00618,POL120220139,27/9/2022,CHUBB SEGUROS CHILE S.A.,POLIZA DE SEGURO DE ASISTENCIA A PERSONAS EN VIAJE,,- Otro tema,
IDPOL00619,POL320220138,27/9/2022,METLIFE CHILE SEGUROS DE VIDA S.A.,SEGURO COLECTIVO COMPLEMENTARIO DE SALUD,,- Salud,
IDPOL00620,POL320220137,23/9/2022,METLIFE CHILE SEGUROS DE VIDA S.A.,PÓLIZA SEGURO DE GASTOS DENTALES,,- Salud,
IDPOL00621,CAD320220136,23/9/2022,CHUBB SEGUROS CHILE S.A.,CLÁUSULA ADICIONAL DE MUERTE ACCIDENTAL,POL120220135,- Accidentes Personales,
IDPOL00622,POL120220135,23/9/2022,CHUBB SEGUROS CHILE S.A.,PÓLIZA DE SEGURO CONTRA ROBO,CAD320220136,- Robo,
IDPOL00623,POL220220133,14/9/2022,COMPAÑIA DE SEGUROS DE VIDA CONSORCIO NACIONAL DE SEGUROS S.A.,SEGURO DE VIDA INDIVIDUAL CON CUENTA ÚNICA DE INVERSIÓN,"CAD220130981
 CAD220130982
 CAD220131528
 CAD220131530
 CAD220131578
 CAD220150589
 CAD220210193
 CAD220210213
 CAD220210214
 CAD220210215
 CAD220210216
 CAD220210217","- Vida
 - Vida Flexible",
IDPOL00624,CAD120220131,12/9/2022,CHUBB SEGUROS CHILE S.A.,COBERTURA ADICIONAL DE INHABITABILIDAD DE VIVIENDA,POL120210233,- Incendio,
IDPOL00625,CAD120220130,12/9/2022,CHUBB SEGUROS CHILE S.A.,COBERTURA ADICIONAL DE PERDIDA DE ENTRADAS POR ARRIENDO,POL120210233,- Incendio,
IDPOL00626,CAD220220129,7/9/2022,METLIFE CHILE SEGUROS DE VIDA S.A.,CLÁUSULA ADICIONAL POR GASTOS FUNERARIOS,"POL320130146
 POL320230401
 POL320250002",- Vida,
IDPOL00627,POL120220128,6/9/2022,SOUTHBRIDGE COMPAÑIA DE SEGUROS GENERALES S.A.,PÓLIZA DE SEGURO MULTIRIESGO COMERCIOS,,"- Incendio
 - Robo",
IDPOL00628,POL120220127,6/9/2022,SOUTHBRIDGE COMPAÑIA DE SEGUROS GENERALES S.A.,PÓLIZA DE SEGURO MULTIRIESGO COMERCIOS,,- Incendio,
IDPOL00629,POL320220126,5/9/2022,COMPAÑIA DE SEGUROS DE VIDA CONSORCIO NACIONAL DE SEGUROS S.A.,PÓLIZA DE REEMBOLSO DE GASTOS MÉDICOS,,- Salud,
IDPOL00630,POL320220124,2/9/2022,CHILENA CONSOLIDADA SEGUROS DE VIDA S.A.,Seguro Complementario de Salud Colectivo,,- Salud,
IDPOL00631,POL320220123,1/9/2022,COMPAÑIA DE SEGUROS DE VIDA CONSORCIO NACIONAL DE SEGUROS S.A.,SEGURO COLECTIVO COMPLEMENTARIO DE SALUD,CAD320180077,- Salud,
IDPOL00632,CAD120220122,31/8/2022,FID CHILE SEGUROS GENERALES S.A.,CLAUSULA ADICIONAL DE DEFENSA PENAL Y CONSTITUCION DE FIANZAS,POL120220095,- Vehiculos Motorizados,
IDPOL00633,CAD120220121,31/8/2022,FID CHILE SEGUROS GENERALES S.A.,CLAUSULA ADICIONAL DE DAÑOS A TERCEROS CAUSADOS POR LA CARGA,POL120220095,- Vehiculos Motorizados,
IDPOL00634,CAD120220120,31/8/2022,FID CHILE SEGUROS GENERALES S.A.,CLAUSULA ADICIONAL DE DAÑOS MATERIALES A CONSECUENCIA DE GRANIZO,POL120220095,- Vehiculos Motorizados,
IDPOL00635,CAD120220119,31/8/2022,FID CHILE SEGUROS GENERALES S.A.,CLAUSULA ADICIONAL DE DAÑOS MATERIALES A CONSECUENCIA DE RIESGOS DE LA NATURALEZA,POL120220095,- Vehiculos Motorizados,
IDPOL00636,CAD120220118,31/8/2022,FID CHILE SEGUROS GENERALES S.A.,CLAUSULA ADICIONAL DE DAÑOS MATERIALES CAUSADOS POR LA PROPIA CARGA,POL120220095,- Vehiculos Motorizados,
IDPOL00637,CAD120220117,31/8/2022,FID CHILE SEGUROS GENERALES S.A.,CLAUSULA ADICIONAL DE DAÑOS MATERIALES A CONSECUENCIA DE SISMO,POL120220095,- Vehiculos Motorizados,
IDPOL00638,CAD120220116,31/8/2022,FID CHILE SEGUROS GENERALES S.A.,CLAUSULA ADICIONAL DE DAÑOS MATERIALES A CONSECUENCIA DE ACTOS MALICIOSOS,POL120220095,- Vehiculos Motorizados,
IDPOL00639,CAD120220115,31/8/2022,FID CHILE SEGUROS GENERALES S.A.,CLAUSULA ADICIONAL DE DAÑOS MATERIALES A CONSECUENCIA DE HUELGA Y TERRORISMO,POL120220095,- Vehiculos Motorizados,
IDPOL00640,POL120220113,26/8/2022,CHUBB SEGUROS CHILE S.A.,SEGURO APOYO INTEGRAL AL ROBO,,- Robo,
IDPOL00641,CAD120220112,24/8/2022,CHUBB SEGUROS CHILE S.A.,COBERTURA ADICIONAL DE DAÑOS DE APARATOS Y/O EQUIPOS DE USO DOMÉSTICO NO ESPECIFICADOS,POL120220111,"- Otro tema
 - Robo",
IDPOL00642,POL120220111,24/8/2022,CHUBB SEGUROS CHILE S.A.,SEGURO DE ROBO Y DAÑO ACCIDENTAL PARA ARTÍCULOS PERSONALES,CAD120220112,"- Otro tema
 - Robo",
IDPOL00643,CAD320220108,23/8/2022,OHIO NATIONAL SEGUROS DE VIDA S.A.,CLAUSULA ADICIONAL POR HOSPITALIZACION POR ACCIDENTE O ENFERMEDAD,POL320220092,- Accidentes Personales,
IDPOL00644,CAD320220107,23/8/2022,OHIO NATIONAL SEGUROS DE VIDA S.A.,CLAUSULA ADICIONAL POR ENFERMEDADES GRAVES,POL320220092,- Accidentes Personales,
IDPOL00645,POL220220105,19/8/2022,CHILENA CONSOLIDADA SEGUROS DE VIDA S.A.,SEGURO DE VIDA INDIVIDUAL CON PRIMAS VARIABLES,"CAD220180102
 CAD220230441
 CAD320140212
 CAD320140231
 CAD320140232
 CAD320180101
 CAD320180104
 CAD320180106
 CAD320210047
 CAD320220080
 CAD320230450
 CAD320250142",- Vida Flexible,
IDPOL00646,CAD120220104,18/8/2022,SEGUROS GENERALES SURAMERICANA S.A.,CLAUSULA ADICIONAL DE ASISTENCIA CIBERNÉTICA EMPRESARIAL,POL120220049,- Otro tema,
IDPOL00647,CAD120220103,18/8/2022,SEGUROS GENERALES SURAMERICANA S.A.,"CLÁUSULA DE INCENDIO Y DAÑOS A CONSECUENCIA DIRECTA DE
 HUELGA, SAQUEO, ACTOS MALICIOSOS, CONMOCION CIVIL, DESORDEN POPULAR O ACTOS TERRORISTAS",POL120220049,- Incendio,
IDPOL00648,CAD120220102,18/8/2022,SEGUROS GENERALES SURAMERICANA S.A.,"CLÁUSULA DE INCENDIO Y DAÑOS MATERIALES A CONSECUENCIA DIRECTA DE
 HUELGA, SAQUEO, ACTOS MALICIOSOS, CONMOCION CIVIL O DESORDEN POPULAR",POL120220049,- Incendio,
IDPOL00649,POL320220100,12/8/2022,BICE VIDA COMPAÑIA DE SEGUROS S.A.,SEGURO INDIVIDUAL COMPLEMENTARIO DE SALUD,,- Salud,
IDPOL00650,POL120220099,12/8/2022,SEGUROS GENERALES SURAMERICANA S.A.,PÓLIZA DE ROBO Y DAÑOS DE BIENES PERSONALES PARA PLATAFORMAS DE SERVICIOS,,- Otro tema,
IDPOL00651,POL120220098,12/8/2022,SEGUROS GENERALES SURAMERICANA S.A.,PÓLIZA DE ROBO Y DAÑOS DE BIENES PERSONALES PARA PLATAFORMAS DE SERVICIOS,,- Otro tema,
IDPOL00652,CAD120220097,10/8/2022,ZURICH SANTANDER SEGUROS GENERALES CHILE S.A.,CLÁUSULA ADICIONAL DE ROBO O HURTO DEL TERMINAL DE PUNTO DE VENTA (POS),POL120220094,- Robo,
IDPOL00653,CAD120220096,10/8/2022,ZURICH SANTANDER SEGUROS GENERALES CHILE S.A.,CLÁUSULA ADICIONAL DE ROBO O HURTO DEL TERMINAL DE PUNTO DE VENTA (POS),POL120220093,- Robo,
IDPOL00654,POL120220095,10/8/2022,FID CHILE SEGUROS GENERALES S.A.,PÓLIZA DE SEGURO PARA VEHÍCULOS MOTORIZADOS,"CAD120220115
 CAD120220116
 CAD120220117
 CAD120220118
 CAD120220119
 CAD120220120
 CAD120220121
 CAD120220122","- Responsabilidad Civil
 - Vehiculos Motorizados",
IDPOL00655,POL120220094,10/8/2022,ZURICH SANTANDER SEGUROS GENERALES CHILE S.A.,PÓLIZA DE SEGURO DE PERDIDA DE BENEFICIO CAUSADA POR DAÑOS O POR LUTO,CAD120220097,- Otro tema,
IDPOL00656,POL120220093,10/8/2022,ZURICH SANTANDER SEGUROS GENERALES CHILE S.A.,"PÓLIZA DE SEGURO DE PERDIDA DE INGRESOS PARA TRABAJADORES INDEPENDIENTES POR INCAPACIDAD ACCIDENTAL, EN DETERMINADOS CASOS, Y POR HOSPITALIZACION POR ACCIDENTE",CAD120220096,- Otro tema,
IDPOL00657,POL320220092,9/8/2022,OHIO NATIONAL SEGUROS DE VIDA S.A.,PÓLIZA DE SEGURO DE FALLECIMIENTO ACCIDENTAL,"CAD320220107
 CAD320220108",- Accidentes Personales,
IDPOL00658,CAD320220091,9/8/2022,SOUTHBRIDGE COMPAÑIA DE SEGUROS GENERALES S.A.,CLÁSULA ADICIONAL INCAPACIDAD TEMPORAL POR ACCIDENTE,POL120140443,- Accidentes Personales,
IDPOL00659,POL320220088,1/8/2022,BUPA COMPAÑIA DE SEGUROS DE VIDA S.A.,SEGURO PARA PRESTACIONES MÉDICAS DE ALTO COSTO,,- Salud,
IDPOL00660,POL320220086,22/7/2022,COMPAÑIA DE SEGUROS DE VIDA CONSORCIO NACIONAL DE SEGUROS S.A.,PÓLIZA DE ACCIDENTES PERSONALES,,- Accidentes Personales,
IDPOL00661,POL120220085,21/7/2022,SOUTHBRIDGE COMPAÑIA DE SEGUROS GENERALES S.A.,PÓLIZA DE SEGURO MULTIRIESGO PARA COMERCIOS,,"- Incendio
 - Multirriesgo
 - Robo",
IDPOL00662,POL120220084,21/7/2022,SOUTHBRIDGE COMPAÑIA DE SEGUROS GENERALES S.A.,PÓLIZA DE SEGURO MULTIRIESGO PARA COMERCIOS,,"- Incendio
 - Robo",
IDPOL00663,POL320220083,21/7/2022,BUPA COMPAÑIA DE SEGUROS DE VIDA S.A.,SEGURO INDIVIDUAL COMPLEMENTARIO DE SALUD,,- Salud,
IDPOL00664,CAD320220082,19/7/2022,METLIFE CHILE SEGUROS DE VIDA S.A.,CLAUSULA ADICIONAL DE CANCER FEMENINO,POL320130102,- Salud,
IDPOL00665,POL220220081,14/7/2022,CHUBB SEGUROS DE VIDA CHILE S.A.,POLIZA COLECTIVA TEMPORAL DE VIDA,,- Vida,
IDPOL00666,CAD320220080,12/7/2022,CHILENA CONSOLIDADA SEGUROS DE VIDA S.A.,CLAUSULA ADICIONAL ONCOLOGICA,"POL220130760
 POL220140209
 POL220140223
 POL220150684
 POL220150752
 POL220150753
 POL220160208
 POL220160213
 POL220160215
 POL220190151
 POL220220105
 POL220250140",- Salud,
IDPOL00667,POL120220078,1/7/2022,CHUBB SEGUROS CHILE S.A.,PÓLIZA DE SEGURO MULTIRRIESGOS CIBERNETICOS,,- Responsabilidad Civil,
IDPOL00668,POL320220077,30/6/2022,BICE VIDA COMPAÑIA DE SEGUROS S.A.,SEGURO INDIVIDUAL COMPLEMENTARIO DE SALUD,,- Salud,
IDPOL00669,POL120220073,24/6/2022,UNNIO SEGUROS GENERALES S.A.,POLIZA DE SEGURO CIBERNÉTICO PYMES EN BASE A INDEMNIZACIÓN,,- Otro tema,
IDPOL00670,CAD320220072,16/6/2022,METLIFE CHILE SEGUROS DE VIDA S.A.,CLAUSULA DE INVALIDEZ TOTAL Y PERMANENTE 2/3 POR ACCIDENTE,"POL220200032
 POL220220067
 POL220230267
 POL220230425
 POL320200031
 POL320220068
 POL320220218
 POL320230398",- Accidentes Personales,
IDPOL00671,CAD320220071,16/6/2022,METLIFE CHILE SEGUROS DE VIDA S.A.,CLAUSULA DE INVALIDEZ TOTAL Y PERMANENTE 2/3,"POL220200032
 POL220220067
 POL220230267
 POL220230425
 POL320200031
 POL320220068
 POL320220218
 POL320230398","- Accidentes Personales
 - Salud",
IDPOL00672,CAD320220070,16/6/2022,METLIFE CHILE SEGUROS DE VIDA S.A.,CLAUSULA DE INVALIDEZ TOTAL Y PERMANENTE 2/3 POR ACCIDENTE,"POL220220067
 POL220230425
 POL320220068","- Accidentes Personales
 - Salud",
IDPOL00673,CAD320220069,16/6/2022,METLIFE CHILE SEGUROS DE VIDA S.A.,CLAUSULA DE INVALIDEZ TOTAL Y PERMANENTE 2/3,"POL220220067
 POL220230425
 POL320220068","- Accidentes Personales
 - Salud",
IDPOL00674,POL320220068,16/6/2022,METLIFE CHILE SEGUROS DE VIDA S.A.,PÓLIZA DE SEGURO DE FALLECIMIENTO ACCIDENTAL,"CAD320220069
 CAD320220070
 CAD320220071
 CAD320220072",- Accidentes Personales,
IDPOL00675,POL220220067,16/6/2022,METLIFE CHILE SEGUROS DE VIDA S.A.,POLIZA DE SEGURO TEMPORAL DE VIDA,"CAD320220069
 CAD320220070
 CAD320220071
 CAD320220072",- Vida,
IDPOL00676,CAD320220066,14/6/2022,METLIFE CHILE SEGUROS DE VIDA S.A.,CLAUSULA DE INVALIDEZ TOTAL Y PERMANENTE 2/3 POR ACCIDENTE,"POL220130163
 POL220240213
 POL320140335
 POL320230372
 POL320230436
 POL320240221",- Accidentes Personales,
IDPOL00677,CAD320220065,14/6/2022,METLIFE CHILE SEGUROS DE VIDA S.A.,CLAUSULA DE INVALIDEZ TOTAL Y PERMANENTE 2/3 POR ACCIDENTE O ENFERMEDAD,"POL220130163
 POL220200032
 POL220230267
 POL220240213
 POL320140335
 POL320200031
 POL320220218
 POL320230372
 POL320230398
 POL320230436
 POL320240221","- Accidentes Personales
 - Salud",
IDPOL00678,CAD120220063,9/6/2022,ZURICH SANTANDER SEGUROS GENERALES CHILE S.A.,CLÁUSULA ADICIONAL DE ROBO DE CICLOS,POL320220035,- Robo,
IDPOL00679,POL120220061,8/6/2022,SEGUROS GENERALES SURAMERICANA S.A.,POLIZA DE SEGURO DE EQUIPOS ELECTRONICOS,"CAD120131019
 CAD120131020
 CAD120131021
 CAD120131022
 CAD120131023
 CAD120131024
 CAD120131025
 CAD120131026
 CAD120131027",- Otro tema,
IDPOL00680,POL120220060,8/6/2022,SEGUROS GENERALES SURAMERICANA S.A.,POLIZA DE SEGURO DE EQUIPO DE CONTRATISTA,"CAD120131011
 CAD120131012
 CAD120131013
 CAD120131014
 CAD120131015
 CAD120131016
 CAD120131017
 CAD120131018",- Otro tema,
IDPOL00681,POL120220058,3/6/2022,ASEGURADORA PORVENIR S.A.,SEGURO DE RESPONSABILIDAD CIVIL DE MÉDICOS,,- Responsabilidad Civil,
IDPOL00682,POL220220057,27/5/2022,CF SEGUROS DE VIDA S.A.,SEGURO MULTIRIESGO DE VIDA,,- Vida,
IDPOL00683,POL320220056,24/5/2022,CF SEGUROS DE VIDA S.A.,SEGURO MULTIRIESGO DE VIDA,,- Vida Flexible,
IDPOL00684,POL120220055,20/5/2022,BCI SEGUROS GENERALES S.A.,PÓLIZA INDIVIDUAL DE SEGURO DE PERDIDA DE BENEFICIO CAUSADA POR DAÑOS O POR LUTO,,- Varios Seg. Generales,
IDPOL00685,CAD320220054,18/5/2022,COMPAÑIA DE SEGUROS GENERALES CONSORCIO NACIONAL DE SEGUROS S.A.,CLÁUSULA DE HOSPITALIZACIÓN A CAUSA DE ACCIDENTE,"POL120130381
 POL120230307
 POL320230306",- Accidentes Personales,
IDPOL00686,POL320220053,17/5/2022,METLIFE CHILE SEGUROS DE VIDA S.A.,SEGURO PARA ENFERMEDADES GRAVES,,- Salud,
IDPOL00687,POL120220052,9/5/2022,SEGUROS GENERALES SURAMERICANA S.A.,POLIZA DE SEGURO PARA TODO RIESGO DE MONTAJE,"CAD120131007
 CAD120131008
 CAD120131009
 CAD120131010
 CAD120131394
 CAD120131395
 CAD120131402
 CAD120140429
 CAD120140430
 CAD120140431
 CAD120140432
 CAD120140433",- Otro tema,
IDPOL00688,POL120220050,9/5/2022,SEGUROS GENERALES SURAMERICANA S.A.,POLIZA DE SEGURO PARA TODO RIESGO DE CONSTRUCCION,"CAD120130845
 CAD120130846
 CAD120130847
 CAD120130848
 CAD120130849
 CAD120130850
 CAD120130852
 CAD120130853
 CAD120130854
 CAD120130855
 CAD120130856
 CAD120130857
 CAD120130858
 CAD120130860
 CAD120130861
 CAD120130863
 CAD120130865
 CAD120130867
 CAD120130868
 CAD120130869
 CAD120130870
 CAD120130872
 CAD120131393
 CAD120131402
 CAD120131703
 CAD120131784
 CAD120140248
 CAD120140249
 CAD120140250
 CAD120140251
 CAD120140252",- Otro tema,
IDPOL00689,POL120220051,9/5/2022,SEGUROS GENERALES SURAMERICANA S.A.,POLIZA DE SEGURO PARA TODO RIESGO DE CONSTRUCCION,"CAD120130845
 CAD120130846
 CAD120130847
 CAD120130848
 CAD120130849
 CAD120130850
 CAD120130852
 CAD120130853
 CAD120130854
 CAD120130855
 CAD120130856
 CAD120130857
 CAD120130858
 CAD120130860
 CAD120130861
 CAD120130863
 CAD120130865
 CAD120130867
 CAD120130868
 CAD120130869
 CAD120130870
 CAD120130872
 CAD120131393
 CAD120131402
 CAD120131703
 CAD120131784
 CAD120140248
 CAD120140249
 CAD120140250
 CAD120140251
 CAD120140252",- Otro tema,
IDPOL00690,POL120220049,6/5/2022,SEGUROS GENERALES SURAMERICANA S.A.,POLIZA SEGURO MULTIRRIESGO,"CAD120160249
 CAD120160250
 CAD120160251
 CAD120160252
 CAD120160253
 CAD120160254
 CAD120160255
 CAD120160256
 CAD120160257
 CAD120160258
 CAD120160259
 CAD120160260
 CAD120160261
 CAD120160262
 CAD120160263
 CAD120160264
 CAD120160265
 CAD120160266
 CAD120160267
 CAD120160269
 CAD120160270
 CAD120160271
 CAD120160272
 CAD120160273
 CAD120160274
 CAD120160275
 CAD120160276
 CAD120190129
 CAD120190130
 CAD120190134
 CAD120220102
 CAD120220103
 CAD120220104","- Incendio
 - Multirriesgo",
IDPOL00691,POL120220048,6/5/2022,SEGUROS GENERALES SURAMERICANA S.A.,POLIZA SEGURO MULTIRRIESGO,"CAD120130251
 CAD120130252
 CAD120130253
 CAD120130257
 CAD120130425
 CAD120130426
 CAD120130526
 CAD120131182
 CAD120131183
 CAD120131184
 CAD120131185
 CAD120131186
 CAD120131187
 CAD120131188
 CAD120131189
 CAD120131190
 CAD120131191
 CAD120131192
 CAD120131193
 CAD120131194
 CAD120131195
 CAD120131197
 CAD120131198
 CAD120131200
 CAD120131202
 CAD120131203
 CAD120131205
 CAD120131208
 CAD120131373
 CAD120140408
 CAD120140409
 CAD120140410
 CAD120200127
 CAD120200169
 CAD120200242","- Incendio
 - Multirriesgo",
IDPOL00692,POL320220046,3/5/2022,SEGUROS VIDA SECURITY PREVISION S.A.,POLIZA COLECTIVA DE ACCIDENTES PERSONALES,,- Accidentes Personales,
IDPOL00693,CAD120220044,14/4/2022,COMPAÑIA DE SEGUROS GENERALES CONSORCIO NACIONAL DE SEGUROS S.A.,CLÁUSULA DE CARGA Y/O DESCARGA,POL120160245,- Vehiculos Motorizados,
IDPOL00694,CAD120220043,12/4/2022,BCI SEGUROS GENERALES S.A.,CLÁUSULA DE DAÑOS MATERIALES AL VEHÍCULO DURANTE VIAJES AL EXTRANJERO,POL120130781,- Vehiculos Motorizados,
IDPOL00695,CAD220220042,7/4/2022,BICE VIDA COMPAÑIA DE SEGUROS S.A.,CLAUSULA ADICIONAL DE VIDA,POL220200140,- Vida,
IDPOL00696,POL320220041,24/3/2022,CHUBB SEGUROS CHILE S.A.,SEGURO ONCOLOGICO CON MODALIDAD PRESTADOR DESIGNADO Y LIBRE ELECCIÓN,CAD320230492,- Salud,
IDPOL00697,POL320220040,23/3/2022,CHUBB SEGUROS CHILE S.A.,Seguro Oncológico Libre Elección,CAD320230491,- Salud,
IDPOL00698,CAD120220036,17/3/2022,ZURICH SANTANDER SEGUROS GENERALES CHILE S.A.,CLAUSULA ADICIONAL DE ROBO DE VEHÍCULOS NO MOTORIZADOS (CICLOS),POL320220035,- Robo,
IDPOL00699,POL320220035,17/3/2022,ZURICH SANTANDER SEGUROS GENERALES CHILE S.A.,POLIZA INDIVIDUAL DE ACCIDENTES PERSONALES,"CAD120220036
 CAD120220063",- Accidentes Personales,
IDPOL00700,POL120220034,14/3/2022,ASEGURADORA PORVENIR S.A.,PÓLIZA SEGUROS PARA MASCOTAS,,- Varios Seg. Generales,
IDPOL00701,CAD320220033,14/3/2022,CHUBB SEGUROS CHILE S.A.,COBERTURA ADICIONAL DE INVALIDEZ ACCIDENTAL TOTAL Y PERMANENTE,POL320220032,- Accidentes Personales,
IDPOL00702,POL320220032,14/3/2022,CHUBB SEGUROS CHILE S.A.,SEGURO PARA PRESTACIONES MEDICAS DE ALTO COSTO,CAD320220033,- Salud,
IDPOL00703,POL120220031,2/3/2022,SEGUROS GENERALES SURAMERICANA S.A.,POLIZA DE PROTECCION DE ACTIVOS DIGITALES,CAD120230257,- Otro tema,
IDPOL00704,POL120220029,18/2/2022,CHILENA CONSOLIDADA SEGUROS GENERALES S.A.,POLIZA CHILENA PARA MERCANCIAS (AVION). CONDICIONES RESTRINGIDAS,"CAD120130995
 CAD120130996",- Transportes y Cascos,
IDPOL00705,POL120220028,18/2/2022,CHILENA CONSOLIDADA SEGUROS GENERALES S.A.,POLIZA CHILENA PARA MERCANCIAS (AVION). EXCLUYENDO LOS ENVIOS HECHOS POR CORREO,"CAD120130995
 CAD120130996",- Transportes y Cascos,
IDPOL00706,POL220220027,10/2/2022,CMF,"POLIZA DE RENTA VITALICIA DIFERIDA
 APROBADA POR RESOLUCIÓN EXENTA Nº 1227 DE 16 DE FEBRERO de 2022.","CAD220150728
 CAD220150729","- Depositada por CMF
 - Previsionales",
IDPOL00707,POL220220026,10/2/2022,CMF,"POLIZA DE RENTA VITALICIA INMEDIATA
 RESOLUCIÓN EXENTA Nº 1227 DE 16 DE FEBRERO de 2022.","CAD220150728
 CAD220150729
 CAD220210212
 CAD220250125","- Depositada por CMF
 - Previsionales",
IDPOL00708,CAD220220025,9/2/2022,CHUBB SEGUROS DE VIDA CHILE S.A.,CLÁUSULA ADICIONAL DE MUERTE ACCIDENTAL,POL220220023,- Vida,
IDPOL00709,CAD220220024,9/2/2022,CHUBB SEGUROS DE VIDA CHILE S.A.,CLÁUSULA ADICIONAL DE INCAPACIDAD PERMANENTE POR ACCIDENTE,POL220220023,- Vida,
IDPOL00710,POL220220023,9/2/2022,CHUBB SEGUROS DE VIDA CHILE S.A.,POLIZA COLECTIVA TEMPORAL DE VIDA CON AJUSTE DE CAPITAL,"CAD220220024
 CAD220220025",- Vida,
IDPOL00711,POL320220017,27/1/2022,CHUBB SEGUROS CHILE S.A.,SEGURO DE INDEMNIZACIÓN POR HOSPITALIZACIÓN ASOCIADO A CRÉDITO,,"- Accidentes Personales
 - Salud",
IDPOL00712,CAD320220016,27/1/2022,CHILENA CONSOLIDADA SEGUROS DE VIDA S.A.,CLAUSULA DE URGENCIA DENTAL,"POL220130760
 POL220140209
 POL220140223
 POL220150684
 POL220150752
 POL220150753
 POL220160208
 POL220160213
 POL220160215
 POL220190151
 POL220250140",- Salud,
IDPOL00713,POL320220015,26/1/2022,SEGUROS DE VIDA SURAMERICANA S.A.,POLIZA INDIVIDUAL DE REEMBOLSO PRESTACIONES MÉDICAS ONCOLOGICAS,,- Salud,
IDPOL00714,CAD120220014,20/1/2022,BCI SEGUROS GENERALES S.A.,CLÁUSULA DE INCENDIO Y DAÑOS MATERIALES A CONSECUENCIA DIRECTA DE ACTOS TERRORISTAS,POL120131181,- Incendio,
IDPOL00715,CAD320220013,19/1/2022,CHUBB SEGUROS DE VIDA CHILE S.A.,COBERTURA ADICIONAL DE INCAPACIDAD PERMANENTE POR ACCIDENTE,POL220220011,- Accidentes Personales,
IDPOL00716,CAD320220012,19/1/2022,CHUBB SEGUROS DE VIDA CHILE S.A.,COBERTURA ADICIONAL DE MUERTE ACCIDENTAL,POL220220011,- Accidentes Personales,
IDPOL00717,POL220220011,19/1/2022,CHUBB SEGUROS DE VIDA CHILE S.A.,POLIZA COLECTIVA TEMPORAL DE VIDA CON AJUSTE DE CAPITAL,"CAD320220012
 CAD320220013",- Vida,
IDPOL00718,POL120220009,11/1/2022,CHILENA CONSOLIDADA SEGUROS GENERALES S.A.,"POLIZA DE TRANSPORTE TERRESTRE (CARGA). TODO RIESGO
 PARA TRAFICOS TRANSNACIONALES",CAD120130998,- Transportes y Cascos,
IDPOL00719,POL120220008,11/1/2022,CHILENA CONSOLIDADA SEGUROS GENERALES S.A.,POLIZA DE TRANSPORTE TERRESTRE (CARGA). TODO RIESGO DENTRO DEL TERRITORIO DE LA REPUBLICA DE CHILE,CAD120130998,- Transportes y Cascos,
IDPOL00720,POL120220007,11/1/2022,CHILENA CONSOLIDADA SEGUROS GENERALES S.A.,POLIZA DE TRANSPORTE TERRESTRE (CARGA). CONDICIONES RESTRINGIDAS,"CAD120130997
 CAD120130998",- Transportes y Cascos,
IDPOL00721,POL120220006,11/1/2022,CHILENA CONSOLIDADA SEGUROS GENERALES S.A.,"POLIZA PARA ALIMENTOS CONGELADOS \""C\"" (EXCLUYENDO CARNE CONGELADA)","CAD120130991
 CAD120130994",- Transportes y Cascos,
IDPOL00722,POL120220005,11/1/2022,CHILENA CONSOLIDADA SEGUROS GENERALES S.A.,"POLIZA PARA ALIMENTOS CONGELADOS \""A\"" (EXCLUYENDO CARNE CONGELADA)","CAD120130991
 CAD120130994",- Transportes y Cascos,
IDPOL00723,POL120220004,11/1/2022,CHILENA CONSOLIDADA SEGUROS GENERALES S.A.,"POLIZA DE TRANSPORTE MARITIMO PARA CARGA \""C\""","CAD120130991
 CAD120130993",- Transportes y Cascos,
IDPOL00724,POL120220003,11/1/2022,CHILENA CONSOLIDADA SEGUROS GENERALES S.A.,"POLIZA DE TRANSPORTE MARITIMO PARA CARGA \""B\""","CAD120130991
 CAD120130993",- Transportes y Cascos,
IDPOL00725,POL120220002,11/1/2022,CHILENA CONSOLIDADA SEGUROS GENERALES S.A.,"POLIZA DE TRANSPORTE MARITIMO PARA CARGA \""A\""","CAD120130991
 CAD120130993",- Transportes y Cascos,
IDPOL00726,POL120220001,11/1/2022,CHILENA CONSOLIDADA SEGUROS GENERALES S.A.,POLIZA DE TRANSPORTE MARITIMO PARA LIQUIDOS A GRANEL,,- Transportes y Cascos,
IDPOL00727,POL320210256,24/12/2021,BCI SEGUROS VIDA S.A.,"POLIZA DE BENEFICIO POR HOSPITALIZACION POR ENFERMEDAD Y/O ACCIDENTE, BENEFICIO POR HOSPITALIZACION EN UNA UNIDAD DE CUIDADOS INTENSIVOS Y BENEFICIO DE INDEMNIZACION POR HOSPITALIZACIONES EN UN ESTABLECIMIENTO FUERA DEL PAIS DE RESIDENCIA DEL ASEGURADO",,- Salud,
IDPOL00728,POL120210254,14/12/2021,CHUBB SEGUROS CHILE S.A.,SEGURO DE ROBO DE CONTENIDOS PARA VEHICULOS MOTORIZADOS,,- Robo,
IDPOL00729,POL120210253,14/12/2021,CHUBB SEGUROS CHILE S.A.,SEGURO DE COMPRA PROTEGIDA,,- Robo,
IDPOL00730,POL120210252,14/12/2021,CHUBB SEGUROS CHILE S.A.,SEGURO DE INCENDIO,,- Incendio,
IDPOL00731,CAD120210251,14/12/2021,CHUBB SEGUROS CHILE S.A.,"COBERTURA ADICIONAL DE DAÑOS MATERIALES CAUSADOS POR VIENTO, INUNDACION Y DESBORDAMIENTO DE CAUCES",POL120210233,- Incendio,
IDPOL00732,CAD120210250,14/12/2021,CHUBB SEGUROS CHILE S.A.,COBERTURA ADICIONAL DE DAÑOS MATERIALES CAUSADOS POR VEHICULOS MOTORIZADOS.,POL120210233,- Incendio,
IDPOL00733,CAD120210249,14/12/2021,CHUBB SEGUROS CHILE S.A.,COBERTURA ADICIONAL DE DAÑOS MATERIALES CAUSADOS POR SALIDA DE MAR.,POL120210233,- Incendio,
IDPOL00734,CAD120210248,14/12/2021,CHUBB SEGUROS CHILE S.A.,COBERTURA ADICIONAL DE REMOCION DE ESCOMBROS,POL120210233,- Incendio,
IDPOL00735,CAD120210247,14/12/2021,CHUBB SEGUROS CHILE S.A.,COBERTURA ADICIONAL DE DAÑOS MATERIALES CAUSADOS POR PESO DE NIEVE O HIELO.,POL120210233,- Incendio,
IDPOL00736,CAD120210246,14/12/2021,CHUBB SEGUROS CHILE S.A.,COBERTURA ADICIONAL DE INCENDIO A CONSECUENCIA DE SISMO,POL120210233,- Incendio,
IDPOL00737,CAD120210245,14/12/2021,CHUBB SEGUROS CHILE S.A.,COBERTURA ADICIONAL DE INCENDIO A CONSECUENCIA DE FENOMENOS DE LA NATURALEZA EXCEPTO SISMO,POL120210233,- Incendio,
IDPOL00738,CAD120210244,14/12/2021,CHUBB SEGUROS CHILE S.A.,COBERTURA ADICIONAL DE DAÑOS MATERIALES CAUSADOS POR EXPLOSION,POL120210233,- Incendio,
IDPOL00739,CAD120210243,14/12/2021,CHUBB SEGUROS CHILE S.A.,COBERTURA ADICIONAL DE APARATOS Y/O EQUIPOS ELECTRÓNICOS DE USO DOMÉSTICO NO ESPECIFICADOS,POL120210233,- Incendio,
IDPOL00740,CAD120210242,14/12/2021,CHUBB SEGUROS CHILE S.A.,"COBERTURA ADICIONAL DE INCENDIO Y EXPLOSION A CONSECUENCIA DIRECTA DE HUELGA, DESORDEN POPULAR O ACTOS TERRORISTAS",POL120210233,- Incendio,
IDPOL00741,CAD120210241,14/12/2021,CHUBB SEGUROS CHILE S.A.,COBERTURA ADICIONAL DE DAÑOS MATERIALES CAUSADOS POR ROTURAS DE CAÑERIAS O POR DESBORDAMIENTO DE ESTANQUES MATRICES,POL120210233,- Incendio,
IDPOL00742,CAD120210240,14/12/2021,CHUBB SEGUROS CHILE S.A.,COBERTURA ADICIONAL DE DAÑOS MATERIALES CAUSADOS POR CONSTRUCCIÓN O DEMOLICIÓN DE EDIFICIOS COLINDANTES,POL120210233,- Incendio,
IDPOL00743,CAD120210239,14/12/2021,CHUBB SEGUROS CHILE S.A.,COBERTURA ADICIONAL DE DAÑOS MATERIALES CAUSADOS POR SISMO,POL120210233,- Incendio,
IDPOL00744,CAD120210238,14/12/2021,CHUBB SEGUROS CHILE S.A.,COBERTURA ADICIONAL DE DAÑOS MATERIALES A CONSECUENCIA DIRECTA DE HUELGA O DESORDEN POPULAR,POL120210233,- Incendio,
IDPOL00745,CAD120210237,14/12/2021,CHUBB SEGUROS CHILE S.A.,"COBERTURA ADICIONAL DAÑOS MATERIALES CAUSADOS POR COMBUSTION
 ESPONTANEA.",POL120210233,- Incendio,
IDPOL00746,CAD120210236,14/12/2021,CHUBB SEGUROS CHILE S.A.,COBERTURA ADICIONAL DE COLAPSO DE EDIFICIO,POL120210233,- Incendio,
IDPOL00747,CAD120210235,14/12/2021,CHUBB SEGUROS CHILE S.A.,COBERTURA ADICIONAL POR CAIDA O CHOQUE DE AERONAVES,POL120210233,- Otro tema,
IDPOL00748,CAD120210234,14/12/2021,CHUBB SEGUROS CHILE S.A.,"COBERTURA ADICIONAL DE AVALANCHAS, ALUVIONES Y DESLIZAMIENTOS.",POL120210233,- Otro tema,
IDPOL00749,POL120210233,14/12/2021,CHUBB SEGUROS CHILE S.A.,POLIZA DE SEGURO DE INCENDIO,"CAD120210234
 CAD120210235
 CAD120210236
 CAD120210237
 CAD120210238
 CAD120210239
 CAD120210240
 CAD120210241
 CAD120210242
 CAD120210243
 CAD120210244
 CAD120210245
 CAD120210246
 CAD120210247
 CAD120210248
 CAD120210249
 CAD120210250
 CAD120210251
 CAD120220130
 CAD120220131
 CAD120240077
 CAD120240078
 CAD120240079
 CAD120240080",- Incendio,
IDPOL00750,POL320210232,7/12/2021,METLIFE CHILE SEGUROS DE VIDA S.A.,SEGURO DE ACCIDENTES PERSONALES,,- Accidentes Personales,
IDPOL00751,POL120210231,1/12/2021,FID CHILE SEGUROS GENERALES S.A.,PÓLIZA DE SEGURO PARA VEHÍCULOS MOTORIZADOS,,- Vehiculos Motorizados,
IDPOL00752,POL120210229,23/11/2021,CHUBB SEGUROS CHILE S.A.,SEGURO DE RESPONSABILIDAD CIVIL PROVENIENTE DE DAÑOS Y PERJUICIOS CAUSADOS POR MASCOTAS,,- Responsabilidad Civil,
IDPOL00753,POL120210228,23/11/2021,CHUBB SEGUROS CHILE S.A.,SEGURO DE RESPONSABILIDAD CIVIL PROVENIENTE DE DAÑOS Y PERJUICIOS CAUSADOS POR MASCOTAS,,- Responsabilidad Civil,
IDPOL00754,POL120210227,23/11/2021,CHUBB SEGUROS CHILE S.A.,SEGURO DE RESPONSABILIDAD CIVIL PROVENIENTE DE DAÑOS Y PERJUICIOS CAUSADOS POR MASCOTAS,,- Responsabilidad Civil,
IDPOL00755,POL320210221,19/11/2021,BUPA COMPAÑIA DE SEGUROS DE VIDA S.A.,SEGURO PARA PRESTACIONES MÉDICAS DE ALTO COSTO,,- Salud,
IDPOL00756,POL320210219,18/11/2021,BUPA COMPAÑIA DE SEGUROS DE VIDA S.A.,SEGURO PARA PRESTACIONES MÉDICAS DE ALTO COSTO,,- Salud,
IDPOL00757,POL320210218,18/11/2021,SEGUROS VIDA SECURITY PREVISION S.A.,SEGURO COLECTIVO DE GASTOS MÉDICOS DENTALES,,- Salud,
IDPOL00758,CAD220210217,11/11/2021,COMPAÑIA DE SEGUROS DE VIDA CONSORCIO NACIONAL DE SEGUROS S.A.,CLÁUSULA ADICIONAL DE REEMBOLSO DE PRESTACIONES MÉDICAS CON COBERTURA NACIONAL E INTERNACIONAL,"POL220210211
 POL220220133
 POL220230264","- Otro tema
 - Vida Flexible",
IDPOL00759,CAD220210216,11/11/2021,COMPAÑIA DE SEGUROS DE VIDA CONSORCIO NACIONAL DE SEGUROS S.A.,CLÁUSULA ADICIONAL DE REEMBOLSO DE PRESTACIONES MÉDICAS,"POL220210211
 POL220220133
 POL220230264","- Otro tema
 - Vida Flexible",
IDPOL00760,CAD220210215,11/11/2021,COMPAÑIA DE SEGUROS DE VIDA CONSORCIO NACIONAL DE SEGUROS S.A.,CLÁUSULA ADICIONAL DE PROTECCIÓN ONCOLÓGICA,"POL220210211
 POL220220133
 POL220230264","- Otro tema
 - Vida Flexible",
IDPOL00761,CAD220210214,11/11/2021,COMPAÑIA DE SEGUROS DE VIDA CONSORCIO NACIONAL DE SEGUROS S.A.,CLÁUSULA ADICIONAL DE INVALIDEZ DOS TERCIOS,"POL220210211
 POL220220133
 POL220230264","- Vida
 - Vida Flexible",
IDPOL00762,CAD220210213,11/11/2021,COMPAÑIA DE SEGUROS DE VIDA CONSORCIO NACIONAL DE SEGUROS S.A.,CLÁUSULA ADICIONAL BENEFICIO POR INVALIDEZ ACCIDENTAL,"POL220210211
 POL220220133
 POL220230264","- Vida
 - Vida Flexible",
IDPOL00763,CAD220210212,3/11/2021,CMF,CLÁUSULA ADICIONAL DE AUMENTO TEMPORAL DE PENSIÓN,"POL220150726
 POL220220026","- Depositada por CMF
 - Previsionales",
IDPOL00764,POL220210211,28/10/2021,COMPAÑIA DE SEGUROS DE VIDA CONSORCIO NACIONAL DE SEGUROS S.A.,SEGURO DE VIDA INDIVIDUAL CON PRIMAS VARIABLES VINCULADO A ACTIVOS DE INVERSIÓN,"CAD220210193
 CAD220210213
 CAD220210214
 CAD220210215
 CAD220210216
 CAD220210217","- Vida
 - Vida Flexible",
IDPOL00765,POL320210210,25/10/2021,METLIFE CHILE SEGUROS DE VIDA S.A.,SEGURO PARA PRESTACIONES MÉDICAS DE ALTO COSTO,,- Salud,
IDPOL00766,POL320210209,25/10/2021,METLIFE CHILE SEGUROS DE VIDA S.A.,Póliza Seguro Complementario de Salud,,- Salud,
IDPOL00767,CAD220210208,25/10/2021,COMPAÑIA DE SEGUROS DE VIDA CONSORCIO NACIONAL DE SEGUROS S.A.,CLÁUSULA ADICIONAL BENEFICIO POR INVALIDEZ ACCIDENTAL,POL220210192,"- Vida
 - Vida Flexible",
IDPOL00768,CAD120210207,22/10/2021,COMPAÑIA DE SEGUROS GENERALES CONSORCIO NACIONAL DE SEGUROS S.A.,CLÁUSULA ADICIONAL DE DAÑOS FÍSICOS CAUSADOS POR SISMO,POL120210194,- Multirriesgo,
IDPOL00769,CAD120210206,22/10/2021,COMPAÑIA DE SEGUROS GENERALES CONSORCIO NACIONAL DE SEGUROS S.A.,CLÁUSULA ADICIONAL DE INCENDIO A CONSECUENCIA DE SISMO,POL120210194,- Multirriesgo,
IDPOL00770,CAD120210205,22/10/2021,COMPAÑIA DE SEGUROS GENERALES CONSORCIO NACIONAL DE SEGUROS S.A.,CLÁUSULA ADICIONAL DE DAÑOS MATERIALES CAUSADOS POR VIENTO,POL120210194,- Multirriesgo,
IDPOL00771,CAD120210204,22/10/2021,COMPAÑIA DE SEGUROS GENERALES CONSORCIO NACIONAL DE SEGUROS S.A.,CLÁUSULA ADICIONAL DE DAÑOS FÍSICOS CAUSADOS POR VEHÍCULOS MOTORIZADOS,POL120210194,- Multirriesgo,
IDPOL00772,CAD120210203,22/10/2021,COMPAÑIA DE SEGUROS GENERALES CONSORCIO NACIONAL DE SEGUROS S.A.,CLÁUSULA ADICIONAL DE DAÑOS FÍSICOS CAUSADOS POR AERONAVES,POL120210194,- Multirriesgo,
IDPOL00773,CAD120210202,22/10/2021,COMPAÑIA DE SEGUROS GENERALES CONSORCIO NACIONAL DE SEGUROS S.A.,"CLÁUSULA ADICIONAL DE INCENDIO A CONSECUENCIA DE FENÓMENOS DE LA NATURALEZA, EXCEPTO SISMO",POL120210194,- Multirriesgo,
IDPOL00774,CAD120210201,22/10/2021,COMPAÑIA DE SEGUROS GENERALES CONSORCIO NACIONAL DE SEGUROS S.A.,"CLÁUSULA ADICIONAL DE AVALANCHAS, ALUVIONES Y DESLIZAMIENTOS",POL120210194,- Multirriesgo,
IDPOL00775,CAD120210200,22/10/2021,COMPAÑIA DE SEGUROS GENERALES CONSORCIO NACIONAL DE SEGUROS S.A.,CLÁUSULA ADICIONAL DE DAÑOS FÍSICOS CAUSADOS POR SALIDA DE MAR,POL120210194,- Multirriesgo,
IDPOL00776,CAD120210199,22/10/2021,COMPAÑIA DE SEGUROS GENERALES CONSORCIO NACIONAL DE SEGUROS S.A.,"CLÁUSULA ADICIONAL DE DAÑOS FÍSICOS CAUSADOS POR FILTRACIÓN
 DE LLUVIAS, INUNDACIÓN Y DESBORDAMIENTO DE CAUCES",POL120210194,- Multirriesgo,
IDPOL00777,CAD120210198,22/10/2021,COMPAÑIA DE SEGUROS GENERALES CONSORCIO NACIONAL DE SEGUROS S.A.,CLÁUSULA ADICIONAL DE DAÑOS FÍSICOS CAUSADOS POR ROTURA DE CAÑERÍAS O POR DESBORDAMIENTO DE ESTANQUES MATRICES,POL120210194,- Multirriesgo,
IDPOL00778,CAD120210197,22/10/2021,COMPAÑIA DE SEGUROS GENERALES CONSORCIO NACIONAL DE SEGUROS S.A.,CLÁUSULA ADICIONAL DE ROBO O SAQUEO DURANTE HUELGA O DESORDEN POPULAR,POL120210194,- Multirriesgo,
IDPOL00779,CAD120210196,22/10/2021,COMPAÑIA DE SEGUROS GENERALES CONSORCIO NACIONAL DE SEGUROS S.A.,CLÁUSULA ADICIONAL DE DAÑOS FÍSICOS A CONSECUENCIA DIRECTA DE HUELGA O DESORDEN POPULAR,POL120210194,- Multirriesgo,
IDPOL00780,CAD120210195,22/10/2021,COMPAÑIA DE SEGUROS GENERALES CONSORCIO NACIONAL DE SEGUROS S.A.,"CLÁUSULA ADICIONAL DE INCENDIO Y EXPLOSIÓN A CONSECUENCIA DIRECTA DE HUELGA, DESORDEN POPULAR O ACTOS TERRORISTAS",POL120210194,- Multirriesgo,
IDPOL00781,POL120210194,22/10/2021,COMPAÑIA DE SEGUROS GENERALES CONSORCIO NACIONAL DE SEGUROS S.A.,PÓLIZA DE SEGURO MULTIRRIESGOS HOGAR,"CAD120131079
 CAD120210195
 CAD120210196
 CAD120210197
 CAD120210198
 CAD120210199
 CAD120210200
 CAD120210201
 CAD120210202
 CAD120210203
 CAD120210204
 CAD120210205
 CAD120210206
 CAD120210207",- Multirriesgo,
IDPOL00782,CAD220210193,15/10/2021,COMPAÑIA DE SEGUROS DE VIDA CONSORCIO NACIONAL DE SEGUROS S.A.,CLÁUSULA ADICIONAL BENEFICIO POR MUERTE ACCIDENTAL,"POL220210192
 POL220210211
 POL220220133
 POL220230264","- Vida
 - Vida Flexible",
IDPOL00783,POL220210192,15/10/2021,COMPAÑIA DE SEGUROS DE VIDA CONSORCIO NACIONAL DE SEGUROS S.A.,SEGURO DE VIDA INDIVIDUAL CON PRIMAS VARIABLES VINCULADO A ACTIVOS DE INVERSIÓN,"CAD220210193
 CAD220210208","- Vida
 - Vida Flexible",
IDPOL00784,CAD220210191,13/10/2021,SEGUROS DE VIDA SURA S.A.,Clausula Invalidez Permanente Dos Tercios,POL220200056,"- Vida
 - Vida Flexible",
IDPOL00785,POL320210188,6/10/2021,FID CHILE SEGUROS GENERALES S.A.,SEGURO DE ACCIDENTES PERSONALES Y ASISTENCIA,,"- Accidentes Personales
 - Asistencia Generales
 - Salud",
IDPOL00786,POL120210186,1/10/2021,CHUBB SEGUROS CHILE S.A.,SEGURO DE DAÑOS PARA VEHICULOS MOTORIZADOS,,- Otro tema,
IDPOL00787,POL120210185,30/9/2021,CHILENA CONSOLIDADA SEGUROS GENERALES S.A.,POLIZA DE SEGURO PARA TODO RIESGO DE MONTAJE,"CAD120130215
 CAD120130216
 CAD120130217
 CAD120130218
 CAD120130219
 CAD120130220
 CAD120130221
 CAD120130222
 CAD120130224
 CAD120130225
 CAD120130226
 CAD120130453
 CAD120130455
 CAD120130457
 CAD120130490",- Ingeniería y Computadores,
IDPOL00788,POL120210184,30/9/2021,CHILENA CONSOLIDADA SEGUROS GENERALES S.A.,POLIZA DE SEGURO PARA TODO RIESGO DE CONSTRUCCION,"CAD120130215
 CAD120130216
 CAD120130217
 CAD120130218
 CAD120130219
 CAD120130220
 CAD120130221
 CAD120130222
 CAD120130224
 CAD120130225
 CAD120130449
 CAD120130451
 CAD120130453
 CAD120130454
 CAD120130455
 CAD120130457
 CAD120130459
 CAD120130461
 CAD120130462
 CAD120130490",- Ingeniería y Computadores,
IDPOL00789,POL120210183,30/9/2021,CHILENA CONSOLIDADA SEGUROS GENERALES S.A.,POLIZA DE SEGURO DE EQUIPO DE CONTRATISTA,"CAD120131866
 CAD120131885
 CAD120131886
 CAD120131887
 CAD120131889
 CAD120131890
 CAD120160347
 CAD120160348",- Ingeniería y Computadores,
IDPOL00790,POL120210182,30/9/2021,HDI SEGUROS S.A.,POLIZA DE SEGURO DE RESTITUCIÓN DE INMUEBLE ARRENDADO,,- Varios Seg. Generales,
IDPOL00791,POL120210181,30/9/2021,CHILENA CONSOLIDADA SEGUROS GENERALES S.A.,POLIZA DE SEGURO DE MAQUINARIA Y EQUIPO MOVIL AGRICOLA,"CAD120131866
 CAD120131887
 CAD120131889
 CAD120131890
 CAD120160344
 CAD120160345
 CAD120160346",- Ingeniería y Computadores,
IDPOL00792,POL120210180,30/9/2021,CHILENA CONSOLIDADA SEGUROS GENERALES S.A.,POLIZA DE SEGURO DE EQUIPOS ELECTRONICOS,"CAD120130228
 CAD120130229
 CAD120130230
 CAD120130231
 CAD120130232
 CAD120130233
 CAD120130234
 CAD120130236
 CAD120130237",- Ingeniería y Computadores,
IDPOL00793,POL120210179,30/9/2021,CHILENA CONSOLIDADA SEGUROS GENERALES S.A.,POLIZA DE SEGURO DE EQUIPO DE CONTRATISTA,"CAD120131866
 CAD120131884
 CAD120131885
 CAD120131886
 CAD120131887
 CAD120131889
 CAD120131890
 CAD120140095
 CAD120150562",- Ingeniería y Computadores,
IDPOL00794,POL120210178,30/9/2021,CHILENA CONSOLIDADA SEGUROS GENERALES S.A.,POLIZA DE SEGURO DE MAQUINARIA Y EQUIPO MOVIL AGRICOLA,"CAD120131866
 CAD120131884
 CAD120140095",- Ingeniería y Computadores,
IDPOL00795,POL220210177,28/9/2021,BICE VIDA COMPAÑIA DE SEGUROS S.A.,PÓLIZA DE SEGURO INDIVIDUAL DE ACCIDENTES PERSONALES CON AHORRO,,- Accidentes Personales,
IDPOL00796,POL220210176,28/9/2021,BICE VIDA COMPAÑIA DE SEGUROS S.A.,PÓLIZA DE SEGURO INDIVIDUAL DE ACCIDENTES PERSONALES CON AHORRO,,- Accidentes Personales,
IDPOL00797,POL320210174,22/9/2021,BUPA COMPAÑIA DE SEGUROS DE VIDA S.A.,SEGURO ONCOLÓGICO CON ATENCIÓN NACIONAL E INTERNACIONAL,,- Salud,
IDPOL00798,POL320210173,16/9/2021,SEGUROS VIDA SECURITY PREVISION S.A.,POLIZA COLECTIVA DE ACCIDENTES PERSONALES,,- Accidentes Personales,
IDPOL00799,POL320210169,14/9/2021,METLIFE CHILE SEGUROS DE VIDA S.A.,SEGURO DE INVALIDEZ POR ACCIDENTE Y ENFERMEDAD,,"- Accidentes Personales
 - Salud",
IDPOL00800,POL320210168,10/9/2021,HDI SEGUROS DE VIDA S.A.,PÓLIZA DE SEGURO PARA PRESTACIONES MÉDICAS DE ALTO COSTO,CAD220130244,- Salud,
IDPOL00801,POL320210166,31/8/2021,CF SEGUROS DE VIDA S.A.,SEGURO DE HOSPITALIZACIÓN,,- Salud,
IDPOL00802,POL320210155,25/8/2021,SEGUROS DE VIDA SURAMERICANA S.A.,SEGURO DE SALUD ASOCIADO A COVID 19,,- Salud,
IDPOL00803,CAD220210149,24/8/2021,METLIFE CHILE SEGUROS DE VIDA S.A.,CLÁUSULA DE PAGO A TODO EVENTO EN CASO DE FALLECIMIENTO,"POL320130102
 POL320130146
 POL320230401
 POL320250002",- Vida,
IDPOL00804,POL320210141,20/8/2021,METLIFE CHILE SEGUROS DE VIDA S.A.,CONDICIONES GENERALES SEGURO PARA ENFERMEDADES GRAVES,,- Salud,
IDPOL00805,POL120210136,2/8/2021,CMF,POLIZA DE RESPONSABILIDAD CIVIL PROFESIONAL PARA ASESORES FINANCIEROS PREVISIONALES O ENTIDADES DE ASESORIA FINANCIERA PREVISIONAL,,"- Depositada por CMF
 - Responsabilidad Civil",
IDPOL00806,POL320210135,31/7/2021,METLIFE CHILE SEGUROS DE VIDA S.A.,PÓLIZA SEGURO DE GASTOS DENTALES,,- Salud,
IDPOL00807,CAD320210134,22/7/2021,HDI SEGUROS DE VIDA S.A.,CLÁUSULA ADICIONAL DE PRESTACIONES MÉDICAS,POL320210131,- Salud,
IDPOL00808,POL320210133,21/7/2021,SEGUROS VIDA SECURITY PREVISION S.A.,SEGURO COLECTIVO TEMPORAL DE VIDA Y DE SALUD ASOCIADO A COVID-19,,- Salud,
IDPOL00809,POL220210132,21/7/2021,CHILENA CONSOLIDADA SEGUROS DE VIDA S.A.,PÓLIZA DE SEGURO COLECTIVO DE GASTOS GENERADOS POR EL FALLECIMIENTO DEL ASEGURADO,,- Vida,
IDPOL00810,POL320210131,20/7/2021,HDI SEGUROS DE VIDA S.A.,SEGURO DE SALUD,CAD320210134,- Salud,
IDPOL00811,CAD120210130,15/7/2021,LIBERTY COMPAÑIA DE SEGUROS GENERALES S.A.,CLÁUSULA ADICIONAL DE GASTOS POR FLETE AÉREO PARA LA COBERTURA DE EQUIPOS ELECTRÓNICOS,POL120210076,- Multirriesgo,
IDPOL00812,CAD120210128,6/7/2021,ASOCIACION DE ASEGURADORES DE CHILE A.G.,CLÁUSULA ADICIONAL DE RESPONSABILIDAD CIVIL POR TRANSPORTE DE PERSONAS,POL120190146,- Responsabilidad Civil,
IDPOL00813,CAD120210127,6/7/2021,ASOCIACION DE ASEGURADORES DE CHILE A.G.,CLÁUSULA ADICIONAL DE RESPONSABILIDAD CIVIL POR TRANSPORTE DE CARGA,POL120190146,- Responsabilidad Civil,
IDPOL00814,CAD120210126,6/7/2021,ASOCIACION DE ASEGURADORES DE CHILE A.G.,CLÁUSULA ADICIONAL DE RESPONSABILIDAD CIVIL PARA PROPIETARIOS DE INMUEBLES,POL120190146,- Responsabilidad Civil,
IDPOL00815,CAD120210125,6/7/2021,ASOCIACION DE ASEGURADORES DE CHILE A.G.,"CLÁUSULA ADICIONAL RESPONSABILIDAD CIVIL DE EMPRESA PARA FÁBRICAS MANUFACTURAS, ARTESANÍAS, OFICINAS O ADMINISTRACIONES",POL120190146,- Responsabilidad Civil,
IDPOL00816,CAD120210124,6/7/2021,ASOCIACION DE ASEGURADORES DE CHILE A.G.,CLÁUSULA ADICIONAL DE RESPONSABILIDAD CIVIL DE PRODUCTOS,POL120190146,- Responsabilidad Civil,
IDPOL00817,CAD120210123,6/7/2021,ASOCIACION DE ASEGURADORES DE CHILE A.G.,"CLÁUSULA ADICIONAL DE RESPONSABILIDAD CIVIL DE EMPRESA PARA
 GARAGES, ESTACIONES DE SERVICIO, TALLERES DE CARROCERÍA",POL120190146,- Responsabilidad Civil,
IDPOL00818,CAD120210122,6/7/2021,ASOCIACION DE ASEGURADORES DE CHILE A.G.,CLÁUSULA ADICIONAL DE RESPONSABILIDAD CIVIL CRUZADA,POL120190146,- Responsabilidad Civil,
IDPOL00819,POL120210121,5/7/2021,SOUTHBRIDGE COMPAÑIA DE SEGUROS GENERALES S.A.,SEGURO DE PROTECCIÓN DE COMPRA,,"- Otro tema
 - Robo
 - Varios Seg. Generales",
IDPOL00820,POL220210120,30/6/2021,CF SEGUROS DE VIDA S.A.,Seguro de Desgravamen,,- Desgravamen,
IDPOL00821,POL220210116,25/6/2021,BICE VIDA COMPAÑIA DE SEGUROS S.A.,PÓLIZA DE SEGURO DE VIDA COLECTIVO CON AHORRO,CAD320160238,- Vida Flexible,
IDPOL00822,CAD120210113,24/6/2021,LIBERTY COMPAÑIA DE SEGUROS GENERALES S.A.,"CLÁUSULA CHILENA PARA HUELGA. TRANSPORTE TERRESTRE, ADICIONAL A LA COBERTURA DE TRANSPORTE TERRESTRE (CARGA): CONDICIONES RESTRINGIDAS",POL120210076,- Multirriesgo,
IDPOL00823,CAD120210112,24/6/2021,LIBERTY COMPAÑIA DE SEGUROS GENERALES S.A.,CLÁUSULA ADICIONAL DE ROBO CON VIOLENCIA EN LAS PERSONAS PARA LA COBERTURA DE ROBO CON FUERZA EN LAS COSAS,POL120210076,- Multirriesgo,
IDPOL00824,CAD120210111,24/6/2021,LIBERTY COMPAÑIA DE SEGUROS GENERALES S.A.,"CLÁUSULA DE CARGA Y, O, DESCARGA, ADICIONAL A LA COBERTURA DE TRANSPORTE TERRESTRE (CARGA): CONDICIONES RESTRINGIDAS",POL120210076,- Multirriesgo,
IDPOL00825,CAD120210110,24/6/2021,LIBERTY COMPAÑIA DE SEGUROS GENERALES S.A.,CLÁUSULA ADICIONAL DE RESPONSABILIDAD CIVIL PATRONAL PARA LA COBERTURA DE RESPONSABILIDAD CIVIL,POL120210076,- Multirriesgo,
IDPOL00826,CAD120210109,24/6/2021,LIBERTY COMPAÑIA DE SEGUROS GENERALES S.A.,"CLÁUSULA ADICIONAL RESPONSABILIDAD CIVIL DE EMPRESA PARA FÁBRICAS MANUFACTURAS, ARTESANÍAS, OFICINAS O ADMINISTRACIONES PARA LA COBERTURA DE RESPONSABILIDAD CIVIL",POL120210076,- Multirriesgo,
IDPOL00827,CAD120210108,24/6/2021,LIBERTY COMPAÑIA DE SEGUROS GENERALES S.A.,CLÁUSULA ADICIONAL RESPONSABILIDAD CIVIL CRUZADA PARA LA COBERTURA DE RESPONSABILIDAD CIVIL,POL120210076,- Multirriesgo,
IDPOL00828,CAD120210107,24/6/2021,LIBERTY COMPAÑIA DE SEGUROS GENERALES S.A.,CLÁUSULA ADICIONAL DE RESPONSABILIDAD CIVIL VEHICULAR PARA LA COBERTURA DE RESPONSABILIDAD CIVIL,POL120210076,- Multirriesgo,
IDPOL00829,CAD120210106,24/6/2021,LIBERTY COMPAÑIA DE SEGUROS GENERALES S.A.,CLÁUSULA ADICIONAL DE RESPONSABILIDAD CIVIL POR TRANSPORTE DE PERSONAS PARA LA COBERTURA DE RESPONSABILIDAD CIVIL,POL120210076,- Multirriesgo,
IDPOL00830,CAD120210105,24/6/2021,LIBERTY COMPAÑIA DE SEGUROS GENERALES S.A.,CLÁUSULA ADICIONAL DE RESPONSABILIDAD CIVIL POR TRANSPORTE DE CARGA PARA LA COBERTURA DE RESPONSABILIDAD CIVIL,POL120210076,- Multirriesgo,
IDPOL00831,CAD120210104,24/6/2021,LIBERTY COMPAÑIA DE SEGUROS GENERALES S.A.,CLÁUSULA ADICIONAL DE RESPONSABILIDAD CIVIL PARA PROPIETARIOS DE INMUEBLES PARA LA COBERTURA DE RESPONSABILIDAD CIVIL,POL120210076,- Multirriesgo,
IDPOL00832,CAD120210103,24/6/2021,LIBERTY COMPAÑIA DE SEGUROS GENERALES S.A.,CLÁUSULA ADICIONAL DE RESPONSABILIDAD CIVIL DE PRODUCTOS PARA LA COBERTURA DE RESPONSABILIDAD CIVIL,POL120210076,- Multirriesgo,
IDPOL00833,CAD120210102,24/6/2021,LIBERTY COMPAÑIA DE SEGUROS GENERALES S.A.,"CLÁUSULA ADICIONAL RESPONSABILIDAD CIVIL DE TRABAJOS EFECTUADOS POR EMPRESAS DEL RAMO DE LA CONSTRUCCIÓN, ALBAÑILERÍAS, OBRAS PÚBLICAS, CARPINTERÍAS, EBANISTERÍAS, CERRAJERÍAS, CUBIERTAS Y TECHOS, PLOMERÍAS, ELECTRICISTAS, ESTUFISTAS, INSTALACIONES SANITARIAS, CLIMATIZACIÓN, PINTURA, VIDRIERÍA, MONTAJE DE ASCENSORES Y SIMILARES Y DEMÁS PROFESIONES QUE COLABORAN EN LA CONSTRUCCIÓN DE OBRAS NUEVAS, A LA REPARACIÓN DE OBRAS EXISTENTES, A INSTALACIONES EN O AL MANTENIMIENTO DE LAS MISMAS, PARA LA COBERTURA DE RESPONSABILIDAD CIVIL",POL120210076,- Multirriesgo,
IDPOL00834,CAD120210101,24/6/2021,LIBERTY COMPAÑIA DE SEGUROS GENERALES S.A.,"CLÁUSULA ADICIONAL DE RESPONSABILIDAD CIVIL DE EMPRESA PARA GARAGES, ESTACIONES DE SERVICIO, TALLERES DE CARROCERÍA.PARA LA COBERTURA DE RESPONSABILIDAD CIVIL",POL120210076,- Multirriesgo,
IDPOL00835,CAD120210100,24/6/2021,LIBERTY COMPAÑIA DE SEGUROS GENERALES S.A.,CLÁUSULA ADICIONAL DE PÉRDIDA DE DATOS Y PORTADORES DE DATOS PARA LA COBERTURA DE EQUIPOS ELECTRÓNICOS,POL120210076,- Multirriesgo,
IDPOL00836,CAD120210099,24/6/2021,LIBERTY COMPAÑIA DE SEGUROS GENERALES S.A.,CLÁUSULA ADICIONAL DE GASTOS POR SALVAMENTO Y REMOCIÓN DE ESCOMBROS PARA LA COBERTURA DE EQUIPOS ELECTRÓNICOS,POL120210076,- Multirriesgo,
IDPOL00837,CAD120210098,24/6/2021,LIBERTY COMPAÑIA DE SEGUROS GENERALES S.A.,CLÁUSULA ADICIONAL DE GASTOS EXTRAS POR TRABAJOS EFECTUADOS FUERA DE HORARIO NORMAL Y POR TRANSPORTES EXPRESOS PARA LA COBERTURA DE EQUIPOS ELECTRÓNICOS,POL120210076,- Multirriesgo,
IDPOL00838,CAD120210097,24/6/2021,LIBERTY COMPAÑIA DE SEGUROS GENERALES S.A.,"CLÁUSULA ADICIONAL DE EQUIPOS ELECTRÓNICOS MÓVILES, QUE OPERAN FUERA DE LOS PREDIOS DEL ASEGURADO PARA LA COBERTURA DE EQUIPOS ELECTRÓNICOS",POL120210076,- Multirriesgo,
IDPOL00839,CAD120210096,24/6/2021,LIBERTY COMPAÑIA DE SEGUROS GENERALES S.A.,"CLÁUSULA DE INCENDIO Y DAÑOS MATERIALES A CONSECUENCIA DIRECTA DE HUELGA, SAQUEO O DESORDEN POPULAR PARA LA COBERTURA DE INCENDIO",POL120210076,- Incendio,
IDPOL00840,CAD120210095,24/6/2021,LIBERTY COMPAÑIA DE SEGUROS GENERALES S.A.,CLÁUSULA ADICIONAL DE DAÑOS MATERIALES A LOS BIENES INMUEBLES CAUSADOS POR ROBO CON FUERZA Y ROBO CON VIOLENCIA O INTIMIDACIÓN EN LAS PERSONAS PARA LA COBERTURA DE INCENDIO,POL120210076,- Incendio,
IDPOL00841,CAD120210094,24/6/2021,LIBERTY COMPAÑIA DE SEGUROS GENERALES S.A.,"CLÁUSULA DE INCENDIO Y DAÑOS MATERIALES CAUSADOS POR VIENTO, INUNDACIÓN Y DESBORDAMIENTO DE CAUCES PARA LA COBERTURA DE INCENDIO",POL120210076,- Incendio,
IDPOL00842,CAD120210093,24/6/2021,LIBERTY COMPAÑIA DE SEGUROS GENERALES S.A.,CLÁUSULA DE INHABITABILIDAD DE INMUEBLES PARA LA COBERTURA DE INCENDIO,POL120210076,- Incendio,
IDPOL00843,CAD120210092,24/6/2021,LIBERTY COMPAÑIA DE SEGUROS GENERALES S.A.,CLÁUSULA DE INCENDIO Y DAÑOS MATERIALES POR EXPLOSIÓN PARA LA COBERTURA DE INCENDIO,POL120210076,- Incendio,
IDPOL00844,CAD120210091,24/6/2021,LIBERTY COMPAÑIA DE SEGUROS GENERALES S.A.,"CLÁUSULA DE INCENDIO Y DAÑOS MATERIALES CAUSADOS POR MAREMOTO, TSUNAMI Y MAREJADA PARA LA COBERTURA DE INCENDIO",POL120210076,- Incendio,
IDPOL00845,CAD120210090,24/6/2021,LIBERTY COMPAÑIA DE SEGUROS GENERALES S.A.,CLÁUSULA DE INCENDIO Y DAÑOS MATERIALES CAUSADOS POR ERUPCIÓN VOLCÁNICA PARA LA COBERTURA DE INCENDIO,POL120210076,- Incendio,
IDPOL00846,CAD120210089,24/6/2021,LIBERTY COMPAÑIA DE SEGUROS GENERALES S.A.,CLÁUSULA DE INCENDIO Y DAÑOS MATERIALES CAUSADOS DE COMBUSTIÓN ESPONTÁNEA PARA LA COBERTURA DE INCENDIO,POL120210076,- Incendio,
IDPOL00847,CAD120210088,24/6/2021,LIBERTY COMPAÑIA DE SEGUROS GENERALES S.A.,CLÁUSULA DE INCENDIO Y DAÑOS MATERIALES CAUSADOS POR COLISIÓN DE VEHÍCULOS PARA LA COBERTURA DE INCENDIO,POL120210076,- Incendio,
IDPOL00848,CAD120210087,24/6/2021,LIBERTY COMPAÑIA DE SEGUROS GENERALES S.A.,CLÁUSULA DE INCENDIO Y DAÑOS MATERIALES CAUSADOS POR COLISIÓN DE OBJETOS FLOTANTES PARA LA COBERTURA DE INCENDIO,POL120210076,- Incendio,
IDPOL00849,CAD120210086,24/6/2021,LIBERTY COMPAÑIA DE SEGUROS GENERALES S.A.,"CLÁUSULA ADICIONAL DE INCENDIO Y DAÑOS MATERIALES DE AVALANCHAS, ALUVIONES Y DESLIZAMIENTOS PARA LA COBERTURA DE INCENDIO",POL120210076,- Incendio,
IDPOL00850,CAD120210085,24/6/2021,LIBERTY COMPAÑIA DE SEGUROS GENERALES S.A.,CLÁUSULA DE INCENDIO Y DAÑOS MATERIALES A CONSECUENCIA DIRECTA DE ACTOS TERRORISTAS PARA LA COBERTURA DE INCENDIO,POL120210076,- Incendio,
IDPOL00851,CAD120210084,24/6/2021,LIBERTY COMPAÑIA DE SEGUROS GENERALES S.A.,CLÁUSULA DE DAÑOS MATERIALES CAUSADOS POR DESCOMPOSICIÓN DE PRODUCTOS DEPOSITADOS EN FRIGORÍFICOS PARA LA COBERTURA DE INCENDIO,POL120210076,- Incendio,
IDPOL00852,CAD120210083,24/6/2021,LIBERTY COMPAÑIA DE SEGUROS GENERALES S.A.,CLÁUSULA ADICIONAL DE PÉRDIDA DE INGRESOS POR ARRIENDO PARA LA COBERTURA DE INCENDIO,POL120210076,- Incendio,
IDPOL00853,CAD120210082,24/6/2021,LIBERTY COMPAÑIA DE SEGUROS GENERALES S.A.,CLÁUSULA DE INCENDIO Y DAÑOS MATERIALES CAUSADOS POR CONSTRUCCIÓN O DEMOLICIÓN DE EDIFICIOS COLINDANTES PARA LA COBERTURA DE INCENDIO,POL120210076,- Incendio,
IDPOL00854,CAD120210081,24/6/2021,LIBERTY COMPAÑIA DE SEGUROS GENERALES S.A.,CLÁUSULA ADICIONAL DE INCENDIO Y DAÑOS MATERIALES POR SISMO PARA LA COBERTURA DE INCENDIO,POL120210076,- Incendio,
IDPOL00855,CAD120210080,24/6/2021,LIBERTY COMPAÑIA DE SEGUROS GENERALES S.A.,CLÁUSULA ADICIONAL DE INCENDIO Y DAÑOS MATERIALES CAUSADOS POR CAÍDA Y COLISIÓN DE AERONAVES PARA LA COBERTURA DE INCENDIO,POL120210076,- Incendio,
IDPOL00856,CAD120210079,24/6/2021,LIBERTY COMPAÑIA DE SEGUROS GENERALES S.A.,CLÁUSULA ADICIONAL DE DAÑOS MATERIALES CAUSADOS POR PESO DE NIEVE O HIELO PARA LA COBERTURA DE INCENDIO,POL120210076,- Incendio,
IDPOL00857,CAD120210078,24/6/2021,LIBERTY COMPAÑIA DE SEGUROS GENERALES S.A.,CLÁUSULA ADICIONAL DE DAÑOS FÍSICOS CAUSADOS POR ROTURA DE CAÑERÍAS O POR DESBORDAMIENTO DE ESTANQUES MATRICES PARA LA COBERTURA DE INCENDIO,POL120210076,- Incendio,
IDPOL00858,CAD120210077,24/6/2021,LIBERTY COMPAÑIA DE SEGUROS GENERALES S.A.,CLÁUSULA DE INCENDIO Y DAÑOS MATERIALES CAUSADOS POR COLAPSO DE EDIFICIO PARA LA COBERTURA DE INCENDIO,POL120210076,- Incendio,
IDPOL00859,POL120210076,24/6/2021,LIBERTY COMPAÑIA DE SEGUROS GENERALES S.A.,PÓLIZA DE SEGURO MULTIRRIESGOS,"CAD120210077
 CAD120210078
 CAD120210079
 CAD120210080
 CAD120210081
 CAD120210082
 CAD120210083
 CAD120210084
 CAD120210085
 CAD120210086
 CAD120210087
 CAD120210088
 CAD120210089
 CAD120210090
 CAD120210091
 CAD120210092
 CAD120210093
 CAD120210094
 CAD120210095
 CAD120210096
 CAD120210097
 CAD120210098
 CAD120210099
 CAD120210100
 CAD120210101
 CAD120210102
 CAD120210103
 CAD120210104
 CAD120210105
 CAD120210106
 CAD120210107
 CAD120210108
 CAD120210109
 CAD120210110
 CAD120210111
 CAD120210112
 CAD120210113
 CAD120210130",- Multirriesgo,
IDPOL00860,POL120210075,23/6/2021,LIBERTY COMPAÑIA DE SEGUROS GENERALES S.A.,PÓLIZA DE SEGURO MULTIRRIESGOS,,- Multirriesgo,
IDPOL00861,POL120210068,16/6/2021,ZURICH SANTANDER SEGUROS GENERALES CHILE S.A.,PÓLIZA DE SEGURO DE ROBO CON FUERZA EN LAS COSAS,,- Robo,
IDPOL00862,CAD120210066,9/6/2021,UNNIO SEGUROS GENERALES S.A.,CLAUSULA ADICIONAL DE JURISDICCIÓN EE. UU. / CANADÁ,"POL120210064
 POL120210065",- Responsabilidad Civil,
IDPOL00863,POL120210065,9/6/2021,UNNIO SEGUROS GENERALES S.A.,"SEGURO DE RESPONSABILIDAD CIVIL TV, CINE, TEATRO",CAD120210066,- Responsabilidad Civil,
IDPOL00864,POL120210064,9/6/2021,UNNIO SEGUROS GENERALES S.A.,"SEGURO DE RESPONSABILIDAD CIVIL TV, CINE, TEATRO (INDIVIDUAL)",CAD120210066,- Responsabilidad Civil,
IDPOL00865,POL320210063,4/6/2021,ASOCIACION DE ASEGURADORES DE CHILE A.G.,SEGURO INDIVIDUAL OBLIGATORIO DE SALUD ASOCIADO A COVID 19,,- Salud,
IDPOL00866,POL220210062,2/6/2021,BICE VIDA COMPAÑIA DE SEGUROS S.A.,"PÓLIZA DE SEGURO COLECTIVO DE ASISTENCIA QUE CUBRE GASTOS
 GENERADOS POR EL DECESO DEL ASEGURADO",CAD320190160,- Vida,
IDPOL00867,POL420210061,2/6/2021,AVLA SEGUROS DE CREDITO Y GARANTIA S.A.,SEGURO DE CRÉDITO PARA OPERACIONES DE LEASING INMOBILIARIO,,- Créditos,
IDPOL00868,POL220210060,2/6/2021,BICE VIDA COMPAÑIA DE SEGUROS S.A.,PÓLIZA DE SEGURO COLECTIVO DE ASISTENCIA QUE CUBRE GASTOS GENERADOS POR EL DECESO DEL ASEGURADO,CAD320160238,- Vida,
IDPOL00869,POL220210059,1/6/2021,BICE VIDA COMPAÑIA DE SEGUROS S.A.,"PÓLIZA DE SEGURO COLECTIVO DE ASISTENCIA QUE CUBRE GASTOS GENERADOS POR EL DECESO DEL ASEGURADO, COMERCIALIZADA TELEFÓNICAMENTE",CAD320190160,- Vida,
IDPOL00870,POL320210058,28/5/2021,METLIFE CHILE SEGUROS DE VIDA S.A.,SEGURO DE RENTA DIARIA POR HOSPITALIZACIÓN,,- Salud,
IDPOL00871,CAD220210057,28/5/2021,METLIFE CHILE SEGUROS DE VIDA S.A.,CLÁUSULA ADICIONAL POR GASTOS FUNERARIOS,"POL320130146
 POL320230401
 POL320250002",- Vida,
IDPOL00872,POL120210056,19/5/2021,CHILENA CONSOLIDADA SEGUROS GENERALES S.A.,POLIZA DE ROBO CON FUERZA EN LAS COSAS,"CAD120130249
 CAD120130824",- Robo,
IDPOL00873,POL120210055,19/5/2021,CHILENA CONSOLIDADA SEGUROS GENERALES S.A.,POLIZA DE SEGURO DE REMESA DE VALORES,CAD120130358,- Seguro de Títulos,
IDPOL00874,POL120210054,19/5/2021,CHILENA CONSOLIDADA SEGUROS GENERALES S.A.,POLIZA DE SEGURO DE PERJUICIO POR PARALIZACION,CAD120130334,- Varios Seg. Generales,
IDPOL00875,POL120210053,19/5/2021,CHILENA CONSOLIDADA SEGUROS GENERALES S.A.,PÓLIZA DE SEGURO MULTIRIESGO PARA PEQUEÑAS Y MEDIANAS EMPRESAS,,- Multirriesgo,
IDPOL00876,POL120210052,19/5/2021,CHILENA CONSOLIDADA SEGUROS GENERALES S.A.,POLIZA DE SEGURO DE EQUIPOS ELECTRONICOS,"CAD120130228
 CAD120130229
 CAD120130230
 CAD120130231
 CAD120130232
 CAD120130233
 CAD120130234
 CAD120130236
 CAD120130237",- Varios Seg. Generales,
IDPOL00877,POL120210051,19/5/2021,CHILENA CONSOLIDADA SEGUROS GENERALES S.A.,POLIZA DE SEGURO DE CRISTALES,,- Varios Seg. Generales,
IDPOL00878,POL120210050,19/5/2021,CHILENA CONSOLIDADA SEGUROS GENERALES S.A.,POLIZA DE SEGURO AVERIA DE MAQUINARIA,,- Varios Seg. Generales,
IDPOL00879,POL120210049,19/5/2021,CHILENA CONSOLIDADA SEGUROS GENERALES S.A.,POLIZA DE SEGURO DE ASISTENCIA DOMICILIARIA,,- Asistencia Generales,
IDPOL00880,POL120210048,19/5/2021,CHILENA CONSOLIDADA SEGUROS GENERALES S.A.,POLIZA DE SEGURO DE INCENDIO,"CAD120130297
 CAD120130298
 CAD120130299
 CAD120130300
 CAD120130301
 CAD120130302
 CAD120130306
 CAD120130307
 CAD120130308
 CAD120130309
 CAD120130310
 CAD120130315
 CAD120130316
 CAD120130317
 CAD120130318
 CAD120130319
 CAD120130320
 CAD120130321
 CAD120130322
 CAD120130323
 CAD120130324
 CAD120130325
 CAD120130326
 CAD120130327
 CAD120130330
 CAD120130333
 CAD120130434
 CAD120130718
 CAD120130723
 CAD120130727
 CAD120130732
 CAD120130778
 CAD120130780
 CAD120130799
 CAD120130806
 CAD120130814
 CAD120130818
 CAD120130819
 CAD120130822
 CAD120130823
 CAD120130825
 CAD120130827
 CAD120130833
 CAD120130834
 CAD120130836
 CAD120140097
 CAD120140478
 CAD120140483",- Incendio,
IDPOL00881,CAD320210047,14/5/2021,CHILENA CONSOLIDADA SEGUROS DE VIDA S.A.,CLÁUSULA ADICIONAL DE PRESTACIONES MÉDICAS,"POL220140209
 POL220160215
 POL220220105",- Salud,
IDPOL00882,POL320210046,14/5/2021,CHILENA CONSOLIDADA SEGUROS DE VIDA S.A.,SEGURO PARA PRESTACIONES MÉDICAS,,- Salud,
IDPOL00883,CAD120210045,13/5/2021,SEGUROS GENERALES SURAMERICANA S.A.,"CLAUSULA ADICIONAL DE DAÑOS AL VEHÍCULO DURANTE VIAJE AL EXTRANJERO
 ADICIONAL A PÓLIZA INDIVIDUAL PARA CICLOS",POL120200226,- Vehiculos Motorizados,
IDPOL00884,POL320210044,3/5/2021,SEGUROS DE VIDA SURAMERICANA S.A.,POLIZA INDIVIDUAL DE MUERTE ACCIDENTAL Y REMBOLSO DE GASTOS MEDICOS DE URGENCIA POR ACCIDENTE Y/O ENFERMEDAD,,- Salud,
IDPOL00885,POL320210043,30/4/2021,SEGUROS DE VIDA SURAMERICANA S.A.,POLIZA INDIVIDUAL DE PRESTACIONES MÉDICAS DE SALUD,,- Salud,
IDPOL00886,POL120210042,26/4/2021,CHUBB SEGUROS CHILE S.A.,PÓLIZA DE RIESGOS PATRIMONIALES PARA ENTIDADES NO FINANCIERAS,,- Robo,
IDPOL00887,POL320210041,26/4/2021,BICE VIDA COMPAÑIA DE SEGUROS S.A.,PÓLIZA DE SEGURO DE ACCIDENTES PERSONALES,,- Accidentes Personales,
IDPOL00888,POL320210040,19/4/2021,CF SEGUROS DE VIDA S.A.,SEGURO DE ENFERMEDADES GRAVES,,- Salud,
IDPOL00889,CAD120210039,13/4/2021,SEGUROS GENERALES SURAMERICANA S.A.,"CLAUSULA ADICIONAL DE ROBO DE ACCESORIOS
 ADICIONAL A PÓLIZA INDIVIDUAL PARA CICLOS",POL120200226,- Vehiculos Motorizados,
IDPOL00890,CAD120210038,13/4/2021,SEGUROS GENERALES SURAMERICANA S.A.,"CLAUSULA ADICIONAL DE ROBO DE ACCESORIOS
 ADICIONAL A PÓLIZA INDIVIDUAL PARA CICLOS",POL120200226,- Vehiculos Motorizados,
IDPOL00891,POL320210037,8/4/2021,CHILENA CONSOLIDADA SEGUROS GENERALES S.A.,SEGURO DE ACCIDENTES PERSONALES Y REEMBOLSO DE GASTOS MÉDICOS EN VIAJE,,- Accidentes Personales,
IDPOL00892,POL120210036,8/4/2021,ZURICH SANTANDER SEGUROS GENERALES CHILE S.A.,SEGURO DE ROBO DE CONTENIDOS PARA VEHICULOS MOTORIZADOS,,- Robo,
IDPOL00893,POL220210035,5/4/2021,CF SEGUROS DE VIDA S.A.,DESGRAVAMEN,,- Desgravamen,
IDPOL00894,POL320210034,12/3/2021,COMPAÑIA DE SEGUROS DE VIDA CONSORCIO NACIONAL DE SEGUROS S.A.,SEGURO PARA ENFERMEDADES GRAVES,,- Salud,
IDPOL00895,POL320210033,12/3/2021,COMPAÑIA DE SEGUROS DE VIDA CONSORCIO NACIONAL DE SEGUROS S.A.,SEGURO DE INDEMNIZACIÓN ONCOLÓGICA,,- Salud,
IDPOL00896,POL320210032,7/3/2021,METLIFE CHILE SEGUROS DE VIDA S.A.,SEGURO PARA ENFERMEDADES GRAVES,,- Salud,
IDPOL00897,POL320210024,23/2/2021,BUPA COMPAÑIA DE SEGUROS DE VIDA S.A.,SEGURO COMPLEMENTARIO DE SALUD,,- Salud,
IDPOL00898,POL120210020,11/2/2021,SEGUROS GENERALES SURAMERICANA S.A.,PÓLIZA DE SEGUROS PARA MOTOCICLETAS,"CAD120200177
 CAD120200178
 CAD120200179
 CAD120200180",- Vehiculos Motorizados,
IDPOL00899,POL120210018,1/2/2021,SEGUROS GENERALES SURAMERICANA S.A.,"SEGURO COLECTIVO PROTECCIÓN PARA CLIENTES DE INSTITUCIONES BANCARIAS, FINANCIERAS Y/O COMERCIALES",,- Robo,
IDPOL00900,CAD220210017,28/1/2021,ZURICH SANTANDER SEGUROS DE VIDA CHILE S.A.,CLAUSULA ADICIONAL DE MUERTE ACCIDENTAL,POL220210016,- Vida,
IDPOL00901,POL220210016,28/1/2021,ZURICH SANTANDER SEGUROS DE VIDA CHILE S.A.,SEGURO DE VIDA INDIVIDUAL CON CUENTA ÚNICA DE INVERSIÓN,CAD220210017,- Vida,
IDPOL00902,POL120210014,28/1/2021,ZURICH SANTANDER SEGUROS GENERALES CHILE S.A.,PÓLIZA DE SEGURO DE ROBO CON FUERZA EN LAS COSAS,,- Robo,
IDPOL00903,POL120210013,23/1/2021,ZURICH SANTANDER SEGUROS GENERALES CHILE S.A.,POLIZA DE SEGURO POR DESEMPLEO O INCAPACIDAD TEMPORAL,,- Otro tema,
IDPOL00904,POL320210012,23/1/2021,ZURICH SANTANDER SEGUROS DE VIDA CHILE S.A.,POLIZA DE SEGURO DE HOSPITALIZACIÓN,,- Salud,
IDPOL00905,CAD320210011,23/1/2021,ZURICH SANTANDER SEGUROS DE VIDA CHILE S.A.,CLAUSULA DE PAGO ANTICIPADO DEL CAPITAL ASEGURADO EN CASO DE INVALIDEZ PERMANENTE DOS TERCIOS ADICIONAL A PÓLIZA COLECTIVA DE DESGRAVAMEN POR FALLECIMIENTO,POL220210010,- Accidentes Personales,
IDPOL00906,POL220210010,23/1/2021,ZURICH SANTANDER SEGUROS DE VIDA CHILE S.A.,SEGURO COLECTIVO DE DESGRAVAMEN POR FALLECIMIENTO,CAD320210011,- Desgravamen,
IDPOL00907,POL320210009,22/1/2021,SEGUROS VIDA SECURITY PREVISION S.A.,PÓLIZA DE SEGURO ONCOLÓGICO,,- Salud,
IDPOL00908,POL320210007,20/1/2021,ZURICH SANTANDER SEGUROS DE VIDA CHILE S.A.,PÓLIZA DE SEGURO DE RENTA HOSPITALARIA,,- Accidentes Personales,
IDPOL00909,CAD320210005,18/1/2021,COMPAÑIA DE SEGUROS GENERALES CONSORCIO NACIONAL DE SEGUROS S.A.,CLÁUSULA GASTOS MÉDICOS POR ENFERMEDAD,POL320210004,- Salud,
IDPOL00910,POL320210004,18/1/2021,COMPAÑIA DE SEGUROS GENERALES CONSORCIO NACIONAL DE SEGUROS S.A.,PÓLIZA DE ACCIDENTES PERSONALES,CAD320210005,- Accidentes Personales,
IDPOL00911,CAD320210003,14/1/2021,SEGUROS VIDA SECURITY PREVISION S.A.,CLÁUSULA ADICIONAL DE PRESTACIONES MÉDICAS,"POL220131805
 POL220170153",- Salud,
IDPOL00912,POL320210002,14/1/2021,SEGUROS VIDA SECURITY PREVISION S.A.,PÓLIZA DE PRESTACIONES MÉDICAS,,- Salud,
IDPOL00913,POL120210001,6/1/2021,SEGUROS GENERALES SURAMERICANA S.A.,POLIZA DE SEGURO POR DESEMPLEO O INCAPACIDAD TEMPORAL,,- Varios Seg. Generales,
IDPOL00914,POL320200254,30/12/2020,CHUBB SEGUROS CHILE S.A.,SEGURO DE ACCIDENTES PERSONALES,,- Accidentes Personales,
IDPOL00915,POL320200253,30/12/2020,CHUBB SEGUROS CHILE S.A.,SEGURO DE ACCIDENTES PERSONALES,,- Accidentes Personales,
IDPOL00916,CAD120200242,22/12/2020,BCI SEGUROS GENERALES S.A.,"CLÁUSULA ADICIONAL DE INCENDIO Y DAÑOS MATERIALES A CONSECUENCIA DIRECTA DE HUELGA, SAQUEO, ACTOS MALICIOSOS, DESORDEN POPULAR, MANISFESTACIONES O PROTESTAS MASIVAS, SIEMPRE QUE NO SE CONFIGUREN COMO DELITOS CONTRA LA SEGURIDAD INTERIOR DEL ESTADO","POL120130161
 POL120130185
 POL120131181
 POL120220048",- Incendio,
IDPOL00917,POL120200240,11/12/2020,CHUBB SEGUROS CHILE S.A.,SEGURO DE PERDIDA TOTAL PARA BICICLETAS Y SCOOTERS,,"- Otro tema
 - Robo",
IDPOL00918,POL120200239,11/12/2020,CHUBB SEGUROS CHILE S.A.,SEGURO DE PERDIDA TOTAL PARA BICICLETAS Y SCOOTERS,,"- Otro tema
 - Robo",
IDPOL00919,CAD120200237,10/12/2020,SEGUROS GENERALES SURAMERICANA S.A.,CLAUSULA ADICIONAL DE ASISTENCIA PYME LOGÍSTICA,POL120130705,- Otro tema,
IDPOL00920,CAD320200236,4/12/2020,SEGUROS GENERALES SURAMERICANA S.A.,CLAUSULA ADICIONAL DE EXTENSION DE BENEFICIO DIARIO POR HOSPITALIZACIÓN PARA CICLOS,POL320131851,- Otro tema,
IDPOL00921,POL120200235,2/12/2020,FID CHILE SEGUROS GENERALES S.A.,PÓLIZA SEGURO MULTIRRIESGO PARA TELETRABAJO,,- Multirriesgo,
IDPOL00922,POL120200234,1/12/2020,STARR INTERNATIONAL SEGUROS GENERALES S.A.,SEGURO DE RESPONSABILIDAD CIVIL DE DIRECTORES Y EJECUTIVOS,,- Responsabilidad Civil,
IDPOL00923,POL120200233,1/12/2020,STARR INTERNATIONAL SEGUROS GENERALES S.A.,SEGURO DE RESPONSABILIDAD CIVIL DE DIRECTORES Y EJECUTIVOS,,- Responsabilidad Civil,
IDPOL00924,POL120200232,1/12/2020,STARR INTERNATIONAL SEGUROS GENERALES S.A.,SEGURO DE RESPONSABILIDAD CIVIL DE DIRECTORES Y EJECUTIVOS,,- Responsabilidad Civil,
IDPOL00925,CAD320200231,27/11/2020,SEGUROS GENERALES SURAMERICANA S.A.,CLAUSULA DE INDEMNIZACIÓN DE GASTOS FUNERARIOS Y REPATRIACION,POL320200228,- Otro tema,
IDPOL00926,CAD320200230,27/11/2020,SEGUROS GENERALES SURAMERICANA S.A.,CLAUSULA DE HOSPITALIZACIÓN POR ACCIDENTE,POL320200228,- Otro tema,
IDPOL00927,CAD320200229,27/11/2020,SEGUROS GENERALES SURAMERICANA S.A.,CLAUSULA DE INVALIDEZ TOTAL Y PERMANENTE DOS TERCIOS POR ACCIDENTE,POL320200228,- Accidentes Personales,
IDPOL00928,POL320200228,27/11/2020,SEGUROS GENERALES SURAMERICANA S.A.,POLIZA DE SEGURO DE ACCIDENTES PERSONALES,"CAD320200229
 CAD320200230
 CAD320200231",- Accidentes Personales,
IDPOL00929,CAD120200227,25/11/2020,SEGUROS GENERALES SURAMERICANA S.A.,CLAUSULA ADICIONAL DE EXTENSION DE RESPONSABILIDAD CIVIL PARA CICLOS,POL120200226,- Otro tema,
IDPOL00930,POL120200226,25/11/2020,SEGUROS GENERALES SURAMERICANA S.A.,POLIZA DE INTEGRAL PARA CICLOS,"CAD120200227
 CAD120210038
 CAD120210039
 CAD120210045",- Vehiculos Motorizados,
IDPOL00931,CAD120200225,19/11/2020,BCI SEGUROS GENERALES S.A.,CLAUSULA DE DAÑOS MATERIALES CAUSADOS POR PESO DE NIEVE O HIELO,POL120170129,- Incendio,
IDPOL00932,CAD120200224,19/11/2020,BCI SEGUROS GENERALES S.A.,CLAUSULA DE DAÑOS MATERIALES CAUSADOS POR PESO DE NIEVE O HIELO,POL120170129,- Incendio,
IDPOL00933,CAD120200223,19/11/2020,BCI SEGUROS GENERALES S.A.,CLAUSULA DE DAÑOS MATERIALES CAUSADOS POR PESO DE NIEVE O HIELO,POL120170129,- Incendio,
IDPOL00934,POL120200222,18/11/2020,SOUTHBRIDGE COMPAÑIA DE SEGUROS GENERALES S.A.,SEGURO DE RESPONSABILIDAD CIVIL PROVENIENTE DE DAÑOS Y PERJUICIOS CAUSADOS POR MASCOTAS,,"- Otro tema
 - Responsabilidad Civil",
IDPOL00935,POL320200221,16/11/2020,METLIFE CHILE SEGUROS DE VIDA S.A.,SEGURO DE RENTA DIARIA POR HOSPITALIZACIÓN PARA OFERTA POR MEDIO DE SISTEMAS DE TELEFONIA U OTROS ANALOGOS,,- Salud,
IDPOL00936,POL320200220,16/11/2020,METLIFE CHILE SEGUROS DE VIDA S.A.,SEGURO PARA ENFERMEDADES GRAVES,,- Salud,
IDPOL00937,POL120200219,13/11/2020,SEGUROS GENERALES SURAMERICANA S.A.,PÓLIZA DE SEGUROS PARA VEHÍCULOS MOTORIZADOS,"CAD120160140
 CAD120160142
 CAD120160143
 CAD120160144
 CAD120160145
 CAD120160146
 CAD120160147
 CAD120160148
 CAD120160149
 CAD120160150
 CAD120160151
 CAD120160152
 CAD120160153",- Vehiculos Motorizados,
IDPOL00938,POL320200218,13/11/2020,SEGUROS VIDA SECURITY PREVISION S.A.,PÓLIZA DE PRESTACIONES MÉDICAS,,- Salud,
IDPOL00939,POL120200216,11/11/2020,MAPFRE COMPAÑIA DE SEGUROS GENERALES DE CHILE S.A.,PÓLIZA DE SEGURO DE PROTECCIÓN POR FRAUDE Y ROBO,,"- Otro tema
 - Robo",
IDPOL00940,POL320200214,6/11/2020,BUPA COMPAÑIA DE SEGUROS DE VIDA S.A.,SEGURO PARA PRESTACIONES MÉDICAS DE ALTO COSTO,,- Salud,
IDPOL00941,POL320200213,6/11/2020,BUPA COMPAÑIA DE SEGUROS DE VIDA S.A.,SEGURO COLECTIVO PARA PRESTACIONES MÉDICAS DE ALTO COSTO,,- Salud,
IDPOL00942,POL120200209,29/10/2020,ASOCIACION DE ASEGURADORES DE CHILE A.G.,Seguro de Responsabilidad Civil,"CAD120131759
 CAD120131760
 CAD120131761
 CAD120131762
 CAD120131763
 CAD120131764
 CAD120131765
 CAD120131766
 CAD120131767
 CAD120131768
 CAD120131769
 CAD120131770
 CAD120131772
 CAD120131773
 CAD120131774
 CAD120131775
 CAD120131776
 CAD120131777
 CAD120131778
 CAD120131779
 CAD120131780
 CAD120131781
 CAD120131782
 CAD120131783
 CAD120131796
 CAD120131797
 CAD120131798
 CAD120131799
 CAD120131800
 CAD120131801
 CAD120131802
 CAD120131803
 CAD120131899
 CAD120150788
 CAD120150789
 CAD120150790
 CAD120160012
 CAD120160024
 CAD120190149",- Responsabilidad Civil,
IDPOL00943,POL320200208,23/10/2020,ZURICH SANTANDER SEGUROS DE VIDA CHILE S.A.,PÓLIZA DE SEGURO DE RENTA HOSPITALARIA,,- Accidentes Personales,
IDPOL00944,CAD120200207,21/10/2020,CHUBB SEGUROS CHILE S.A.,Cláusula adicional para cobertura de Engaño,POL120200075,- Otro tema,
IDPOL00945,POL320200206,16/10/2020,ZURICH SANTANDER SEGUROS DE VIDA CHILE S.A.,PÓLIZA DE SEGURO DE RENTA HOSPITALARIA,,- Salud,
IDPOL00946,CAD320200205,16/10/2020,HDI SEGUROS DE VIDA S.A.,CLAUSULA ADICIONAL COBERTURA ODONTOLOGÍA,"POL320200201
 POL320220062",- Salud,
IDPOL00947,POL120200203,15/10/2020,ASOCIACION DE ASEGURADORES DE CHILE A.G.,SEGURO DE RESPONSABILIDAD CIVIL,,- Responsabilidad Civil,
IDPOL00948,POL320200202,15/10/2020,HDI SEGUROS DE VIDA S.A.,SEGURO PARA PRESTACIONES MÉDICAS DE ALTO COSTO,,- Salud,
IDPOL00949,POL320200201,15/10/2020,HDI SEGUROS DE VIDA S.A.,SEGURO COLECTIVO COMPLEMENTARIO DE SALUD,CAD320200205,- Salud,
IDPOL00950,POL120200200,15/10/2020,ZURICH SANTANDER SEGUROS GENERALES CHILE S.A.,PÓLIZA INDIVIDUAL DE SEGURO DE PROTECCIÓN EMPRESA,,- Otro tema,
IDPOL00951,CAD120200199,13/10/2020,ZURICH SANTANDER SEGUROS GENERALES CHILE S.A.,CLAUSULA ADICIONAL DE ROBO Y DAÑOS FISICOS PRODUCTO DEL ROBO,POL120200196,- Robo,
IDPOL00952,CAD120200198,13/10/2020,ZURICH SANTANDER SEGUROS GENERALES CHILE S.A.,CLAUSULA ADICIONAL DE ROBO CON VIOLENCIA EN LAS PERSONAS,POL120200196,- Robo,
IDPOL00953,CAD120200197,13/10/2020,ZURICH SANTANDER SEGUROS GENERALES CHILE S.A.,CLAUSULA ADICIONAL DE RESPONSABILIDAD CIVIL FAMILIAR,POL120200196,- Responsabilidad Civil,
IDPOL00954,POL120200196,13/10/2020,ZURICH SANTANDER SEGUROS GENERALES CHILE S.A.,PÓLIZA INDIVIDUAL DE SEGURO POR PERDIDA O DAÑOS MATERIALES DE INMUEBLE Y/O CONTENIDO,"CAD120200197
 CAD120200198
 CAD120200199",- Multirriesgo,
IDPOL00955,POL120200194,6/10/2020,METLIFE CHILE SEGUROS GENERALES S.A.,PÓLIZA DE PROTECCIÓN A CLIENTES DE ENTIDAD FINANCIERA O COMERCIAL,,"- Multirriesgo
 - Otro tema
 - Robo",
IDPOL00956,POL120200191,6/10/2020,ASSURANT CHILE COMPAÑIA DE SEGUROS GENERALES S.A.,Póliza de Reparaciones de Bienes Electrónicos.,,- Varios Seg. Generales,
IDPOL00957,POL220200190,2/10/2020,ASOCIACION DE ASEGURADORES DE CHILE A.G.,"SEGURO COLECTIVO TEMPORAL DE VIDA
 PARA FUNCIONARIOS DE DEL SISTEMA DE SALUD DE LAS FUERZAS ARMADAS Y DE LAS FUERZAS DE ORDEN Y SEGURIDAD PÚBLICA
 EN CASOS DE COVID 19",,- Vida,
IDPOL00958,CAD220200189,2/10/2020,METLIFE CHILE SEGUROS DE VIDA S.A.,CLAUSULA DE RENTA ANUAL POR FALLECIMIENTO,POL220170060,- Vida,
IDPOL00959,CAD220200188,2/10/2020,METLIFE CHILE SEGUROS DE VIDA S.A.,CLAUSULA DE PAGO MENSUAL EN CASO DE INCAPACIDAD,POL220170060,- Vida,
IDPOL00960,CAD220200187,2/10/2020,METLIFE CHILE SEGUROS DE VIDA S.A.,CLAUSULA DE INVALIDEZ ACCIDENTAL,POL220170060,- Vida,
IDPOL00961,CAD220200186,2/10/2020,METLIFE CHILE SEGUROS DE VIDA S.A.,CLAUSULA DE MUERTE ACCIDENTAL,POL220170060,- Vida,
IDPOL00962,CAD220200185,2/10/2020,METLIFE CHILE SEGUROS DE VIDA S.A.,CLAUSULA DE PAGO ANTICIPADO DEL CAPITAL ASEGURADO EN CASO DE INVALIDEZ PERMANENTE 80%,POL220170060,- Vida,
IDPOL00963,CAD220200184,2/10/2020,METLIFE CHILE SEGUROS DE VIDA S.A.,CLAUSULA DE PAGO ANTICIPADO DEL CAPITAL ASEGURADO EN CASO DE INVALIDEZ PERMANENTE DOS TERCIOS,POL220170060,- Vida,
IDPOL00964,CAD220200183,2/10/2020,METLIFE CHILE SEGUROS DE VIDA S.A.,CLAUSULA DE PAGO ANTICIPADO DEL CAPITAL ASEGURADO EN CASO DE INVALIDEZ PERMANENTE DOS TERCIOS,POL220170060,- Vida,
IDPOL00965,CAD220200182,2/10/2020,METLIFE CHILE SEGUROS DE VIDA S.A.,CLÁUSULA DE ENFERMEDADES GRAVES,POL220170060,- Vida,
IDPOL00966,CAD320200181,2/10/2020,METLIFE CHILE SEGUROS DE VIDA S.A.,CLÁUSULA ADICIONAL POR CUOTA MORTUORIA,POL220170060,- Asistencia Vida,
IDPOL00967,CAD120200180,1/10/2020,SEGUROS GENERALES SURAMERICANA S.A.,CLAUSULA ADICIONAL DE ROBO DE ACCESORIOS,"POL120200019
 POL120210020",- Vehiculos Motorizados,
IDPOL00968,CAD120200179,1/10/2020,SEGUROS GENERALES SURAMERICANA S.A.,CLAUSULA ADICIONAL DE DAÑOS MATERIALES CAUSADOS POR LA PROPIA CARGA,"POL120200019
 POL120210020",- Vehiculos Motorizados,
IDPOL00969,CAD120200178,1/10/2020,SEGUROS GENERALES SURAMERICANA S.A.,CLAUSULA ADICIONAL DE DAÑOS A TERCEROS CAUSADOS POR LA PROPIA CARGA,"POL120200019
 POL120210020",- Vehiculos Motorizados,
IDPOL00970,CAD120200177,1/10/2020,SEGUROS GENERALES SURAMERICANA S.A.,CLAUSULA ADICIONAL DE DAÑOS A TERCEROS CAUSADOS POR LA PROPIA CARGA,"POL120200019
 POL120210020",- Vehiculos Motorizados,
IDPOL00971,POL120200174,22/9/2020,CHUBB SEGUROS CHILE S.A.,SEGURO RESPONSABILIDAD CIVIL PARA INSTITUCIONES MÉDICAS,,- Responsabilidad Civil,
IDPOL00972,POL120200173,17/9/2020,SOUTHBRIDGE COMPAÑIA DE SEGUROS GENERALES S.A.,PÓLIZA DE SEGURO DE INCENDIO PARA RIESGOS COMERCIALES (PYME),,- Incendio,
IDPOL00973,POL120200172,17/9/2020,SOUTHBRIDGE COMPAÑIA DE SEGUROS GENERALES S.A.,POLIZA DE PERJUICIOS POR PARALIZACION,,- Varios Seg. Generales,
IDPOL00974,POL120200171,17/9/2020,SOUTHBRIDGE COMPAÑIA DE SEGUROS GENERALES S.A.,PÓLIZA DE SEGURO DE INCENDIO PARA RIESGOS COMERCIALES (PYME),,- Incendio,
IDPOL00975,CAD120200169,11/9/2020,SEGUROS GENERALES SURAMERICANA S.A.,"CLÁUSULA ADICIONAL DE INCENDIO Y DAÑOS MATERIALES A CONSECUENCIA DIRECTA DE HUELGA, SAQUEO, ACTOS MALICIOSOS, CONMOCIÓN CIVIL O DESORDEN POPULAR","POL120130161
 POL120130738
 POL120130911
 POL120131181
 POL120160008
 POL120160201
 POL120170121
 POL120220048",- Incendio,
IDPOL00976,POL120200168,10/9/2020,COMPAÑIA DE SEGUROS GENERALES CONSORCIO NACIONAL DE SEGUROS S.A.,PÓLIZA DE SEGURO DE RESPONSABILIDAD CIVIL PROFESIONAL,,- Responsabilidad Civil,
IDPOL00977,POL320200167,9/9/2020,SEGUROS VIDA SECURITY PREVISION S.A.,PÓLIZA DE PRESTACIONES MÉDICAS,,- Salud,
IDPOL00978,POL120200166,27/8/2020,BCI SEGUROS GENERALES S.A.,PÓLIZA PROTECCIÓN PERSONAL,,- Multirriesgo,
IDPOL00979,CAD120200165,27/8/2020,ZURICH SANTANDER SEGUROS GENERALES CHILE S.A.,CLÁUSULA ADICIONAL DE ROBO DEL TERMINAL DE PUNTO DE VENTA (POS),POL120200163,- Robo,
IDPOL00980,CAD120200164,27/8/2020,ZURICH SANTANDER SEGUROS GENERALES CHILE S.A.,CLÁUSULA ADICIONAL DE ROBO DEL TERMINAL DE PUNTO DE VENTA (POS),POL120200162,- Robo,
IDPOL00981,POL120200163,27/8/2020,ZURICH SANTANDER SEGUROS GENERALES CHILE S.A.,PÓLIZA INDIVIDUAL DE SEGURO DE PERDIDA DE BENEFICIO CAUSADA POR DAÑOS O POR LUTO,CAD120200165,- Otro tema,
IDPOL00982,POL120200162,27/8/2020,ZURICH SANTANDER SEGUROS GENERALES CHILE S.A.,"PÓLIZA INDIVIDUAL DE SEGURO DE PÉRDIDA DE INGRESOS PARA TRABAJADORES INDEPENDIENTES POR INCAPACIDAD ACCIDENTAL, EN DETERMINADOS CASOS, Y POR HOSPITALIZACIÓN POR ACCIDENTE",CAD120200164,- Otro tema,
IDPOL00983,POL120200161,24/8/2020,COMPAÑIA DE SEGUROS GENERALES CONSORCIO NACIONAL DE SEGUROS S.A.,PÓLIZA DE SEGURO PROTECCIÓN PATRIMONIAL,CAD320200084,- Robo,
IDPOL00984,POL320200160,20/8/2020,SOUTHBRIDGE COMPAÑIA DE SEGUROS GENERALES S.A.,PÓLIZA DE ACCIDENTES PERSONALES,,- Asistencia Generales,
IDPOL00985,CAD120200159,17/8/2020,CHUBB SEGUROS CHILE S.A.,"COBERTURA ADICIONAL DE CONSTRUCCION DE CONDUCTOS (TUBERIAS, CABLES SUBTERRANEOS)",POL120200141,- Multirriesgo,
IDPOL00986,CAD120200158,17/8/2020,CHUBB SEGUROS CHILE S.A.,COBERTURA ADICIONAL DE GASTOS POR FLETE AEREO,POL120200141,- Multirriesgo,
IDPOL00987,CAD120200157,17/8/2020,CHUBB SEGUROS CHILE S.A.,COBERTURA ADICIONAL DE HUELGA Y MOTIN,POL120200141,- Multirriesgo,
IDPOL00988,CAD120200156,17/8/2020,CHUBB SEGUROS CHILE S.A.,COBERTURA ADICIONAL DE BIENES EXISTENTES,POL120200141,- Multirriesgo,
IDPOL00989,CAD120200155,17/8/2020,CHUBB SEGUROS CHILE S.A.,COBERTURA ADICIONAL DE EQUIPO DE CONTRATISTAS,POL120200141,- Multirriesgo,
IDPOL00990,CAD120200154,17/8/2020,CHUBB SEGUROS CHILE S.A.,"COBERTURA ADICIONAL RELATIVA A MEDIDAS DE SEGURIDAD EN CASO DE PRECIPITACIONES, AVENIDAS E INUNDACION",POL120200141,- Multirriesgo,
IDPOL00991,CAD120200153,17/8/2020,CHUBB SEGUROS CHILE S.A.,COBERTURA ADICIONAL DE ESTRUCTURAS EN ZONAS SISMICAS,POL120200141,- Otro tema,
IDPOL00992,CAD120200152,17/8/2020,CHUBB SEGUROS CHILE S.A.,COBERTURA ADICIONAL DE ACTOS TERRORISTAS,POL120200141,- Incendio,
IDPOL00993,CAD120200151,17/8/2020,CHUBB SEGUROS CHILE S.A.,COBERTURA ADICIONAL DE CAMINOS PROVISIONALES DE ACCESO,POL120200141,- Multirriesgo,
IDPOL00994,CAD120200150,17/8/2020,CHUBB SEGUROS CHILE S.A.,"COBERTURA ADICIONAL DE GASTOS ADICIONALES DE HORAS EXTRAS, TRABAJOS EN LA NOCHE O EN DIAS DE FIESTA, FLETE EXPRESO",POL120200141,- Multirriesgo,
IDPOL00995,CAD120200149,17/8/2020,CHUBB SEGUROS CHILE S.A.,"COBERTURA ADICIONAL DE GASTOS ADICIONALES DE HORAS EXTRAS, TRABAJOS EN LA NOCHE O EN DIAS DE FIESTA, FLETE EXPRESO",POL120200141,- Multirriesgo,
IDPOL00996,CAD120200148,17/8/2020,CHUBB SEGUROS CHILE S.A.,COBERTURA ADICIONAL DE MANTENIMIENTO AMPLIADO,POL120200141,- Multirriesgo,
IDPOL00997,CAD120200147,17/8/2020,CHUBB SEGUROS CHILE S.A.,COBERTURA ADICIONAL DE CABLES O TUBERIAS SUBTERRANEOS EXISTENTES,POL120200141,- Multirriesgo,
IDPOL00998,CAD120200146,17/8/2020,CHUBB SEGUROS CHILE S.A.,COBERTURA ADICIONAL DE INSTALACIONES DE OBRA,POL120200141,- Multirriesgo,
IDPOL00999,CAD120200145,17/8/2020,CHUBB SEGUROS CHILE S.A.,CLAUSULA ADICIONAL DE MEDIDAS DE PREVENCION DE INCENDIO,POL120200141,- Multirriesgo,
IDPOL01000,CAD120200144,17/8/2020,CHUBB SEGUROS CHILE S.A.,CLAUSULA ADICIONAL DE MEDIDAS DE PREVENCION DE INCENDIO,POL120200141,- Multirriesgo,
IDPOL01001,CAD120200143,17/8/2020,CHUBB SEGUROS CHILE S.A.,CLAUSULA ADICIONAL RESTRICTIVA DE BIENES ALMACENADOS,POL120200141,- Multirriesgo,
IDPOL01002,CAD120200142,17/8/2020,CHUBB SEGUROS CHILE S.A.,CLAUSULA ADICIONAL RESTRICTIVA DE BIENES ALMACENADOS,POL120200141,- Multirriesgo,
IDPOL01003,POL120200141,17/8/2020,CHUBB SEGUROS CHILE S.A.,POLIZA DE SEGURO PARA TODO RIESGO DE CONSTRUCCION,"CAD120200142
 CAD120200143
 CAD120200144
 CAD120200145
 CAD120200146
 CAD120200147
 CAD120200148
 CAD120200149
 CAD120200150
 CAD120200151
 CAD120200152
 CAD120200153
 CAD120200154
 CAD120200155
 CAD120200156
 CAD120200157
 CAD120200158
 CAD120200159",- Multirriesgo,
IDPOL01004,POL220200140,15/8/2020,BICE VIDA COMPAÑIA DE SEGUROS S.A.,PÓLIZA DE SEGURO INDIVIDUAL DE ASISTENCIA QUE CUBRE GASTOS GENERADOS POR EL DECESO DEL ASEGURADO,"CAD220220042
 CAD320190160","- Asistencia Vida
 - Vida",
IDPOL01005,POL120200139,13/8/2020,CHUBB SEGUROS CHILE S.A.,Póliza de Responsabilidad Civil Médica para Instituciones,,- Responsabilidad Civil,
IDPOL01006,POL320200138,13/8/2020,METLIFE CHILE SEGUROS DE VIDA S.A.,PÓLIZA DE SEGURO DE FALLECIMIENTO ACCIDENTAL CON CUENTA DE CAPITALIZACIÓN Y AHORRO,"CAD220170015
 CAD320190084
 CAD320200040",- Accidentes Personales,
IDPOL01007,POL220200135,12/8/2020,METLIFE CHILE SEGUROS DE VIDA S.A.,PÓLIZA DE SEGURO DE FALLECIMIENTO ACCIDENTAL CON CUENTA DE CAPITALIZACIÓN Y AHORRO,"CAD220170015
 CAD320190084
 CAD320200040",- Accidentes Personales,
IDPOL01008,POL220200134,12/8/2020,METLIFE CHILE SEGUROS DE VIDA S.A.,"PÓLIZA DE SEGURO TEMPORAL DE VIDA CON CUENTA DE CAPITALIZACIÓN Y
 AHORRO","CAD220170015
 CAD320190084
 CAD320200040",- Vida,
IDPOL01009,POL220200133,12/8/2020,COMPAÑIA DE SEGUROS DE VIDA CONSORCIO NACIONAL DE SEGUROS S.A.,PÓLIZA DE SEGURO DE VIDA CON PRIMAS VARIABLES VINCULADO A TASAS DE INTERÉS,CAD220130674,- Vida Flexible,
IDPOL01010,POL220200132,12/8/2020,BICE VIDA COMPAÑIA DE SEGUROS S.A.,"PÓLIZA DE SEGURO COLECTIVO DE ASISTENCIA QUE CUBRE GASTOS
 GENERADOS POR EL DECESO DEL ASEGURADO",CAD320190160,"- Asistencia Vida
 - Vida",
IDPOL01011,POL320200131,11/8/2020,METLIFE CHILE SEGUROS DE VIDA S.A.,"PÓLIZA DE SEGURO DE ENFERMEDADES GRAVES CON CUENTA DE
 CAPITALIZACIÓN Y AHORRO","CAD320190084
 CAD320200087",- Salud,
IDPOL01012,POL220200129,7/8/2020,BICE VIDA COMPAÑIA DE SEGUROS S.A.,PÓLIZA DE SEGURO DE VIDA INDIVIDUAL CON AHORRO,CAD320160238,- Vida Flexible,
IDPOL01013,CAD120200127,24/7/2020,SEGUROS GENERALES SURAMERICANA S.A.,"CLÁUSULA ADICIONAL DE INCENDIO Y DAÑOS MATERIALES A CONSECUENCIA DIRECTA DE HUELGA, SAQUEO, ACTOS MALICIOSOS, CONMOCIÓN CIVIL O DESORDEN POPULAR","POL120130161
 POL120130738
 POL120130911
 POL120131181
 POL120160008
 POL120160201
 POL120170121
 POL120220048",- Incendio,
IDPOL01014,POL120200126,22/7/2020,ORION SEGUROS GENERALES S.A.,Póliza de Seguro de Responsabilidad Civil,,- Responsabilidad Civil,
IDPOL01015,CAD320200125,22/7/2020,SEGUROS VIDA SECURITY PREVISION S.A.,CLÁUSULA ADICIONAL DE INCAPACIDAD PERMANENTE POR ACCIDENTE,POL220200123,- Accidentes Personales,
IDPOL01016,CAD320200124,22/7/2020,SEGUROS VIDA SECURITY PREVISION S.A.,CLÁUSULA ADICIONAL DE MUERTE ACCIDENTAL,POL220200123,- Accidentes Personales,
IDPOL01017,POL220200123,22/7/2020,SEGUROS VIDA SECURITY PREVISION S.A.,POLIZA COLECTIVA TEMPORAL DE VIDA CON AJUSTE DE CAPITAL,"CAD320200124
 CAD320200125",- Vida,
IDPOL01018,POL320200121,15/7/2020,COMPAÑIA DE SEGUROS DE VIDA CONSORCIO NACIONAL DE SEGUROS S.A.,SEGURO DE INDEMNIZACIÓN ONCOLÓGICA,,- Salud,
IDPOL01019,POL320200120,15/7/2020,COMPAÑIA DE SEGUROS DE VIDA CONSORCIO NACIONAL DE SEGUROS S.A.,SEGURO PARA ENFERMEDADES GRAVES,,- Salud,
IDPOL01020,CAD320200119,13/7/2020,CHUBB SEGUROS CHILE S.A.,Cláusula adicional de Gastos por Hospitalización a Causa de Accidente o Enfermedad con o sin Convalecencia.,POL320170243,- Salud,
IDPOL01021,POL220200118,9/7/2020,METLIFE CHILE SEGUROS DE VIDA S.A.,SEGURO DE VIDA FLEXIBLE CON FONDOS DE INVERSIÓN,"CAD220150739
 CAD220150839
 CAD220160354
 CAD320150737
 CAD320150743
 CAD320150840
 CAD320190156
 CAD320190157
 CAD320190158",- Vida Flexible,
IDPOL01022,CAD120200116,7/7/2020,SEGUROS GENERALES SURAMERICANA S.A.,CLAUSULA ADICIONAL DE ASISTENCIA PYME EMPRENDEDOR PLUS,POL120130705,- Asistencia Generales,
IDPOL01023,POL120200115,6/7/2020,SEGUROS GENERALES SURAMERICANA S.A.,PÓLIZA DE GARANTÍA EXTENDIDA AVERÍA MECÁNICA,,- Vehiculos Motorizados,
IDPOL01024,CAD320200114,6/7/2020,OHIO NATIONAL SEGUROS DE VIDA S.A.,CLAUSULA DE MUERTE ACCIDENTAL. AUTORIZADA POR RESOLUCION N°160 DE 02/06/2014.,POL220200110,"- Ahorro Previ Voluntario (APV)
 - Vida",
IDPOL01025,CAD320200113,6/7/2020,OHIO NATIONAL SEGUROS DE VIDA S.A.,"CLAUSULA PAGO ANTICIPADO DEL MONTO POR FALLECIMIENTO
 EN CASO DE INVALIDEZ
 TOTAL Y PERMANENTE DOS TERCIOS. AUTORIZADA POR RESOLUCION N°3203 DE 26/06/2020 COMO PLAN APV",POL220200110,"- Ahorro Previ Voluntario (APV)
 - Vida",
IDPOL01026,POL220200110,2/7/2020,OHIO NATIONAL SEGUROS DE VIDA S.A.,SEGURO DE VIDA FLEXIBLE CON AHORRO PREVISIONAL VOLUNTARIO CON RENTABILIDAD VARIABLE,"CAD220140289
 CAD320200113
 CAD320200114","- Ahorro Previ Voluntario (APV)
 - Vida",
IDPOL01027,CAD220200109,30/6/2020,SEGUROS DE VIDA SURAMERICANA S.A.,CLAUSULA ADICIONAL DE HOSPITALIZACIÓN POR ACCIDENTE O ENFERMEDAD,POL220190179,- Otro tema,
IDPOL01028,CAD220200108,30/6/2020,SEGUROS DE VIDA SURAMERICANA S.A.,CLAUSULA ADICIONAL DE HOSPITALIZACIÓN POR ACCIDENTE O ENFERMEDAD,POL220190179,- Otro tema,
IDPOL01029,CAD320200107,30/6/2020,METLIFE CHILE SEGUROS DE VIDA S.A.,CLÁUSULA DE COBERTURA DENTAL,"POL320200069
 POL320200074
 POL320220180
 POL320250049
 POL320250087",- Salud,
IDPOL01030,CAD320200106,30/6/2020,METLIFE CHILE SEGUROS DE VIDA S.A.,EXONERACIÓN DE PAGO DE PRIMAS POR FALLECIMIENTO DEL ASEGURADO TITULAR,"POL320200069
 POL320200074
 POL320220180
 POL320250049
 POL320250087",- Salud,
IDPOL01031,POL120200104,23/6/2020,ASOCIACION DE ASEGURADORES DE CHILE A.G.,PÓLIZA DE SEGURO DE GARANTÍA A PRIMER REQUERIMIENTO PARA CIERRE DE FAENAS MINERAS,,- Garantías y Fidelidad,
IDPOL01032,POL320200103,19/6/2020,COMPAÑIA DE SEGUROS DE VIDA CONSORCIO NACIONAL DE SEGUROS S.A.,PÓLIZA SEGURO DE SALUD,,- Salud,
IDPOL01033,CAD320200102,19/6/2020,COMPAÑIA DE SEGUROS DE VIDA CONSORCIO NACIONAL DE SEGUROS S.A.,CLAUSULA ADICIONAL DE MUERTE ACCIDENTAL,POL220200101,- Accidentes Personales,
IDPOL01034,POL220200101,19/6/2020,COMPAÑIA DE SEGUROS DE VIDA CONSORCIO NACIONAL DE SEGUROS S.A.,PÓLIZA DE SEGURO DE VIDA,"CAD220250086
 CAD320200102",- Vida,
IDPOL01035,POL120200100,19/6/2020,BCI SEGUROS GENERALES S.A.,CONDICIONES GENERALES DE SEGUROS PARA PARA BICICLETAS,,- Varios Seg. Generales,
IDPOL01036,CAD220200095,15/6/2020,METLIFE CHILE SEGUROS DE VIDA S.A.,CLÁUSULA ADICIONAL POR GASTOS FUNERARIOS,POL320130102,- Vida,
IDPOL01037,POL120200094,12/6/2020,UNNIO SEGUROS GENERALES S.A.,PÓLIZA DE SEGURO DE CUMPLIMIENTO PARA CONTRATOS DE ARRENDAMIENTO,,- Otro tema,
IDPOL01038,POL220200093,11/6/2020,ASOCIACION DE ASEGURADORES DE CHILE A.G.,"SEGURO COLECTIVO TEMPORAL DE VIDA
 PARA FUNCIONARIOS DEL SERVICIO MÉDICO LEGAL
 EN CASOS DE COVID 19",,- Vida,
IDPOL01039,POL220200092,29/5/2020,ASOCIACION DE ASEGURADORES DE CHILE A.G.,"SEGURO COLECTIVO TEMPORAL DE VIDA
 PARA FUNCIONARIOS DE ATENCIÓN PRIMARIA DE SALUD MUNICIPAL
 EN CASOS DE COVID 19",,- Vida,
IDPOL01040,POL220200091,29/5/2020,ASOCIACION DE ASEGURADORES DE CHILE A.G.,"SEGURO COLECTIVO TEMPORAL DE VIDA
 PARA FUNCIONARIOS DE LA SALUD PÚBLICA
 EN CASOS DE COVID 19",,- Vida,
IDPOL01041,POL320200090,25/5/2020,METLIFE CHILE SEGUROS DE VIDA S.A.,"SEGURO DE REEMBOLSO DE GASTOS MÉDICOS PARA TRATAMIENTO
 ONCOLÓGICO",,- Salud,
IDPOL01042,POL120200089,20/5/2020,SEGUROS GENERALES SURAMERICANA S.A.,PÓLIZA DE SEGURO VEHÍCULOS,,- Vehiculos Motorizados,
IDPOL01043,CAD120200088,20/5/2020,LIBERTY COMPAÑIA DE SEGUROS GENERALES S.A.,CLÁUSULA DE INCENDIO Y DAÑOS MATERIALES A CONSECUENCIA DIRECTA DE ACTOS TERRORISTAS,POL120130161,- Incendio,
IDPOL01044,CAD320200087,20/5/2020,METLIFE CHILE SEGUROS DE VIDA S.A.,CLAUSULA DE MUERTE ACCIDENTAL,"POL320190071
 POL320200131",- Accidentes Personales,
IDPOL01045,CAD120200086,13/5/2020,CHUBB SEGUROS CHILE S.A.,Cláusula adicional de Asistencia Digital,POL120200080,- Asistencia Generales,
IDPOL01046,CAD320200084,11/5/2020,COMPAÑIA DE SEGUROS GENERALES CONSORCIO NACIONAL DE SEGUROS S.A.,CLÁUSULA ADICIONAL DE MUERTE ACCIDENTAL E INVALIDEZ TOTAL PERMANENTE 80% POR ACCIDENTE,"POL120200082
 POL120200161",- Accidentes Personales,
IDPOL01047,CAD120200083,8/5/2020,COMPAÑIA DE SEGUROS GENERALES CONSORCIO NACIONAL DE SEGUROS S.A.,CLÁUSULA ADICIONAL DE MUERTE ACCIDENTAL E INVALIDEZ TOTAL PERMANENTE 80% POR ACCIDENTE,POL120200082,- Robo,
IDPOL01048,POL120200082,8/5/2020,COMPAÑIA DE SEGUROS GENERALES CONSORCIO NACIONAL DE SEGUROS S.A.,PÓLIZA DE SEGURO PROTECCIÓN PATRIMONIAL,"CAD120200083
 CAD320200084",- Robo,
IDPOL01049,POL120200081,5/5/2020,CHUBB SEGUROS CHILE S.A.,"PÓLIZA DE SEGURO INTEGRAL PARA ROBO, HURTO O EXTRAVIO DE CHEQUES",,- Robo,
IDPOL01050,POL120200080,5/5/2020,CHUBB SEGUROS CHILE S.A.,SEGURO DE ROBO Y UTILIZACION FORZADA DE BILLETERA DIGITAL,CAD120200086,- Robo,
IDPOL01051,POL120200079,5/5/2020,CHUBB SEGUROS CHILE S.A.,SEGURO DE APOYO AL ROBO,,- Robo,
IDPOL01052,POL120200078,5/5/2020,CHUBB SEGUROS CHILE S.A.,PÓLIZA DE ASISTENCIA EN CASO DE ROBO,,- Robo,
IDPOL01053,POL120200077,5/5/2020,CHUBB SEGUROS CHILE S.A.,POLIZA DE ASISTENCIA Y ORIENTACIÓN LEGAL,,- Asistencia Generales,
IDPOL01054,POL120200076,5/5/2020,CHUBB SEGUROS CHILE S.A.,PÓLIZA DE SEGURO DE ASISTENCIA MEDICA,,- Asistencia Generales,
IDPOL01055,POL120200075,5/5/2020,CHUBB SEGUROS CHILE S.A.,PÓLIZA DE SEGURO DE PROTECCION PATRIMONIAL,CAD120200207,- Robo,
IDPOL01056,POL320200074,2/5/2020,METLIFE CHILE SEGUROS DE VIDA S.A.,SEGURO COLECTIVO COMPLEMENTARIO DE SALUD,"CAD320200106
 CAD320200107",- Salud,
IDPOL01057,POL320200069,28/4/2020,METLIFE CHILE SEGUROS DE VIDA S.A.,SEGURO COLECTIVO COMPLEMENTARIO DE SALUD,"CAD320200106
 CAD320200107",- Salud,
IDPOL01058,POL120200068,27/4/2020,CHUBB SEGUROS CHILE S.A.,SEGURO FULL PROTECCIÓN,,- Robo,
IDPOL01059,POL320200067,20/4/2020,BUPA COMPAÑIA DE SEGUROS DE VIDA S.A.,SEGURO COMPLEMENTARIO DE SALUD AMBULATORIO,,- Salud,
IDPOL01060,CAD120200066,13/4/2020,FID CHILE SEGUROS GENERALES S.A.,CLAUSULA ADICIONAL DE DEFENSA PENAL Y CONSTITUCIÓN DE FIANZAS,POL120130781,- Vehiculos Motorizados,
IDPOL01061,CAD120200065,13/4/2020,FID CHILE SEGUROS GENERALES S.A.,CLAUSULA ADICIONAL DE DAÑOS A TERCEROS CAUSADOS POR LA CARGA,POL120130781,- Vehiculos Motorizados,
IDPOL01062,POL320200059,7/4/2020,METLIFE CHILE SEGUROS DE VIDA S.A.,Póliza Seguro Complementario de Salud,,- Salud,
IDPOL01063,POL120200058,31/3/2020,METLIFE CHILE SEGUROS GENERALES S.A.,PÓLIZA DE SEGURO MULTIRRIESGOS HOGAR,,"- Incendio
 - Multirriesgo
 - Robo",
IDPOL01064,POL220200056,24/3/2020,SEGUROS DE VIDA SURA S.A.,SEGURO DE VIDA INDIVIDUAL CON AHORRO,"CAD220210191
 CAD220250029",- Vida,
IDPOL01065,CAD120200055,23/3/2020,SEGUROS GENERALES SURAMERICANA S.A.,CLAUSULA ADICIONAL DE EXTENSION DE RESPONSABILIDAD CIVIL PARA CICLOS,POL120200054,- Vehiculos Motorizados,
IDPOL01066,POL120200054,23/3/2020,SEGUROS GENERALES SURAMERICANA S.A.,POLIZA DE INTEGRAL PARA CICLOS Y SUS OCUPANTES,CAD120200055,- Vehiculos Motorizados,
IDPOL01067,POL320200053,17/3/2020,METLIFE CHILE SEGUROS GENERALES S.A.,SEGURO DE ACCIDENTES PERSONALES,,"- Accidentes Personales
 - Salud",
IDPOL01068,POL120200052,12/3/2020,METLIFE CHILE SEGUROS GENERALES S.A.,RESPONSABILIDAD CIVIL PROVENIENTE DE DAÑOS Y PERJUICIOS CAUSADOS POR BIENES MATERIALES ASEGURADOS,,"- Otro tema
 - Responsabilidad Civil",
IDPOL01069,CAD320200051,11/3/2020,CHILENA CONSOLIDADA SEGUROS DE VIDA S.A.,CLAUSULA PAGO ANTICIPADO EN CASO DE INVALIDEZ DOS TERCIOS,POL220140283,- Accidentes Personales,
IDPOL01070,CAD320200050,11/3/2020,CHILENA CONSOLIDADA SEGUROS DE VIDA S.A.,CLAUSULA DE MUERTE ACCIDENTAL,POL220140283,- Accidentes Personales,
IDPOL01071,POL120200049,10/3/2020,MAPFRE COMPAÑIA DE SEGUROS GENERALES DE CHILE S.A.,PÓLIZA DE EXTENSIÓN DE GARANTÍA PARA VEHÍCULOS,,- Varios Seg. Generales,
IDPOL01072,CAD120200048,5/3/2020,FID CHILE SEGUROS GENERALES S.A.,Clausula Adicional de Perjuicio por Paralización por Perdida Total del Vehículo asegurado,"POL120130368
 POL120200046",- Vehiculos Motorizados,
IDPOL01073,CAD120200047,4/3/2020,FID CHILE SEGUROS GENERALES S.A.,CLAUSULA ADICIONAL PÓLIZA MULTIRIESGO PARA VEHÍCULOS MOTORIZADOS Y OTROS,POL120200046,"- Multirriesgo
 - Vehiculos Motorizados",
IDPOL01074,POL120200046,3/3/2020,FID CHILE SEGUROS GENERALES S.A.,PÓLIZA MULTIRIESGO PARA VEHÍCULOS MOTORIZADOS Y OTROS,"CAD120200047
 CAD120200048","- Multirriesgo
 - Vehiculos Motorizados",
IDPOL01075,POL220200045,3/3/2020,CHILENA CONSOLIDADA SEGUROS DE VIDA S.A.,SEGURO COLECTIVO DE VIDA CON CUENTA ÚNICA DE INVERSIÓN,"CAD320130480
 CAD320130482
 CAD320130484",- Vida Flexible,
IDPOL01076,POL320200044,2/3/2020,BUPA COMPAÑIA DE SEGUROS DE VIDA S.A.,SEGURO COLECTIVO PARA PRESTACIONES MÉDICAS DE ALTO COSTO,,- Salud,
IDPOL01077,CAD120200043,28/2/2020,ZURICH SANTANDER SEGUROS GENERALES CHILE S.A.,CLÁUSULA DE ROBO A CONSECUENCIA DIRECTA DE HUELGA O DESORDEN POPULAR,POL120200042,- Robo,
IDPOL01078,POL120200042,28/2/2020,ZURICH SANTANDER SEGUROS GENERALES CHILE S.A.,POLIZA DE ROBO CON FUERZA EN LAS COSAS,CAD120200043,- Robo,
IDPOL01079,POL120200041,24/2/2020,ZURICH SANTANDER SEGUROS GENERALES CHILE S.A.,PÓLIZA INDIVIDUAL DE SEGURO DE PROTECCIÓN PERSONAL,,- Robo,
IDPOL01080,CAD320200040,21/2/2020,METLIFE CHILE SEGUROS DE VIDA S.A.,CLAUSULA DE INVALIDEZ TOTAL Y PERMANENTE 2/3 POR ACCIDENTE,"POL220200032
 POL220200134
 POL220200135
 POL220230267
 POL320200031
 POL320200138
 POL320220218
 POL320230398",- Accidentes Personales,
IDPOL01081,POL220200035,12/2/2020,CF SEGUROS DE VIDA S.A.,PÓLIZA SEGURO DE VIDA,,- Vida,
IDPOL01082,POL220200032,5/2/2020,METLIFE CHILE SEGUROS DE VIDA S.A.,PÓLIZA DE SEGURO TEMPORAL DE VIDA CON CUENTA DE CAPITALIZACIÓN Y AHORRO,"CAD320190084
 CAD320200040
 CAD320220065
 CAD320220071
 CAD320220072",- Vida,
IDPOL01083,POL320200031,5/2/2020,METLIFE CHILE SEGUROS DE VIDA S.A.,PÓLIZA DE SEGURO DE FALLECIMIENTO ACCIDENTAL CON CUENTA DE CAPITALIZACIÓN Y AHORRO,"CAD320190084
 CAD320200040
 CAD320220065
 CAD320220071
 CAD320220072",- Accidentes Personales,
IDPOL01084,POL320200023,3/2/2020,SEGUROS VIDA SECURITY PREVISION S.A.,POLIZA COLECTIVA DE ACCIDENTES PERSONALES,,- Accidentes Personales,
IDPOL01085,CAD120200022,3/2/2020,BCI SEGUROS GENERALES S.A.,CLÁUSULA DE INCENDIO Y DAÑOS FÍSICOS A CONSECUENCIA DE SISMO,POL120170129,- Incendio,
IDPOL01086,POL120200020,23/1/2020,CHUBB SEGUROS CHILE S.A.,SEGURO PARA EQUIPOS ELECTRÓNICOS MÓVILES O PORTÁTILES,,- Robo,
IDPOL01087,POL120200019,17/1/2020,SEGUROS GENERALES SURAMERICANA S.A.,PÓLIZA DE SEGUROS PARA MOTOCICLETAS,"CAD120200177
 CAD120200178
 CAD120200179
 CAD120200180",- Vehiculos Motorizados,
IDPOL01088,CAD120200018,17/1/2020,COMPAÑIA DE SEGUROS GENERALES CONSORCIO NACIONAL DE SEGUROS S.A.,CLÁUSULA ADICIONAL DE ROBO CON VIOLENCIA EN LAS PERSONAS Y ROBO CON FUERZA EN LAS COSAS,POL120160192,- Robo,
IDPOL01089,POL320200017,16/1/2020,BICE VIDA COMPAÑIA DE SEGUROS S.A.,POLIZA DE SEGURO COLECTIVO ONCOLOGICO SIN CANCER PREVIO,,- Salud,
IDPOL01090,CAD120200016,10/1/2020,METLIFE CHILE SEGUROS GENERALES S.A.,CLAUSULA DE DAÑOS EN MATERIA ASEGURADA,"POL120150703
 POL120230412","- Incendio
 - Multirriesgo",
IDPOL01091,CAD220200015,9/1/2020,SEGUROS DE VIDA SURAMERICANA S.A.,CLAUSULA DE MUERTE ACCIDENTAL,POL220190179,- Vida,
IDPOL01092,CAD220200014,9/1/2020,SEGUROS DE VIDA SURAMERICANA S.A.,CLAUSULA DE SEGURO INDIVIDUAL DE CANCER,POL220190179,- Otro tema,
IDPOL01093,CAD220200013,9/1/2020,SEGUROS DE VIDA SURAMERICANA S.A.,CLAUSULA DE SEGURO INDIVIDUAL DE ENFERMEDADES GRAVES,POL220190179,- Otro tema,
IDPOL01094,CAD220200012,9/1/2020,SEGUROS DE VIDA SURAMERICANA S.A.,CLAUSULA DE HOSPITALIZACIÓN POR ACCIDENTE O ENFERMEDAD,POL220190179,- Otro tema,
IDPOL01095,CAD220200011,9/1/2020,SEGUROS DE VIDA SURAMERICANA S.A.,CLAUSULA DE INDEMNIZACIÓN DE GASTOS FUNERARIOS Y REPATRIACION,POL220190179,- Otro tema,
IDPOL01096,CAD220200010,9/1/2020,SEGUROS DE VIDA SURAMERICANA S.A.,CLAUSULA DE INVALIDEZ TOTAL Y PERMANENTE DOS TERCIOS POR ACCIDENTE,POL220190179,- Otro tema,
IDPOL01097,CAD220200009,9/1/2020,SEGUROS DE VIDA SURAMERICANA S.A.,CLAUSULA DE INVALIDEZ TOTAL Y PERMANENTE DOS TERCIOS,POL220190179,- Otro tema,
IDPOL01098,CAD120200004,7/1/2020,METLIFE CHILE SEGUROS GENERALES S.A.,CLÁUSULA DE INGRESOS COMPLEMENTARIOS,"POL120150703
 POL120230412","- Incendio
 - Multirriesgo",
IDPOL01099,POL120200001,2/1/2020,UNNIO SEGUROS GENERALES S.A.,"PÓLIZA DE COBERTURA CIBERNÉTICA, DATOS Y PRIVACIDAD",,- Otro tema,